  0
SECTION
  2
HEADER
  9
$ACADVER
  1
AC1009
  9
$LUNITS
  70
2
  9
$LIMMIN
  10
550067.021
  20
63492.794
  9
$LIMMAX
  10
555579.672
  20
80415.778
  9
$EXTMIN
  10
550067.021
  20
63492.794
  9
$EXTMAX
  10
555579.672
  20
80415.778
  999
Created by Global Mapper
  999
Projection: UTM
  999
Datum: WGS84
  999
Ground Units: meters
  999
ZONE: 50
  0
ENDSEC
  0
SECTION
  2
TABLES
  0
ENDSEC
  0
SECTION
  2
BLOCKS
  0
ENDSEC
  0
SECTION
  2
ENTITIES
  0
POLYLINE
  8
GEOMETRY_LAYER_1
  70
8
  66
1
 62
5
 39
1
  0
VERTEX
  8
GEOMETRY_LAYER_1
  70
32
  10
550701.749
  20
76326.194
  30
55.565
  0
VERTEX
  8
GEOMETRY_LAYER_1
  70
32
  10
550705.575
  20
76324.958
  30
54.965
  0
VERTEX
  8
GEOMETRY_LAYER_1
  70
32
  10
550716.986
  20
76323.818
  30
54.808
  0
VERTEX
  8
GEOMETRY_LAYER_1
  70
32
  10
550719.366
  20
76311.361
  30
54.597
  0
VERTEX
  8
GEOMETRY_LAYER_1
  70
32
  10
550716.475
  20
76300.281
  30
54.001
  0
VERTEX
  8
GEOMETRY_LAYER_1
  70
32
  10
550714.921
  20
76291.191
  30
54.695
  0
VERTEX
  8
GEOMETRY_LAYER_1
  70
32
  10
550709.850
  20
76281.310
  30
58.51
  0
VERTEX
  8
GEOMETRY_LAYER_1
  70
32
  10
550707.375
  20
76272.434
  30
56.285
  0
VERTEX
  8
GEOMETRY_LAYER_1
  70
32
  10
550705.335
  20
76266.228
  30
56.616
  0
VERTEX
  8
GEOMETRY_LAYER_1
  70
32
  10
550702.199
  20
76257.931
  30
60.235
  0
VERTEX
  8
GEOMETRY_LAYER_1
  70
32
  10
550698.882
  20
76248.612
  30
60.68
  0
VERTEX
  8
GEOMETRY_LAYER_1
  70
32
  10
550697.257
  20
76241.684
  30
60.848
  0
VERTEX
  8
GEOMETRY_LAYER_1
  70
32
  10
550695.632
  20
76230.550
  30
61.631
  0
VERTEX
  8
GEOMETRY_LAYER_1
  70
32
  10
550693.029
  20
76222.676
  30
60.229
  0
VERTEX
  8
GEOMETRY_LAYER_1
  70
32
  10
550689.747
  20
76215.843
  30
62.94
  0
VERTEX
  8
GEOMETRY_LAYER_1
  70
32
  10
550687.624
  20
76205.158
  30
61.771
  0
VERTEX
  8
GEOMETRY_LAYER_1
  70
32
  10
550685.271
  20
76198.121
  30
61.874
  0
VERTEX
  8
GEOMETRY_LAYER_1
  70
32
  10
550672.157
  20
76199.107
  30
60.185
  0
VERTEX
  8
GEOMETRY_LAYER_1
  70
32
  10
550664.656
  20
76200.740
  30
60.576
  0
VERTEX
  8
GEOMETRY_LAYER_1
  70
32
  10
550656.802
  20
76204.846
  30
60.725
  0
VERTEX
  8
GEOMETRY_LAYER_1
  70
32
  10
550655.143
  20
76210.141
  30
60.817
  0
VERTEX
  8
GEOMETRY_LAYER_1
  70
32
  10
550656.496
  20
76219.799
  30
60.804
  0
VERTEX
  8
GEOMETRY_LAYER_1
  70
32
  10
550658.497
  20
76227.651
  30
60.746
  0
VERTEX
  8
GEOMETRY_LAYER_1
  70
32
  10
550661.116
  20
76238.783
  30
60.144
  0
VERTEX
  8
GEOMETRY_LAYER_1
  70
32
  10
550663.367
  20
76244.764
  30
59.99
  0
VERTEX
  8
GEOMETRY_LAYER_1
  70
32
  10
550666.087
  20
76253.903
  30
59.271
  0
VERTEX
  8
GEOMETRY_LAYER_1
  70
32
  10
550669.409
  20
76262.011
  30
60.357
  0
VERTEX
  8
GEOMETRY_LAYER_1
  70
32
  10
550671.693
  20
76269.978
  30
60.456
  0
VERTEX
  8
GEOMETRY_LAYER_1
  70
32
  10
550673.423
  20
76275.280
  30
60.043
  0
VERTEX
  8
GEOMETRY_LAYER_1
  70
32
  10
550678.337
  20
76282.587
  30
56.645
  0
VERTEX
  8
GEOMETRY_LAYER_1
  70
32
  10
550679.701
  20
76297.597
  30
58.636
  0
VERTEX
  8
GEOMETRY_LAYER_1
  70
32
  10
550680.742
  20
76309.055
  30
55.307
  0
VERTEX
  8
GEOMETRY_LAYER_1
  70
32
  10
550681.065
  20
76318.887
  30
55.007
  0
VERTEX
  8
GEOMETRY_LAYER_1
  70
32
  10
550682.768
  20
76324.034
  30
54.967
  0
VERTEX
  8
GEOMETRY_LAYER_1
  70
32
  10
550687.699
  20
76331.253
  30
55.407
  0
VERTEX
  8
GEOMETRY_LAYER_1
  70
32
  10
550694.555
  20
76329.743
  30
55.365
  0
VERTEX
  8
GEOMETRY_LAYER_1
  70
32
  10
550701.749
  20
76326.194
  30
55.565
  0
SEQEND
  8
GEOMETRY_LAYER_1
  0
POLYLINE
  8
GEOMETRY_LAYER_1
  70
8
  66
1
 62
5
 39
1
  0
VERTEX
  8
GEOMETRY_LAYER_1
  70
32
  10
550703.181
  20
76329.725
  30
55.565
  0
VERTEX
  8
GEOMETRY_LAYER_1
  70
32
  10
550706.357
  20
76328.698
  30
54.965
  0
VERTEX
  8
GEOMETRY_LAYER_1
  70
32
  10
550720.186
  20
76327.317
  30
54.808
  0
VERTEX
  8
GEOMETRY_LAYER_1
  70
32
  10
550723.259
  20
76311.232
  30
54.597
  0
VERTEX
  8
GEOMETRY_LAYER_1
  70
32
  10
550720.194
  20
76299.479
  30
54.001
  0
VERTEX
  8
GEOMETRY_LAYER_1
  70
32
  10
550718.569
  20
76289.975
  30
54.695
  0
VERTEX
  8
GEOMETRY_LAYER_1
  70
32
  10
550713.407
  20
76279.918
  30
58.51
  0
VERTEX
  8
GEOMETRY_LAYER_1
  70
32
  10
550711.012
  20
76271.329
  30
56.285
  0
VERTEX
  8
GEOMETRY_LAYER_1
  70
32
  10
550708.919
  20
76264.963
  30
56.616
  0
VERTEX
  8
GEOMETRY_LAYER_1
  70
32
  10
550705.767
  20
76256.622
  30
60.235
  0
VERTEX
  8
GEOMETRY_LAYER_1
  70
32
  10
550702.533
  20
76247.538
  30
60.68
  0
VERTEX
  8
GEOMETRY_LAYER_1
  70
32
  10
550700.993
  20
76240.975
  30
60.848
  0
VERTEX
  8
GEOMETRY_LAYER_1
  70
32
  10
550699.344
  20
76229.672
  30
61.631
  0
VERTEX
  8
GEOMETRY_LAYER_1
  70
32
  10
550696.560
  20
76221.251
  30
60.229
  0
VERTEX
  8
GEOMETRY_LAYER_1
  70
32
  10
550693.381
  20
76214.631
  30
62.94
  0
VERTEX
  8
GEOMETRY_LAYER_1
  70
32
  10
550691.305
  20
76204.182
  30
61.771
  0
VERTEX
  8
GEOMETRY_LAYER_1
  70
32
  10
550687.936
  20
76194.109
  30
61.874
  0
VERTEX
  8
GEOMETRY_LAYER_1
  70
32
  10
550671.608
  20
76195.339
  30
60.185
  0
VERTEX
  8
GEOMETRY_LAYER_1
  70
32
  10
550663.349
  20
76197.136
  30
60.576
  0
VERTEX
  8
GEOMETRY_LAYER_1
  70
32
  10
550653.646
  20
76202.207
  30
60.725
  0
VERTEX
  8
GEOMETRY_LAYER_1
  70
32
  10
550651.261
  20
76209.821
  30
60.817
  0
VERTEX
  8
GEOMETRY_LAYER_1
  70
32
  10
550652.762
  20
76220.534
  30
60.804
  0
VERTEX
  8
GEOMETRY_LAYER_1
  70
32
  10
550654.806
  20
76228.556
  30
60.746
  0
VERTEX
  8
GEOMETRY_LAYER_1
  70
32
  10
550657.473
  20
76239.892
  30
60.144
  0
VERTEX
  8
GEOMETRY_LAYER_1
  70
32
  10
550659.763
  20
76245.976
  30
59.99
  0
VERTEX
  8
GEOMETRY_LAYER_1
  70
32
  10
550662.499
  20
76255.169
  30
59.271
  0
VERTEX
  8
GEOMETRY_LAYER_1
  70
32
  10
550665.814
  20
76263.259
  30
60.357
  0
VERTEX
  8
GEOMETRY_LAYER_1
  70
32
  10
550668.060
  20
76271.092
  30
60.456
  0
VERTEX
  8
GEOMETRY_LAYER_1
  70
32
  10
550669.975
  20
76276.962
  30
60.043
  0
VERTEX
  8
GEOMETRY_LAYER_1
  70
32
  10
550674.641
  20
76283.900
  30
56.645
  0
VERTEX
  8
GEOMETRY_LAYER_1
  70
32
  10
550675.917
  20
76297.940
  30
58.636
  0
VERTEX
  8
GEOMETRY_LAYER_1
  70
32
  10
550676.948
  20
76309.289
  30
55.307
  0
VERTEX
  8
GEOMETRY_LAYER_1
  70
32
  10
550677.285
  20
76319.559
  30
55.007
  0
VERTEX
  8
GEOMETRY_LAYER_1
  70
32
  10
550679.329
  20
76325.735
  30
54.967
  0
VERTEX
  8
GEOMETRY_LAYER_1
  70
32
  10
550686.009
  20
76335.517
  30
55.407
  0
VERTEX
  8
GEOMETRY_LAYER_1
  70
32
  10
550695.823
  20
76333.355
  30
55.365
  0
VERTEX
  8
GEOMETRY_LAYER_1
  70
32
  10
550703.181
  20
76329.725
  30
55.565
  0
SEQEND
  8
GEOMETRY_LAYER_1
  0
POLYLINE
  8
GEOMETRY_LAYER_1
  70
8
  66
1
 62
1
 39
1
  0
VERTEX
  8
GEOMETRY_LAYER_1
  70
32
  10
550526.028
  20
77361.572
  30
35.117
  0
VERTEX
  8
GEOMETRY_LAYER_1
  70
32
  10
550538.831
  20
77368.291
  30
35.144
  0
VERTEX
  8
GEOMETRY_LAYER_1
  70
32
  10
550543.940
  20
77375.801
  30
35.203
  0
VERTEX
  8
GEOMETRY_LAYER_1
  70
32
  10
550545.456
  20
77385.911
  30
35.563
  0
VERTEX
  8
GEOMETRY_LAYER_1
  70
32
  10
550546.730
  20
77395.907
  30
36.335
  0
VERTEX
  8
GEOMETRY_LAYER_1
  70
32
  10
550547.655
  20
77405.359
  30
36.748
  0
VERTEX
  8
GEOMETRY_LAYER_1
  70
32
  10
550549.108
  20
77414.834
  30
37.025
  0
VERTEX
  8
GEOMETRY_LAYER_1
  70
32
  10
550549.856
  20
77424.559
  30
37.309
  0
VERTEX
  8
GEOMETRY_LAYER_1
  70
32
  10
550551.626
  20
77432.702
  30
37.668
  0
VERTEX
  8
GEOMETRY_LAYER_1
  70
32
  10
550552.693
  20
77441.030
  30
37.322
  0
VERTEX
  8
GEOMETRY_LAYER_1
  70
32
  10
550553.375
  20
77447.265
  30
37.088
  0
VERTEX
  8
GEOMETRY_LAYER_1
  70
32
  10
550555.158
  20
77456.285
  30
36.179
  0
VERTEX
  8
GEOMETRY_LAYER_1
  70
32
  10
550557.040
  20
77466.500
  30
35.639
  0
VERTEX
  8
GEOMETRY_LAYER_1
  70
32
  10
550559.229
  20
77476.471
  30
34.867
  0
VERTEX
  8
GEOMETRY_LAYER_1
  70
32
  10
550560.806
  20
77485.596
  30
34.645
  0
VERTEX
  8
GEOMETRY_LAYER_1
  70
32
  10
550562.663
  20
77496.668
  30
35.319
  0
VERTEX
  8
GEOMETRY_LAYER_1
  70
32
  10
550564.225
  20
77505.210
  30
35.493
  0
VERTEX
  8
GEOMETRY_LAYER_1
  70
32
  10
550565.613
  20
77514.937
  30
36.063
  0
VERTEX
  8
GEOMETRY_LAYER_1
  70
32
  10
550566.797
  20
77525.450
  30
36.34
  0
VERTEX
  8
GEOMETRY_LAYER_1
  70
32
  10
550567.707
  20
77533.639
  30
36.414
  0
VERTEX
  8
GEOMETRY_LAYER_1
  70
32
  10
550568.745
  20
77542.795
  30
36.509
  0
VERTEX
  8
GEOMETRY_LAYER_1
  70
32
  10
550571.106
  20
77552.988
  30
36.682
  0
VERTEX
  8
GEOMETRY_LAYER_1
  70
32
  10
550572.803
  20
77562.488
  30
36.803
  0
VERTEX
  8
GEOMETRY_LAYER_1
  70
32
  10
550574.716
  20
77572.105
  30
36.591
  0
VERTEX
  8
GEOMETRY_LAYER_1
  70
32
  10
550575.997
  20
77579.086
  30
36.582
  0
VERTEX
  8
GEOMETRY_LAYER_1
  70
32
  10
550577.329
  20
77589.898
  30
37.311
  0
VERTEX
  8
GEOMETRY_LAYER_1
  70
32
  10
550578.086
  20
77597.366
  30
37.831
  0
VERTEX
  8
GEOMETRY_LAYER_1
  70
32
  10
550579.516
  20
77608.191
  30
37.953
  0
VERTEX
  8
GEOMETRY_LAYER_1
  70
32
  10
550569.075
  20
77620.868
  30
37.963
  0
VERTEX
  8
GEOMETRY_LAYER_1
  70
32
  10
550563.938
  20
77626.754
  30
38.006
  0
VERTEX
  8
GEOMETRY_LAYER_1
  70
32
  10
550557.238
  20
77632.389
  30
38.336
  0
VERTEX
  8
GEOMETRY_LAYER_1
  70
32
  10
550548.353
  20
77636.078
  30
38.157
  0
VERTEX
  8
GEOMETRY_LAYER_1
  70
32
  10
550538.306
  20
77630.770
  30
38.332
  0
VERTEX
  8
GEOMETRY_LAYER_1
  70
32
  10
550542.478
  20
77621.996
  30
38.315
  0
VERTEX
  8
GEOMETRY_LAYER_1
  70
32
  10
550541.593
  20
77614.303
  30
38.089
  0
VERTEX
  8
GEOMETRY_LAYER_1
  70
32
  10
550540.777
  20
77605.178
  30
37.948
  0
VERTEX
  8
GEOMETRY_LAYER_1
  70
32
  10
550538.718
  20
77596.244
  30
37.549
  0
VERTEX
  8
GEOMETRY_LAYER_1
  70
32
  10
550537.209
  20
77588.020
  30
37.306
  0
VERTEX
  8
GEOMETRY_LAYER_1
  70
32
  10
550535.385
  20
77578.735
  30
37.29
  0
VERTEX
  8
GEOMETRY_LAYER_1
  70
32
  10
550533.598
  20
77570.575
  30
37.497
  0
VERTEX
  8
GEOMETRY_LAYER_1
  70
32
  10
550532.023
  20
77561.268
  30
37.333
  0
VERTEX
  8
GEOMETRY_LAYER_1
  70
32
  10
550530.067
  20
77550.834
  30
37.238
  0
VERTEX
  8
GEOMETRY_LAYER_1
  70
32
  10
550528.463
  20
77540.782
  30
36.684
  0
VERTEX
  8
GEOMETRY_LAYER_1
  70
32
  10
550527.466
  20
77534.218
  30
36.575
  0
VERTEX
  8
GEOMETRY_LAYER_1
  70
32
  10
550525.735
  20
77523.476
  30
36.342
  0
VERTEX
  8
GEOMETRY_LAYER_1
  70
32
  10
550524.761
  20
77514.761
  30
36.241
  0
VERTEX
  8
GEOMETRY_LAYER_1
  70
32
  10
550520.525
  20
77503.855
  30
36.219
  0
VERTEX
  8
GEOMETRY_LAYER_1
  70
32
  10
550519.857
  20
77494.722
  30
36.019
  0
VERTEX
  8
GEOMETRY_LAYER_1
  70
32
  10
550518.150
  20
77485.373
  30
35.569
  0
VERTEX
  8
GEOMETRY_LAYER_1
  70
32
  10
550517.245
  20
77476.821
  30
35.914
  0
VERTEX
  8
GEOMETRY_LAYER_1
  70
32
  10
550514.469
  20
77466.891
  30
36.788
  0
VERTEX
  8
GEOMETRY_LAYER_1
  70
32
  10
550515.097
  20
77463.058
  30
37.144
  0
VERTEX
  8
GEOMETRY_LAYER_1
  70
32
  10
550510.755
  20
77451.443
  30
38.596
  0
VERTEX
  8
GEOMETRY_LAYER_1
  70
32
  10
550509.511
  20
77441.730
  30
38.464
  0
VERTEX
  8
GEOMETRY_LAYER_1
  70
32
  10
550508.197
  20
77431.054
  30
37.954
  0
VERTEX
  8
GEOMETRY_LAYER_1
  70
32
  10
550507.137
  20
77422.870
  30
37.723
  0
VERTEX
  8
GEOMETRY_LAYER_1
  70
32
  10
550505.739
  20
77412.533
  30
37.338
  0
VERTEX
  8
GEOMETRY_LAYER_1
  70
32
  10
550505.506
  20
77402.675
  30
37.008
  0
VERTEX
  8
GEOMETRY_LAYER_1
  70
32
  10
550504.683
  20
77394.783
  30
36.831
  0
VERTEX
  8
GEOMETRY_LAYER_1
  70
32
  10
550502.445
  20
77385.087
  30
36.489
  0
VERTEX
  8
GEOMETRY_LAYER_1
  70
32
  10
550502.009
  20
77369.863
  30
36.085
  0
VERTEX
  8
GEOMETRY_LAYER_1
  70
32
  10
550512.425
  20
77367.711
  30
35.083
  0
VERTEX
  8
GEOMETRY_LAYER_1
  70
32
  10
550519.350
  20
77367.462
  30
35.284
  0
VERTEX
  8
GEOMETRY_LAYER_1
  70
32
  10
550526.028
  20
77361.572
  30
35.117
  0
SEQEND
  8
GEOMETRY_LAYER_1
  0
POLYLINE
  8
GEOMETRY_LAYER_1
  70
8
  66
1
 62
1
 39
1
  0
VERTEX
  8
GEOMETRY_LAYER_1
  70
32
  10
550536.429
  20
77370.983
  30
35.144
  0
VERTEX
  8
GEOMETRY_LAYER_1
  70
32
  10
550540.597
  20
77377.109
  30
35.203
  0
VERTEX
  8
GEOMETRY_LAYER_1
  70
32
  10
550541.989
  20
77386.391
  30
35.563
  0
VERTEX
  8
GEOMETRY_LAYER_1
  70
32
  10
550543.251
  20
77396.299
  30
36.335
  0
VERTEX
  8
GEOMETRY_LAYER_1
  70
32
  10
550544.181
  20
77405.796
  30
36.748
  0
VERTEX
  8
GEOMETRY_LAYER_1
  70
32
  10
550545.628
  20
77415.233
  30
37.025
  0
VERTEX
  8
GEOMETRY_LAYER_1
  70
32
  10
550546.385
  20
77425.068
  30
37.309
  0
VERTEX
  8
GEOMETRY_LAYER_1
  70
32
  10
550548.174
  20
77433.298
  30
37.668
  0
VERTEX
  8
GEOMETRY_LAYER_1
  70
32
  10
550549.218
  20
77441.442
  30
37.322
  0
VERTEX
  8
GEOMETRY_LAYER_1
  70
32
  10
550549.912
  20
77447.797
  30
37.088
  0
VERTEX
  8
GEOMETRY_LAYER_1
  70
32
  10
550551.720
  20
77456.941
  30
36.179
  0
VERTEX
  8
GEOMETRY_LAYER_1
  70
32
  10
550553.608
  20
77467.192
  30
35.639
  0
VERTEX
  8
GEOMETRY_LAYER_1
  70
32
  10
550555.793
  20
77477.145
  30
34.867
  0
VERTEX
  8
GEOMETRY_LAYER_1
  70
32
  10
550557.356
  20
77486.183
  30
34.645
  0
VERTEX
  8
GEOMETRY_LAYER_1
  70
32
  10
550559.215
  20
77497.272
  30
35.319
  0
VERTEX
  8
GEOMETRY_LAYER_1
  70
32
  10
550560.770
  20
77505.772
  30
35.493
  0
VERTEX
  8
GEOMETRY_LAYER_1
  70
32
  10
550562.141
  20
77515.381
  30
36.063
  0
VERTEX
  8
GEOMETRY_LAYER_1
  70
32
  10
550563.319
  20
77525.839
  30
36.34
  0
VERTEX
  8
GEOMETRY_LAYER_1
  70
32
  10
550564.229
  20
77534.030
  30
36.414
  0
VERTEX
  8
GEOMETRY_LAYER_1
  70
32
  10
550565.290
  20
77543.388
  30
36.509
  0
VERTEX
  8
GEOMETRY_LAYER_1
  70
32
  10
550567.676
  20
77553.690
  30
36.682
  0
VERTEX
  8
GEOMETRY_LAYER_1
  70
32
  10
550569.363
  20
77563.137
  30
36.803
  0
VERTEX
  8
GEOMETRY_LAYER_1
  70
32
  10
550571.278
  20
77572.762
  30
36.591
  0
VERTEX
  8
GEOMETRY_LAYER_1
  70
32
  10
550572.536
  20
77579.616
  30
36.582
  0
VERTEX
  8
GEOMETRY_LAYER_1
  70
32
  10
550573.850
  20
77590.289
  30
37.311
  0
VERTEX
  8
GEOMETRY_LAYER_1
  70
32
  10
550574.609
  20
77597.772
  30
37.831
  0
VERTEX
  8
GEOMETRY_LAYER_1
  70
32
  10
550575.847
  20
77607.140
  30
37.953
  0
VERTEX
  8
GEOMETRY_LAYER_1
  70
32
  10
550566.406
  20
77618.604
  30
37.963
  0
VERTEX
  8
GEOMETRY_LAYER_1
  70
32
  10
550561.478
  20
77624.249
  30
38.006
  0
VERTEX
  8
GEOMETRY_LAYER_1
  70
32
  10
550555.398
  20
77629.363
  30
38.336
  0
VERTEX
  8
GEOMETRY_LAYER_1
  70
32
  10
550548.532
  20
77632.214
  30
38.157
  0
VERTEX
  8
GEOMETRY_LAYER_1
  70
32
  10
550542.908
  20
77629.243
  30
38.332
  0
VERTEX
  8
GEOMETRY_LAYER_1
  70
32
  10
550546.070
  20
77622.593
  30
38.315
  0
VERTEX
  8
GEOMETRY_LAYER_1
  70
32
  10
550545.075
  20
77613.946
  30
38.089
  0
VERTEX
  8
GEOMETRY_LAYER_1
  70
32
  10
550544.242
  20
77604.627
  30
37.948
  0
VERTEX
  8
GEOMETRY_LAYER_1
  70
32
  10
550542.146
  20
77595.535
  30
37.549
  0
VERTEX
  8
GEOMETRY_LAYER_1
  70
32
  10
550540.647
  20
77587.367
  30
37.306
  0
VERTEX
  8
GEOMETRY_LAYER_1
  70
32
  10
550538.812
  20
77578.024
  30
37.29
  0
VERTEX
  8
GEOMETRY_LAYER_1
  70
32
  10
550537.035
  20
77569.908
  30
37.497
  0
VERTEX
  8
GEOMETRY_LAYER_1
  70
32
  10
550535.469
  20
77560.654
  30
37.333
  0
VERTEX
  8
GEOMETRY_LAYER_1
  70
32
  10
550533.516
  20
77550.235
  30
37.238
  0
VERTEX
  8
GEOMETRY_LAYER_1
  70
32
  10
550531.921
  20
77540.244
  30
36.684
  0
VERTEX
  8
GEOMETRY_LAYER_1
  70
32
  10
550530.924
  20
77533.677
  30
36.575
  0
VERTEX
  8
GEOMETRY_LAYER_1
  70
32
  10
550529.204
  20
77523.003
  30
36.342
  0
VERTEX
  8
GEOMETRY_LAYER_1
  70
32
  10
550528.188
  20
77513.919
  30
36.241
  0
VERTEX
  8
GEOMETRY_LAYER_1
  70
32
  10
550523.978
  20
77503.077
  30
36.219
  0
VERTEX
  8
GEOMETRY_LAYER_1
  70
32
  10
550523.334
  20
77494.279
  30
36.019
  0
VERTEX
  8
GEOMETRY_LAYER_1
  70
32
  10
550521.617
  20
77484.874
  30
35.569
  0
VERTEX
  8
GEOMETRY_LAYER_1
  70
32
  10
550520.695
  20
77476.162
  30
35.914
  0
VERTEX
  8
GEOMETRY_LAYER_1
  70
32
  10
550518.048
  20
77466.694
  30
36.788
  0
VERTEX
  8
GEOMETRY_LAYER_1
  70
32
  10
550518.702
  20
77462.705
  30
37.144
  0
VERTEX
  8
GEOMETRY_LAYER_1
  70
32
  10
550514.175
  20
77450.596
  30
38.596
  0
VERTEX
  8
GEOMETRY_LAYER_1
  70
32
  10
550512.984
  20
77441.295
  30
38.464
  0
VERTEX
  8
GEOMETRY_LAYER_1
  70
32
  10
550511.670
  20
77430.616
  30
37.954
  0
VERTEX
  8
GEOMETRY_LAYER_1
  70
32
  10
550510.607
  20
77422.410
  30
37.723
  0
VERTEX
  8
GEOMETRY_LAYER_1
  70
32
  10
550509.234
  20
77412.257
  30
37.338
  0
VERTEX
  8
GEOMETRY_LAYER_1
  70
32
  10
550509.002
  20
77402.452
  30
37.008
  0
VERTEX
  8
GEOMETRY_LAYER_1
  70
32
  10
550508.141
  20
77394.205
  30
36.831
  0
VERTEX
  8
GEOMETRY_LAYER_1
  70
32
  10
550505.933
  20
77384.638
  30
36.489
  0
VERTEX
  8
GEOMETRY_LAYER_1
  70
32
  10
550505.592
  20
77372.697
  30
36.085
  0
VERTEX
  8
GEOMETRY_LAYER_1
  70
32
  10
550512.844
  20
77371.197
  30
35.083
  0
VERTEX
  8
GEOMETRY_LAYER_1
  70
32
  10
550520.726
  20
77370.915
  30
35.284
  0
VERTEX
  8
GEOMETRY_LAYER_1
  70
32
  10
550536.429
  20
77370.983
  30
35.144
  0
SEQEND
  8
GEOMETRY_LAYER_1
  0
POLYLINE
  8
GEOMETRY_LAYER_1
  70
8
  66
1
 62
1
 39
1
  0
VERTEX
  8
GEOMETRY_LAYER_1
  70
32
  10
550989.440
  20
76285.914
  30
32.65
  0
VERTEX
  8
GEOMETRY_LAYER_1
  70
32
  10
550997.810
  20
76280.747
  30
32.723
  0
VERTEX
  8
GEOMETRY_LAYER_1
  70
32
  10
551002.544
  20
76273.613
  30
32.763
  0
VERTEX
  8
GEOMETRY_LAYER_1
  70
32
  10
551004.501
  20
76267.768
  30
33.446
  0
VERTEX
  8
GEOMETRY_LAYER_1
  70
32
  10
551001.618
  20
76258.225
  30
34.428
  0
VERTEX
  8
GEOMETRY_LAYER_1
  70
32
  10
550996.567
  20
76250.218
  30
34.807
  0
VERTEX
  8
GEOMETRY_LAYER_1
  70
32
  10
550992.531
  20
76240.868
  30
35.851
  0
VERTEX
  8
GEOMETRY_LAYER_1
  70
32
  10
550988.403
  20
76231.291
  30
36.257
  0
VERTEX
  8
GEOMETRY_LAYER_1
  70
32
  10
550985.348
  20
76223.565
  30
36.495
  0
VERTEX
  8
GEOMETRY_LAYER_1
  70
32
  10
550984.597
  20
76216.438
  30
36.974
  0
VERTEX
  8
GEOMETRY_LAYER_1
  70
32
  10
550982.534
  20
76208.759
  30
36.992
  0
VERTEX
  8
GEOMETRY_LAYER_1
  70
32
  10
550980.147
  20
76200.508
  30
37.434
  0
VERTEX
  8
GEOMETRY_LAYER_1
  70
32
  10
550976.328
  20
76190.312
  30
37.932
  0
VERTEX
  8
GEOMETRY_LAYER_1
  70
32
  10
550968.479
  20
76186.239
  30
38.301
  0
VERTEX
  8
GEOMETRY_LAYER_1
  70
32
  10
550962.074
  20
76179.264
  30
38.854
  0
VERTEX
  8
GEOMETRY_LAYER_1
  70
32
  10
550956.832
  20
76170.547
  30
39.411
  0
VERTEX
  8
GEOMETRY_LAYER_1
  70
32
  10
550953.304
  20
76175.288
  30
38.826
  0
VERTEX
  8
GEOMETRY_LAYER_1
  70
32
  10
550945.938
  20
76174.435
  30
38.487
  0
VERTEX
  8
GEOMETRY_LAYER_1
  70
32
  10
550940.482
  20
76179.713
  30
38.176
  0
VERTEX
  8
GEOMETRY_LAYER_1
  70
32
  10
550931.913
  20
76181.221
  30
38.123
  0
VERTEX
  8
GEOMETRY_LAYER_1
  70
32
  10
550929.934
  20
76187.394
  30
37.66
  0
VERTEX
  8
GEOMETRY_LAYER_1
  70
32
  10
550933.874
  20
76197.224
  30
37.153
  0
VERTEX
  8
GEOMETRY_LAYER_1
  70
32
  10
550937.235
  20
76204.831
  30
36.625
  0
VERTEX
  8
GEOMETRY_LAYER_1
  70
32
  10
550940.557
  20
76214.148
  30
36.764
  0
VERTEX
  8
GEOMETRY_LAYER_1
  70
32
  10
550943.624
  20
76221.679
  30
36.704
  0
VERTEX
  8
GEOMETRY_LAYER_1
  70
32
  10
550944.245
  20
76228.090
  30
36.589
  0
VERTEX
  8
GEOMETRY_LAYER_1
  70
32
  10
550946.613
  20
76237.243
  30
36.213
  0
VERTEX
  8
GEOMETRY_LAYER_1
  70
32
  10
550950.386
  20
76247.863
  30
35.791
  0
VERTEX
  8
GEOMETRY_LAYER_1
  70
32
  10
550955.138
  20
76256.574
  30
35.129
  0
VERTEX
  8
GEOMETRY_LAYER_1
  70
32
  10
550958.991
  20
76260.175
  30
34.659
  0
VERTEX
  8
GEOMETRY_LAYER_1
  70
32
  10
550964.325
  20
76267.455
  30
33.784
  0
VERTEX
  8
GEOMETRY_LAYER_1
  70
32
  10
550970.864
  20
76275.403
  30
33.132
  0
VERTEX
  8
GEOMETRY_LAYER_1
  70
32
  10
550975.373
  20
76278.229
  30
32.716
  0
VERTEX
  8
GEOMETRY_LAYER_1
  70
32
  10
550982.372
  20
76285.300
  30
32.557
  0
VERTEX
  8
GEOMETRY_LAYER_1
  70
32
  10
550989.440
  20
76285.914
  30
32.65
  0
SEQEND
  8
GEOMETRY_LAYER_1
  0
POLYLINE
  8
GEOMETRY_LAYER_1
  70
8
  66
1
 62
1
 39
1
  0
VERTEX
  8
GEOMETRY_LAYER_1
  70
32
  10
550990.292
  20
76289.502
  30
32.65
  0
VERTEX
  8
GEOMETRY_LAYER_1
  70
32
  10
551000.302
  20
76283.321
  30
32.723
  0
VERTEX
  8
GEOMETRY_LAYER_1
  70
32
  10
551005.716
  20
76275.163
  30
32.763
  0
VERTEX
  8
GEOMETRY_LAYER_1
  70
32
  10
551008.174
  20
76267.822
  30
33.446
  0
VERTEX
  8
GEOMETRY_LAYER_1
  70
32
  10
551004.832
  20
76256.758
  30
34.428
  0
VERTEX
  8
GEOMETRY_LAYER_1
  70
32
  10
550999.672
  20
76248.580
  30
34.807
  0
VERTEX
  8
GEOMETRY_LAYER_1
  70
32
  10
550995.745
  20
76239.482
  30
35.851
  0
VERTEX
  8
GEOMETRY_LAYER_1
  70
32
  10
550991.638
  20
76229.955
  30
36.257
  0
VERTEX
  8
GEOMETRY_LAYER_1
  70
32
  10
550988.778
  20
76222.723
  30
36.495
  0
VERTEX
  8
GEOMETRY_LAYER_1
  70
32
  10
550988.049
  20
76215.798
  30
36.974
  0
VERTEX
  8
GEOMETRY_LAYER_1
  70
32
  10
550985.906
  20
76207.818
  30
36.992
  0
VERTEX
  8
GEOMETRY_LAYER_1
  70
32
  10
550983.472
  20
76199.406
  30
37.434
  0
VERTEX
  8
GEOMETRY_LAYER_1
  70
32
  10
550979.134
  20
76187.825
  30
37.932
  0
VERTEX
  8
GEOMETRY_LAYER_1
  70
32
  10
550970.639
  20
76183.417
  30
38.301
  0
VERTEX
  8
GEOMETRY_LAYER_1
  70
32
  10
550964.891
  20
76177.157
  30
38.854
  0
VERTEX
  8
GEOMETRY_LAYER_1
  70
32
  10
550957.141
  20
76164.269
  30
39.411
  0
VERTEX
  8
GEOMETRY_LAYER_1
  70
32
  10
550951.701
  20
76171.579
  30
38.826
  0
VERTEX
  8
GEOMETRY_LAYER_1
  70
32
  10
550944.695
  20
76170.768
  30
38.487
  0
VERTEX
  8
GEOMETRY_LAYER_1
  70
32
  10
550938.819
  20
76176.452
  30
38.176
  0
VERTEX
  8
GEOMETRY_LAYER_1
  70
32
  10
550929.225
  20
76178.140
  30
38.123
  0
VERTEX
  8
GEOMETRY_LAYER_1
  70
32
  10
550926.216
  20
76187.526
  30
37.66
  0
VERTEX
  8
GEOMETRY_LAYER_1
  70
32
  10
550930.648
  20
76198.582
  30
37.153
  0
VERTEX
  8
GEOMETRY_LAYER_1
  70
32
  10
550933.982
  20
76206.128
  30
36.625
  0
VERTEX
  8
GEOMETRY_LAYER_1
  70
32
  10
550937.287
  20
76215.397
  30
36.764
  0
VERTEX
  8
GEOMETRY_LAYER_1
  70
32
  10
550940.190
  20
76222.525
  30
36.704
  0
VERTEX
  8
GEOMETRY_LAYER_1
  70
32
  10
550940.788
  20
76228.701
  30
36.589
  0
VERTEX
  8
GEOMETRY_LAYER_1
  70
32
  10
550943.264
  20
76238.268
  30
36.213
  0
VERTEX
  8
GEOMETRY_LAYER_1
  70
32
  10
550947.181
  20
76249.296
  30
35.791
  0
VERTEX
  8
GEOMETRY_LAYER_1
  70
32
  10
550952.336
  20
76258.746
  30
35.129
  0
VERTEX
  8
GEOMETRY_LAYER_1
  70
32
  10
550956.362
  20
76262.509
  30
34.659
  0
VERTEX
  8
GEOMETRY_LAYER_1
  70
32
  10
550961.560
  20
76269.603
  30
33.784
  0
VERTEX
  8
GEOMETRY_LAYER_1
  70
32
  10
550968.523
  20
76278.066
  30
33.132
  0
VERTEX
  8
GEOMETRY_LAYER_1
  70
32
  10
550973.171
  20
76280.979
  30
32.716
  0
VERTEX
  8
GEOMETRY_LAYER_1
  70
32
  10
550980.788
  20
76288.675
  30
32.557
  0
VERTEX
  8
GEOMETRY_LAYER_1
  70
32
  10
550990.292
  20
76289.502
  30
32.65
  0
SEQEND
  8
GEOMETRY_LAYER_1
  0
POLYLINE
  8
GEOMETRY_LAYER_1
  70
8
  66
1
 62
3
 39
1
  0
VERTEX
  8
GEOMETRY_LAYER_1
  70
32
  10
551108.546
  20
77208.200
  30
-0.072
  0
VERTEX
  8
GEOMETRY_LAYER_1
  70
32
  10
551098.572
  20
77204.055
  30
-0.094
  0
VERTEX
  8
GEOMETRY_LAYER_1
  70
32
  10
551083.715
  20
77202.847
  30
0.21
  0
VERTEX
  8
GEOMETRY_LAYER_1
  70
32
  10
551081.225
  20
77220.407
  30
0.827
  0
VERTEX
  8
GEOMETRY_LAYER_1
  70
32
  10
551082.072
  20
77232.082
  30
1.932
  0
VERTEX
  8
GEOMETRY_LAYER_1
  70
32
  10
551082.119
  20
77233.089
  30
2.476
  0
VERTEX
  8
GEOMETRY_LAYER_1
  70
32
  10
551076.277
  20
77233.476
  30
2.545
  0
VERTEX
  8
GEOMETRY_LAYER_1
  70
32
  10
551072.622
  20
77231.769
  30
2.325
  0
VERTEX
  8
GEOMETRY_LAYER_1
  70
32
  10
551069.274
  20
77223.075
  30
2.35
  0
VERTEX
  8
GEOMETRY_LAYER_1
  70
32
  10
551050.631
  20
77225.867
  30
2.399
  0
VERTEX
  8
GEOMETRY_LAYER_1
  70
32
  10
551050.985
  20
77240.616
  30
2.475
  0
VERTEX
  8
GEOMETRY_LAYER_1
  70
32
  10
551052.155
  20
77250.843
  30
2.193
  0
VERTEX
  8
GEOMETRY_LAYER_1
  70
32
  10
551053.339
  20
77258.221
  30
1.737
  0
VERTEX
  8
GEOMETRY_LAYER_1
  70
32
  10
551054.782
  20
77267.950
  30
1.252
  0
VERTEX
  8
GEOMETRY_LAYER_1
  70
32
  10
551064.036
  20
77266.021
  30
1.626
  0
VERTEX
  8
GEOMETRY_LAYER_1
  70
32
  10
551071.686
  20
77268.727
  30
1.979
  0
VERTEX
  8
GEOMETRY_LAYER_1
  70
32
  10
551081.492
  20
77269.260
  30
2.086
  0
VERTEX
  8
GEOMETRY_LAYER_1
  70
32
  10
551083.007
  20
77261.242
  30
2.302
  0
VERTEX
  8
GEOMETRY_LAYER_1
  70
32
  10
551088.557
  20
77258.585
  30
2.127
  0
VERTEX
  8
GEOMETRY_LAYER_1
  70
32
  10
551090.583
  20
77259.875
  30
1.613
  0
VERTEX
  8
GEOMETRY_LAYER_1
  70
32
  10
551092.939
  20
77267.056
  30
0.269
  0
VERTEX
  8
GEOMETRY_LAYER_1
  70
32
  10
551095.382
  20
77273.834
  30
-0.525
  0
VERTEX
  8
GEOMETRY_LAYER_1
  70
32
  10
551099.462
  20
77287.126
  30
-1.569
  0
VERTEX
  8
GEOMETRY_LAYER_1
  70
32
  10
551105.899
  20
77281.323
  30
-1.177
  0
VERTEX
  8
GEOMETRY_LAYER_1
  70
32
  10
551113.157
  20
77283.245
  30
-1.721
  0
VERTEX
  8
GEOMETRY_LAYER_1
  70
32
  10
551121.449
  20
77273.847
  30
-1.209
  0
VERTEX
  8
GEOMETRY_LAYER_1
  70
32
  10
551119.700
  20
77263.649
  30
-0.16
  0
VERTEX
  8
GEOMETRY_LAYER_1
  70
32
  10
551118.039
  20
77255.069
  30
0.753
  0
VERTEX
  8
GEOMETRY_LAYER_1
  70
32
  10
551115.992
  20
77246.404
  30
1.082
  0
VERTEX
  8
GEOMETRY_LAYER_1
  70
32
  10
551113.383
  20
77237.809
  30
1.139
  0
VERTEX
  8
GEOMETRY_LAYER_1
  70
32
  10
551111.532
  20
77228.916
  30
0.846
  0
VERTEX
  8
GEOMETRY_LAYER_1
  70
32
  10
551109.550
  20
77220.818
  30
0.652
  0
VERTEX
  8
GEOMETRY_LAYER_1
  70
32
  10
551108.546
  20
77208.200
  30
-0.072
  0
SEQEND
  8
GEOMETRY_LAYER_1
  0
POLYLINE
  8
GEOMETRY_LAYER_1
  70
8
  66
1
 62
3
 39
1
  0
VERTEX
  8
GEOMETRY_LAYER_1
  70
32
  10
551108.546
  20
77208.200
  30
-0.072
  0
VERTEX
  8
GEOMETRY_LAYER_1
  70
32
  10
551098.572
  20
77204.055
  30
-0.094
  0
VERTEX
  8
GEOMETRY_LAYER_1
  70
32
  10
551083.715
  20
77202.847
  30
0.21
  0
VERTEX
  8
GEOMETRY_LAYER_1
  70
32
  10
551081.225
  20
77220.407
  30
0.827
  0
VERTEX
  8
GEOMETRY_LAYER_1
  70
32
  10
551082.072
  20
77232.082
  30
1.932
  0
VERTEX
  8
GEOMETRY_LAYER_1
  70
32
  10
551082.119
  20
77233.089
  30
2.476
  0
VERTEX
  8
GEOMETRY_LAYER_1
  70
32
  10
551076.277
  20
77233.476
  30
2.545
  0
VERTEX
  8
GEOMETRY_LAYER_1
  70
32
  10
551072.622
  20
77231.769
  30
2.325
  0
VERTEX
  8
GEOMETRY_LAYER_1
  70
32
  10
551069.274
  20
77223.075
  30
2.35
  0
VERTEX
  8
GEOMETRY_LAYER_1
  70
32
  10
551050.631
  20
77225.867
  30
2.399
  0
VERTEX
  8
GEOMETRY_LAYER_1
  70
32
  10
551050.985
  20
77240.616
  30
2.475
  0
VERTEX
  8
GEOMETRY_LAYER_1
  70
32
  10
551052.155
  20
77250.843
  30
2.193
  0
VERTEX
  8
GEOMETRY_LAYER_1
  70
32
  10
551053.339
  20
77258.221
  30
1.737
  0
VERTEX
  8
GEOMETRY_LAYER_1
  70
32
  10
551054.782
  20
77267.950
  30
1.252
  0
VERTEX
  8
GEOMETRY_LAYER_1
  70
32
  10
551064.036
  20
77266.021
  30
1.626
  0
VERTEX
  8
GEOMETRY_LAYER_1
  70
32
  10
551071.686
  20
77268.727
  30
1.979
  0
VERTEX
  8
GEOMETRY_LAYER_1
  70
32
  10
551081.492
  20
77269.260
  30
2.086
  0
VERTEX
  8
GEOMETRY_LAYER_1
  70
32
  10
551083.007
  20
77261.242
  30
2.302
  0
VERTEX
  8
GEOMETRY_LAYER_1
  70
32
  10
551088.557
  20
77258.585
  30
2.127
  0
VERTEX
  8
GEOMETRY_LAYER_1
  70
32
  10
551090.583
  20
77259.875
  30
1.613
  0
VERTEX
  8
GEOMETRY_LAYER_1
  70
32
  10
551092.939
  20
77267.056
  30
0.269
  0
VERTEX
  8
GEOMETRY_LAYER_1
  70
32
  10
551095.382
  20
77273.834
  30
-0.525
  0
VERTEX
  8
GEOMETRY_LAYER_1
  70
32
  10
551099.462
  20
77287.126
  30
-1.569
  0
VERTEX
  8
GEOMETRY_LAYER_1
  70
32
  10
551105.899
  20
77281.323
  30
-1.177
  0
VERTEX
  8
GEOMETRY_LAYER_1
  70
32
  10
551113.157
  20
77283.245
  30
-1.721
  0
VERTEX
  8
GEOMETRY_LAYER_1
  70
32
  10
551121.449
  20
77273.847
  30
-1.209
  0
VERTEX
  8
GEOMETRY_LAYER_1
  70
32
  10
551119.700
  20
77263.649
  30
-0.16
  0
VERTEX
  8
GEOMETRY_LAYER_1
  70
32
  10
551118.039
  20
77255.069
  30
0.753
  0
VERTEX
  8
GEOMETRY_LAYER_1
  70
32
  10
551115.992
  20
77246.404
  30
1.082
  0
VERTEX
  8
GEOMETRY_LAYER_1
  70
32
  10
551113.383
  20
77237.809
  30
1.139
  0
VERTEX
  8
GEOMETRY_LAYER_1
  70
32
  10
551111.532
  20
77228.916
  30
0.846
  0
VERTEX
  8
GEOMETRY_LAYER_1
  70
32
  10
551109.550
  20
77220.818
  30
0.652
  0
VERTEX
  8
GEOMETRY_LAYER_1
  70
32
  10
551108.546
  20
77208.200
  30
-0.072
  0
SEQEND
  8
GEOMETRY_LAYER_1
  0
POLYLINE
  8
GEOMETRY_LAYER_1
  70
8
  66
1
 62
3
 39
1
  0
VERTEX
  8
GEOMETRY_LAYER_1
  70
32
  10
551105.099
  20
77209.730
  30
-0.094
  0
VERTEX
  8
GEOMETRY_LAYER_1
  70
32
  10
551086.717
  20
77206.602
  30
0.21
  0
VERTEX
  8
GEOMETRY_LAYER_1
  70
32
  10
551084.743
  20
77220.527
  30
0.827
  0
VERTEX
  8
GEOMETRY_LAYER_1
  70
32
  10
551085.566
  20
77231.874
  30
1.932
  0
VERTEX
  8
GEOMETRY_LAYER_1
  70
32
  10
551085.775
  20
77236.353
  30
2.476
  0
VERTEX
  8
GEOMETRY_LAYER_1
  70
32
  10
551075.611
  20
77237.028
  30
2.545
  0
VERTEX
  8
GEOMETRY_LAYER_1
  70
32
  10
551069.862
  20
77234.343
  30
2.325
  0
VERTEX
  8
GEOMETRY_LAYER_1
  70
32
  10
551067.017
  20
77226.953
  30
2.35
  0
VERTEX
  8
GEOMETRY_LAYER_1
  70
32
  10
551054.204
  20
77228.871
  30
2.399
  0
VERTEX
  8
GEOMETRY_LAYER_1
  70
32
  10
551054.480
  20
77240.375
  30
2.475
  0
VERTEX
  8
GEOMETRY_LAYER_1
  70
32
  10
551055.624
  20
77250.366
  30
2.193
  0
VERTEX
  8
GEOMETRY_LAYER_1
  70
32
  10
551056.798
  20
77257.686
  30
1.737
  0
VERTEX
  8
GEOMETRY_LAYER_1
  70
32
  10
551057.700
  20
77263.767
  30
1.252
  0
VERTEX
  8
GEOMETRY_LAYER_1
  70
32
  10
551064.280
  20
77262.395
  30
1.626
  0
VERTEX
  8
GEOMETRY_LAYER_1
  70
32
  10
551072.378
  20
77265.260
  30
1.979
  0
VERTEX
  8
GEOMETRY_LAYER_1
  70
32
  10
551078.622
  20
77265.598
  30
2.086
  0
VERTEX
  8
GEOMETRY_LAYER_1
  70
32
  10
551079.897
  20
77258.850
  30
2.302
  0
VERTEX
  8
GEOMETRY_LAYER_1
  70
32
  10
551088.799
  20
77254.589
  30
2.127
  0
VERTEX
  8
GEOMETRY_LAYER_1
  70
32
  10
551093.519
  20
77257.596
  30
1.613
  0
VERTEX
  8
GEOMETRY_LAYER_1
  70
32
  10
551096.248
  20
77265.918
  30
0.269
  0
VERTEX
  8
GEOMETRY_LAYER_1
  70
32
  10
551098.704
  20
77272.726
  30
-0.525
  0
VERTEX
  8
GEOMETRY_LAYER_1
  70
32
  10
551101.197
  20
77280.849
  30
-1.569
  0
VERTEX
  8
GEOMETRY_LAYER_1
  70
32
  10
551104.963
  20
77277.455
  30
-1.177
  0
VERTEX
  8
GEOMETRY_LAYER_1
  70
32
  10
551111.963
  20
77279.308
  30
-1.721
  0
VERTEX
  8
GEOMETRY_LAYER_1
  70
32
  10
551117.716
  20
77272.788
  30
-1.209
  0
VERTEX
  8
GEOMETRY_LAYER_1
  70
32
  10
551116.257
  20
77264.278
  30
-0.16
  0
VERTEX
  8
GEOMETRY_LAYER_1
  70
32
  10
551114.617
  20
77255.805
  30
0.753
  0
VERTEX
  8
GEOMETRY_LAYER_1
  70
32
  10
551112.611
  20
77247.316
  30
1.082
  0
VERTEX
  8
GEOMETRY_LAYER_1
  70
32
  10
551109.988
  20
77238.677
  30
1.139
  0
VERTEX
  8
GEOMETRY_LAYER_1
  70
32
  10
551108.118
  20
77229.688
  30
0.846
  0
VERTEX
  8
GEOMETRY_LAYER_1
  70
32
  10
551105.099
  20
77209.730
  30
-0.094
  0
SEQEND
  8
GEOMETRY_LAYER_1
  0
POLYLINE
  8
GEOMETRY_LAYER_1
  70
8
  66
1
 62
1
 39
1
  0
VERTEX
  8
GEOMETRY_LAYER_1
  70
32
  10
550444.845
  20
76965.714
  30
36.915
  0
VERTEX
  8
GEOMETRY_LAYER_1
  70
32
  10
550440.517
  20
76944.385
  30
36.724
  0
VERTEX
  8
GEOMETRY_LAYER_1
  70
32
  10
550438.037
  20
76935.978
  30
36.674
  0
VERTEX
  8
GEOMETRY_LAYER_1
  70
32
  10
550435.828
  20
76926.084
  30
36.864
  0
VERTEX
  8
GEOMETRY_LAYER_1
  70
32
  10
550432.802
  20
76916.803
  30
37.686
  0
VERTEX
  8
GEOMETRY_LAYER_1
  70
32
  10
550427.493
  20
76913.911
  30
38.453
  0
VERTEX
  8
GEOMETRY_LAYER_1
  70
32
  10
550425.379
  20
76904.739
  30
39.136
  0
VERTEX
  8
GEOMETRY_LAYER_1
  70
32
  10
550423.363
  20
76895.273
  30
39.562
  0
VERTEX
  8
GEOMETRY_LAYER_1
  70
32
  10
550421.473
  20
76886.785
  30
39.766
  0
VERTEX
  8
GEOMETRY_LAYER_1
  70
32
  10
550415.866
  20
76892.671
  30
40.191
  0
VERTEX
  8
GEOMETRY_LAYER_1
  70
32
  10
550413.556
  20
76883.979
  30
40.54
  0
VERTEX
  8
GEOMETRY_LAYER_1
  70
32
  10
550412.696
  20
76874.829
  30
40.463
  0
VERTEX
  8
GEOMETRY_LAYER_1
  70
32
  10
550411.674
  20
76869.112
  30
40.489
  0
VERTEX
  8
GEOMETRY_LAYER_1
  70
32
  10
550410.000
  20
76865.268
  30
40.671
  0
VERTEX
  8
GEOMETRY_LAYER_1
  70
32
  10
550409.204
  20
76858.745
  30
40.419
  0
VERTEX
  8
GEOMETRY_LAYER_1
  70
32
  10
550407.596
  20
76857.879
  30
40.725
  0
VERTEX
  8
GEOMETRY_LAYER_1
  70
32
  10
550402.273
  20
76865.809
  30
41.104
  0
VERTEX
  8
GEOMETRY_LAYER_1
  70
32
  10
550403.635
  20
76871.718
  30
40.999
  0
VERTEX
  8
GEOMETRY_LAYER_1
  70
32
  10
550406.160
  20
76882.620
  30
40.85
  0
VERTEX
  8
GEOMETRY_LAYER_1
  70
32
  10
550407.665
  20
76890.716
  30
40.255
  0
VERTEX
  8
GEOMETRY_LAYER_1
  70
32
  10
550409.562
  20
76899.042
  30
39.839
  0
VERTEX
  8
GEOMETRY_LAYER_1
  70
32
  10
550410.866
  20
76909.356
  30
39.17
  0
VERTEX
  8
GEOMETRY_LAYER_1
  70
32
  10
550414.040
  20
76918.199
  30
38.712
  0
VERTEX
  8
GEOMETRY_LAYER_1
  70
32
  10
550418.674
  20
76925.792
  30
38.069
  0
VERTEX
  8
GEOMETRY_LAYER_1
  70
32
  10
550420.172
  20
76935.653
  30
37.035
  0
VERTEX
  8
GEOMETRY_LAYER_1
  70
32
  10
550422.381
  20
76945.016
  30
37.05
  0
VERTEX
  8
GEOMETRY_LAYER_1
  70
32
  10
550424.259
  20
76953.049
  30
36.924
  0
VERTEX
  8
GEOMETRY_LAYER_1
  70
32
  10
550428.997
  20
76956.411
  30
37.105
  0
VERTEX
  8
GEOMETRY_LAYER_1
  70
32
  10
550431.103
  20
76966.145
  30
37.275
  0
VERTEX
  8
GEOMETRY_LAYER_1
  70
32
  10
550432.810
  20
76975.235
  30
37.452
  0
VERTEX
  8
GEOMETRY_LAYER_1
  70
32
  10
550434.469
  20
76983.993
  30
37.426
  0
VERTEX
  8
GEOMETRY_LAYER_1
  70
32
  10
550436.648
  20
76994.037
  30
37.426
  0
VERTEX
  8
GEOMETRY_LAYER_1
  70
32
  10
550429.278
  20
76999.786
  30
38.3
  0
VERTEX
  8
GEOMETRY_LAYER_1
  70
32
  10
550427.852
  20
77000.655
  30
38.567
  0
VERTEX
  8
GEOMETRY_LAYER_1
  70
32
  10
550421.330
  20
77007.788
  30
39.227
  0
VERTEX
  8
GEOMETRY_LAYER_1
  70
32
  10
550422.634
  20
77016.400
  30
39.251
  0
VERTEX
  8
GEOMETRY_LAYER_1
  70
32
  10
550423.260
  20
77026.976
  30
40.3
  0
VERTEX
  8
GEOMETRY_LAYER_1
  70
32
  10
550425.191
  20
77037.184
  30
40.701
  0
VERTEX
  8
GEOMETRY_LAYER_1
  70
32
  10
550426.905
  20
77044.077
  30
40.991
  0
VERTEX
  8
GEOMETRY_LAYER_1
  70
32
  10
550430.024
  20
77054.633
  30
41.638
  0
VERTEX
  8
GEOMETRY_LAYER_1
  70
32
  10
550436.700
  20
77059.048
  30
41.785
  0
VERTEX
  8
GEOMETRY_LAYER_1
  70
32
  10
550438.774
  20
77067.472
  30
41.897
  0
VERTEX
  8
GEOMETRY_LAYER_1
  70
32
  10
550440.225
  20
77074.942
  30
41.917
  0
VERTEX
  8
GEOMETRY_LAYER_1
  70
32
  10
550442.261
  20
77083.088
  30
41.619
  0
VERTEX
  8
GEOMETRY_LAYER_1
  70
32
  10
550455.596
  20
77077.247
  30
40.554
  0
VERTEX
  8
GEOMETRY_LAYER_1
  70
32
  10
550462.172
  20
77077.260
  30
39.866
  0
VERTEX
  8
GEOMETRY_LAYER_1
  70
32
  10
550467.608
  20
77074.240
  30
39.446
  0
VERTEX
  8
GEOMETRY_LAYER_1
  70
32
  10
550483.888
  20
77073.168
  30
37.619
  0
VERTEX
  8
GEOMETRY_LAYER_1
  70
32
  10
550487.700
  20
77066.309
  30
37.513
  0
VERTEX
  8
GEOMETRY_LAYER_1
  70
32
  10
550489.936
  20
77061.769
  30
37.391
  0
VERTEX
  8
GEOMETRY_LAYER_1
  70
32
  10
550485.993
  20
77057.156
  30
37.322
  0
VERTEX
  8
GEOMETRY_LAYER_1
  70
32
  10
550484.187
  20
77047.130
  30
37.143
  0
VERTEX
  8
GEOMETRY_LAYER_1
  70
32
  10
550484.014
  20
77038.169
  30
36.983
  0
VERTEX
  8
GEOMETRY_LAYER_1
  70
32
  10
550482.083
  20
77026.958
  30
36.592
  0
VERTEX
  8
GEOMETRY_LAYER_1
  70
32
  10
550482.927
  20
77014.428
  30
35.45
  0
VERTEX
  8
GEOMETRY_LAYER_1
  70
32
  10
550478.618
  20
77007.334
  30
35.29
  0
VERTEX
  8
GEOMETRY_LAYER_1
  70
32
  10
550477.050
  20
76997.755
  30
35.076
  0
VERTEX
  8
GEOMETRY_LAYER_1
  70
32
  10
550478.337
  20
76993.900
  30
34.905
  0
VERTEX
  8
GEOMETRY_LAYER_1
  70
32
  10
550477.822
  20
76984.096
  30
34.802
  0
VERTEX
  8
GEOMETRY_LAYER_1
  70
32
  10
550476.103
  20
76978.743
  30
34.547
  0
VERTEX
  8
GEOMETRY_LAYER_1
  70
32
  10
550476.995
  20
76974.057
  30
34.682
  0
VERTEX
  8
GEOMETRY_LAYER_1
  70
32
  10
550473.106
  20
76968.598
  30
34.769
  0
VERTEX
  8
GEOMETRY_LAYER_1
  70
32
  10
550470.158
  20
76961.545
  30
34.567
  0
VERTEX
  8
GEOMETRY_LAYER_1
  70
32
  10
550461.699
  20
76968.895
  30
34.813
  0
VERTEX
  8
GEOMETRY_LAYER_1
  70
32
  10
550444.845
  20
76965.714
  30
36.915
  0
SEQEND
  8
GEOMETRY_LAYER_1
  0
POLYLINE
  8
GEOMETRY_LAYER_1
  70
8
  66
1
 62
1
 39
1
  0
VERTEX
  8
GEOMETRY_LAYER_1
  70
32
  10
550447.121
  20
76963.026
  30
37.082
  0
VERTEX
  8
GEOMETRY_LAYER_1
  70
32
  10
550445.069
  20
76953.788
  30
36.915
  0
VERTEX
  8
GEOMETRY_LAYER_1
  70
32
  10
550443.963
  20
76943.693
  30
36.724
  0
VERTEX
  8
GEOMETRY_LAYER_1
  70
32
  10
550441.428
  20
76935.100
  30
36.674
  0
VERTEX
  8
GEOMETRY_LAYER_1
  70
32
  10
550439.207
  20
76925.157
  30
36.864
  0
VERTEX
  8
GEOMETRY_LAYER_1
  70
32
  10
550435.698
  20
76914.394
  30
37.686
  0
VERTEX
  8
GEOMETRY_LAYER_1
  70
32
  10
550430.550
  20
76911.591
  30
38.453
  0
VERTEX
  8
GEOMETRY_LAYER_1
  70
32
  10
550428.796
  20
76903.981
  30
39.136
  0
VERTEX
  8
GEOMETRY_LAYER_1
  70
32
  10
550426.783
  20
76894.528
  30
39.562
  0
VERTEX
  8
GEOMETRY_LAYER_1
  70
32
  10
550423.464
  20
76879.622
  30
39.766
  0
VERTEX
  8
GEOMETRY_LAYER_1
  70
32
  10
550417.643
  20
76885.731
  30
40.191
  0
VERTEX
  8
GEOMETRY_LAYER_1
  70
32
  10
550417.013
  20
76883.361
  30
40.54
  0
VERTEX
  8
GEOMETRY_LAYER_1
  70
32
  10
550416.167
  20
76874.356
  30
40.463
  0
VERTEX
  8
GEOMETRY_LAYER_1
  70
32
  10
550415.047
  20
76868.092
  30
40.489
  0
VERTEX
  8
GEOMETRY_LAYER_1
  70
32
  10
550413.413
  20
76864.338
  30
40.671
  0
VERTEX
  8
GEOMETRY_LAYER_1
  70
32
  10
550412.458
  20
76856.523
  30
40.419
  0
VERTEX
  8
GEOMETRY_LAYER_1
  70
32
  10
550406.459
  20
76853.291
  30
40.725
  0
VERTEX
  8
GEOMETRY_LAYER_1
  70
32
  10
550398.522
  20
76865.119
  30
41.104
  0
VERTEX
  8
GEOMETRY_LAYER_1
  70
32
  10
550400.225
  20
76872.506
  30
40.999
  0
VERTEX
  8
GEOMETRY_LAYER_1
  70
32
  10
550402.733
  20
76883.335
  30
40.85
  0
VERTEX
  8
GEOMETRY_LAYER_1
  70
32
  10
550404.237
  20
76891.425
  30
40.255
  0
VERTEX
  8
GEOMETRY_LAYER_1
  70
32
  10
550406.111
  20
76899.652
  30
39.839
  0
VERTEX
  8
GEOMETRY_LAYER_1
  70
32
  10
550407.442
  20
76910.177
  30
39.17
  0
VERTEX
  8
GEOMETRY_LAYER_1
  70
32
  10
550410.867
  20
76919.718
  30
38.712
  0
VERTEX
  8
GEOMETRY_LAYER_1
  70
32
  10
550415.320
  20
76927.014
  30
38.069
  0
VERTEX
  8
GEOMETRY_LAYER_1
  70
32
  10
550416.733
  20
76936.319
  30
37.035
  0
VERTEX
  8
GEOMETRY_LAYER_1
  70
32
  10
550418.974
  20
76945.817
  30
37.05
  0
VERTEX
  8
GEOMETRY_LAYER_1
  70
32
  10
550421.153
  20
76955.137
  30
36.924
  0
VERTEX
  8
GEOMETRY_LAYER_1
  70
32
  10
550425.863
  20
76958.478
  30
37.105
  0
VERTEX
  8
GEOMETRY_LAYER_1
  70
32
  10
550427.672
  20
76966.838
  30
37.275
  0
VERTEX
  8
GEOMETRY_LAYER_1
  70
32
  10
550429.371
  20
76975.884
  30
37.452
  0
VERTEX
  8
GEOMETRY_LAYER_1
  70
32
  10
550431.039
  20
76984.690
  30
37.426
  0
VERTEX
  8
GEOMETRY_LAYER_1
  70
32
  10
550432.761
  20
76992.630
  30
37.426
  0
VERTEX
  8
GEOMETRY_LAYER_1
  70
32
  10
550427.284
  20
76996.902
  30
38.3
  0
VERTEX
  8
GEOMETRY_LAYER_1
  70
32
  10
550425.605
  20
76997.926
  30
38.567
  0
VERTEX
  8
GEOMETRY_LAYER_1
  70
32
  10
550417.619
  20
77006.660
  30
39.227
  0
VERTEX
  8
GEOMETRY_LAYER_1
  70
32
  10
550419.149
  20
77016.766
  30
39.251
  0
VERTEX
  8
GEOMETRY_LAYER_1
  70
32
  10
550419.780
  20
77027.407
  30
40.3
  0
VERTEX
  8
GEOMETRY_LAYER_1
  70
32
  10
550421.771
  20
77037.932
  30
40.701
  0
VERTEX
  8
GEOMETRY_LAYER_1
  70
32
  10
550423.527
  20
77044.996
  30
40.991
  0
VERTEX
  8
GEOMETRY_LAYER_1
  70
32
  10
550427.029
  20
77056.848
  30
41.638
  0
VERTEX
  8
GEOMETRY_LAYER_1
  70
32
  10
550433.628
  20
77061.213
  30
41.785
  0
VERTEX
  8
GEOMETRY_LAYER_1
  70
32
  10
550435.355
  20
77068.223
  30
41.897
  0
VERTEX
  8
GEOMETRY_LAYER_1
  70
32
  10
550436.807
  20
77075.701
  30
41.917
  0
VERTEX
  8
GEOMETRY_LAYER_1
  70
32
  10
550439.870
  20
77087.955
  30
41.619
  0
VERTEX
  8
GEOMETRY_LAYER_1
  70
32
  10
550456.325
  20
77080.749
  30
40.554
  0
VERTEX
  8
GEOMETRY_LAYER_1
  70
32
  10
550463.076
  20
77080.762
  30
39.866
  0
VERTEX
  8
GEOMETRY_LAYER_1
  70
32
  10
550468.622
  20
77077.681
  30
39.446
  0
VERTEX
  8
GEOMETRY_LAYER_1
  70
32
  10
550486.021
  20
77076.535
  30
37.619
  0
VERTEX
  8
GEOMETRY_LAYER_1
  70
32
  10
550490.801
  20
77067.933
  30
37.513
  0
VERTEX
  8
GEOMETRY_LAYER_1
  70
32
  10
550494.094
  20
77061.248
  30
37.391
  0
VERTEX
  8
GEOMETRY_LAYER_1
  70
32
  10
550489.270
  20
77055.602
  30
37.322
  0
VERTEX
  8
GEOMETRY_LAYER_1
  70
32
  10
550487.681
  20
77046.784
  30
37.143
  0
VERTEX
  8
GEOMETRY_LAYER_1
  70
32
  10
550487.508
  20
77037.836
  30
36.983
  0
VERTEX
  8
GEOMETRY_LAYER_1
  70
32
  10
550485.603
  20
77026.775
  30
36.592
  0
VERTEX
  8
GEOMETRY_LAYER_1
  70
32
  10
550486.494
  20
77013.557
  30
35.45
  0
VERTEX
  8
GEOMETRY_LAYER_1
  70
32
  10
550481.963
  20
77006.098
  30
35.29
  0
VERTEX
  8
GEOMETRY_LAYER_1
  70
32
  10
550480.644
  20
76998.043
  30
35.076
  0
VERTEX
  8
GEOMETRY_LAYER_1
  70
32
  10
550481.866
  20
76994.379
  30
34.905
  0
VERTEX
  8
GEOMETRY_LAYER_1
  70
32
  10
550481.294
  20
76983.458
  30
34.802
  0
VERTEX
  8
GEOMETRY_LAYER_1
  70
32
  10
550479.708
  20
76978.522
  30
34.547
  0
VERTEX
  8
GEOMETRY_LAYER_1
  70
32
  10
550480.713
  20
76973.244
  30
34.682
  0
VERTEX
  8
GEOMETRY_LAYER_1
  70
32
  10
550476.184
  20
76966.886
  30
34.769
  0
VERTEX
  8
GEOMETRY_LAYER_1
  70
32
  10
550471.519
  20
76955.724
  30
34.567
  0
VERTEX
  8
GEOMETRY_LAYER_1
  70
32
  10
550460.636
  20
76965.182
  30
34.813
  0
VERTEX
  8
GEOMETRY_LAYER_1
  70
32
  10
550447.121
  20
76963.026
  30
37.082
  0
SEQEND
  8
GEOMETRY_LAYER_1
  0
POLYLINE
  8
GEOMETRY_LAYER_1
  70
8
  66
1
 62
1
 39
1
  0
VERTEX
  8
GEOMETRY_LAYER_1
  70
32
  10
552421.296
  20
78751.560
  30
-11.678
  0
VERTEX
  8
GEOMETRY_LAYER_1
  70
32
  10
552434.059
  20
78750.563
  30
-11.513
  0
VERTEX
  8
GEOMETRY_LAYER_1
  70
32
  10
552433.073
  20
78758.389
  30
-12.018
  0
VERTEX
  8
GEOMETRY_LAYER_1
  70
32
  10
552430.288
  20
78769.396
  30
-13.418
  0
VERTEX
  8
GEOMETRY_LAYER_1
  70
32
  10
552428.677
  20
78777.019
  30
-13.312
  0
VERTEX
  8
GEOMETRY_LAYER_1
  70
32
  10
552426.198
  20
78785.405
  30
-14.762
  0
VERTEX
  8
GEOMETRY_LAYER_1
  70
32
  10
552423.425
  20
78796.370
  30
-18.554
  0
VERTEX
  8
GEOMETRY_LAYER_1
  70
32
  10
552421.959
  20
78806.804
  30
-14.31
  0
VERTEX
  8
GEOMETRY_LAYER_1
  70
32
  10
552419.731
  20
78815.917
  30
-14.551
  0
VERTEX
  8
GEOMETRY_LAYER_1
  70
32
  10
552419.238
  20
78823.215
  30
-14.549
  0
VERTEX
  8
GEOMETRY_LAYER_1
  70
32
  10
552416.227
  20
78832.182
  30
-14.278
  0
VERTEX
  8
GEOMETRY_LAYER_1
  70
32
  10
552414.585
  20
78842.132
  30
-14.808
  0
VERTEX
  8
GEOMETRY_LAYER_1
  70
32
  10
552411.619
  20
78851.882
  30
-15.242
  0
VERTEX
  8
GEOMETRY_LAYER_1
  70
32
  10
552407.787
  20
78862.965
  30
-15.038
  0
VERTEX
  8
GEOMETRY_LAYER_1
  70
32
  10
552407.321
  20
78868.746
  30
-14.867
  0
VERTEX
  8
GEOMETRY_LAYER_1
  70
32
  10
552405.484
  20
78878.882
  30
-14.698
  0
VERTEX
  8
GEOMETRY_LAYER_1
  70
32
  10
552405.226
  20
78887.018
  30
-14.452
  0
VERTEX
  8
GEOMETRY_LAYER_1
  70
32
  10
552403.794
  20
78896.906
  30
-13.823
  0
VERTEX
  8
GEOMETRY_LAYER_1
  70
32
  10
552402.459
  20
78905.468
  30
-13.307
  0
VERTEX
  8
GEOMETRY_LAYER_1
  70
32
  10
552401.016
  20
78914.297
  30
-12.892
  0
VERTEX
  8
GEOMETRY_LAYER_1
  70
32
  10
552391.697
  20
78918.646
  30
-12.952
  0
VERTEX
  8
GEOMETRY_LAYER_1
  70
32
  10
552389.652
  20
78927.849
  30
-12.584
  0
VERTEX
  8
GEOMETRY_LAYER_1
  70
32
  10
552384.687
  20
78937.662
  30
-12.211
  0
VERTEX
  8
GEOMETRY_LAYER_1
  70
32
  10
552377.985
  20
78939.840
  30
-12.087
  0
VERTEX
  8
GEOMETRY_LAYER_1
  70
32
  10
552369.299
  20
78943.010
  30
-11.138
  0
VERTEX
  8
GEOMETRY_LAYER_1
  70
32
  10
552359.490
  20
78941.277
  30
-10.668
  0
VERTEX
  8
GEOMETRY_LAYER_1
  70
32
  10
552359.210
  20
78933.452
  30
-10.91
  0
VERTEX
  8
GEOMETRY_LAYER_1
  70
32
  10
552357.599
  20
78927.185
  30
-11.019
  0
VERTEX
  8
GEOMETRY_LAYER_1
  70
32
  10
552360.569
  20
78920.991
  30
-12.059
  0
VERTEX
  8
GEOMETRY_LAYER_1
  70
32
  10
552358.199
  20
78915.209
  30
-11.878
  0
VERTEX
  8
GEOMETRY_LAYER_1
  70
32
  10
552358.250
  20
78906.388
  30
-12.358
  0
VERTEX
  8
GEOMETRY_LAYER_1
  70
32
  10
552360.612
  20
78895.886
  30
-12.682
  0
VERTEX
  8
GEOMETRY_LAYER_1
  70
32
  10
552363.764
  20
78887.555
  30
-12.8
  0
VERTEX
  8
GEOMETRY_LAYER_1
  70
32
  10
552368.834
  20
78877.020
  30
-13.891
  0
VERTEX
  8
GEOMETRY_LAYER_1
  70
32
  10
552374.431
  20
78865.356
  30
-15.015
  0
VERTEX
  8
GEOMETRY_LAYER_1
  70
32
  10
552384.063
  20
78860.536
  30
-14.928
  0
VERTEX
  8
GEOMETRY_LAYER_1
  70
32
  10
552386.535
  20
78853.995
  30
-15.047
  0
VERTEX
  8
GEOMETRY_LAYER_1
  70
32
  10
552395.136
  20
78848.603
  30
-15.163
  0
VERTEX
  8
GEOMETRY_LAYER_1
  70
32
  10
552397.226
  20
78842.458
  30
-15.086
  0
VERTEX
  8
GEOMETRY_LAYER_1
  70
32
  10
552399.756
  20
78833.228
  30
-14.86
  0
VERTEX
  8
GEOMETRY_LAYER_1
  70
32
  10
552406.654
  20
78827.238
  30
-14.588
  0
VERTEX
  8
GEOMETRY_LAYER_1
  70
32
  10
552409.785
  20
78819.690
  30
-14.598
  0
VERTEX
  8
GEOMETRY_LAYER_1
  70
32
  10
552409.216
  20
78807.719
  30
-14.44
  0
VERTEX
  8
GEOMETRY_LAYER_1
  70
32
  10
552410.795
  20
78799.211
  30
-14.159
  0
VERTEX
  8
GEOMETRY_LAYER_1
  70
32
  10
552412.671
  20
78789.952
  30
-14.122
  0
VERTEX
  8
GEOMETRY_LAYER_1
  70
32
  10
552415.071
  20
78779.656
  30
-13.568
  0
VERTEX
  8
GEOMETRY_LAYER_1
  70
32
  10
552417.163
  20
78770.494
  30
-13.11
  0
VERTEX
  8
GEOMETRY_LAYER_1
  70
32
  10
552419.400
  20
78760.108
  30
-12.503
  0
VERTEX
  8
GEOMETRY_LAYER_1
  70
32
  10
552421.296
  20
78751.560
  30
-11.678
  0
SEQEND
  8
GEOMETRY_LAYER_1
  0
POLYLINE
  8
GEOMETRY_LAYER_1
  70
8
  66
1
 62
1
 39
1
  0
VERTEX
  8
GEOMETRY_LAYER_1
  70
32
  10
552418.195
  20
78747.991
  30
-11.678
  0
VERTEX
  8
GEOMETRY_LAYER_1
  70
32
  10
552438.412
  20
78746.412
  30
-11.513
  0
VERTEX
  8
GEOMETRY_LAYER_1
  70
32
  10
552436.814
  20
78759.095
  30
-12.018
  0
VERTEX
  8
GEOMETRY_LAYER_1
  70
32
  10
552433.991
  20
78770.256
  30
-13.418
  0
VERTEX
  8
GEOMETRY_LAYER_1
  70
32
  10
552432.363
  20
78777.952
  30
-13.312
  0
VERTEX
  8
GEOMETRY_LAYER_1
  70
32
  10
552429.863
  20
78786.410
  30
-14.762
  0
VERTEX
  8
GEOMETRY_LAYER_1
  70
32
  10
552427.159
  20
78797.102
  30
-18.554
  0
VERTEX
  8
GEOMETRY_LAYER_1
  70
32
  10
552425.696
  20
78807.521
  30
-14.31
  0
VERTEX
  8
GEOMETRY_LAYER_1
  70
32
  10
552423.500
  20
78816.501
  30
-14.551
  0
VERTEX
  8
GEOMETRY_LAYER_1
  70
32
  10
552422.996
  20
78823.960
  30
-14.549
  0
VERTEX
  8
GEOMETRY_LAYER_1
  70
32
  10
552419.927
  20
78833.102
  30
-14.278
  0
VERTEX
  8
GEOMETRY_LAYER_1
  70
32
  10
552418.293
  20
78842.998
  30
-14.808
  0
VERTEX
  8
GEOMETRY_LAYER_1
  70
32
  10
552415.234
  20
78853.056
  30
-15.242
  0
VERTEX
  8
GEOMETRY_LAYER_1
  70
32
  10
552411.536
  20
78863.751
  30
-15.038
  0
VERTEX
  8
GEOMETRY_LAYER_1
  70
32
  10
552411.093
  20
78869.239
  30
-14.867
  0
VERTEX
  8
GEOMETRY_LAYER_1
  70
32
  10
552409.273
  20
78879.283
  30
-14.698
  0
VERTEX
  8
GEOMETRY_LAYER_1
  70
32
  10
552409.018
  20
78887.351
  30
-14.452
  0
VERTEX
  8
GEOMETRY_LAYER_1
  70
32
  10
552407.552
  20
78897.471
  30
-13.823
  0
VERTEX
  8
GEOMETRY_LAYER_1
  70
32
  10
552406.211
  20
78906.067
  30
-13.307
  0
VERTEX
  8
GEOMETRY_LAYER_1
  70
32
  10
552404.442
  20
78916.891
  30
-12.892
  0
VERTEX
  8
GEOMETRY_LAYER_1
  70
32
  10
552395.000
  20
78921.298
  30
-12.952
  0
VERTEX
  8
GEOMETRY_LAYER_1
  70
32
  10
552393.258
  20
78929.139
  30
-12.584
  0
VERTEX
  8
GEOMETRY_LAYER_1
  70
32
  10
552387.364
  20
78940.788
  30
-12.211
  0
VERTEX
  8
GEOMETRY_LAYER_1
  70
32
  10
552379.224
  20
78943.433
  30
-12.087
  0
VERTEX
  8
GEOMETRY_LAYER_1
  70
32
  10
552369.643
  20
78946.930
  30
-11.138
  0
VERTEX
  8
GEOMETRY_LAYER_1
  70
32
  10
552355.803
  20
78944.483
  30
-10.668
  0
VERTEX
  8
GEOMETRY_LAYER_1
  70
32
  10
552355.427
  20
78933.999
  30
-10.91
  0
VERTEX
  8
GEOMETRY_LAYER_1
  70
32
  10
552353.574
  20
78926.791
  30
-11.019
  0
VERTEX
  8
GEOMETRY_LAYER_1
  70
32
  10
552356.413
  20
78920.871
  30
-12.059
  0
VERTEX
  8
GEOMETRY_LAYER_1
  70
32
  10
552354.395
  20
78915.946
  30
-11.878
  0
VERTEX
  8
GEOMETRY_LAYER_1
  70
32
  10
552354.453
  20
78905.956
  30
-12.358
  0
VERTEX
  8
GEOMETRY_LAYER_1
  70
32
  10
552356.963
  20
78894.793
  30
-12.682
  0
VERTEX
  8
GEOMETRY_LAYER_1
  70
32
  10
552360.268
  20
78886.056
  30
-12.8
  0
VERTEX
  8
GEOMETRY_LAYER_1
  70
32
  10
552365.409
  20
78875.374
  30
-13.891
  0
VERTEX
  8
GEOMETRY_LAYER_1
  70
32
  10
552371.568
  20
78862.540
  30
-15.015
  0
VERTEX
  8
GEOMETRY_LAYER_1
  70
32
  10
552381.034
  20
78857.802
  30
-14.928
  0
VERTEX
  8
GEOMETRY_LAYER_1
  70
32
  10
552383.432
  20
78851.455
  30
-15.047
  0
VERTEX
  8
GEOMETRY_LAYER_1
  70
32
  10
552391.973
  20
78846.100
  30
-15.163
  0
VERTEX
  8
GEOMETRY_LAYER_1
  70
32
  10
552393.592
  20
78841.342
  30
-15.086
  0
VERTEX
  8
GEOMETRY_LAYER_1
  70
32
  10
552396.395
  20
78831.114
  30
-14.86
  0
VERTEX
  8
GEOMETRY_LAYER_1
  70
32
  10
552403.486
  20
78824.956
  30
-14.588
  0
VERTEX
  8
GEOMETRY_LAYER_1
  70
32
  10
552405.949
  20
78819.020
  30
-14.598
  0
VERTEX
  8
GEOMETRY_LAYER_1
  70
32
  10
552405.399
  20
78807.460
  30
-14.44
  0
VERTEX
  8
GEOMETRY_LAYER_1
  70
32
  10
552407.065
  20
78798.487
  30
-14.159
  0
VERTEX
  8
GEOMETRY_LAYER_1
  70
32
  10
552408.958
  20
78789.143
  30
-14.122
  0
VERTEX
  8
GEOMETRY_LAYER_1
  70
32
  10
552411.368
  20
78778.801
  30
-13.568
  0
VERTEX
  8
GEOMETRY_LAYER_1
  70
32
  10
552413.453
  20
78769.671
  30
-13.11
  0
VERTEX
  8
GEOMETRY_LAYER_1
  70
32
  10
552415.687
  20
78759.297
  30
-12.503
  0
VERTEX
  8
GEOMETRY_LAYER_1
  70
32
  10
552418.195
  20
78747.991
  30
-11.678
  0
SEQEND
  8
GEOMETRY_LAYER_1
  0
POLYLINE
  8
GEOMETRY_LAYER_1
  70
8
  66
1
 62
3
 39
1
  0
VERTEX
  8
GEOMETRY_LAYER_1
  70
32
  10
551854.544
  20
79019.973
  30
-16.723
  0
VERTEX
  8
GEOMETRY_LAYER_1
  70
32
  10
551856.429
  20
79002.647
  30
-17.746
  0
VERTEX
  8
GEOMETRY_LAYER_1
  70
32
  10
551858.232
  20
78993.006
  30
-18.112
  0
VERTEX
  8
GEOMETRY_LAYER_1
  70
32
  10
551859.827
  20
78980.971
  30
-18.013
  0
VERTEX
  8
GEOMETRY_LAYER_1
  70
32
  10
551859.353
  20
78971.594
  30
-18.317
  0
VERTEX
  8
GEOMETRY_LAYER_1
  70
32
  10
551859.238
  20
78960.969
  30
-18.689
  0
VERTEX
  8
GEOMETRY_LAYER_1
  70
32
  10
551857.110
  20
78954.867
  30
-19.639
  0
VERTEX
  8
GEOMETRY_LAYER_1
  70
32
  10
551858.002
  20
78947.088
  30
-20.357
  0
VERTEX
  8
GEOMETRY_LAYER_1
  70
32
  10
551859.948
  20
78938.683
  30
-20.849
  0
VERTEX
  8
GEOMETRY_LAYER_1
  70
32
  10
551861.244
  20
78931.043
  30
-21.914
  0
VERTEX
  8
GEOMETRY_LAYER_1
  70
32
  10
551863.705
  20
78922.188
  30
-22.488
  0
VERTEX
  8
GEOMETRY_LAYER_1
  70
32
  10
551868.117
  20
78916.593
  30
-22.563
  0
VERTEX
  8
GEOMETRY_LAYER_1
  70
32
  10
551870.540
  20
78907.225
  30
-23.196
  0
VERTEX
  8
GEOMETRY_LAYER_1
  70
32
  10
551873.734
  20
78897.636
  30
-23.581
  0
VERTEX
  8
GEOMETRY_LAYER_1
  70
32
  10
551876.921
  20
78887.293
  30
-23.662
  0
VERTEX
  8
GEOMETRY_LAYER_1
  70
32
  10
551876.032
  20
78875.376
  30
-24.418
  0
VERTEX
  8
GEOMETRY_LAYER_1
  70
32
  10
551865.534
  20
78870.375
  30
-24.439
  0
VERTEX
  8
GEOMETRY_LAYER_1
  70
32
  10
551855.913
  20
78875.704
  30
-24.435
  0
VERTEX
  8
GEOMETRY_LAYER_1
  70
32
  10
551851.763
  20
78887.208
  30
-24.133
  0
VERTEX
  8
GEOMETRY_LAYER_1
  70
32
  10
551849.901
  20
78895.507
  30
-23.701
  0
VERTEX
  8
GEOMETRY_LAYER_1
  70
32
  10
551848.673
  20
78904.496
  30
-23.484
  0
VERTEX
  8
GEOMETRY_LAYER_1
  70
32
  10
551841.676
  20
78916.557
  30
-22.358
  0
VERTEX
  8
GEOMETRY_LAYER_1
  70
32
  10
551838.462
  20
78927.092
  30
-21.742
  0
VERTEX
  8
GEOMETRY_LAYER_1
  70
32
  10
551833.397
  20
78945.161
  30
-20.499
  0
VERTEX
  8
GEOMETRY_LAYER_1
  70
32
  10
551830.598
  20
78957.672
  30
-19.83
  0
VERTEX
  8
GEOMETRY_LAYER_1
  70
32
  10
551829.211
  20
78966.600
  30
-19.3
  0
VERTEX
  8
GEOMETRY_LAYER_1
  70
32
  10
551829.449
  20
78978.125
  30
-19.136
  0
VERTEX
  8
GEOMETRY_LAYER_1
  70
32
  10
551827.105
  20
78985.354
  30
-18.919
  0
VERTEX
  8
GEOMETRY_LAYER_1
  70
32
  10
551826.494
  20
78996.846
  30
-18.182
  0
VERTEX
  8
GEOMETRY_LAYER_1
  70
32
  10
551825.564
  20
79004.746
  30
-17.969
  0
VERTEX
  8
GEOMETRY_LAYER_1
  70
32
  10
551825.222
  20
79012.098
  30
-17.658
  0
VERTEX
  8
GEOMETRY_LAYER_1
  70
32
  10
551825.471
  20
79019.945
  30
-17.315
  0
VERTEX
  8
GEOMETRY_LAYER_1
  70
32
  10
551821.942
  20
79030.501
  30
-16.628
  0
VERTEX
  8
GEOMETRY_LAYER_1
  70
32
  10
551821.181
  20
79038.011
  30
-16.311
  0
VERTEX
  8
GEOMETRY_LAYER_1
  70
32
  10
551816.079
  20
79043.275
  30
-15.767
  0
VERTEX
  8
GEOMETRY_LAYER_1
  70
32
  10
551813.269
  20
79052.967
  30
-15.071
  0
VERTEX
  8
GEOMETRY_LAYER_1
  70
32
  10
551810.427
  20
79064.329
  30
-14.384
  0
VERTEX
  8
GEOMETRY_LAYER_1
  70
32
  10
551810.542
  20
79073.975
  30
-13.939
  0
VERTEX
  8
GEOMETRY_LAYER_1
  70
32
  10
551817.689
  20
79080.053
  30
-14.059
  0
VERTEX
  8
GEOMETRY_LAYER_1
  70
32
  10
551827.429
  20
79080.155
  30
-13.94
  0
VERTEX
  8
GEOMETRY_LAYER_1
  70
32
  10
551834.740
  20
79077.829
  30
-14.104
  0
VERTEX
  8
GEOMETRY_LAYER_1
  70
32
  10
551844.510
  20
79083.966
  30
-13.67
  0
VERTEX
  8
GEOMETRY_LAYER_1
  70
32
  10
551847.159
  20
79068.235
  30
-14.237
  0
VERTEX
  8
GEOMETRY_LAYER_1
  70
32
  10
551848.668
  20
79058.475
  30
-15.415
  0
VERTEX
  8
GEOMETRY_LAYER_1
  70
32
  10
551850.768
  20
79049.830
  30
-15.309
  0
VERTEX
  8
GEOMETRY_LAYER_1
  70
32
  10
551849.854
  20
79040.877
  30
-15.809
  0
VERTEX
  8
GEOMETRY_LAYER_1
  70
32
  10
551852.594
  20
79029.985
  30
-16.631
  0
VERTEX
  8
GEOMETRY_LAYER_1
  70
32
  10
551854.544
  20
79019.973
  30
-16.723
  0
SEQEND
  8
GEOMETRY_LAYER_1
  0
POLYLINE
  8
GEOMETRY_LAYER_1
  70
8
  66
1
 62
3
 39
1
  0
VERTEX
  8
GEOMETRY_LAYER_1
  70
32
  10
551850.568
  20
79019.541
  30
-16.723
  0
VERTEX
  8
GEOMETRY_LAYER_1
  70
32
  10
551852.469
  20
79002.062
  30
-17.746
  0
VERTEX
  8
GEOMETRY_LAYER_1
  70
32
  10
551854.281
  20
78992.376
  30
-18.112
  0
VERTEX
  8
GEOMETRY_LAYER_1
  70
32
  10
551855.813
  20
78980.808
  30
-18.013
  0
VERTEX
  8
GEOMETRY_LAYER_1
  70
32
  10
551855.354
  20
78971.717
  30
-18.317
  0
VERTEX
  8
GEOMETRY_LAYER_1
  70
32
  10
551855.245
  20
78961.668
  30
-18.689
  0
VERTEX
  8
GEOMETRY_LAYER_1
  70
32
  10
551853.032
  20
78955.321
  30
-19.639
  0
VERTEX
  8
GEOMETRY_LAYER_1
  70
32
  10
551854.054
  20
78946.408
  30
-20.357
  0
VERTEX
  8
GEOMETRY_LAYER_1
  70
32
  10
551856.024
  20
78937.897
  30
-20.849
  0
VERTEX
  8
GEOMETRY_LAYER_1
  70
32
  10
551857.335
  20
78930.171
  30
-21.914
  0
VERTEX
  8
GEOMETRY_LAYER_1
  70
32
  10
551860.067
  20
78920.342
  30
-22.488
  0
VERTEX
  8
GEOMETRY_LAYER_1
  70
32
  10
551864.455
  20
78914.777
  30
-22.563
  0
VERTEX
  8
GEOMETRY_LAYER_1
  70
32
  10
551866.701
  20
78906.090
  30
-23.196
  0
VERTEX
  8
GEOMETRY_LAYER_1
  70
32
  10
551869.925
  20
78896.416
  30
-23.581
  0
VERTEX
  8
GEOMETRY_LAYER_1
  70
32
  10
551872.876
  20
78886.837
  30
-23.662
  0
VERTEX
  8
GEOMETRY_LAYER_1
  70
32
  10
551872.216
  20
78877.988
  30
-24.418
  0
VERTEX
  8
GEOMETRY_LAYER_1
  70
32
  10
551865.672
  20
78874.872
  30
-24.439
  0
VERTEX
  8
GEOMETRY_LAYER_1
  70
32
  10
551859.166
  20
78878.474
  30
-24.435
  0
VERTEX
  8
GEOMETRY_LAYER_1
  70
32
  10
551855.611
  20
78888.329
  30
-24.133
  0
VERTEX
  8
GEOMETRY_LAYER_1
  70
32
  10
551853.841
  20
78896.217
  30
-23.701
  0
VERTEX
  8
GEOMETRY_LAYER_1
  70
32
  10
551852.529
  20
78905.819
  30
-23.484
  0
VERTEX
  8
GEOMETRY_LAYER_1
  70
32
  10
551845.367
  20
78918.166
  30
-22.358
  0
VERTEX
  8
GEOMETRY_LAYER_1
  70
32
  10
551842.301
  20
78928.216
  30
-21.742
  0
VERTEX
  8
GEOMETRY_LAYER_1
  70
32
  10
551837.277
  20
78946.137
  30
-20.499
  0
VERTEX
  8
GEOMETRY_LAYER_1
  70
32
  10
551834.531
  20
78958.417
  30
-19.83
  0
VERTEX
  8
GEOMETRY_LAYER_1
  70
32
  10
551833.217
  20
78966.868
  30
-19.3
  0
VERTEX
  8
GEOMETRY_LAYER_1
  70
32
  10
551833.463
  20
78978.716
  30
-19.136
  0
VERTEX
  8
GEOMETRY_LAYER_1
  70
32
  10
551831.071
  20
78986.089
  30
-18.919
  0
VERTEX
  8
GEOMETRY_LAYER_1
  70
32
  10
551830.482
  20
78997.186
  30
-18.182
  0
VERTEX
  8
GEOMETRY_LAYER_1
  70
32
  10
551829.553
  20
79005.073
  30
-17.969
  0
VERTEX
  8
GEOMETRY_LAYER_1
  70
32
  10
551829.225
  20
79012.128
  30
-17.658
  0
VERTEX
  8
GEOMETRY_LAYER_1
  70
32
  10
551829.492
  20
79020.534
  30
-17.315
  0
VERTEX
  8
GEOMETRY_LAYER_1
  70
32
  10
551825.877
  20
79031.347
  30
-16.628
  0
VERTEX
  8
GEOMETRY_LAYER_1
  70
32
  10
551825.020
  20
79039.797
  30
-16.311
  0
VERTEX
  8
GEOMETRY_LAYER_1
  70
32
  10
551819.644
  20
79045.344
  30
-15.767
  0
VERTEX
  8
GEOMETRY_LAYER_1
  70
32
  10
551817.132
  20
79054.010
  30
-15.071
  0
VERTEX
  8
GEOMETRY_LAYER_1
  70
32
  10
551814.433
  20
79064.798
  30
-14.384
  0
VERTEX
  8
GEOMETRY_LAYER_1
  70
32
  10
551814.520
  20
79072.108
  30
-13.939
  0
VERTEX
  8
GEOMETRY_LAYER_1
  70
32
  10
551819.177
  20
79076.069
  30
-14.059
  0
VERTEX
  8
GEOMETRY_LAYER_1
  70
32
  10
551826.828
  20
79076.149
  30
-13.94
  0
VERTEX
  8
GEOMETRY_LAYER_1
  70
32
  10
551835.296
  20
79073.455
  30
-14.104
  0
VERTEX
  8
GEOMETRY_LAYER_1
  70
32
  10
551841.561
  20
79077.390
  30
-13.67
  0
VERTEX
  8
GEOMETRY_LAYER_1
  70
32
  10
551843.210
  20
79067.597
  30
-14.237
  0
VERTEX
  8
GEOMETRY_LAYER_1
  70
32
  10
551844.741
  20
79057.696
  30
-15.415
  0
VERTEX
  8
GEOMETRY_LAYER_1
  70
32
  10
551846.719
  20
79049.552
  30
-15.309
  0
VERTEX
  8
GEOMETRY_LAYER_1
  70
32
  10
551845.803
  20
79040.583
  30
-15.809
  0
VERTEX
  8
GEOMETRY_LAYER_1
  70
32
  10
551848.715
  20
79029.008
  30
-16.631
  0
VERTEX
  8
GEOMETRY_LAYER_1
  70
32
  10
551850.568
  20
79019.541
  30
-16.723
  0
SEQEND
  8
GEOMETRY_LAYER_1
  0
POLYLINE
  8
GEOMETRY_LAYER_1
  70
8
  66
1
 62
1
 39
1
  0
VERTEX
  8
GEOMETRY_LAYER_1
  70
32
  10
552222.974
  20
78794.430
  30
-29.784
  0
VERTEX
  8
GEOMETRY_LAYER_1
  70
32
  10
552219.846
  20
78798.746
  30
-29.85
  0
VERTEX
  8
GEOMETRY_LAYER_1
  70
32
  10
552211.402
  20
78805.760
  30
-29.564
  0
VERTEX
  8
GEOMETRY_LAYER_1
  70
32
  10
552207.495
  20
78812.222
  30
-29.347
  0
VERTEX
  8
GEOMETRY_LAYER_1
  70
32
  10
552199.496
  20
78819.843
  30
-29.413
  0
VERTEX
  8
GEOMETRY_LAYER_1
  70
32
  10
552195.725
  20
78824.362
  30
-29.499
  0
VERTEX
  8
GEOMETRY_LAYER_1
  70
32
  10
552189.258
  20
78834.863
  30
-29.881
  0
VERTEX
  8
GEOMETRY_LAYER_1
  70
32
  10
552188.523
  20
78841.706
  30
-29.897
  0
VERTEX
  8
GEOMETRY_LAYER_1
  70
32
  10
552187.184
  20
78851.947
  30
-30.032
  0
VERTEX
  8
GEOMETRY_LAYER_1
  70
32
  10
552193.791
  20
78858.506
  30
-29.093
  0
VERTEX
  8
GEOMETRY_LAYER_1
  70
32
  10
552214.295
  20
78888.625
  30
-31.927
  0
VERTEX
  8
GEOMETRY_LAYER_1
  70
32
  10
552209.123
  20
78896.692
  30
-32.196
  0
VERTEX
  8
GEOMETRY_LAYER_1
  70
32
  10
552205.783
  20
78905.571
  30
-32.44
  0
VERTEX
  8
GEOMETRY_LAYER_1
  70
32
  10
552208.759
  20
78910.500
  30
-30.87
  0
VERTEX
  8
GEOMETRY_LAYER_1
  70
32
  10
552209.880
  20
78908.291
  30
-32.778
  0
VERTEX
  8
GEOMETRY_LAYER_1
  70
32
  10
552214.661
  20
78902.752
  30
-32.169
  0
VERTEX
  8
GEOMETRY_LAYER_1
  70
32
  10
552220.958
  20
78895.740
  30
-31.763
  0
VERTEX
  8
GEOMETRY_LAYER_1
  70
32
  10
552224.643
  20
78888.480
  30
-31.504
  0
VERTEX
  8
GEOMETRY_LAYER_1
  70
32
  10
552229.818
  20
78879.142
  30
-31.434
  0
VERTEX
  8
GEOMETRY_LAYER_1
  70
32
  10
552225.155
  20
78870.636
  30
-31.417
  0
VERTEX
  8
GEOMETRY_LAYER_1
  70
32
  10
552196.335
  20
78843.375
  30
-29.67
  0
VERTEX
  8
GEOMETRY_LAYER_1
  70
32
  10
552198.312
  20
78834.169
  30
-29.706
  0
VERTEX
  8
GEOMETRY_LAYER_1
  70
32
  10
552203.421
  20
78827.549
  30
-29.848
  0
VERTEX
  8
GEOMETRY_LAYER_1
  70
32
  10
552207.368
  20
78819.690
  30
-29.695
  0
VERTEX
  8
GEOMETRY_LAYER_1
  70
32
  10
552213.055
  20
78813.075
  30
-29.721
  0
VERTEX
  8
GEOMETRY_LAYER_1
  70
32
  10
552221.365
  20
78807.154
  30
-30.053
  0
VERTEX
  8
GEOMETRY_LAYER_1
  70
32
  10
552226.597
  20
78800.793
  30
-30.334
  0
VERTEX
  8
GEOMETRY_LAYER_1
  70
32
  10
552222.974
  20
78794.430
  30
-29.784
  0
SEQEND
  8
GEOMETRY_LAYER_1
  0
POLYLINE
  8
GEOMETRY_LAYER_1
  70
8
  66
1
 62
1
 39
1
  0
VERTEX
  8
GEOMETRY_LAYER_1
  70
32
  10
552223.378
  20
78787.056
  30
-29.784
  0
VERTEX
  8
GEOMETRY_LAYER_1
  70
32
  10
552216.902
  20
78795.991
  30
-29.85
  0
VERTEX
  8
GEOMETRY_LAYER_1
  70
32
  10
552208.328
  20
78803.114
  30
-29.564
  0
VERTEX
  8
GEOMETRY_LAYER_1
  70
32
  10
552204.349
  20
78809.695
  30
-29.347
  0
VERTEX
  8
GEOMETRY_LAYER_1
  70
32
  10
552196.572
  20
78817.105
  30
-29.413
  0
VERTEX
  8
GEOMETRY_LAYER_1
  70
32
  10
552192.470
  20
78822.019
  30
-29.499
  0
VERTEX
  8
GEOMETRY_LAYER_1
  70
32
  10
552185.377
  20
78833.536
  30
-29.881
  0
VERTEX
  8
GEOMETRY_LAYER_1
  70
32
  10
552184.551
  20
78841.233
  30
-29.897
  0
VERTEX
  8
GEOMETRY_LAYER_1
  70
32
  10
552182.961
  20
78853.391
  30
-30.032
  0
VERTEX
  8
GEOMETRY_LAYER_1
  70
32
  10
552190.701
  20
78861.074
  30
-29.093
  0
VERTEX
  8
GEOMETRY_LAYER_1
  70
32
  10
552209.501
  20
78888.690
  30
-31.927
  0
VERTEX
  8
GEOMETRY_LAYER_1
  70
32
  10
552205.528
  20
78894.888
  30
-32.196
  0
VERTEX
  8
GEOMETRY_LAYER_1
  70
32
  10
552201.356
  20
78905.979
  30
-32.44
  0
VERTEX
  8
GEOMETRY_LAYER_1
  70
32
  10
552209.063
  20
78918.741
  30
-30.87
  0
VERTEX
  8
GEOMETRY_LAYER_1
  70
32
  10
552213.226
  20
78910.535
  30
-32.778
  0
VERTEX
  8
GEOMETRY_LAYER_1
  70
32
  10
552217.663
  20
78905.395
  30
-32.169
  0
VERTEX
  8
GEOMETRY_LAYER_1
  70
32
  10
552224.286
  20
78898.020
  30
-31.763
  0
VERTEX
  8
GEOMETRY_LAYER_1
  70
32
  10
552228.177
  20
78890.355
  30
-31.504
  0
VERTEX
  8
GEOMETRY_LAYER_1
  70
32
  10
552234.385
  20
78879.153
  30
-31.434
  0
VERTEX
  8
GEOMETRY_LAYER_1
  70
32
  10
552228.360
  20
78868.163
  30
-31.417
  0
VERTEX
  8
GEOMETRY_LAYER_1
  70
32
  10
552200.718
  20
78842.014
  30
-29.67
  0
VERTEX
  8
GEOMETRY_LAYER_1
  70
32
  10
552202.033
  20
78835.895
  30
-29.706
  0
VERTEX
  8
GEOMETRY_LAYER_1
  70
32
  10
552206.822
  20
78829.688
  30
-29.848
  0
VERTEX
  8
GEOMETRY_LAYER_1
  70
32
  10
552210.722
  20
78821.924
  30
-29.695
  0
VERTEX
  8
GEOMETRY_LAYER_1
  70
32
  10
552215.772
  20
78816.051
  30
-29.721
  0
VERTEX
  8
GEOMETRY_LAYER_1
  70
32
  10
552224.118
  20
78810.104
  30
-30.053
  0
VERTEX
  8
GEOMETRY_LAYER_1
  70
32
  10
552231.435
  20
78801.207
  30
-30.334
  0
VERTEX
  8
GEOMETRY_LAYER_1
  70
32
  10
552223.378
  20
78787.056
  30
-29.784
  0
SEQEND
  8
GEOMETRY_LAYER_1
  0
POLYLINE
  8
GEOMETRY_LAYER_1
  70
8
  66
1
 62
1
 39
1
  0
VERTEX
  8
GEOMETRY_LAYER_1
  70
32
  10
550513.662
  20
63815.151
  30
3.427
  0
VERTEX
  8
GEOMETRY_LAYER_1
  70
32
  10
550544.063
  20
63802.596
  30
-2.414
  0
VERTEX
  8
GEOMETRY_LAYER_1
  70
32
  10
550550.214
  20
63800.776
  30
-3.08
  0
VERTEX
  8
GEOMETRY_LAYER_1
  70
32
  10
550556.870
  20
63798.080
  30
-3.648
  0
VERTEX
  8
GEOMETRY_LAYER_1
  70
32
  10
550565.077
  20
63797.705
  30
-3.519
  0
VERTEX
  8
GEOMETRY_LAYER_1
  70
32
  10
550573.169
  20
63790.914
  30
-4.427
  0
VERTEX
  8
GEOMETRY_LAYER_1
  70
32
  10
550576.317
  20
63785.961
  30
-5.898
  0
VERTEX
  8
GEOMETRY_LAYER_1
  70
32
  10
550589.734
  20
63779.993
  30
-8.344
  0
VERTEX
  8
GEOMETRY_LAYER_1
  70
32
  10
550595.186
  20
63773.946
  30
-9.521
  0
VERTEX
  8
GEOMETRY_LAYER_1
  70
32
  10
550602.512
  20
63766.473
  30
-10.501
  0
VERTEX
  8
GEOMETRY_LAYER_1
  70
32
  10
550606.789
  20
63757.506
  30
-10.689
  0
VERTEX
  8
GEOMETRY_LAYER_1
  70
32
  10
550603.663
  20
63747.334
  30
-11.729
  0
VERTEX
  8
GEOMETRY_LAYER_1
  70
32
  10
550591.103
  20
63736.113
  30
-12.443
  0
VERTEX
  8
GEOMETRY_LAYER_1
  70
32
  10
550576.749
  20
63735.913
  30
-12.758
  0
VERTEX
  8
GEOMETRY_LAYER_1
  70
32
  10
550571.224
  20
63744.531
  30
-11.91
  0
VERTEX
  8
GEOMETRY_LAYER_1
  70
32
  10
550566.246
  20
63751.042
  30
-10.776
  0
VERTEX
  8
GEOMETRY_LAYER_1
  70
32
  10
550561.264
  20
63757.192
  30
-9.582
  0
VERTEX
  8
GEOMETRY_LAYER_1
  70
32
  10
550555.939
  20
63763.925
  30
-8.293
  0
VERTEX
  8
GEOMETRY_LAYER_1
  70
32
  10
550550.251
  20
63770.851
  30
-6.411
  0
VERTEX
  8
GEOMETRY_LAYER_1
  70
32
  10
550546.919
  20
63775.368
  30
-5.525
  0
VERTEX
  8
GEOMETRY_LAYER_1
  70
32
  10
550540.690
  20
63782.741
  30
-3.521
  0
VERTEX
  8
GEOMETRY_LAYER_1
  70
32
  10
550536.451
  20
63787.924
  30
-2.339
  0
VERTEX
  8
GEOMETRY_LAYER_1
  70
32
  10
550531.028
  20
63794.154
  30
-1.199
  0
VERTEX
  8
GEOMETRY_LAYER_1
  70
32
  10
550513.662
  20
63815.151
  30
3.427
  0
SEQEND
  8
GEOMETRY_LAYER_1
  0
POLYLINE
  8
GEOMETRY_LAYER_1
  70
8
  66
1
 62
1
 39
1
  0
VERTEX
  8
GEOMETRY_LAYER_1
  70
32
  10
550525.316
  20
63806.552
  30
3.427
  0
VERTEX
  8
GEOMETRY_LAYER_1
  70
32
  10
550542.896
  20
63799.291
  30
-2.414
  0
VERTEX
  8
GEOMETRY_LAYER_1
  70
32
  10
550549.058
  20
63797.468
  30
-3.08
  0
VERTEX
  8
GEOMETRY_LAYER_1
  70
32
  10
550556.112
  20
63794.612
  30
-3.648
  0
VERTEX
  8
GEOMETRY_LAYER_1
  70
32
  10
550563.734
  20
63794.263
  30
-3.519
  0
VERTEX
  8
GEOMETRY_LAYER_1
  70
32
  10
550570.505
  20
63788.580
  30
-4.427
  0
VERTEX
  8
GEOMETRY_LAYER_1
  70
32
  10
550573.930
  20
63783.193
  30
-5.898
  0
VERTEX
  8
GEOMETRY_LAYER_1
  70
32
  10
550587.633
  20
63777.097
  30
-8.344
  0
VERTEX
  8
GEOMETRY_LAYER_1
  70
32
  10
550592.636
  20
63771.547
  30
-9.521
  0
VERTEX
  8
GEOMETRY_LAYER_1
  70
32
  10
550599.604
  20
63764.440
  30
-10.501
  0
VERTEX
  8
GEOMETRY_LAYER_1
  70
32
  10
550603.042
  20
63757.231
  30
-10.689
  0
VERTEX
  8
GEOMETRY_LAYER_1
  70
32
  10
550600.604
  20
63749.294
  30
-11.729
  0
VERTEX
  8
GEOMETRY_LAYER_1
  70
32
  10
550589.747
  20
63739.594
  30
-12.443
  0
VERTEX
  8
GEOMETRY_LAYER_1
  70
32
  10
550578.646
  20
63739.440
  30
-12.758
  0
VERTEX
  8
GEOMETRY_LAYER_1
  70
32
  10
550574.092
  20
63746.541
  30
-11.91
  0
VERTEX
  8
GEOMETRY_LAYER_1
  70
32
  10
550568.997
  20
63753.207
  30
-10.776
  0
VERTEX
  8
GEOMETRY_LAYER_1
  70
32
  10
550563.997
  20
63759.379
  30
-9.582
  0
VERTEX
  8
GEOMETRY_LAYER_1
  70
32
  10
550558.664
  20
63766.121
  30
-8.293
  0
VERTEX
  8
GEOMETRY_LAYER_1
  70
32
  10
550553.013
  20
63773.002
  30
-6.411
  0
VERTEX
  8
GEOMETRY_LAYER_1
  70
32
  10
550549.667
  20
63777.538
  30
-5.525
  0
VERTEX
  8
GEOMETRY_LAYER_1
  70
32
  10
550543.381
  20
63784.978
  30
-3.521
  0
VERTEX
  8
GEOMETRY_LAYER_1
  70
32
  10
550539.127
  20
63790.182
  30
-2.339
  0
VERTEX
  8
GEOMETRY_LAYER_1
  70
32
  10
550533.696
  20
63796.418
  30
-1.199
  0
VERTEX
  8
GEOMETRY_LAYER_1
  70
32
  10
550525.316
  20
63806.552
  30
3.427
  0
SEQEND
  8
GEOMETRY_LAYER_1
  0
POLYLINE
  8
GEOMETRY_LAYER_1
  70
8
  66
1
 62
1
 39
1
  0
VERTEX
  8
GEOMETRY_LAYER_1
  70
32
  10
551609.894
  20
75042.477
  30
-12.727
  0
VERTEX
  8
GEOMETRY_LAYER_1
  70
32
  10
551626.017
  20
75041.930
  30
-11.992
  0
VERTEX
  8
GEOMETRY_LAYER_1
  70
32
  10
551629.349
  20
75051.815
  30
-11.764
  0
VERTEX
  8
GEOMETRY_LAYER_1
  70
32
  10
551632.334
  20
75059.856
  30
-11.622
  0
VERTEX
  8
GEOMETRY_LAYER_1
  70
32
  10
551635.627
  20
75073.568
  30
-11.295
  0
VERTEX
  8
GEOMETRY_LAYER_1
  70
32
  10
551634.234
  20
75082.805
  30
-11.219
  0
VERTEX
  8
GEOMETRY_LAYER_1
  70
32
  10
551628.854
  20
75092.727
  30
-11.196
  0
VERTEX
  8
GEOMETRY_LAYER_1
  70
32
  10
551617.795
  20
75096.609
  30
-11.087
  0
VERTEX
  8
GEOMETRY_LAYER_1
  70
32
  10
551609.434
  20
75098.742
  30
-11.082
  0
VERTEX
  8
GEOMETRY_LAYER_1
  70
32
  10
551600.102
  20
75103.299
  30
-10.806
  0
VERTEX
  8
GEOMETRY_LAYER_1
  70
32
  10
551590.887
  20
75106.386
  30
-10.494
  0
VERTEX
  8
GEOMETRY_LAYER_1
  70
32
  10
551580.576
  20
75109.059
  30
-10.123
  0
VERTEX
  8
GEOMETRY_LAYER_1
  70
32
  10
551570.518
  20
75112.059
  30
-9.942
  0
VERTEX
  8
GEOMETRY_LAYER_1
  70
32
  10
551562.465
  20
75114.042
  30
-9.7
  0
VERTEX
  8
GEOMETRY_LAYER_1
  70
32
  10
551550.697
  20
75114.916
  30
-9.522
  0
VERTEX
  8
GEOMETRY_LAYER_1
  70
32
  10
551547.942
  20
75106.635
  30
-9.265
  0
VERTEX
  8
GEOMETRY_LAYER_1
  70
32
  10
551545.419
  20
75098.767
  30
-9.236
  0
VERTEX
  8
GEOMETRY_LAYER_1
  70
32
  10
551545.624
  20
75086.480
  30
-9.151
  0
VERTEX
  8
GEOMETRY_LAYER_1
  70
32
  10
551554.406
  20
75083.461
  30
-9.269
  0
VERTEX
  8
GEOMETRY_LAYER_1
  70
32
  10
551563.531
  20
75079.810
  30
-9.495
  0
VERTEX
  8
GEOMETRY_LAYER_1
  70
32
  10
551574.403
  20
75079.315
  30
-10.043
  0
VERTEX
  8
GEOMETRY_LAYER_1
  70
32
  10
551583.030
  20
75077.225
  30
-10.13
  0
VERTEX
  8
GEOMETRY_LAYER_1
  70
32
  10
551591.439
  20
75075.244
  30
-10.198
  0
VERTEX
  8
GEOMETRY_LAYER_1
  70
32
  10
551597.695
  20
75075.505
  30
-10.61
  0
VERTEX
  8
GEOMETRY_LAYER_1
  70
32
  10
551603.425
  20
75073.085
  30
-10.792
  0
VERTEX
  8
GEOMETRY_LAYER_1
  70
32
  10
551611.426
  20
75071.374
  30
-10.943
  0
VERTEX
  8
GEOMETRY_LAYER_1
  70
32
  10
551615.724
  20
75068.368
  30
-11.057
  0
VERTEX
  8
GEOMETRY_LAYER_1
  70
32
  10
551615.410
  20
75063.856
  30
-11.613
  0
VERTEX
  8
GEOMETRY_LAYER_1
  70
32
  10
551613.581
  20
75056.240
  30
-11.599
  0
VERTEX
  8
GEOMETRY_LAYER_1
  70
32
  10
551609.894
  20
75042.477
  30
-12.727
  0
SEQEND
  8
GEOMETRY_LAYER_1
  0
POLYLINE
  8
GEOMETRY_LAYER_1
  70
8
  66
1
 62
1
 39
1
  0
VERTEX
  8
GEOMETRY_LAYER_1
  70
32
  10
551614.673
  20
75046.017
  30
-12.727
  0
VERTEX
  8
GEOMETRY_LAYER_1
  70
32
  10
551623.391
  20
75045.721
  30
-11.992
  0
VERTEX
  8
GEOMETRY_LAYER_1
  70
32
  10
551625.861
  20
75053.051
  30
-11.764
  0
VERTEX
  8
GEOMETRY_LAYER_1
  70
32
  10
551628.788
  20
75060.936
  30
-11.622
  0
VERTEX
  8
GEOMETRY_LAYER_1
  70
32
  10
551631.860
  20
75073.730
  30
-11.295
  0
VERTEX
  8
GEOMETRY_LAYER_1
  70
32
  10
551630.672
  20
75081.611
  30
-11.219
  0
VERTEX
  8
GEOMETRY_LAYER_1
  70
32
  10
551626.282
  20
75089.709
  30
-11.196
  0
VERTEX
  8
GEOMETRY_LAYER_1
  70
32
  10
551616.723
  20
75093.064
  30
-11.087
  0
VERTEX
  8
GEOMETRY_LAYER_1
  70
32
  10
551608.152
  20
75095.251
  30
-11.082
  0
VERTEX
  8
GEOMETRY_LAYER_1
  70
32
  10
551598.697
  20
75099.868
  30
-10.806
  0
VERTEX
  8
GEOMETRY_LAYER_1
  70
32
  10
551589.833
  20
75102.837
  30
-10.494
  0
VERTEX
  8
GEOMETRY_LAYER_1
  70
32
  10
551579.583
  20
75105.494
  30
-10.123
  0
VERTEX
  8
GEOMETRY_LAYER_1
  70
32
  10
551569.546
  20
75108.487
  30
-9.942
  0
VERTEX
  8
GEOMETRY_LAYER_1
  70
32
  10
551561.882
  20
75110.375
  30
-9.7
  0
VERTEX
  8
GEOMETRY_LAYER_1
  70
32
  10
551553.298
  20
75111.013
  30
-9.522
  0
VERTEX
  8
GEOMETRY_LAYER_1
  70
32
  10
551551.460
  20
75105.486
  30
-9.265
  0
VERTEX
  8
GEOMETRY_LAYER_1
  70
32
  10
551549.129
  20
75098.218
  30
-9.236
  0
VERTEX
  8
GEOMETRY_LAYER_1
  70
32
  10
551549.280
  20
75089.136
  30
-9.151
  0
VERTEX
  8
GEOMETRY_LAYER_1
  70
32
  10
551555.695
  20
75086.931
  30
-9.269
  0
VERTEX
  8
GEOMETRY_LAYER_1
  70
32
  10
551564.324
  20
75083.478
  30
-9.495
  0
VERTEX
  8
GEOMETRY_LAYER_1
  70
32
  10
551574.928
  20
75082.995
  30
-10.043
  0
VERTEX
  8
GEOMETRY_LAYER_1
  70
32
  10
551583.890
  20
75080.823
  30
-10.13
  0
VERTEX
  8
GEOMETRY_LAYER_1
  70
32
  10
551591.793
  20
75078.962
  30
-10.198
  0
VERTEX
  8
GEOMETRY_LAYER_1
  70
32
  10
551598.370
  20
75079.236
  30
-10.61
  0
VERTEX
  8
GEOMETRY_LAYER_1
  70
32
  10
551604.542
  20
75076.630
  30
-10.792
  0
VERTEX
  8
GEOMETRY_LAYER_1
  70
32
  10
551612.933
  20
75074.836
  30
-10.943
  0
VERTEX
  8
GEOMETRY_LAYER_1
  70
32
  10
551619.560
  20
75070.200
  30
-11.057
  0
VERTEX
  8
GEOMETRY_LAYER_1
  70
32
  10
551619.080
  20
75063.292
  30
-11.613
  0
VERTEX
  8
GEOMETRY_LAYER_1
  70
32
  10
551617.167
  20
75055.330
  30
-11.599
  0
VERTEX
  8
GEOMETRY_LAYER_1
  70
32
  10
551614.673
  20
75046.017
  30
-12.727
  0
SEQEND
  8
GEOMETRY_LAYER_1
  0
POLYLINE
  8
GEOMETRY_LAYER_1
  70
8
  66
1
 62
1
 39
1
  0
VERTEX
  8
GEOMETRY_LAYER_1
  70
32
  10
551476.302
  20
74861.459
  30
-4.916
  0
VERTEX
  8
GEOMETRY_LAYER_1
  70
32
  10
551471.461
  20
74842.567
  30
-3.944
  0
VERTEX
  8
GEOMETRY_LAYER_1
  70
32
  10
551469.358
  20
74830.594
  30
-3.613
  0
VERTEX
  8
GEOMETRY_LAYER_1
  70
32
  10
551466.278
  20
74824.742
  30
-3.78
  0
VERTEX
  8
GEOMETRY_LAYER_1
  70
32
  10
551462.606
  20
74814.222
  30
-3.68
  0
VERTEX
  8
GEOMETRY_LAYER_1
  70
32
  10
551457.562
  20
74812.155
  30
-3.614
  0
VERTEX
  8
GEOMETRY_LAYER_1
  70
32
  10
551449.130
  20
74820.823
  30
-3.845
  0
VERTEX
  8
GEOMETRY_LAYER_1
  70
32
  10
551448.633
  20
74825.463
  30
-3.942
  0
VERTEX
  8
GEOMETRY_LAYER_1
  70
32
  10
551452.271
  20
74835.485
  30
-3.999
  0
VERTEX
  8
GEOMETRY_LAYER_1
  70
32
  10
551451.452
  20
74841.534
  30
-4.164
  0
VERTEX
  8
GEOMETRY_LAYER_1
  70
32
  10
551455.993
  20
74856.486
  30
-4.912
  0
VERTEX
  8
GEOMETRY_LAYER_1
  70
32
  10
551461.459
  20
74873.548
  30
-5.4
  0
VERTEX
  8
GEOMETRY_LAYER_1
  70
32
  10
551466.698
  20
74884.229
  30
-5.792
  0
VERTEX
  8
GEOMETRY_LAYER_1
  70
32
  10
551470.562
  20
74891.285
  30
-6.492
  0
VERTEX
  8
GEOMETRY_LAYER_1
  70
32
  10
551477.018
  20
74909.543
  30
-7.352
  0
VERTEX
  8
GEOMETRY_LAYER_1
  70
32
  10
551480.037
  20
74918.938
  30
-7.702
  0
VERTEX
  8
GEOMETRY_LAYER_1
  70
32
  10
551482.723
  20
74937.065
  30
-7.534
  0
VERTEX
  8
GEOMETRY_LAYER_1
  70
32
  10
551487.680
  20
74955.631
  30
-7.573
  0
VERTEX
  8
GEOMETRY_LAYER_1
  70
32
  10
551492.253
  20
74968.015
  30
-7.655
  0
VERTEX
  8
GEOMETRY_LAYER_1
  70
32
  10
551493.371
  20
74974.320
  30
-7.736
  0
VERTEX
  8
GEOMETRY_LAYER_1
  70
32
  10
551498.065
  20
74987.377
  30
-7.778
  0
VERTEX
  8
GEOMETRY_LAYER_1
  70
32
  10
551503.084
  20
75005.850
  30
-8.049
  0
VERTEX
  8
GEOMETRY_LAYER_1
  70
32
  10
551503.930
  20
75011.645
  30
-8.056
  0
VERTEX
  8
GEOMETRY_LAYER_1
  70
32
  10
551507.834
  20
75025.446
  30
-8.692
  0
VERTEX
  8
GEOMETRY_LAYER_1
  70
32
  10
551511.849
  20
75031.223
  30
-8.981
  0
VERTEX
  8
GEOMETRY_LAYER_1
  70
32
  10
551518.702
  20
75028.035
  30
-8.811
  0
VERTEX
  8
GEOMETRY_LAYER_1
  70
32
  10
551525.475
  20
75025.752
  30
-8.554
  0
VERTEX
  8
GEOMETRY_LAYER_1
  70
32
  10
551522.940
  20
75017.075
  30
-8.198
  0
VERTEX
  8
GEOMETRY_LAYER_1
  70
32
  10
551520.946
  20
75012.673
  30
-7.841
  0
VERTEX
  8
GEOMETRY_LAYER_1
  70
32
  10
551516.469
  20
74998.469
  30
-7.228
  0
VERTEX
  8
GEOMETRY_LAYER_1
  70
32
  10
551513.974
  20
74991.670
  30
-7.417
  0
VERTEX
  8
GEOMETRY_LAYER_1
  70
32
  10
551510.020
  20
74981.924
  30
-7.483
  0
VERTEX
  8
GEOMETRY_LAYER_1
  70
32
  10
551507.843
  20
74973.797
  30
-7.323
  0
VERTEX
  8
GEOMETRY_LAYER_1
  70
32
  10
551505.346
  20
74963.369
  30
-7.764
  0
VERTEX
  8
GEOMETRY_LAYER_1
  70
32
  10
551501.245
  20
74953.240
  30
-8.041
  0
VERTEX
  8
GEOMETRY_LAYER_1
  70
32
  10
551498.338
  20
74943.707
  30
-7.76
  0
VERTEX
  8
GEOMETRY_LAYER_1
  70
32
  10
551497.193
  20
74935.964
  30
-7.098
  0
VERTEX
  8
GEOMETRY_LAYER_1
  70
32
  10
551495.741
  20
74924.540
  30
-7.019
  0
VERTEX
  8
GEOMETRY_LAYER_1
  70
32
  10
551492.109
  20
74917.131
  30
-7.194
  0
VERTEX
  8
GEOMETRY_LAYER_1
  70
32
  10
551489.844
  20
74897.860
  30
-7.286
  0
VERTEX
  8
GEOMETRY_LAYER_1
  70
32
  10
551476.302
  20
74861.459
  30
-4.916
  0
SEQEND
  8
GEOMETRY_LAYER_1
  0
POLYLINE
  8
GEOMETRY_LAYER_1
  70
8
  66
1
 62
1
 39
1
  0
VERTEX
  8
GEOMETRY_LAYER_1
  70
32
  10
551482.062
  20
74867.982
  30
-5.425
  0
VERTEX
  8
GEOMETRY_LAYER_1
  70
32
  10
551479.871
  20
74860.480
  30
-4.916
  0
VERTEX
  8
GEOMETRY_LAYER_1
  70
32
  10
551475.081
  20
74841.787
  30
-3.944
  0
VERTEX
  8
GEOMETRY_LAYER_1
  70
32
  10
551472.901
  20
74829.383
  30
-3.613
  0
VERTEX
  8
GEOMETRY_LAYER_1
  70
32
  10
551469.681
  20
74823.263
  30
-3.78
  0
VERTEX
  8
GEOMETRY_LAYER_1
  70
32
  10
551465.551
  20
74811.430
  30
-3.68
  0
VERTEX
  8
GEOMETRY_LAYER_1
  70
32
  10
551456.652
  20
74807.784
  30
-3.614
  0
VERTEX
  8
GEOMETRY_LAYER_1
  70
32
  10
551445.588
  20
74819.159
  30
-3.845
  0
VERTEX
  8
GEOMETRY_LAYER_1
  70
32
  10
551444.863
  20
74825.920
  30
-3.942
  0
VERTEX
  8
GEOMETRY_LAYER_1
  70
32
  10
551448.482
  20
74835.892
  30
-3.999
  0
VERTEX
  8
GEOMETRY_LAYER_1
  70
32
  10
551447.677
  20
74841.837
  30
-4.164
  0
VERTEX
  8
GEOMETRY_LAYER_1
  70
32
  10
551452.461
  20
74857.589
  30
-4.912
  0
VERTEX
  8
GEOMETRY_LAYER_1
  70
32
  10
551458.018
  20
74874.935
  30
-5.4
  0
VERTEX
  8
GEOMETRY_LAYER_1
  70
32
  10
551463.413
  20
74885.934
  30
-5.792
  0
VERTEX
  8
GEOMETRY_LAYER_1
  70
32
  10
551467.173
  20
74892.801
  30
-6.492
  0
VERTEX
  8
GEOMETRY_LAYER_1
  70
32
  10
551473.512
  20
74910.726
  30
-7.352
  0
VERTEX
  8
GEOMETRY_LAYER_1
  70
32
  10
551476.422
  20
74919.781
  30
-7.702
  0
VERTEX
  8
GEOMETRY_LAYER_1
  70
32
  10
551479.094
  20
74937.816
  30
-7.534
  0
VERTEX
  8
GEOMETRY_LAYER_1
  70
32
  10
551484.149
  20
74956.751
  30
-7.573
  0
VERTEX
  8
GEOMETRY_LAYER_1
  70
32
  10
551488.668
  20
74968.986
  30
-7.655
  0
VERTEX
  8
GEOMETRY_LAYER_1
  70
32
  10
551489.782
  20
74975.276
  30
-7.736
  0
VERTEX
  8
GEOMETRY_LAYER_1
  70
32
  10
551494.534
  20
74988.489
  30
-7.778
  0
VERTEX
  8
GEOMETRY_LAYER_1
  70
32
  10
551499.455
  20
75006.604
  30
-8.049
  0
VERTEX
  8
GEOMETRY_LAYER_1
  70
32
  10
551500.304
  20
75012.420
  30
-8.056
  0
VERTEX
  8
GEOMETRY_LAYER_1
  70
32
  10
551504.442
  20
75027.049
  30
-8.692
  0
VERTEX
  8
GEOMETRY_LAYER_1
  70
32
  10
551510.587
  20
75035.891
  30
-8.981
  0
VERTEX
  8
GEOMETRY_LAYER_1
  70
32
  10
551520.078
  20
75031.477
  30
-8.811
  0
VERTEX
  8
GEOMETRY_LAYER_1
  70
32
  10
551530.022
  20
75028.124
  30
-8.554
  0
VERTEX
  8
GEOMETRY_LAYER_1
  70
32
  10
551526.419
  20
75015.787
  30
-8.198
  0
VERTEX
  8
GEOMETRY_LAYER_1
  70
32
  10
551524.408
  20
75011.349
  30
-7.841
  0
VERTEX
  8
GEOMETRY_LAYER_1
  70
32
  10
551519.972
  20
74997.274
  30
-7.228
  0
VERTEX
  8
GEOMETRY_LAYER_1
  70
32
  10
551517.426
  20
74990.337
  30
-7.417
  0
VERTEX
  8
GEOMETRY_LAYER_1
  70
32
  10
551513.535
  20
74980.745
  30
-7.483
  0
VERTEX
  8
GEOMETRY_LAYER_1
  70
32
  10
551511.429
  20
74972.888
  30
-7.323
  0
VERTEX
  8
GEOMETRY_LAYER_1
  70
32
  10
551508.880
  20
74962.237
  30
-7.764
  0
VERTEX
  8
GEOMETRY_LAYER_1
  70
32
  10
551504.736
  20
74952.004
  30
-8.041
  0
VERTEX
  8
GEOMETRY_LAYER_1
  70
32
  10
551501.957
  20
74942.893
  30
-7.76
  0
VERTEX
  8
GEOMETRY_LAYER_1
  70
32
  10
551500.859
  20
74935.460
  30
-7.098
  0
VERTEX
  8
GEOMETRY_LAYER_1
  70
32
  10
551499.334
  20
74923.464
  30
-7.019
  0
VERTEX
  8
GEOMETRY_LAYER_1
  70
32
  10
551495.710
  20
74916.070
  30
-7.194
  0
VERTEX
  8
GEOMETRY_LAYER_1
  70
32
  10
551493.483
  20
74897.124
  30
-7.286
  0
VERTEX
  8
GEOMETRY_LAYER_1
  70
32
  10
551490.247
  20
74885.956
  30
-6.395
  0
VERTEX
  8
GEOMETRY_LAYER_1
  70
32
  10
551482.062
  20
74867.982
  30
-5.425
  0
SEQEND
  8
GEOMETRY_LAYER_1
  0
POLYLINE
  8
GEOMETRY_LAYER_1
  70
8
  66
1
 62
1
 39
1
  0
VERTEX
  8
GEOMETRY_LAYER_1
  70
32
  10
555475.539
  20
80398.251
  30
11.585
  0
VERTEX
  8
GEOMETRY_LAYER_1
  70
32
  10
555479.757
  20
80390.251
  30
10.901
  0
VERTEX
  8
GEOMETRY_LAYER_1
  70
32
  10
555483.562
  20
80383.532
  30
10.39
  0
VERTEX
  8
GEOMETRY_LAYER_1
  70
32
  10
555488.382
  20
80380.235
  30
10.234
  0
VERTEX
  8
GEOMETRY_LAYER_1
  70
32
  10
555493.179
  20
80375.344
  30
10.253
  0
VERTEX
  8
GEOMETRY_LAYER_1
  70
32
  10
555495.906
  20
80368.235
  30
9.746
  0
VERTEX
  8
GEOMETRY_LAYER_1
  70
32
  10
555491.859
  20
80361.251
  30
10.204
  0
VERTEX
  8
GEOMETRY_LAYER_1
  70
32
  10
555495.523
  20
80352.297
  30
10.106
  0
VERTEX
  8
GEOMETRY_LAYER_1
  70
32
  10
555480.592
  20
80359.069
  30
9.692
  0
VERTEX
  8
GEOMETRY_LAYER_1
  70
32
  10
555472.046
  20
80371.032
  30
9.278
  0
VERTEX
  8
GEOMETRY_LAYER_1
  70
32
  10
555447.968
  20
80364.047
  30
8.451
  0
VERTEX
  8
GEOMETRY_LAYER_1
  70
32
  10
555439.023
  20
80356.141
  30
6.795
  0
VERTEX
  8
GEOMETRY_LAYER_1
  70
32
  10
555434.992
  20
80366.516
  30
7.096
  0
VERTEX
  8
GEOMETRY_LAYER_1
  70
32
  10
555430.960
  20
80376.891
  30
7.397
  0
VERTEX
  8
GEOMETRY_LAYER_1
  70
32
  10
555426.929
  20
80387.266
  30
7.699
  0
VERTEX
  8
GEOMETRY_LAYER_1
  70
32
  10
555422.898
  20
80397.626
  30
8
  0
VERTEX
  8
GEOMETRY_LAYER_1
  70
32
  10
555428.320
  20
80407.188
  30
9.483
  0
VERTEX
  8
GEOMETRY_LAYER_1
  70
32
  10
555434.187
  20
80407.001
  30
9.383
  0
VERTEX
  8
GEOMETRY_LAYER_1
  70
32
  10
555439.835
  20
80411.297
  30
9.469
  0
VERTEX
  8
GEOMETRY_LAYER_1
  70
32
  10
555454.648
  20
80406.172
  30
10.504
  0
VERTEX
  8
GEOMETRY_LAYER_1
  70
32
  10
555469.460
  20
80401.047
  30
11.539
  0
VERTEX
  8
GEOMETRY_LAYER_1
  70
32
  10
555475.539
  20
80398.251
  30
11.585
  0
SEQEND
  8
GEOMETRY_LAYER_1
  0
POLYLINE
  8
GEOMETRY_LAYER_1
  70
8
  66
1
 62
1
 39
1
  0
VERTEX
  8
GEOMETRY_LAYER_1
  70
32
  10
555478.444
  20
80401.317
  30
11.585
  0
VERTEX
  8
GEOMETRY_LAYER_1
  70
32
  10
555483.268
  20
80392.169
  30
10.901
  0
VERTEX
  8
GEOMETRY_LAYER_1
  70
32
  10
555486.586
  20
80386.309
  30
10.39
  0
VERTEX
  8
GEOMETRY_LAYER_1
  70
32
  10
555490.964
  20
80383.315
  30
10.234
  0
VERTEX
  8
GEOMETRY_LAYER_1
  70
32
  10
555496.617
  20
80377.551
  30
10.253
  0
VERTEX
  8
GEOMETRY_LAYER_1
  70
32
  10
555500.325
  20
80367.883
  30
9.746
  0
VERTEX
  8
GEOMETRY_LAYER_1
  70
32
  10
555496.306
  20
80360.946
  30
10.204
  0
VERTEX
  8
GEOMETRY_LAYER_1
  70
32
  10
555503.037
  20
80344.499
  30
10.106
  0
VERTEX
  8
GEOMETRY_LAYER_1
  70
32
  10
555477.961
  20
80355.870
  30
9.692
  0
VERTEX
  8
GEOMETRY_LAYER_1
  70
32
  10
555470.439
  20
80366.401
  30
9.278
  0
VERTEX
  8
GEOMETRY_LAYER_1
  70
32
  10
555449.945
  20
80360.456
  30
8.451
  0
VERTEX
  8
GEOMETRY_LAYER_1
  70
32
  10
555437.373
  20
80349.344
  30
6.795
  0
VERTEX
  8
GEOMETRY_LAYER_1
  70
32
  10
555431.263
  20
80365.067
  30
7.096
  0
VERTEX
  8
GEOMETRY_LAYER_1
  70
32
  10
555427.232
  20
80375.442
  30
7.397
  0
VERTEX
  8
GEOMETRY_LAYER_1
  70
32
  10
555423.201
  20
80385.817
  30
7.699
  0
VERTEX
  8
GEOMETRY_LAYER_1
  70
32
  10
555418.481
  20
80397.946
  30
8
  0
VERTEX
  8
GEOMETRY_LAYER_1
  70
32
  10
555426.032
  20
80411.262
  30
9.483
  0
VERTEX
  8
GEOMETRY_LAYER_1
  70
32
  10
555432.896
  20
80411.043
  30
9.383
  0
VERTEX
  8
GEOMETRY_LAYER_1
  70
32
  10
555439.119
  20
80415.778
  30
9.469
  0
VERTEX
  8
GEOMETRY_LAYER_1
  70
32
  10
555455.956
  20
80409.952
  30
10.504
  0
VERTEX
  8
GEOMETRY_LAYER_1
  70
32
  10
555470.954
  20
80404.762
  30
11.539
  0
VERTEX
  8
GEOMETRY_LAYER_1
  70
32
  10
555478.444
  20
80401.317
  30
11.585
  0
SEQEND
  8
GEOMETRY_LAYER_1
  0
POLYLINE
  8
GEOMETRY_LAYER_1
  70
8
  66
1
 62
1
 39
1
  0
VERTEX
  8
GEOMETRY_LAYER_1
  70
32
  10
555452.308
  20
80359.331
  30
-1.167
  0
VERTEX
  8
GEOMETRY_LAYER_1
  70
32
  10
555463.499
  20
80360.944
  30
-0.332
  0
VERTEX
  8
GEOMETRY_LAYER_1
  70
32
  10
555470.510
  20
80363.676
  30
-0.85
  0
VERTEX
  8
GEOMETRY_LAYER_1
  70
32
  10
555475.810
  20
80355.590
  30
-1.213
  0
VERTEX
  8
GEOMETRY_LAYER_1
  70
32
  10
555481.197
  20
80348.038
  30
-1.346
  0
VERTEX
  8
GEOMETRY_LAYER_1
  70
32
  10
555486.843
  20
80338.835
  30
-1.922
  0
VERTEX
  8
GEOMETRY_LAYER_1
  70
32
  10
555490.100
  20
80329.483
  30
-2.118
  0
VERTEX
  8
GEOMETRY_LAYER_1
  70
32
  10
555493.644
  20
80320.045
  30
-2.219
  0
VERTEX
  8
GEOMETRY_LAYER_1
  70
32
  10
555499.196
  20
80311.385
  30
-2.827
  0
VERTEX
  8
GEOMETRY_LAYER_1
  70
32
  10
555507.045
  20
80303.786
  30
-2.88
  0
VERTEX
  8
GEOMETRY_LAYER_1
  70
32
  10
555515.637
  20
80300.850
  30
-2.542
  0
VERTEX
  8
GEOMETRY_LAYER_1
  70
32
  10
555523.991
  20
80294.432
  30
-2.174
  0
VERTEX
  8
GEOMETRY_LAYER_1
  70
32
  10
555529.325
  20
80288.989
  30
-1.36
  0
VERTEX
  8
GEOMETRY_LAYER_1
  70
32
  10
555534.693
  20
80281.200
  30
-0.818
  0
VERTEX
  8
GEOMETRY_LAYER_1
  70
32
  10
555539.758
  20
80272.370
  30
-0.393
  0
VERTEX
  8
GEOMETRY_LAYER_1
  70
32
  10
555528.723
  20
80259.018
  30
-1.613
  0
VERTEX
  8
GEOMETRY_LAYER_1
  70
32
  10
555520.367
  20
80255.092
  30
-1.891
  0
VERTEX
  8
GEOMETRY_LAYER_1
  70
32
  10
555511.128
  20
80253.862
  30
-2.078
  0
VERTEX
  8
GEOMETRY_LAYER_1
  70
32
  10
555502.358
  20
80257.395
  30
-2.544
  0
VERTEX
  8
GEOMETRY_LAYER_1
  70
32
  10
555494.712
  20
80277.442
  30
-2.833
  0
VERTEX
  8
GEOMETRY_LAYER_1
  70
32
  10
555488.919
  20
80285.780
  30
-3.512
  0
VERTEX
  8
GEOMETRY_LAYER_1
  70
32
  10
555483.061
  20
80294.368
  30
-3.756
  0
VERTEX
  8
GEOMETRY_LAYER_1
  70
32
  10
555476.166
  20
80301.213
  30
-3.062
  0
VERTEX
  8
GEOMETRY_LAYER_1
  70
32
  10
555471.430
  20
80308.684
  30
-2.77
  0
VERTEX
  8
GEOMETRY_LAYER_1
  70
32
  10
555464.671
  20
80318.575
  30
-2.364
  0
VERTEX
  8
GEOMETRY_LAYER_1
  70
32
  10
555459.140
  20
80327.784
  30
-1.812
  0
VERTEX
  8
GEOMETRY_LAYER_1
  70
32
  10
555454.069
  20
80336.284
  30
-1.244
  0
VERTEX
  8
GEOMETRY_LAYER_1
  70
32
  10
555450.247
  20
80346.280
  30
-0.825
  0
VERTEX
  8
GEOMETRY_LAYER_1
  70
32
  10
555447.026
  20
80352.540
  30
-0.549
  0
VERTEX
  8
GEOMETRY_LAYER_1
  70
32
  10
555452.308
  20
80359.331
  30
-1.167
  0
SEQEND
  8
GEOMETRY_LAYER_1
  0
POLYLINE
  8
GEOMETRY_LAYER_1
  70
8
  66
1
 62
1
 39
1
  0
VERTEX
  8
GEOMETRY_LAYER_1
  70
32
  10
555450.140
  20
80363.059
  30
-1.167
  0
VERTEX
  8
GEOMETRY_LAYER_1
  70
32
  10
555462.474
  20
80364.838
  30
-0.332
  0
VERTEX
  8
GEOMETRY_LAYER_1
  70
32
  10
555472.078
  20
80368.581
  30
-0.85
  0
VERTEX
  8
GEOMETRY_LAYER_1
  70
32
  10
555479.112
  20
80357.848
  30
-1.213
  0
VERTEX
  8
GEOMETRY_LAYER_1
  70
32
  10
555484.534
  20
80350.249
  30
-1.346
  0
VERTEX
  8
GEOMETRY_LAYER_1
  70
32
  10
555490.479
  20
80340.557
  30
-1.922
  0
VERTEX
  8
GEOMETRY_LAYER_1
  70
32
  10
555493.862
  20
80330.844
  30
-2.118
  0
VERTEX
  8
GEOMETRY_LAYER_1
  70
32
  10
555497.240
  20
80321.848
  30
-2.219
  0
VERTEX
  8
GEOMETRY_LAYER_1
  70
32
  10
555502.313
  20
80313.936
  30
-2.827
  0
VERTEX
  8
GEOMETRY_LAYER_1
  70
32
  10
555509.185
  20
80307.282
  30
-2.88
  0
VERTEX
  8
GEOMETRY_LAYER_1
  70
32
  10
555517.553
  20
80304.422
  30
-2.542
  0
VERTEX
  8
GEOMETRY_LAYER_1
  70
32
  10
555526.650
  20
80297.432
  30
-2.174
  0
VERTEX
  8
GEOMETRY_LAYER_1
  70
32
  10
555532.423
  20
80291.544
  30
-1.36
  0
VERTEX
  8
GEOMETRY_LAYER_1
  70
32
  10
555538.081
  20
80283.335
  30
-0.818
  0
VERTEX
  8
GEOMETRY_LAYER_1
  70
32
  10
555544.606
  20
80271.956
  30
-0.393
  0
VERTEX
  8
GEOMETRY_LAYER_1
  70
32
  10
555531.235
  20
80255.778
  30
-1.613
  0
VERTEX
  8
GEOMETRY_LAYER_1
  70
32
  10
555521.508
  20
80251.210
  30
-1.891
  0
VERTEX
  8
GEOMETRY_LAYER_1
  70
32
  10
555510.611
  20
80249.758
  30
-2.078
  0
VERTEX
  8
GEOMETRY_LAYER_1
  70
32
  10
555499.243
  20
80254.338
  30
-2.544
  0
VERTEX
  8
GEOMETRY_LAYER_1
  70
32
  10
555491.149
  20
80275.561
  30
-2.833
  0
VERTEX
  8
GEOMETRY_LAYER_1
  70
32
  10
555485.624
  20
80283.510
  30
-3.512
  0
VERTEX
  8
GEOMETRY_LAYER_1
  70
32
  10
555479.972
  20
80291.799
  30
-3.756
  0
VERTEX
  8
GEOMETRY_LAYER_1
  70
32
  10
555473.028
  20
80298.692
  30
-3.062
  0
VERTEX
  8
GEOMETRY_LAYER_1
  70
32
  10
555468.089
  20
80306.485
  30
-2.77
  0
VERTEX
  8
GEOMETRY_LAYER_1
  70
32
  10
555461.303
  20
80316.415
  30
-2.364
  0
VERTEX
  8
GEOMETRY_LAYER_1
  70
32
  10
555455.708
  20
80325.729
  30
-1.812
  0
VERTEX
  8
GEOMETRY_LAYER_1
  70
32
  10
555450.457
  20
80334.532
  30
-1.244
  0
VERTEX
  8
GEOMETRY_LAYER_1
  70
32
  10
555446.589
  20
80344.645
  30
-0.825
  0
VERTEX
  8
GEOMETRY_LAYER_1
  70
32
  10
555442.301
  20
80352.981
  30
-0.549
  0
VERTEX
  8
GEOMETRY_LAYER_1
  70
32
  10
555450.140
  20
80363.059
  30
-1.167
  0
SEQEND
  8
GEOMETRY_LAYER_1
  0
POLYLINE
  8
GEOMETRY_LAYER_1
  70
8
  66
1
 62
5
 39
1
  0
VERTEX
  8
GEOMETRY_LAYER_1
  70
32
  10
551174.045
  20
74082.667
  30
16.357
  0
VERTEX
  8
GEOMETRY_LAYER_1
  70
32
  10
551177.298
  20
74092.257
  30
18.22
  0
VERTEX
  8
GEOMETRY_LAYER_1
  70
32
  10
551181.087
  20
74094.556
  30
18.461
  0
VERTEX
  8
GEOMETRY_LAYER_1
  70
32
  10
551185.899
  20
74101.563
  30
17.747
  0
VERTEX
  8
GEOMETRY_LAYER_1
  70
32
  10
551187.162
  20
74107.079
  30
16.83
  0
VERTEX
  8
GEOMETRY_LAYER_1
  70
32
  10
551191.583
  20
74109.474
  30
16.617
  0
VERTEX
  8
GEOMETRY_LAYER_1
  70
32
  10
551194.867
  20
74118.930
  30
16.784
  0
VERTEX
  8
GEOMETRY_LAYER_1
  70
32
  10
551197.483
  20
74129.380
  30
17.469
  0
VERTEX
  8
GEOMETRY_LAYER_1
  70
32
  10
551202.704
  20
74134.314
  30
18.05
  0
VERTEX
  8
GEOMETRY_LAYER_1
  70
32
  10
551206.243
  20
74141.470
  30
17.911
  0
VERTEX
  8
GEOMETRY_LAYER_1
  70
32
  10
551208.231
  20
74146.878
  30
17.608
  0
VERTEX
  8
GEOMETRY_LAYER_1
  70
32
  10
551200.448
  20
74156.278
  30
17.336
  0
VERTEX
  8
GEOMETRY_LAYER_1
  70
32
  10
551197.855
  20
74162.787
  30
16.902
  0
VERTEX
  8
GEOMETRY_LAYER_1
  70
32
  10
551199.515
  20
74172.772
  30
16.904
  0
VERTEX
  8
GEOMETRY_LAYER_1
  70
32
  10
551200.731
  20
74182.132
  30
17.219
  0
VERTEX
  8
GEOMETRY_LAYER_1
  70
32
  10
551193.558
  20
74186.409
  30
17.438
  0
VERTEX
  8
GEOMETRY_LAYER_1
  70
32
  10
551180.471
  20
74188.534
  30
17.478
  0
VERTEX
  8
GEOMETRY_LAYER_1
  70
32
  10
551172.823
  20
74186.171
  30
17.598
  0
VERTEX
  8
GEOMETRY_LAYER_1
  70
32
  10
551167.020
  20
74192.540
  30
17.163
  0
VERTEX
  8
GEOMETRY_LAYER_1
  70
32
  10
551160.390
  20
74196.409
  30
16.91
  0
VERTEX
  8
GEOMETRY_LAYER_1
  70
32
  10
551153.572
  20
74194.303
  30
17.143
  0
VERTEX
  8
GEOMETRY_LAYER_1
  70
32
  10
551151.365
  20
74184.955
  30
17.125
  0
VERTEX
  8
GEOMETRY_LAYER_1
  70
32
  10
551149.704
  20
74175.643
  30
17.16
  0
VERTEX
  8
GEOMETRY_LAYER_1
  70
32
  10
551147.919
  20
74166.085
  30
17.285
  0
VERTEX
  8
GEOMETRY_LAYER_1
  70
32
  10
551146.347
  20
74156.751
  30
17.505
  0
VERTEX
  8
GEOMETRY_LAYER_1
  70
32
  10
551145.291
  20
74147.099
  30
17.097
  0
VERTEX
  8
GEOMETRY_LAYER_1
  70
32
  10
551142.655
  20
74138.017
  30
16.943
  0
VERTEX
  8
GEOMETRY_LAYER_1
  70
32
  10
551141.427
  20
74128.372
  30
16.799
  0
VERTEX
  8
GEOMETRY_LAYER_1
  70
32
  10
551139.452
  20
74119.395
  30
16.401
  0
VERTEX
  8
GEOMETRY_LAYER_1
  70
32
  10
551138.660
  20
74109.174
  30
15.78
  0
VERTEX
  8
GEOMETRY_LAYER_1
  70
32
  10
551144.982
  20
74095.028
  30
13.34
  0
VERTEX
  8
GEOMETRY_LAYER_1
  70
32
  10
551149.706
  20
74090.657
  30
16.051
  0
VERTEX
  8
GEOMETRY_LAYER_1
  70
32
  10
551155.138
  20
74083.538
  30
16.238
  0
VERTEX
  8
GEOMETRY_LAYER_1
  70
32
  10
551160.324
  20
74079.349
  30
16.273
  0
VERTEX
  8
GEOMETRY_LAYER_1
  70
32
  10
551173.155
  20
74075.629
  30
16.449
  0
VERTEX
  8
GEOMETRY_LAYER_1
  70
32
  10
551174.045
  20
74082.667
  30
16.357
  0
SEQEND
  8
GEOMETRY_LAYER_1
  0
POLYLINE
  8
GEOMETRY_LAYER_1
  70
8
  66
1
 62
5
 39
1
  0
VERTEX
  8
GEOMETRY_LAYER_1
  70
32
  10
551177.669
  20
74081.833
  30
16.357
  0
VERTEX
  8
GEOMETRY_LAYER_1
  70
32
  10
551180.369
  20
74089.792
  30
18.22
  0
VERTEX
  8
GEOMETRY_LAYER_1
  70
32
  10
551183.686
  20
74091.806
  30
18.461
  0
VERTEX
  8
GEOMETRY_LAYER_1
  70
32
  10
551189.348
  20
74100.050
  30
17.747
  0
VERTEX
  8
GEOMETRY_LAYER_1
  70
32
  10
551190.395
  20
74104.623
  30
16.83
  0
VERTEX
  8
GEOMETRY_LAYER_1
  70
32
  10
551194.608
  20
74106.903
  30
16.617
  0
VERTEX
  8
GEOMETRY_LAYER_1
  70
32
  10
551198.416
  20
74117.871
  30
16.784
  0
VERTEX
  8
GEOMETRY_LAYER_1
  70
32
  10
551200.810
  20
74127.434
  30
17.469
  0
VERTEX
  8
GEOMETRY_LAYER_1
  70
32
  10
551205.726
  20
74132.080
  30
18.05
  0
VERTEX
  8
GEOMETRY_LAYER_1
  70
32
  10
551209.648
  20
74140.007
  30
17.911
  0
VERTEX
  8
GEOMETRY_LAYER_1
  70
32
  10
551212.438
  20
74147.599
  30
17.608
  0
VERTEX
  8
GEOMETRY_LAYER_1
  70
32
  10
551203.670
  20
74158.189
  30
17.336
  0
VERTEX
  8
GEOMETRY_LAYER_1
  70
32
  10
551201.674
  20
74163.198
  30
16.902
  0
VERTEX
  8
GEOMETRY_LAYER_1
  70
32
  10
551203.176
  20
74172.231
  30
16.904
  0
VERTEX
  8
GEOMETRY_LAYER_1
  70
32
  10
551204.714
  20
74184.065
  30
17.219
  0
VERTEX
  8
GEOMETRY_LAYER_1
  70
32
  10
551194.847
  20
74189.948
  30
17.438
  0
VERTEX
  8
GEOMETRY_LAYER_1
  70
32
  10
551180.207
  20
74192.325
  30
17.478
  0
VERTEX
  8
GEOMETRY_LAYER_1
  70
32
  10
551173.976
  20
74190.399
  30
17.598
  0
VERTEX
  8
GEOMETRY_LAYER_1
  70
32
  10
551169.374
  20
74195.450
  30
17.163
  0
VERTEX
  8
GEOMETRY_LAYER_1
  70
32
  10
551160.851
  20
74200.425
  30
16.91
  0
VERTEX
  8
GEOMETRY_LAYER_1
  70
32
  10
551150.458
  20
74197.213
  30
17.143
  0
VERTEX
  8
GEOMETRY_LAYER_1
  70
32
  10
551147.740
  20
74185.706
  30
17.125
  0
VERTEX
  8
GEOMETRY_LAYER_1
  70
32
  10
551146.065
  20
74176.308
  30
17.16
  0
VERTEX
  8
GEOMETRY_LAYER_1
  70
32
  10
551144.275
  20
74166.732
  30
17.285
  0
VERTEX
  8
GEOMETRY_LAYER_1
  70
32
  10
551142.681
  20
74157.261
  30
17.505
  0
VERTEX
  8
GEOMETRY_LAYER_1
  70
32
  10
551141.648
  20
74147.821
  30
17.097
  0
VERTEX
  8
GEOMETRY_LAYER_1
  70
32
  10
551139.022
  20
74138.771
  30
16.943
  0
VERTEX
  8
GEOMETRY_LAYER_1
  70
32
  10
551137.778
  20
74129.005
  30
16.799
  0
VERTEX
  8
GEOMETRY_LAYER_1
  70
32
  10
551135.783
  20
74119.938
  30
16.401
  0
VERTEX
  8
GEOMETRY_LAYER_1
  70
32
  10
551134.898
  20
74108.522
  30
15.78
  0
VERTEX
  8
GEOMETRY_LAYER_1
  70
32
  10
551141.913
  20
74092.827
  30
13.34
  0
VERTEX
  8
GEOMETRY_LAYER_1
  70
32
  10
551146.958
  20
74088.159
  30
16.051
  0
VERTEX
  8
GEOMETRY_LAYER_1
  70
32
  10
551152.467
  20
74080.939
  30
16.238
  0
VERTEX
  8
GEOMETRY_LAYER_1
  70
32
  10
551158.579
  20
74076.002
  30
16.273
  0
VERTEX
  8
GEOMETRY_LAYER_1
  70
32
  10
551176.283
  20
74070.870
  30
16.449
  0
VERTEX
  8
GEOMETRY_LAYER_1
  70
32
  10
551177.669
  20
74081.833
  30
16.357
  0
SEQEND
  8
GEOMETRY_LAYER_1
  0
POLYLINE
  8
GEOMETRY_LAYER_1
  70
8
  66
1
 62
5
 39
1
  0
VERTEX
  8
GEOMETRY_LAYER_1
  70
32
  10
551456.687
  20
74406.477
  30
-8.235
  0
VERTEX
  8
GEOMETRY_LAYER_1
  70
32
  10
551446.694
  20
74411.646
  30
-8.6
  0
VERTEX
  8
GEOMETRY_LAYER_1
  70
32
  10
551448.121
  20
74417.333
  30
-7.98
  0
VERTEX
  8
GEOMETRY_LAYER_1
  70
32
  10
551448.470
  20
74425.119
  30
-7.616
  0
VERTEX
  8
GEOMETRY_LAYER_1
  70
32
  10
551447.387
  20
74431.348
  30
-7.635
  0
VERTEX
  8
GEOMETRY_LAYER_1
  70
32
  10
551447.633
  20
74435.989
  30
-7.718
  0
VERTEX
  8
GEOMETRY_LAYER_1
  70
32
  10
551450.803
  20
74442.298
  30
-7.75
  0
VERTEX
  8
GEOMETRY_LAYER_1
  70
32
  10
551461.124
  20
74439.649
  30
-7.73
  0
VERTEX
  8
GEOMETRY_LAYER_1
  70
32
  10
551468.653
  20
74436.631
  30
-7.729
  0
VERTEX
  8
GEOMETRY_LAYER_1
  70
32
  10
551484.314
  20
74429.664
  30
-8.073
  0
VERTEX
  8
GEOMETRY_LAYER_1
  70
32
  10
551495.993
  20
74425.331
  30
-8.054
  0
VERTEX
  8
GEOMETRY_LAYER_1
  70
32
  10
551500.905
  20
74428.790
  30
-8.121
  0
VERTEX
  8
GEOMETRY_LAYER_1
  70
32
  10
551505.354
  20
74435.235
  30
-8.135
  0
VERTEX
  8
GEOMETRY_LAYER_1
  70
32
  10
551509.960
  20
74445.504
  30
-7.605
  0
VERTEX
  8
GEOMETRY_LAYER_1
  70
32
  10
551511.106
  20
74451.023
  30
-7.401
  0
VERTEX
  8
GEOMETRY_LAYER_1
  70
32
  10
551512.786
  20
74462.701
  30
-7.61
  0
VERTEX
  8
GEOMETRY_LAYER_1
  70
32
  10
551512.791
  20
74473.505
  30
-8.054
  0
VERTEX
  8
GEOMETRY_LAYER_1
  70
32
  10
551511.374
  20
74482.405
  30
-8.958
  0
VERTEX
  8
GEOMETRY_LAYER_1
  70
32
  10
551517.358
  20
74507.240
  30
-9.818
  0
VERTEX
  8
GEOMETRY_LAYER_1
  70
32
  10
551523.416
  20
74468.053
  30
-7.969
  0
VERTEX
  8
GEOMETRY_LAYER_1
  70
32
  10
551525.329
  20
74462.017
  30
-7.686
  0
VERTEX
  8
GEOMETRY_LAYER_1
  70
32
  10
551525.657
  20
74448.275
  30
-7.236
  0
VERTEX
  8
GEOMETRY_LAYER_1
  70
32
  10
551524.262
  20
74442.761
  30
-7.134
  0
VERTEX
  8
GEOMETRY_LAYER_1
  70
32
  10
551521.577
  20
74437.575
  30
-7.484
  0
VERTEX
  8
GEOMETRY_LAYER_1
  70
32
  10
551517.843
  20
74427.266
  30
-7.817
  0
VERTEX
  8
GEOMETRY_LAYER_1
  70
32
  10
551511.772
  20
74419.136
  30
-7.415
  0
VERTEX
  8
GEOMETRY_LAYER_1
  70
32
  10
551507.514
  20
74409.823
  30
-7.825
  0
VERTEX
  8
GEOMETRY_LAYER_1
  70
32
  10
551503.758
  20
74404.216
  30
-8.053
  0
VERTEX
  8
GEOMETRY_LAYER_1
  70
32
  10
551498.566
  20
74398.457
  30
-8.368
  0
VERTEX
  8
GEOMETRY_LAYER_1
  70
32
  10
551495.459
  20
74393.696
  30
-8.038
  0
VERTEX
  8
GEOMETRY_LAYER_1
  70
32
  10
551490.368
  20
74389.922
  30
-8.715
  0
VERTEX
  8
GEOMETRY_LAYER_1
  70
32
  10
551483.936
  20
74390.040
  30
-8.808
  0
VERTEX
  8
GEOMETRY_LAYER_1
  70
32
  10
551478.096
  20
74392.025
  30
-8.845
  0
VERTEX
  8
GEOMETRY_LAYER_1
  70
32
  10
551473.484
  20
74394.232
  30
-8.837
  0
VERTEX
  8
GEOMETRY_LAYER_1
  70
32
  10
551468.681
  20
74397.698
  30
-8.728
  0
VERTEX
  8
GEOMETRY_LAYER_1
  70
32
  10
551461.445
  20
74403.380
  30
-8.43
  0
VERTEX
  8
GEOMETRY_LAYER_1
  70
32
  10
551456.687
  20
74406.477
  30
-8.235
  0
SEQEND
  8
GEOMETRY_LAYER_1
  0
POLYLINE
  8
GEOMETRY_LAYER_1
  70
8
  66
1
 62
5
 39
1
  0
VERTEX
  8
GEOMETRY_LAYER_1
  70
32
  10
551458.047
  20
74408.813
  30
-8.235
  0
VERTEX
  8
GEOMETRY_LAYER_1
  70
32
  10
551449.833
  20
74413.062
  30
-8.6
  0
VERTEX
  8
GEOMETRY_LAYER_1
  70
32
  10
551450.807
  20
74416.939
  30
-7.98
  0
VERTEX
  8
GEOMETRY_LAYER_1
  70
32
  10
551451.180
  20
74425.292
  30
-7.616
  0
VERTEX
  8
GEOMETRY_LAYER_1
  70
32
  10
551450.100
  20
74431.510
  30
-7.635
  0
VERTEX
  8
GEOMETRY_LAYER_1
  70
32
  10
551450.299
  20
74435.282
  30
-7.718
  0
VERTEX
  8
GEOMETRY_LAYER_1
  70
32
  10
551452.239
  20
74439.142
  30
-7.75
  0
VERTEX
  8
GEOMETRY_LAYER_1
  70
32
  10
551460.283
  20
74437.077
  30
-7.73
  0
VERTEX
  8
GEOMETRY_LAYER_1
  70
32
  10
551467.602
  20
74434.143
  30
-7.729
  0
VERTEX
  8
GEOMETRY_LAYER_1
  70
32
  10
551483.294
  20
74427.162
  30
-8.073
  0
VERTEX
  8
GEOMETRY_LAYER_1
  70
32
  10
551496.387
  20
74422.305
  30
-8.054
  0
VERTEX
  8
GEOMETRY_LAYER_1
  70
32
  10
551502.853
  20
74426.860
  30
-8.121
  0
VERTEX
  8
GEOMETRY_LAYER_1
  70
32
  10
551507.716
  20
74433.905
  30
-8.135
  0
VERTEX
  8
GEOMETRY_LAYER_1
  70
32
  10
551512.544
  20
74444.667
  30
-7.605
  0
VERTEX
  8
GEOMETRY_LAYER_1
  70
32
  10
551513.766
  20
74450.557
  30
-7.401
  0
VERTEX
  8
GEOMETRY_LAYER_1
  70
32
  10
551515.486
  20
74462.508
  30
-7.61
  0
VERTEX
  8
GEOMETRY_LAYER_1
  70
32
  10
551515.491
  20
74473.718
  30
-8.054
  0
VERTEX
  8
GEOMETRY_LAYER_1
  70
32
  10
551514.125
  20
74482.297
  30
-8.958
  0
VERTEX
  8
GEOMETRY_LAYER_1
  70
32
  10
551516.779
  20
74493.312
  30
-9.818
  0
VERTEX
  8
GEOMETRY_LAYER_1
  70
32
  10
551520.779
  20
74467.435
  30
-7.969
  0
VERTEX
  8
GEOMETRY_LAYER_1
  70
32
  10
551522.639
  20
74461.567
  30
-7.686
  0
VERTEX
  8
GEOMETRY_LAYER_1
  70
32
  10
551522.949
  20
74448.579
  30
-7.236
  0
VERTEX
  8
GEOMETRY_LAYER_1
  70
32
  10
551521.721
  20
74443.726
  30
-7.134
  0
VERTEX
  8
GEOMETRY_LAYER_1
  70
32
  10
551519.099
  20
74438.660
  30
-7.484
  0
VERTEX
  8
GEOMETRY_LAYER_1
  70
32
  10
551515.440
  20
74428.560
  30
-7.817
  0
VERTEX
  8
GEOMETRY_LAYER_1
  70
32
  10
551509.436
  20
74420.520
  30
-7.415
  0
VERTEX
  8
GEOMETRY_LAYER_1
  70
32
  10
551505.150
  20
74411.144
  30
-7.825
  0
VERTEX
  8
GEOMETRY_LAYER_1
  70
32
  10
551501.622
  20
74405.880
  30
-8.053
  0
VERTEX
  8
GEOMETRY_LAYER_1
  70
32
  10
551496.419
  20
74400.108
  30
-8.368
  0
VERTEX
  8
GEOMETRY_LAYER_1
  70
32
  10
551493.462
  20
74395.577
  30
-8.038
  0
VERTEX
  8
GEOMETRY_LAYER_1
  70
32
  10
551489.498
  20
74392.639
  30
-8.715
  0
VERTEX
  8
GEOMETRY_LAYER_1
  70
32
  10
551484.406
  20
74392.732
  30
-8.808
  0
VERTEX
  8
GEOMETRY_LAYER_1
  70
32
  10
551479.116
  20
74394.530
  30
-8.845
  0
VERTEX
  8
GEOMETRY_LAYER_1
  70
32
  10
551474.868
  20
74396.563
  30
-8.837
  0
VERTEX
  8
GEOMETRY_LAYER_1
  70
32
  10
551470.305
  20
74399.855
  30
-8.728
  0
VERTEX
  8
GEOMETRY_LAYER_1
  70
32
  10
551463.019
  20
74405.577
  30
-8.43
  0
VERTEX
  8
GEOMETRY_LAYER_1
  70
32
  10
551458.047
  20
74408.813
  30
-8.235
  0
SEQEND
  8
GEOMETRY_LAYER_1
  0
POLYLINE
  8
GEOMETRY_LAYER_1
  70
8
  66
1
 62
5
 39
1
  0
VERTEX
  8
GEOMETRY_LAYER_1
  70
32
  10
551796.669
  20
76683.622
  30
-53.584
  0
VERTEX
  8
GEOMETRY_LAYER_1
  70
32
  10
551813.855
  20
76678.187
  30
-53.661
  0
VERTEX
  8
GEOMETRY_LAYER_1
  70
32
  10
551813.691
  20
76667.850
  30
-53.705
  0
VERTEX
  8
GEOMETRY_LAYER_1
  70
32
  10
551812.759
  20
76658.878
  30
-53.963
  0
VERTEX
  8
GEOMETRY_LAYER_1
  70
32
  10
551812.056
  20
76650.207
  30
-54.37
  0
VERTEX
  8
GEOMETRY_LAYER_1
  70
32
  10
551811.883
  20
76642.684
  30
-54.255
  0
VERTEX
  8
GEOMETRY_LAYER_1
  70
32
  10
551812.015
  20
76635.649
  30
-54.249
  0
VERTEX
  8
GEOMETRY_LAYER_1
  70
32
  10
551811.227
  20
76623.703
  30
-54.301
  0
VERTEX
  8
GEOMETRY_LAYER_1
  70
32
  10
551809.948
  20
76617.112
  30
-54.257
  0
VERTEX
  8
GEOMETRY_LAYER_1
  70
32
  10
551809.181
  20
76607.855
  30
-54.049
  0
VERTEX
  8
GEOMETRY_LAYER_1
  70
32
  10
551801.461
  20
76596.279
  30
-54.018
  0
VERTEX
  8
GEOMETRY_LAYER_1
  70
32
  10
551791.944
  20
76600.025
  30
-53.664
  0
VERTEX
  8
GEOMETRY_LAYER_1
  70
32
  10
551781.678
  20
76598.845
  30
-53.722
  0
VERTEX
  8
GEOMETRY_LAYER_1
  70
32
  10
551775.032
  20
76600.177
  30
-53.651
  0
VERTEX
  8
GEOMETRY_LAYER_1
  70
32
  10
551766.381
  20
76597.106
  30
-53.431
  0
VERTEX
  8
GEOMETRY_LAYER_1
  70
32
  10
551765.678
  20
76608.571
  30
-53.22
  0
VERTEX
  8
GEOMETRY_LAYER_1
  70
32
  10
551763.299
  20
76617.960
  30
-53.395
  0
VERTEX
  8
GEOMETRY_LAYER_1
  70
32
  10
551764.052
  20
76628.614
  30
-53.594
  0
VERTEX
  8
GEOMETRY_LAYER_1
  70
32
  10
551764.177
  20
76633.326
  30
-53.433
  0
VERTEX
  8
GEOMETRY_LAYER_1
  70
32
  10
551763.980
  20
76641.363
  30
-53.289
  0
VERTEX
  8
GEOMETRY_LAYER_1
  70
32
  10
551764.371
  20
76650.444
  30
-53.52
  0
VERTEX
  8
GEOMETRY_LAYER_1
  70
32
  10
551765.791
  20
76659.904
  30
-53.26
  0
VERTEX
  8
GEOMETRY_LAYER_1
  70
32
  10
551767.560
  20
76667.836
  30
-53.408
  0
VERTEX
  8
GEOMETRY_LAYER_1
  70
32
  10
551771.897
  20
76679.272
  30
-53.764
  0
VERTEX
  8
GEOMETRY_LAYER_1
  70
32
  10
551779.906
  20
76676.002
  30
-53.784
  0
VERTEX
  8
GEOMETRY_LAYER_1
  70
32
  10
551788.843
  20
76679.855
  30
-53.807
  0
VERTEX
  8
GEOMETRY_LAYER_1
  70
32
  10
551796.669
  20
76683.622
  30
-53.584
  0
SEQEND
  8
GEOMETRY_LAYER_1
  0
POLYLINE
  8
GEOMETRY_LAYER_1
  70
8
  66
1
 62
5
 39
1
  0
VERTEX
  8
GEOMETRY_LAYER_1
  70
32
  10
551796.960
  20
76679.545
  30
-53.584
  0
VERTEX
  8
GEOMETRY_LAYER_1
  70
32
  10
551810.010
  20
76675.417
  30
-53.661
  0
VERTEX
  8
GEOMETRY_LAYER_1
  70
32
  10
551809.894
  20
76668.076
  30
-53.705
  0
VERTEX
  8
GEOMETRY_LAYER_1
  70
32
  10
551808.975
  20
76659.227
  30
-53.963
  0
VERTEX
  8
GEOMETRY_LAYER_1
  70
32
  10
551808.260
  20
76650.404
  30
-54.37
  0
VERTEX
  8
GEOMETRY_LAYER_1
  70
32
  10
551808.082
  20
76642.691
  30
-54.255
  0
VERTEX
  8
GEOMETRY_LAYER_1
  70
32
  10
551808.213
  20
76635.738
  30
-54.249
  0
VERTEX
  8
GEOMETRY_LAYER_1
  70
32
  10
551807.451
  20
76624.191
  30
-54.301
  0
VERTEX
  8
GEOMETRY_LAYER_1
  70
32
  10
551806.178
  20
76617.633
  30
-54.257
  0
VERTEX
  8
GEOMETRY_LAYER_1
  70
32
  10
551805.475
  20
76609.147
  30
-54.049
  0
VERTEX
  8
GEOMETRY_LAYER_1
  70
32
  10
551800.001
  20
76600.937
  30
-54.018
  0
VERTEX
  8
GEOMETRY_LAYER_1
  70
32
  10
551792.453
  20
76603.908
  30
-53.664
  0
VERTEX
  8
GEOMETRY_LAYER_1
  70
32
  10
551781.838
  20
76602.687
  30
-53.722
  0
VERTEX
  8
GEOMETRY_LAYER_1
  70
32
  10
551774.750
  20
76604.108
  30
-53.651
  0
VERTEX
  8
GEOMETRY_LAYER_1
  70
32
  10
551769.865
  20
76602.375
  30
-53.431
  0
VERTEX
  8
GEOMETRY_LAYER_1
  70
32
  10
551769.449
  20
76609.160
  30
-53.22
  0
VERTEX
  8
GEOMETRY_LAYER_1
  70
32
  10
551767.132
  20
76618.301
  30
-53.395
  0
VERTEX
  8
GEOMETRY_LAYER_1
  70
32
  10
551767.849
  20
76628.431
  30
-53.594
  0
VERTEX
  8
GEOMETRY_LAYER_1
  70
32
  10
551767.978
  20
76633.322
  30
-53.433
  0
VERTEX
  8
GEOMETRY_LAYER_1
  70
32
  10
551767.782
  20
76641.328
  30
-53.289
  0
VERTEX
  8
GEOMETRY_LAYER_1
  70
32
  10
551768.159
  20
76650.080
  30
-53.52
  0
VERTEX
  8
GEOMETRY_LAYER_1
  70
32
  10
551769.529
  20
76659.208
  30
-53.26
  0
VERTEX
  8
GEOMETRY_LAYER_1
  70
32
  10
551771.210
  20
76666.743
  30
-53.408
  0
VERTEX
  8
GEOMETRY_LAYER_1
  70
32
  10
551774.068
  20
76674.281
  30
-53.764
  0
VERTEX
  8
GEOMETRY_LAYER_1
  70
32
  10
551779.946
  20
76671.881
  30
-53.784
  0
VERTEX
  8
GEOMETRY_LAYER_1
  70
32
  10
551790.420
  20
76676.396
  30
-53.807
  0
VERTEX
  8
GEOMETRY_LAYER_1
  70
32
  10
551796.960
  20
76679.545
  30
-53.584
  0
SEQEND
  8
GEOMETRY_LAYER_1
  0
POLYLINE
  8
GEOMETRY_LAYER_1
  70
8
  66
1
 62
5
 39
1
  0
VERTEX
  8
GEOMETRY_LAYER_1
  70
32
  10
550995.627
  20
74569.275
  30
18.057
  0
VERTEX
  8
GEOMETRY_LAYER_1
  70
32
  10
551005.365
  20
74566.543
  30
18.536
  0
VERTEX
  8
GEOMETRY_LAYER_1
  70
32
  10
551009.605
  20
74564.840
  30
18.814
  0
VERTEX
  8
GEOMETRY_LAYER_1
  70
32
  10
551014.765
  20
74562.134
  30
18.838
  0
VERTEX
  8
GEOMETRY_LAYER_1
  70
32
  10
551011.996
  20
74554.865
  30
17.994
  0
VERTEX
  8
GEOMETRY_LAYER_1
  70
32
  10
551009.773
  20
74546.743
  30
17.483
  0
VERTEX
  8
GEOMETRY_LAYER_1
  70
32
  10
551010.395
  20
74541.892
  30
17.423
  0
VERTEX
  8
GEOMETRY_LAYER_1
  70
32
  10
551008.342
  20
74536.748
  30
17.52
  0
VERTEX
  8
GEOMETRY_LAYER_1
  70
32
  10
551005.580
  20
74528.621
  30
17.707
  0
VERTEX
  8
GEOMETRY_LAYER_1
  70
32
  10
551000.440
  20
74519.161
  30
17.842
  0
VERTEX
  8
GEOMETRY_LAYER_1
  70
32
  10
550996.446
  20
74511.047
  30
17.937
  0
VERTEX
  8
GEOMETRY_LAYER_1
  70
32
  10
550992.312
  20
74502.786
  30
18.262
  0
VERTEX
  8
GEOMETRY_LAYER_1
  70
32
  10
550982.657
  20
74484.027
  30
19.139
  0
VERTEX
  8
GEOMETRY_LAYER_1
  70
32
  10
550980.818
  20
74474.739
  30
18.152
  0
VERTEX
  8
GEOMETRY_LAYER_1
  70
32
  10
550979.568
  20
74470.349
  30
17.779
  0
VERTEX
  8
GEOMETRY_LAYER_1
  70
32
  10
550976.575
  20
74463.291
  30
17.867
  0
VERTEX
  8
GEOMETRY_LAYER_1
  70
32
  10
550974.286
  20
74452.350
  30
19.317
  0
VERTEX
  8
GEOMETRY_LAYER_1
  70
32
  10
550973.128
  20
74447.627
  30
19.033
  0
VERTEX
  8
GEOMETRY_LAYER_1
  70
32
  10
550970.987
  20
74438.655
  30
18.485
  0
VERTEX
  8
GEOMETRY_LAYER_1
  70
32
  10
550968.963
  20
74433.311
  30
18.433
  0
VERTEX
  8
GEOMETRY_LAYER_1
  70
32
  10
550967.166
  20
74428.011
  30
18.214
  0
VERTEX
  8
GEOMETRY_LAYER_1
  70
32
  10
550963.444
  20
74421.758
  30
17.868
  0
VERTEX
  8
GEOMETRY_LAYER_1
  70
32
  10
550958.779
  20
74419.214
  30
17.87
  0
VERTEX
  8
GEOMETRY_LAYER_1
  70
32
  10
550954.780
  20
74422.501
  30
17.84
  0
VERTEX
  8
GEOMETRY_LAYER_1
  70
32
  10
550946.544
  20
74424.876
  30
18.018
  0
VERTEX
  8
GEOMETRY_LAYER_1
  70
32
  10
550940.843
  20
74424.404
  30
18.237
  0
VERTEX
  8
GEOMETRY_LAYER_1
  70
32
  10
550938.358
  20
74432.546
  30
18.237
  0
VERTEX
  8
GEOMETRY_LAYER_1
  70
32
  10
550941.988
  20
74436.666
  30
18.603
  0
VERTEX
  8
GEOMETRY_LAYER_1
  70
32
  10
550940.906
  20
74441.467
  30
18.574
  0
VERTEX
  8
GEOMETRY_LAYER_1
  70
32
  10
550938.098
  20
74445.783
  30
18.34
  0
VERTEX
  8
GEOMETRY_LAYER_1
  70
32
  10
550942.260
  20
74455.548
  30
18.327
  0
VERTEX
  8
GEOMETRY_LAYER_1
  70
32
  10
550948.586
  20
74469.105
  30
18.402
  0
VERTEX
  8
GEOMETRY_LAYER_1
  70
32
  10
550951.965
  20
74479.127
  30
18.096
  0
VERTEX
  8
GEOMETRY_LAYER_1
  70
32
  10
550955.596
  20
74487.755
  30
18.412
  0
VERTEX
  8
GEOMETRY_LAYER_1
  70
32
  10
550959.820
  20
74497.193
  30
18.009
  0
VERTEX
  8
GEOMETRY_LAYER_1
  70
32
  10
550962.258
  20
74503.815
  30
17.303
  0
VERTEX
  8
GEOMETRY_LAYER_1
  70
32
  10
550960.376
  20
74511.550
  30
17.134
  0
VERTEX
  8
GEOMETRY_LAYER_1
  70
32
  10
550961.837
  20
74519.871
  30
17.229
  0
VERTEX
  8
GEOMETRY_LAYER_1
  70
32
  10
550964.405
  20
74525.549
  30
17.426
  0
VERTEX
  8
GEOMETRY_LAYER_1
  70
32
  10
550965.894
  20
74531.850
  30
17.468
  0
VERTEX
  8
GEOMETRY_LAYER_1
  70
32
  10
550969.768
  20
74539.566
  30
17.505
  0
VERTEX
  8
GEOMETRY_LAYER_1
  70
32
  10
550977.627
  20
74556.807
  30
17.493
  0
VERTEX
  8
GEOMETRY_LAYER_1
  70
32
  10
550982.158
  20
74568.984
  30
17.958
  0
VERTEX
  8
GEOMETRY_LAYER_1
  70
32
  10
550984.478
  20
74571.224
  30
18.057
  0
VERTEX
  8
GEOMETRY_LAYER_1
  70
32
  10
550989.765
  20
74571.020
  30
18.22
  0
VERTEX
  8
GEOMETRY_LAYER_1
  70
32
  10
550995.627
  20
74569.275
  30
18.057
  0
SEQEND
  8
GEOMETRY_LAYER_1
  0
POLYLINE
  8
GEOMETRY_LAYER_1
  70
8
  66
1
 62
5
 39
1
  0
VERTEX
  8
GEOMETRY_LAYER_1
  70
32
  10
550996.627
  20
74572.733
  30
18.057
  0
VERTEX
  8
GEOMETRY_LAYER_1
  70
32
  10
551006.525
  20
74569.957
  30
18.536
  0
VERTEX
  8
GEOMETRY_LAYER_1
  70
32
  10
551011.116
  20
74568.113
  30
18.814
  0
VERTEX
  8
GEOMETRY_LAYER_1
  70
32
  10
551019.267
  20
74563.838
  30
18.838
  0
VERTEX
  8
GEOMETRY_LAYER_1
  70
32
  10
551015.422
  20
74553.746
  30
17.994
  0
VERTEX
  8
GEOMETRY_LAYER_1
  70
32
  10
551013.435
  20
74546.487
  30
17.483
  0
VERTEX
  8
GEOMETRY_LAYER_1
  70
32
  10
551014.084
  20
74541.425
  30
17.423
  0
VERTEX
  8
GEOMETRY_LAYER_1
  70
32
  10
551011.721
  20
74535.501
  30
17.52
  0
VERTEX
  8
GEOMETRY_LAYER_1
  70
32
  10
551008.890
  20
74527.172
  30
17.707
  0
VERTEX
  8
GEOMETRY_LAYER_1
  70
32
  10
551003.638
  20
74517.506
  30
17.842
  0
VERTEX
  8
GEOMETRY_LAYER_1
  70
32
  10
550999.670
  20
74509.446
  30
17.937
  0
VERTEX
  8
GEOMETRY_LAYER_1
  70
32
  10
550995.522
  20
74501.156
  30
18.262
  0
VERTEX
  8
GEOMETRY_LAYER_1
  70
32
  10
550986.090
  20
74482.831
  30
19.139
  0
VERTEX
  8
GEOMETRY_LAYER_1
  70
32
  10
550984.321
  20
74473.895
  30
18.152
  0
VERTEX
  8
GEOMETRY_LAYER_1
  70
32
  10
550982.970
  20
74469.148
  30
17.779
  0
VERTEX
  8
GEOMETRY_LAYER_1
  70
32
  10
550980.026
  20
74462.209
  30
17.867
  0
VERTEX
  8
GEOMETRY_LAYER_1
  70
32
  10
550977.797
  20
74451.554
  30
19.317
  0
VERTEX
  8
GEOMETRY_LAYER_1
  70
32
  10
550976.627
  20
74446.780
  30
19.033
  0
VERTEX
  8
GEOMETRY_LAYER_1
  70
32
  10
550974.435
  20
74437.596
  30
18.485
  0
VERTEX
  8
GEOMETRY_LAYER_1
  70
32
  10
550972.352
  20
74432.096
  30
18.433
  0
VERTEX
  8
GEOMETRY_LAYER_1
  70
32
  10
550970.454
  20
74426.496
  30
18.214
  0
VERTEX
  8
GEOMETRY_LAYER_1
  70
32
  10
550966.033
  20
74419.069
  30
17.868
  0
VERTEX
  8
GEOMETRY_LAYER_1
  70
32
  10
550958.369
  20
74414.890
  30
17.87
  0
VERTEX
  8
GEOMETRY_LAYER_1
  70
32
  10
550953.068
  20
74419.248
  30
17.84
  0
VERTEX
  8
GEOMETRY_LAYER_1
  70
32
  10
550946.182
  20
74421.234
  30
18.018
  0
VERTEX
  8
GEOMETRY_LAYER_1
  70
32
  10
550938.248
  20
74420.577
  30
18.237
  0
VERTEX
  8
GEOMETRY_LAYER_1
  70
32
  10
550934.328
  20
74433.418
  30
18.237
  0
VERTEX
  8
GEOMETRY_LAYER_1
  70
32
  10
550938.072
  20
74437.667
  30
18.603
  0
VERTEX
  8
GEOMETRY_LAYER_1
  70
32
  10
550937.536
  20
74440.045
  30
18.574
  0
VERTEX
  8
GEOMETRY_LAYER_1
  70
32
  10
550934.034
  20
74445.429
  30
18.34
  0
VERTEX
  8
GEOMETRY_LAYER_1
  70
32
  10
550938.972
  20
74457.016
  30
18.327
  0
VERTEX
  8
GEOMETRY_LAYER_1
  70
32
  10
550945.238
  20
74470.446
  30
18.402
  0
VERTEX
  8
GEOMETRY_LAYER_1
  70
32
  10
550948.596
  20
74480.402
  30
18.096
  0
VERTEX
  8
GEOMETRY_LAYER_1
  70
32
  10
550952.294
  20
74489.188
  30
18.412
  0
VERTEX
  8
GEOMETRY_LAYER_1
  70
32
  10
550956.484
  20
74498.552
  30
18.009
  0
VERTEX
  8
GEOMETRY_LAYER_1
  70
32
  10
550958.501
  20
74504.030
  30
17.303
  0
VERTEX
  8
GEOMETRY_LAYER_1
  70
32
  10
550956.700
  20
74511.431
  30
17.134
  0
VERTEX
  8
GEOMETRY_LAYER_1
  70
32
  10
550958.370
  20
74520.941
  30
17.229
  0
VERTEX
  8
GEOMETRY_LAYER_1
  70
32
  10
550960.982
  20
74526.716
  30
17.426
  0
VERTEX
  8
GEOMETRY_LAYER_1
  70
32
  10
550962.487
  20
74533.089
  30
17.468
  0
VERTEX
  8
GEOMETRY_LAYER_1
  70
32
  10
550966.520
  20
74541.121
  30
17.505
  0
VERTEX
  8
GEOMETRY_LAYER_1
  70
32
  10
550974.298
  20
74558.183
  30
17.493
  0
VERTEX
  8
GEOMETRY_LAYER_1
  70
32
  10
550979.069
  20
74571.006
  30
17.958
  0
VERTEX
  8
GEOMETRY_LAYER_1
  70
32
  10
550983.082
  20
74574.880
  30
18.057
  0
VERTEX
  8
GEOMETRY_LAYER_1
  70
32
  10
550990.357
  20
74574.600
  30
18.22
  0
VERTEX
  8
GEOMETRY_LAYER_1
  70
32
  10
550996.627
  20
74572.733
  30
18.057
  0
SEQEND
  8
GEOMETRY_LAYER_1
  0
POLYLINE
  8
GEOMETRY_LAYER_1
  70
8
  66
1
 62
5
 39
1
  0
VERTEX
  8
GEOMETRY_LAYER_1
  70
32
  10
552269.618
  20
78310.921
  30
-26.367
  0
VERTEX
  8
GEOMETRY_LAYER_1
  70
32
  10
552276.435
  20
78315.961
  30
-26.4
  0
VERTEX
  8
GEOMETRY_LAYER_1
  70
32
  10
552276.960
  20
78333.079
  30
-26.046
  0
VERTEX
  8
GEOMETRY_LAYER_1
  70
32
  10
552292.894
  20
78323.511
  30
-25.529
  0
VERTEX
  8
GEOMETRY_LAYER_1
  70
32
  10
552296.247
  20
78315.612
  30
-25.66
  0
VERTEX
  8
GEOMETRY_LAYER_1
  70
32
  10
552293.458
  20
78308.236
  30
-25.659
  0
VERTEX
  8
GEOMETRY_LAYER_1
  70
32
  10
552300.930
  20
78300.196
  30
-25.624
  0
VERTEX
  8
GEOMETRY_LAYER_1
  70
32
  10
552297.449
  20
78290.932
  30
-26.407
  0
VERTEX
  8
GEOMETRY_LAYER_1
  70
32
  10
552295.052
  20
78281.712
  30
-26.691
  0
VERTEX
  8
GEOMETRY_LAYER_1
  70
32
  10
552292.533
  20
78270.413
  30
-26.642
  0
VERTEX
  8
GEOMETRY_LAYER_1
  70
32
  10
552290.885
  20
78257.418
  30
-26.22
  0
VERTEX
  8
GEOMETRY_LAYER_1
  70
32
  10
552285.724
  20
78255.541
  30
-26.122
  0
VERTEX
  8
GEOMETRY_LAYER_1
  70
32
  10
552281.489
  20
78248.713
  30
-23.97
  0
VERTEX
  8
GEOMETRY_LAYER_1
  70
32
  10
552276.237
  20
78237.590
  30
-22.801
  0
VERTEX
  8
GEOMETRY_LAYER_1
  70
32
  10
552255.143
  20
78237.324
  30
-21.957
  0
VERTEX
  8
GEOMETRY_LAYER_1
  70
32
  10
552247.954
  20
78233.298
  30
-21.966
  0
VERTEX
  8
GEOMETRY_LAYER_1
  70
32
  10
552247.257
  20
78228.424
  30
-21.825
  0
VERTEX
  8
GEOMETRY_LAYER_1
  70
32
  10
552254.638
  20
78222.897
  30
-21.997
  0
VERTEX
  8
GEOMETRY_LAYER_1
  70
32
  10
552250.916
  20
78208.786
  30
-22.017
  0
VERTEX
  8
GEOMETRY_LAYER_1
  70
32
  10
552238.572
  20
78214.133
  30
-21.907
  0
VERTEX
  8
GEOMETRY_LAYER_1
  70
32
  10
552235.183
  20
78221.555
  30
-21.519
  0
VERTEX
  8
GEOMETRY_LAYER_1
  70
32
  10
552234.856
  20
78231.338
  30
-21.739
  0
VERTEX
  8
GEOMETRY_LAYER_1
  70
32
  10
552236.482
  20
78242.400
  30
-21.799
  0
VERTEX
  8
GEOMETRY_LAYER_1
  70
32
  10
552239.334
  20
78248.135
  30
-21.654
  0
VERTEX
  8
GEOMETRY_LAYER_1
  70
32
  10
552251.610
  20
78250.619
  30
-22.239
  0
VERTEX
  8
GEOMETRY_LAYER_1
  70
32
  10
552267.816
  20
78257.806
  30
-24.851
  0
VERTEX
  8
GEOMETRY_LAYER_1
  70
32
  10
552265.792
  20
78262.648
  30
-26.355
  0
VERTEX
  8
GEOMETRY_LAYER_1
  70
32
  10
552263.373
  20
78269.475
  30
-26.575
  0
VERTEX
  8
GEOMETRY_LAYER_1
  70
32
  10
552264.268
  20
78279.888
  30
-27.001
  0
VERTEX
  8
GEOMETRY_LAYER_1
  70
32
  10
552266.204
  20
78289.801
  30
-26.999
  0
VERTEX
  8
GEOMETRY_LAYER_1
  70
32
  10
552267.665
  20
78299.138
  30
-26.88
  0
VERTEX
  8
GEOMETRY_LAYER_1
  70
32
  10
552269.618
  20
78310.921
  30
-26.367
  0
SEQEND
  8
GEOMETRY_LAYER_1
  0
POLYLINE
  8
GEOMETRY_LAYER_1
  70
8
  66
1
 62
5
 39
1
  0
VERTEX
  8
GEOMETRY_LAYER_1
  70
32
  10
552273.115
  20
78308.780
  30
-26.367
  0
VERTEX
  8
GEOMETRY_LAYER_1
  70
32
  10
552280.177
  20
78314.002
  30
-26.4
  0
VERTEX
  8
GEOMETRY_LAYER_1
  70
32
  10
552280.560
  20
78326.485
  30
-26.046
  0
VERTEX
  8
GEOMETRY_LAYER_1
  70
32
  10
552289.879
  20
78320.889
  30
-25.529
  0
VERTEX
  8
GEOMETRY_LAYER_1
  70
32
  10
552292.154
  20
78315.530
  30
-25.66
  0
VERTEX
  8
GEOMETRY_LAYER_1
  70
32
  10
552289.070
  20
78307.376
  30
-25.659
  0
VERTEX
  8
GEOMETRY_LAYER_1
  70
32
  10
552296.546
  20
78299.332
  30
-25.624
  0
VERTEX
  8
GEOMETRY_LAYER_1
  70
32
  10
552293.821
  20
78292.082
  30
-26.407
  0
VERTEX
  8
GEOMETRY_LAYER_1
  70
32
  10
552291.358
  20
78282.603
  30
-26.691
  0
VERTEX
  8
GEOMETRY_LAYER_1
  70
32
  10
552288.786
  20
78271.067
  30
-26.642
  0
VERTEX
  8
GEOMETRY_LAYER_1
  70
32
  10
552287.407
  20
78260.196
  30
-26.22
  0
VERTEX
  8
GEOMETRY_LAYER_1
  70
32
  10
552283.188
  20
78258.662
  30
-26.122
  0
VERTEX
  8
GEOMETRY_LAYER_1
  70
32
  10
552278.145
  20
78250.531
  30
-23.97
  0
VERTEX
  8
GEOMETRY_LAYER_1
  70
32
  10
552273.814
  20
78241.359
  30
-22.801
  0
VERTEX
  8
GEOMETRY_LAYER_1
  70
32
  10
552254.129
  20
78241.111
  30
-21.957
  0
VERTEX
  8
GEOMETRY_LAYER_1
  70
32
  10
552244.458
  20
78235.695
  30
-21.966
  0
VERTEX
  8
GEOMETRY_LAYER_1
  70
32
  10
552243.177
  20
78226.731
  30
-21.825
  0
VERTEX
  8
GEOMETRY_LAYER_1
  70
32
  10
552250.310
  20
78221.390
  30
-21.997
  0
VERTEX
  8
GEOMETRY_LAYER_1
  70
32
  10
552248.369
  20
78214.030
  30
-22.017
  0
VERTEX
  8
GEOMETRY_LAYER_1
  70
32
  10
552241.422
  20
78217.039
  30
-21.907
  0
VERTEX
  8
GEOMETRY_LAYER_1
  70
32
  10
552238.955
  20
78222.442
  30
-21.519
  0
VERTEX
  8
GEOMETRY_LAYER_1
  70
32
  10
552238.665
  20
78231.123
  30
-21.739
  0
VERTEX
  8
GEOMETRY_LAYER_1
  70
32
  10
552240.154
  20
78241.250
  30
-21.799
  0
VERTEX
  8
GEOMETRY_LAYER_1
  70
32
  10
552241.909
  20
78244.779
  30
-21.654
  0
VERTEX
  8
GEOMETRY_LAYER_1
  70
32
  10
552252.770
  20
78246.976
  30
-22.239
  0
VERTEX
  8
GEOMETRY_LAYER_1
  70
32
  10
552272.756
  20
78255.841
  30
-24.851
  0
VERTEX
  8
GEOMETRY_LAYER_1
  70
32
  10
552269.339
  20
78264.016
  30
-26.355
  0
VERTEX
  8
GEOMETRY_LAYER_1
  70
32
  10
552267.229
  20
78269.969
  30
-26.575
  0
VERTEX
  8
GEOMETRY_LAYER_1
  70
32
  10
552268.037
  20
78279.360
  30
-27.001
  0
VERTEX
  8
GEOMETRY_LAYER_1
  70
32
  10
552269.948
  20
78289.142
  30
-26.999
  0
VERTEX
  8
GEOMETRY_LAYER_1
  70
32
  10
552271.417
  20
78298.534
  30
-26.88
  0
VERTEX
  8
GEOMETRY_LAYER_1
  70
32
  10
552273.115
  20
78308.780
  30
-26.367
  0
SEQEND
  8
GEOMETRY_LAYER_1
  0
POLYLINE
  8
GEOMETRY_LAYER_1
  70
8
  66
1
 62
1
 39
1
  0
VERTEX
  8
GEOMETRY_LAYER_1
  70
32
  10
552198.859
  20
76763.639
  30
-84.51
  0
VERTEX
  8
GEOMETRY_LAYER_1
  70
32
  10
552207.718
  20
76764.863
  30
-84.26
  0
VERTEX
  8
GEOMETRY_LAYER_1
  70
32
  10
552215.768
  20
76768.440
  30
-84.425
  0
VERTEX
  8
GEOMETRY_LAYER_1
  70
32
  10
552219.576
  20
76762.242
  30
-84.878
  0
VERTEX
  8
GEOMETRY_LAYER_1
  70
32
  10
552221.207
  20
76753.465
  30
-85.159
  0
VERTEX
  8
GEOMETRY_LAYER_1
  70
32
  10
552221.950
  20
76749.284
  30
-85.394
  0
VERTEX
  8
GEOMETRY_LAYER_1
  70
32
  10
552223.603
  20
76741.776
  30
-85.315
  0
VERTEX
  8
GEOMETRY_LAYER_1
  70
32
  10
552224.365
  20
76727.228
  30
-85.11
  0
VERTEX
  8
GEOMETRY_LAYER_1
  70
32
  10
552218.374
  20
76720.148
  30
-85.12
  0
VERTEX
  8
GEOMETRY_LAYER_1
  70
32
  10
552210.019
  20
76719.781
  30
-85.427
  0
VERTEX
  8
GEOMETRY_LAYER_1
  70
32
  10
552205.355
  20
76724.032
  30
-85.347
  0
VERTEX
  8
GEOMETRY_LAYER_1
  70
32
  10
552204.448
  20
76732.592
  30
-85.526
  0
VERTEX
  8
GEOMETRY_LAYER_1
  70
32
  10
552202.719
  20
76740.804
  30
-85.67
  0
VERTEX
  8
GEOMETRY_LAYER_1
  70
32
  10
552200.939
  20
76749.414
  30
-85.259
  0
VERTEX
  8
GEOMETRY_LAYER_1
  70
32
  10
552198.605
  20
76756.127
  30
-84.898
  0
VERTEX
  8
GEOMETRY_LAYER_1
  70
32
  10
552198.859
  20
76763.639
  30
-84.51
  0
SEQEND
  8
GEOMETRY_LAYER_1
  0
POLYLINE
  8
GEOMETRY_LAYER_1
  70
8
  66
1
 62
1
 39
1
  0
VERTEX
  8
GEOMETRY_LAYER_1
  70
32
  10
552195.169
  20
76766.965
  30
-84.51
  0
VERTEX
  8
GEOMETRY_LAYER_1
  70
32
  10
552206.665
  20
76768.554
  30
-84.26
  0
VERTEX
  8
GEOMETRY_LAYER_1
  70
32
  10
552217.265
  20
76773.264
  30
-84.425
  0
VERTEX
  8
GEOMETRY_LAYER_1
  70
32
  10
552223.183
  20
76763.630
  30
-84.878
  0
VERTEX
  8
GEOMETRY_LAYER_1
  70
32
  10
552224.945
  20
76754.145
  30
-85.159
  0
VERTEX
  8
GEOMETRY_LAYER_1
  70
32
  10
552225.678
  20
76750.025
  30
-85.394
  0
VERTEX
  8
GEOMETRY_LAYER_1
  70
32
  10
552227.382
  20
76742.288
  30
-85.315
  0
VERTEX
  8
GEOMETRY_LAYER_1
  70
32
  10
552228.239
  20
76725.924
  30
-85.11
  0
VERTEX
  8
GEOMETRY_LAYER_1
  70
32
  10
552220.202
  20
76716.425
  30
-85.12
  0
VERTEX
  8
GEOMETRY_LAYER_1
  70
32
  10
552208.618
  20
76715.916
  30
-85.427
  0
VERTEX
  8
GEOMETRY_LAYER_1
  70
32
  10
552201.729
  20
76722.196
  30
-85.347
  0
VERTEX
  8
GEOMETRY_LAYER_1
  70
32
  10
552200.689
  20
76731.998
  30
-85.526
  0
VERTEX
  8
GEOMETRY_LAYER_1
  70
32
  10
552198.999
  20
76740.027
  30
-85.67
  0
VERTEX
  8
GEOMETRY_LAYER_1
  70
32
  10
552197.268
  20
76748.401
  30
-85.259
  0
VERTEX
  8
GEOMETRY_LAYER_1
  70
32
  10
552194.784
  20
76755.548
  30
-84.898
  0
VERTEX
  8
GEOMETRY_LAYER_1
  70
32
  10
552195.169
  20
76766.965
  30
-84.51
  0
SEQEND
  8
GEOMETRY_LAYER_1
  0
POLYLINE
  8
GEOMETRY_LAYER_1
  70
8
  66
1
 62
5
 39
1
  0
VERTEX
  8
GEOMETRY_LAYER_1
  70
32
  10
550924.906
  20
77451.867
  30
19.038
  0
VERTEX
  8
GEOMETRY_LAYER_1
  70
32
  10
550941.873
  20
77452.830
  30
18.431
  0
VERTEX
  8
GEOMETRY_LAYER_1
  70
32
  10
550949.143
  20
77453.154
  30
18.284
  0
VERTEX
  8
GEOMETRY_LAYER_1
  70
32
  10
550952.626
  20
77451.869
  30
17.934
  0
VERTEX
  8
GEOMETRY_LAYER_1
  70
32
  10
550968.713
  20
77452.330
  30
17.876
  0
VERTEX
  8
GEOMETRY_LAYER_1
  70
32
  10
550981.123
  20
77471.283
  30
18.33
  0
VERTEX
  8
GEOMETRY_LAYER_1
  70
32
  10
550977.440
  20
77480.916
  30
18.101
  0
VERTEX
  8
GEOMETRY_LAYER_1
  70
32
  10
550975.739
  20
77486.958
  30
18.126
  0
VERTEX
  8
GEOMETRY_LAYER_1
  70
32
  10
550979.898
  20
77490.445
  30
18.112
  0
VERTEX
  8
GEOMETRY_LAYER_1
  70
32
  10
550991.913
  20
77491.862
  30
18.013
  0
VERTEX
  8
GEOMETRY_LAYER_1
  70
32
  10
550992.483
  20
77502.283
  30
18.674
  0
VERTEX
  8
GEOMETRY_LAYER_1
  70
32
  10
550994.433
  20
77508.733
  30
19.359
  0
VERTEX
  8
GEOMETRY_LAYER_1
  70
32
  10
550998.744
  20
77511.502
  30
19.396
  0
VERTEX
  8
GEOMETRY_LAYER_1
  70
32
  10
551005.583
  20
77520.126
  30
18.977
  0
VERTEX
  8
GEOMETRY_LAYER_1
  70
32
  10
551006.232
  20
77533.166
  30
18.915
  0
VERTEX
  8
GEOMETRY_LAYER_1
  70
32
  10
551002.771
  20
77542.124
  30
19.466
  0
VERTEX
  8
GEOMETRY_LAYER_1
  70
32
  10
551000.017
  20
77553.492
  30
22.309
  0
VERTEX
  8
GEOMETRY_LAYER_1
  70
32
  10
550994.783
  20
77557.681
  30
21.948
  0
VERTEX
  8
GEOMETRY_LAYER_1
  70
32
  10
550993.936
  20
77564.203
  30
22.723
  0
VERTEX
  8
GEOMETRY_LAYER_1
  70
32
  10
550992.256
  20
77574.865
  30
20.515
  0
VERTEX
  8
GEOMETRY_LAYER_1
  70
32
  10
550989.415
  20
77581.948
  30
21.01
  0
VERTEX
  8
GEOMETRY_LAYER_1
  70
32
  10
550983.799
  20
77589.264
  30
21.488
  0
VERTEX
  8
GEOMETRY_LAYER_1
  70
32
  10
550976.552
  20
77596.883
  30
22.338
  0
VERTEX
  8
GEOMETRY_LAYER_1
  70
32
  10
550967.860
  20
77596.927
  30
21.905
  0
VERTEX
  8
GEOMETRY_LAYER_1
  70
32
  10
550962.608
  20
77587.651
  30
21.771
  0
VERTEX
  8
GEOMETRY_LAYER_1
  70
32
  10
550962.555
  20
77582.124
  30
21.047
  0
VERTEX
  8
GEOMETRY_LAYER_1
  70
32
  10
550954.858
  20
77576.993
  30
20.781
  0
VERTEX
  8
GEOMETRY_LAYER_1
  70
32
  10
550954.858
  20
77565.080
  30
20.54
  0
VERTEX
  8
GEOMETRY_LAYER_1
  70
32
  10
550955.021
  20
77556.129
  30
19.807
  0
VERTEX
  8
GEOMETRY_LAYER_1
  70
32
  10
550945.617
  20
77548.881
  30
19.761
  0
VERTEX
  8
GEOMETRY_LAYER_1
  70
32
  10
550945.511
  20
77534.224
  30
19.488
  0
VERTEX
  8
GEOMETRY_LAYER_1
  70
32
  10
550945.511
  20
77521.306
  30
19.285
  0
VERTEX
  8
GEOMETRY_LAYER_1
  70
32
  10
550945.127
  20
77512.693
  30
19.507
  0
VERTEX
  8
GEOMETRY_LAYER_1
  70
32
  10
550945.287
  20
77493.679
  30
18.899
  0
VERTEX
  8
GEOMETRY_LAYER_1
  70
32
  10
550938.566
  20
77505.369
  30
19.926
  0
VERTEX
  8
GEOMETRY_LAYER_1
  70
32
  10
550924.906
  20
77451.867
  30
19.038
  0
SEQEND
  8
GEOMETRY_LAYER_1
  0
POLYLINE
  8
GEOMETRY_LAYER_1
  70
8
  66
1
 62
5
 39
1
  0
VERTEX
  8
GEOMETRY_LAYER_1
  70
32
  10
550929.872
  20
77455.955
  30
19.038
  0
VERTEX
  8
GEOMETRY_LAYER_1
  70
32
  10
550941.681
  20
77456.625
  30
18.431
  0
VERTEX
  8
GEOMETRY_LAYER_1
  70
32
  10
550949.738
  20
77456.984
  30
18.284
  0
VERTEX
  8
GEOMETRY_LAYER_1
  70
32
  10
550953.252
  20
77455.688
  30
17.934
  0
VERTEX
  8
GEOMETRY_LAYER_1
  70
32
  10
550966.621
  20
77456.071
  30
17.876
  0
VERTEX
  8
GEOMETRY_LAYER_1
  70
32
  10
550976.880
  20
77471.740
  30
18.33
  0
VERTEX
  8
GEOMETRY_LAYER_1
  70
32
  10
550973.828
  20
77479.720
  30
18.101
  0
VERTEX
  8
GEOMETRY_LAYER_1
  70
32
  10
550971.416
  20
77488.292
  30
18.126
  0
VERTEX
  8
GEOMETRY_LAYER_1
  70
32
  10
550978.325
  20
77494.086
  30
18.112
  0
VERTEX
  8
GEOMETRY_LAYER_1
  70
32
  10
550988.293
  20
77495.262
  30
18.013
  0
VERTEX
  8
GEOMETRY_LAYER_1
  70
32
  10
550988.713
  20
77502.946
  30
18.674
  0
VERTEX
  8
GEOMETRY_LAYER_1
  70
32
  10
550991.200
  20
77511.174
  30
19.359
  0
VERTEX
  8
GEOMETRY_LAYER_1
  70
32
  10
550996.159
  20
77514.358
  30
19.396
  0
VERTEX
  8
GEOMETRY_LAYER_1
  70
32
  10
551001.849
  20
77521.532
  30
18.977
  0
VERTEX
  8
GEOMETRY_LAYER_1
  70
32
  10
551002.397
  20
77532.549
  30
18.915
  0
VERTEX
  8
GEOMETRY_LAYER_1
  70
32
  10
550999.136
  20
77540.987
  30
19.466
  0
VERTEX
  8
GEOMETRY_LAYER_1
  70
32
  10
550996.629
  20
77551.337
  30
22.309
  0
VERTEX
  8
GEOMETRY_LAYER_1
  70
32
  10
550991.213
  20
77555.673
  30
21.948
  0
VERTEX
  8
GEOMETRY_LAYER_1
  70
32
  10
550990.174
  20
77563.662
  30
22.723
  0
VERTEX
  8
GEOMETRY_LAYER_1
  70
32
  10
550988.570
  20
77573.849
  30
20.515
  0
VERTEX
  8
GEOMETRY_LAYER_1
  70
32
  10
550986.083
  20
77580.049
  30
21.01
  0
VERTEX
  8
GEOMETRY_LAYER_1
  70
32
  10
550980.907
  20
77586.791
  30
21.488
  0
VERTEX
  8
GEOMETRY_LAYER_1
  70
32
  10
550974.914
  20
77593.091
  30
22.338
  0
VERTEX
  8
GEOMETRY_LAYER_1
  70
32
  10
550970.069
  20
77593.115
  30
21.905
  0
VERTEX
  8
GEOMETRY_LAYER_1
  70
32
  10
550966.398
  20
77586.633
  30
21.771
  0
VERTEX
  8
GEOMETRY_LAYER_1
  70
32
  10
550966.335
  20
77580.077
  30
21.047
  0
VERTEX
  8
GEOMETRY_LAYER_1
  70
32
  10
550958.657
  20
77574.959
  30
20.781
  0
VERTEX
  8
GEOMETRY_LAYER_1
  70
32
  10
550958.657
  20
77565.114
  30
20.54
  0
VERTEX
  8
GEOMETRY_LAYER_1
  70
32
  10
550958.855
  20
77554.286
  30
19.807
  0
VERTEX
  8
GEOMETRY_LAYER_1
  70
32
  10
550949.403
  20
77547.002
  30
19.761
  0
VERTEX
  8
GEOMETRY_LAYER_1
  70
32
  10
550949.311
  20
77534.211
  30
19.488
  0
VERTEX
  8
GEOMETRY_LAYER_1
  70
32
  10
550949.311
  20
77521.221
  30
19.285
  0
VERTEX
  8
GEOMETRY_LAYER_1
  70
32
  10
550948.928
  20
77512.625
  30
19.507
  0
VERTEX
  8
GEOMETRY_LAYER_1
  70
32
  10
550949.118
  20
77490.035
  30
18.899
  0
VERTEX
  8
GEOMETRY_LAYER_1
  70
32
  10
550946.043
  20
77489.907
  30
19.087
  0
VERTEX
  8
GEOMETRY_LAYER_1
  70
32
  10
550940.359
  20
77497.030
  30
19.926
  0
VERTEX
  8
GEOMETRY_LAYER_1
  70
32
  10
550929.872
  20
77455.955
  30
19.038
  0
SEQEND
  8
GEOMETRY_LAYER_1
  0
POLYLINE
  8
GEOMETRY_LAYER_1
  70
8
  66
1
 62
5
 39
1
  0
VERTEX
  8
GEOMETRY_LAYER_1
  70
32
  10
551181.085
  20
77759.085
  30
29.766
  0
VERTEX
  8
GEOMETRY_LAYER_1
  70
32
  10
551184.500
  20
77777.259
  30
30.625
  0
VERTEX
  8
GEOMETRY_LAYER_1
  70
32
  10
551185.975
  20
77786.914
  30
30.813
  0
VERTEX
  8
GEOMETRY_LAYER_1
  70
32
  10
551186.635
  20
77795.254
  30
30.809
  0
VERTEX
  8
GEOMETRY_LAYER_1
  70
32
  10
551188.659
  20
77808.274
  30
32.383
  0
VERTEX
  8
GEOMETRY_LAYER_1
  70
32
  10
551184.532
  20
77813.100
  30
33.625
  0
VERTEX
  8
GEOMETRY_LAYER_1
  70
32
  10
551177.543
  20
77816.778
  30
34.621
  0
VERTEX
  8
GEOMETRY_LAYER_1
  70
32
  10
551171.046
  20
77823.843
  30
35.432
  0
VERTEX
  8
GEOMETRY_LAYER_1
  70
32
  10
551182.024
  20
77835.324
  30
35.762
  0
VERTEX
  8
GEOMETRY_LAYER_1
  70
32
  10
551185.651
  20
77843.193
  30
35.447
  0
VERTEX
  8
GEOMETRY_LAYER_1
  70
32
  10
551198.674
  20
77853.890
  30
35.243
  0
VERTEX
  8
GEOMETRY_LAYER_1
  70
32
  10
551203.865
  20
77857.336
  30
34.919
  0
VERTEX
  8
GEOMETRY_LAYER_1
  70
32
  10
551210.681
  20
77862.261
  30
34.705
  0
VERTEX
  8
GEOMETRY_LAYER_1
  70
32
  10
551224.371
  20
77862.205
  30
33.972
  0
VERTEX
  8
GEOMETRY_LAYER_1
  70
32
  10
551226.374
  20
77852.779
  30
33.706
  0
VERTEX
  8
GEOMETRY_LAYER_1
  70
32
  10
551226.150
  20
77843.605
  30
33.987
  0
VERTEX
  8
GEOMETRY_LAYER_1
  70
32
  10
551225.464
  20
77834.722
  30
34.188
  0
VERTEX
  8
GEOMETRY_LAYER_1
  70
32
  10
551225.411
  20
77826.437
  30
34.214
  0
VERTEX
  8
GEOMETRY_LAYER_1
  70
32
  10
551223.635
  20
77816.970
  30
34.27
  0
VERTEX
  8
GEOMETRY_LAYER_1
  70
32
  10
551217.130
  20
77813.009
  30
34.662
  0
VERTEX
  8
GEOMETRY_LAYER_1
  70
32
  10
551213.803
  20
77791.014
  30
30.718
  0
VERTEX
  8
GEOMETRY_LAYER_1
  70
32
  10
551225.568
  20
77789.917
  30
29.034
  0
VERTEX
  8
GEOMETRY_LAYER_1
  70
32
  10
551231.325
  20
77789.324
  30
28.049
  0
VERTEX
  8
GEOMETRY_LAYER_1
  70
32
  10
551238.775
  20
77788.227
  30
27.96
  0
VERTEX
  8
GEOMETRY_LAYER_1
  70
32
  10
551240.833
  20
77781.012
  30
27.265
  0
VERTEX
  8
GEOMETRY_LAYER_1
  70
32
  10
551234.090
  20
77776.897
  30
27.569
  0
VERTEX
  8
GEOMETRY_LAYER_1
  70
32
  10
551228.710
  20
77773.012
  30
27.751
  0
VERTEX
  8
GEOMETRY_LAYER_1
  70
32
  10
551221.702
  20
77766.239
  30
27.903
  0
VERTEX
  8
GEOMETRY_LAYER_1
  70
32
  10
551217.449
  20
77760.716
  30
28.197
  0
VERTEX
  8
GEOMETRY_LAYER_1
  70
32
  10
551213.821
  20
77755.208
  30
28.454
  0
VERTEX
  8
GEOMETRY_LAYER_1
  70
32
  10
551209.483
  20
77751.644
  30
28.657
  0
VERTEX
  8
GEOMETRY_LAYER_1
  70
32
  10
551206.127
  20
77744.446
  30
29.328
  0
VERTEX
  8
GEOMETRY_LAYER_1
  70
32
  10
551203.334
  20
77736.230
  30
29.237
  0
VERTEX
  8
GEOMETRY_LAYER_1
  70
32
  10
551200.994
  20
77726.262
  30
29.203
  0
VERTEX
  8
GEOMETRY_LAYER_1
  70
32
  10
551197.279
  20
77716.710
  30
29.097
  0
VERTEX
  8
GEOMETRY_LAYER_1
  70
32
  10
551195.704
  20
77707.868
  30
28.671
  0
VERTEX
  8
GEOMETRY_LAYER_1
  70
32
  10
551195.549
  20
77698.909
  30
28.354
  0
VERTEX
  8
GEOMETRY_LAYER_1
  70
32
  10
551195.175
  20
77689.623
  30
27.764
  0
VERTEX
  8
GEOMETRY_LAYER_1
  70
32
  10
551193.952
  20
77681.830
  30
26.946
  0
VERTEX
  8
GEOMETRY_LAYER_1
  70
32
  10
551186.160
  20
77677.070
  30
26.926
  0
VERTEX
  8
GEOMETRY_LAYER_1
  70
32
  10
551179.965
  20
77673.647
  30
27.27
  0
VERTEX
  8
GEOMETRY_LAYER_1
  70
32
  10
551166.400
  20
77683.955
  30
28.1
  0
VERTEX
  8
GEOMETRY_LAYER_1
  70
32
  10
551172.030
  20
77689.692
  30
28.123
  0
VERTEX
  8
GEOMETRY_LAYER_1
  70
32
  10
551173.475
  20
77697.631
  30
28.618
  0
VERTEX
  8
GEOMETRY_LAYER_1
  70
32
  10
551174.914
  20
77705.874
  30
28.944
  0
VERTEX
  8
GEOMETRY_LAYER_1
  70
32
  10
551176.897
  20
77716.336
  30
29.123
  0
VERTEX
  8
GEOMETRY_LAYER_1
  70
32
  10
551179.257
  20
77724.830
  30
29.145
  0
VERTEX
  8
GEOMETRY_LAYER_1
  70
32
  10
551181.463
  20
77733.045
  30
29.211
  0
VERTEX
  8
GEOMETRY_LAYER_1
  70
32
  10
551177.695
  20
77741.218
  30
29.087
  0
VERTEX
  8
GEOMETRY_LAYER_1
  70
32
  10
551181.085
  20
77759.085
  30
29.766
  0
SEQEND
  8
GEOMETRY_LAYER_1
  0
POLYLINE
  8
GEOMETRY_LAYER_1
  70
8
  66
1
 62
5
 39
1
  0
VERTEX
  8
GEOMETRY_LAYER_1
  70
32
  10
551177.646
  20
77759.734
  30
29.766
  0
VERTEX
  8
GEOMETRY_LAYER_1
  70
32
  10
551181.050
  20
77777.846
  30
30.625
  0
VERTEX
  8
GEOMETRY_LAYER_1
  70
32
  10
551182.496
  20
77787.317
  30
30.813
  0
VERTEX
  8
GEOMETRY_LAYER_1
  70
32
  10
551183.156
  20
77795.661
  30
30.809
  0
VERTEX
  8
GEOMETRY_LAYER_1
  70
32
  10
551184.954
  20
77807.222
  30
32.383
  0
VERTEX
  8
GEOMETRY_LAYER_1
  70
32
  10
551182.309
  20
77810.315
  30
33.625
  0
VERTEX
  8
GEOMETRY_LAYER_1
  70
32
  10
551175.377
  20
77813.964
  30
34.621
  0
VERTEX
  8
GEOMETRY_LAYER_1
  70
32
  10
551166.248
  20
77823.889
  30
35.432
  0
VERTEX
  8
GEOMETRY_LAYER_1
  70
32
  10
551179.090
  20
77837.320
  30
35.762
  0
VERTEX
  8
GEOMETRY_LAYER_1
  70
32
  10
551182.809
  20
77845.388
  30
35.447
  0
VERTEX
  8
GEOMETRY_LAYER_1
  70
32
  10
551196.590
  20
77856.709
  30
35.243
  0
VERTEX
  8
GEOMETRY_LAYER_1
  70
32
  10
551201.872
  20
77860.214
  30
34.919
  0
VERTEX
  8
GEOMETRY_LAYER_1
  70
32
  10
551209.555
  20
77865.765
  30
34.705
  0
VERTEX
  8
GEOMETRY_LAYER_1
  70
32
  10
551227.208
  20
77865.694
  30
33.972
  0
VERTEX
  8
GEOMETRY_LAYER_1
  70
32
  10
551229.883
  20
77853.105
  30
33.706
  0
VERTEX
  8
GEOMETRY_LAYER_1
  70
32
  10
551229.647
  20
77843.428
  30
33.987
  0
VERTEX
  8
GEOMETRY_LAYER_1
  70
32
  10
551228.963
  20
77834.577
  30
34.188
  0
VERTEX
  8
GEOMETRY_LAYER_1
  70
32
  10
551228.909
  20
77826.100
  30
34.214
  0
VERTEX
  8
GEOMETRY_LAYER_1
  70
32
  10
551226.788
  20
77814.792
  30
34.27
  0
VERTEX
  8
GEOMETRY_LAYER_1
  70
32
  10
551220.346
  20
77810.869
  30
34.662
  0
VERTEX
  8
GEOMETRY_LAYER_1
  70
32
  10
551217.818
  20
77794.155
  30
30.718
  0
VERTEX
  8
GEOMETRY_LAYER_1
  70
32
  10
551225.910
  20
77793.400
  30
29.034
  0
VERTEX
  8
GEOMETRY_LAYER_1
  70
32
  10
551231.760
  20
77792.798
  30
28.049
  0
VERTEX
  8
GEOMETRY_LAYER_1
  70
32
  10
551241.521
  20
77791.361
  30
27.96
  0
VERTEX
  8
GEOMETRY_LAYER_1
  70
32
  10
551244.929
  20
77779.412
  30
27.265
  0
VERTEX
  8
GEOMETRY_LAYER_1
  70
32
  10
551236.029
  20
77773.980
  30
27.569
  0
VERTEX
  8
GEOMETRY_LAYER_1
  70
32
  10
551230.962
  20
77770.321
  30
27.751
  0
VERTEX
  8
GEOMETRY_LAYER_1
  70
32
  10
551224.319
  20
77763.901
  30
27.903
  0
VERTEX
  8
GEOMETRY_LAYER_1
  70
32
  10
551220.301
  20
77758.682
  30
28.197
  0
VERTEX
  8
GEOMETRY_LAYER_1
  70
32
  10
551216.452
  20
77752.840
  30
28.454
  0
VERTEX
  8
GEOMETRY_LAYER_1
  70
32
  10
551212.319
  20
77749.444
  30
28.657
  0
VERTEX
  8
GEOMETRY_LAYER_1
  70
32
  10
551209.380
  20
77743.139
  30
29.328
  0
VERTEX
  8
GEOMETRY_LAYER_1
  70
32
  10
551206.703
  20
77735.264
  30
29.237
  0
VERTEX
  8
GEOMETRY_LAYER_1
  70
32
  10
551204.345
  20
77725.223
  30
29.203
  0
VERTEX
  8
GEOMETRY_LAYER_1
  70
32
  10
551200.665
  20
77715.760
  30
29.097
  0
VERTEX
  8
GEOMETRY_LAYER_1
  70
32
  10
551199.199
  20
77707.528
  30
28.671
  0
VERTEX
  8
GEOMETRY_LAYER_1
  70
32
  10
551199.048
  20
77698.808
  30
28.354
  0
VERTEX
  8
GEOMETRY_LAYER_1
  70
32
  10
551198.664
  20
77689.280
  30
27.764
  0
VERTEX
  8
GEOMETRY_LAYER_1
  70
32
  10
551197.159
  20
77679.687
  30
26.946
  0
VERTEX
  8
GEOMETRY_LAYER_1
  70
32
  10
551187.919
  20
77674.044
  30
26.926
  0
VERTEX
  8
GEOMETRY_LAYER_1
  70
32
  10
551179.663
  20
77669.481
  30
27.27
  0
VERTEX
  8
GEOMETRY_LAYER_1
  70
32
  10
551161.120
  20
77683.572
  30
28.1
  0
VERTEX
  8
GEOMETRY_LAYER_1
  70
32
  10
551168.779
  20
77691.377
  30
28.123
  0
VERTEX
  8
GEOMETRY_LAYER_1
  70
32
  10
551170.029
  20
77698.245
  30
28.618
  0
VERTEX
  8
GEOMETRY_LAYER_1
  70
32
  10
551171.470
  20
77706.501
  30
28.944
  0
VERTEX
  8
GEOMETRY_LAYER_1
  70
32
  10
551173.486
  20
77717.132
  30
29.123
  0
VERTEX
  8
GEOMETRY_LAYER_1
  70
32
  10
551175.880
  20
77725.752
  30
29.145
  0
VERTEX
  8
GEOMETRY_LAYER_1
  70
32
  10
551177.754
  20
77732.729
  30
29.211
  0
VERTEX
  8
GEOMETRY_LAYER_1
  70
32
  10
551174.047
  20
77740.769
  30
29.087
  0
VERTEX
  8
GEOMETRY_LAYER_1
  70
32
  10
551177.646
  20
77759.734
  30
29.766
  0
SEQEND
  8
GEOMETRY_LAYER_1
  0
POLYLINE
  8
GEOMETRY_LAYER_1
  70
8
  66
1
 62
5
 39
1
  0
VERTEX
  8
GEOMETRY_LAYER_1
  70
32
  10
550410.789
  20
77553.381
  30
41.928
  0
VERTEX
  8
GEOMETRY_LAYER_1
  70
32
  10
550422.092
  20
77554.872
  30
41.968
  0
VERTEX
  8
GEOMETRY_LAYER_1
  70
32
  10
550429.030
  20
77555.592
  30
42.583
  0
VERTEX
  8
GEOMETRY_LAYER_1
  70
32
  10
550432.495
  20
77566.381
  30
43.341
  0
VERTEX
  8
GEOMETRY_LAYER_1
  70
32
  10
550434.196
  20
77571.614
  30
43.417
  0
VERTEX
  8
GEOMETRY_LAYER_1
  70
32
  10
550438.852
  20
77584.329
  30
42.808
  0
VERTEX
  8
GEOMETRY_LAYER_1
  70
32
  10
550440.214
  20
77588.669
  30
43.123
  0
VERTEX
  8
GEOMETRY_LAYER_1
  70
32
  10
550445.481
  20
77602.918
  30
43.308
  0
VERTEX
  8
GEOMETRY_LAYER_1
  70
32
  10
550470.914
  20
77683.209
  30
43.21
  0
VERTEX
  8
GEOMETRY_LAYER_1
  70
32
  10
550458.312
  20
77688.256
  30
43.22
  0
VERTEX
  8
GEOMETRY_LAYER_1
  70
32
  10
550451.753
  20
77689.328
  30
43.246
  0
VERTEX
  8
GEOMETRY_LAYER_1
  70
32
  10
550446.251
  20
77690.843
  30
42.882
  0
VERTEX
  8
GEOMETRY_LAYER_1
  70
32
  10
550442.277
  20
77691.795
  30
43.081
  0
VERTEX
  8
GEOMETRY_LAYER_1
  70
32
  10
550432.510
  20
77694.034
  30
42.902
  0
VERTEX
  8
GEOMETRY_LAYER_1
  70
32
  10
550424.038
  20
77695.818
  30
43.007
  0
VERTEX
  8
GEOMETRY_LAYER_1
  70
32
  10
550404.539
  20
77644.176
  30
43.393
  0
VERTEX
  8
GEOMETRY_LAYER_1
  70
32
  10
550402.295
  20
77635.803
  30
43.369
  0
VERTEX
  8
GEOMETRY_LAYER_1
  70
32
  10
550399.497
  20
77628.033
  30
42.993
  0
VERTEX
  8
GEOMETRY_LAYER_1
  70
32
  10
550379.262
  20
77565.530
  30
45.444
  0
VERTEX
  8
GEOMETRY_LAYER_1
  70
32
  10
550377.315
  20
77559.088
  30
45.64
  0
VERTEX
  8
GEOMETRY_LAYER_1
  70
32
  10
550375.281
  20
77552.423
  30
45.747
  0
VERTEX
  8
GEOMETRY_LAYER_1
  70
32
  10
550381.193
  20
77543.845
  30
46.044
  0
VERTEX
  8
GEOMETRY_LAYER_1
  70
32
  10
550387.979
  20
77542.364
  30
45.776
  0
VERTEX
  8
GEOMETRY_LAYER_1
  70
32
  10
550401.334
  20
77539.015
  30
45.491
  0
VERTEX
  8
GEOMETRY_LAYER_1
  70
32
  10
550410.789
  20
77553.381
  30
41.928
  0
SEQEND
  8
GEOMETRY_LAYER_1
  0
POLYLINE
  8
GEOMETRY_LAYER_1
  70
8
  66
1
 62
5
 39
1
  0
VERTEX
  8
GEOMETRY_LAYER_1
  70
32
  10
550412.833
  20
77550.120
  30
41.928
  0
VERTEX
  8
GEOMETRY_LAYER_1
  70
32
  10
550422.502
  20
77551.395
  30
41.968
  0
VERTEX
  8
GEOMETRY_LAYER_1
  70
32
  10
550431.664
  20
77552.345
  30
42.583
  0
VERTEX
  8
GEOMETRY_LAYER_1
  70
32
  10
550435.826
  20
77565.304
  30
43.341
  0
VERTEX
  8
GEOMETRY_LAYER_1
  70
32
  10
550437.505
  20
77570.470
  30
43.417
  0
VERTEX
  8
GEOMETRY_LAYER_1
  70
32
  10
550442.167
  20
77583.203
  30
42.808
  0
VERTEX
  8
GEOMETRY_LAYER_1
  70
32
  10
550443.527
  20
77587.537
  30
43.123
  0
VERTEX
  8
GEOMETRY_LAYER_1
  70
32
  10
550448.793
  20
77601.782
  30
43.308
  0
VERTEX
  8
GEOMETRY_LAYER_1
  70
32
  10
550475.232
  20
77685.251
  30
43.21
  0
VERTEX
  8
GEOMETRY_LAYER_1
  70
32
  10
550459.256
  20
77691.647
  30
43.22
  0
VERTEX
  8
GEOMETRY_LAYER_1
  70
32
  10
550452.502
  20
77692.752
  30
43.246
  0
VERTEX
  8
GEOMETRY_LAYER_1
  70
32
  10
550447.123
  20
77694.232
  30
42.882
  0
VERTEX
  8
GEOMETRY_LAYER_1
  70
32
  10
550443.075
  20
77695.202
  30
43.081
  0
VERTEX
  8
GEOMETRY_LAYER_1
  70
32
  10
550433.262
  20
77697.452
  30
42.902
  0
VERTEX
  8
GEOMETRY_LAYER_1
  70
32
  10
550421.823
  20
77699.862
  30
43.007
  0
VERTEX
  8
GEOMETRY_LAYER_1
  70
32
  10
550401.203
  20
77645.249
  30
43.393
  0
VERTEX
  8
GEOMETRY_LAYER_1
  70
32
  10
550398.952
  20
77636.850
  30
43.369
  0
VERTEX
  8
GEOMETRY_LAYER_1
  70
32
  10
550396.185
  20
77629.165
  30
42.993
  0
VERTEX
  8
GEOMETRY_LAYER_1
  70
32
  10
550375.921
  20
77566.575
  30
45.444
  0
VERTEX
  8
GEOMETRY_LAYER_1
  70
32
  10
550373.966
  20
77560.104
  30
45.64
  0
VERTEX
  8
GEOMETRY_LAYER_1
  70
32
  10
550371.440
  20
77551.828
  30
45.747
  0
VERTEX
  8
GEOMETRY_LAYER_1
  70
32
  10
550379.096
  20
77540.720
  30
46.044
  0
VERTEX
  8
GEOMETRY_LAYER_1
  70
32
  10
550387.180
  20
77538.956
  30
45.776
  0
VERTEX
  8
GEOMETRY_LAYER_1
  70
32
  10
550402.892
  20
77535.016
  30
45.491
  0
VERTEX
  8
GEOMETRY_LAYER_1
  70
32
  10
550412.833
  20
77550.120
  30
41.928
  0
SEQEND
  8
GEOMETRY_LAYER_1
  0
POLYLINE
  8
GEOMETRY_LAYER_1
  70
8
  66
1
 62
5
 39
1
  0
VERTEX
  8
GEOMETRY_LAYER_1
  70
32
  10
551188.435
  20
77947.773
  30
53.811
  0
VERTEX
  8
GEOMETRY_LAYER_1
  70
32
  10
551215.745
  20
77951.510
  30
52.626
  0
VERTEX
  8
GEOMETRY_LAYER_1
  70
32
  10
551234.047
  20
77945.587
  30
52.114
  0
VERTEX
  8
GEOMETRY_LAYER_1
  70
32
  10
551242.121
  20
77943.659
  30
51.511
  0
VERTEX
  8
GEOMETRY_LAYER_1
  70
32
  10
551248.237
  20
77944.186
  30
51.251
  0
VERTEX
  8
GEOMETRY_LAYER_1
  70
32
  10
551254.252
  20
77949.807
  30
51.047
  0
VERTEX
  8
GEOMETRY_LAYER_1
  70
32
  10
551259.486
  20
77957.677
  30
51.009
  0
VERTEX
  8
GEOMETRY_LAYER_1
  70
32
  10
551264.350
  20
77964.724
  30
50.943
  0
VERTEX
  8
GEOMETRY_LAYER_1
  70
32
  10
551270.821
  20
77973.270
  30
50.873
  0
VERTEX
  8
GEOMETRY_LAYER_1
  70
32
  10
551276.547
  20
77980.610
  30
50.808
  0
VERTEX
  8
GEOMETRY_LAYER_1
  70
32
  10
551283.981
  20
77982.320
  30
50.484
  0
VERTEX
  8
GEOMETRY_LAYER_1
  70
32
  10
551288.012
  20
77987.341
  30
50.369
  0
VERTEX
  8
GEOMETRY_LAYER_1
  70
32
  10
551288.591
  20
77994.302
  30
50.26
  0
VERTEX
  8
GEOMETRY_LAYER_1
  70
32
  10
551292.092
  20
78003.450
  30
50.301
  0
VERTEX
  8
GEOMETRY_LAYER_1
  70
32
  10
551295.331
  20
78007.640
  30
51.015
  0
VERTEX
  8
GEOMETRY_LAYER_1
  70
32
  10
551290.877
  20
78010.026
  30
50.755
  0
VERTEX
  8
GEOMETRY_LAYER_1
  70
32
  10
551296.780
  20
78018.295
  30
51.632
  0
VERTEX
  8
GEOMETRY_LAYER_1
  70
32
  10
551300.665
  20
78025.624
  30
52.305
  0
VERTEX
  8
GEOMETRY_LAYER_1
  70
32
  10
551302.040
  20
78031.496
  30
52.479
  0
VERTEX
  8
GEOMETRY_LAYER_1
  70
32
  10
551303.167
  20
78037.512
  30
53.129
  0
VERTEX
  8
GEOMETRY_LAYER_1
  70
32
  10
551301.645
  20
78051.326
  30
54.674
  0
VERTEX
  8
GEOMETRY_LAYER_1
  70
32
  10
551313.826
  20
78053.882
  30
53.263
  0
VERTEX
  8
GEOMETRY_LAYER_1
  70
32
  10
551315.625
  20
78053.796
  30
53.24
  0
VERTEX
  8
GEOMETRY_LAYER_1
  70
32
  10
551321.026
  20
78053.813
  30
52.642
  0
VERTEX
  8
GEOMETRY_LAYER_1
  70
32
  10
551331.388
  20
78052.831
  30
52.422
  0
VERTEX
  8
GEOMETRY_LAYER_1
  70
32
  10
551333.162
  20
78044.174
  30
52.401
  0
VERTEX
  8
GEOMETRY_LAYER_1
  70
32
  10
551331.277
  20
78035.045
  30
51.957
  0
VERTEX
  8
GEOMETRY_LAYER_1
  70
32
  10
551330.085
  20
78028.334
  30
51.891
  0
VERTEX
  8
GEOMETRY_LAYER_1
  70
32
  10
551327.300
  20
78016.673
  30
51.266
  0
VERTEX
  8
GEOMETRY_LAYER_1
  70
32
  10
551323.958
  20
78010.059
  30
50.844
  0
VERTEX
  8
GEOMETRY_LAYER_1
  70
32
  10
551324.018
  20
78005.044
  30
50.77
  0
VERTEX
  8
GEOMETRY_LAYER_1
  70
32
  10
551324.019
  20
77998.160
  30
50.611
  0
VERTEX
  8
GEOMETRY_LAYER_1
  70
32
  10
551321.058
  20
77992.793
  30
49.77
  0
VERTEX
  8
GEOMETRY_LAYER_1
  70
32
  10
551322.772
  20
77988.442
  30
49.594
  0
VERTEX
  8
GEOMETRY_LAYER_1
  70
32
  10
551328.199
  20
77978.948
  30
50.109
  0
VERTEX
  8
GEOMETRY_LAYER_1
  70
32
  10
551323.152
  20
77970.898
  30
50.186
  0
VERTEX
  8
GEOMETRY_LAYER_1
  70
32
  10
551323.716
  20
77960.321
  30
50.085
  0
VERTEX
  8
GEOMETRY_LAYER_1
  70
32
  10
551312.788
  20
77957.748
  30
50.164
  0
VERTEX
  8
GEOMETRY_LAYER_1
  70
32
  10
551309.598
  20
77955.390
  30
50.357
  0
VERTEX
  8
GEOMETRY_LAYER_1
  70
32
  10
551303.674
  20
77947.338
  30
50.335
  0
VERTEX
  8
GEOMETRY_LAYER_1
  70
32
  10
551304.373
  20
77942.998
  30
50.401
  0
VERTEX
  8
GEOMETRY_LAYER_1
  70
32
  10
551300.416
  20
77934.982
  30
50.56
  0
VERTEX
  8
GEOMETRY_LAYER_1
  70
32
  10
551294.363
  20
77926.167
  30
50.723
  0
VERTEX
  8
GEOMETRY_LAYER_1
  70
32
  10
551290.382
  20
77918.236
  30
50.654
  0
VERTEX
  8
GEOMETRY_LAYER_1
  70
32
  10
551280.642
  20
77915.140
  30
50.638
  0
VERTEX
  8
GEOMETRY_LAYER_1
  70
32
  10
551273.828
  20
77914.136
  30
50.643
  0
VERTEX
  8
GEOMETRY_LAYER_1
  70
32
  10
551265.582
  20
77907.261
  30
50.797
  0
VERTEX
  8
GEOMETRY_LAYER_1
  70
32
  10
551255.256
  20
77904.858
  30
51.152
  0
VERTEX
  8
GEOMETRY_LAYER_1
  70
32
  10
551250.284
  20
77912.987
  30
51.091
  0
VERTEX
  8
GEOMETRY_LAYER_1
  70
32
  10
551243.057
  20
77915.593
  30
51.314
  0
VERTEX
  8
GEOMETRY_LAYER_1
  70
32
  10
551240.333
  20
77920.755
  30
51.534
  0
VERTEX
  8
GEOMETRY_LAYER_1
  70
32
  10
551211.072
  20
77917.226
  30
55.209
  0
VERTEX
  8
GEOMETRY_LAYER_1
  70
32
  10
551204.351
  20
77914.311
  30
54.946
  0
VERTEX
  8
GEOMETRY_LAYER_1
  70
32
  10
551198.718
  20
77909.366
  30
54.585
  0
VERTEX
  8
GEOMETRY_LAYER_1
  70
32
  10
551183.966
  20
77902.229
  30
54.247
  0
VERTEX
  8
GEOMETRY_LAYER_1
  70
32
  10
551176.071
  20
77899.985
  30
53.954
  0
VERTEX
  8
GEOMETRY_LAYER_1
  70
32
  10
551167.656
  20
77899.345
  30
53.546
  0
VERTEX
  8
GEOMETRY_LAYER_1
  70
32
  10
551153.914
  20
77894.123
  30
53.972
  0
VERTEX
  8
GEOMETRY_LAYER_1
  70
32
  10
551144.708
  20
77892.618
  30
54.275
  0
VERTEX
  8
GEOMETRY_LAYER_1
  70
32
  10
551132.436
  20
77891.517
  30
54.396
  0
VERTEX
  8
GEOMETRY_LAYER_1
  70
32
  10
551124.718
  20
77891.233
  30
54.695
  0
VERTEX
  8
GEOMETRY_LAYER_1
  70
32
  10
551121.569
  20
77901.932
  30
54.58
  0
VERTEX
  8
GEOMETRY_LAYER_1
  70
32
  10
551125.759
  20
77909.759
  30
54.535
  0
VERTEX
  8
GEOMETRY_LAYER_1
  70
32
  10
551135.094
  20
77914.298
  30
54.514
  0
VERTEX
  8
GEOMETRY_LAYER_1
  70
32
  10
551142.893
  20
77915.654
  30
54.037
  0
VERTEX
  8
GEOMETRY_LAYER_1
  70
32
  10
551147.906
  20
77920.469
  30
53.644
  0
VERTEX
  8
GEOMETRY_LAYER_1
  70
32
  10
551146.910
  20
77926.241
  30
53.863
  0
VERTEX
  8
GEOMETRY_LAYER_1
  70
32
  10
551151.965
  20
77933.810
  30
53.703
  0
VERTEX
  8
GEOMETRY_LAYER_1
  70
32
  10
551152.493
  20
77941.635
  30
53.702
  0
VERTEX
  8
GEOMETRY_LAYER_1
  70
32
  10
551155.797
  20
77948.180
  30
53.687
  0
VERTEX
  8
GEOMETRY_LAYER_1
  70
32
  10
551154.747
  20
77953.268
  30
53.791
  0
VERTEX
  8
GEOMETRY_LAYER_1
  70
32
  10
551152.707
  20
77966.656
  30
54.163
  0
VERTEX
  8
GEOMETRY_LAYER_1
  70
32
  10
551161.578
  20
77966.366
  30
53.92
  0
VERTEX
  8
GEOMETRY_LAYER_1
  70
32
  10
551168.253
  20
77970.099
  30
54.106
  0
VERTEX
  8
GEOMETRY_LAYER_1
  70
32
  10
551175.857
  20
77959.938
  30
53.887
  0
VERTEX
  8
GEOMETRY_LAYER_1
  70
32
  10
551181.577
  20
77956.405
  30
53.724
  0
VERTEX
  8
GEOMETRY_LAYER_1
  70
32
  10
551186.226
  20
77952.539
  30
53.898
  0
VERTEX
  8
GEOMETRY_LAYER_1
  70
32
  10
551188.435
  20
77947.773
  30
53.811
  0
SEQEND
  8
GEOMETRY_LAYER_1
  0
POLYLINE
  8
GEOMETRY_LAYER_1
  70
8
  66
1
 62
5
 39
1
  0
VERTEX
  8
GEOMETRY_LAYER_1
  70
32
  10
551186.346
  20
77943.955
  30
53.811
  0
VERTEX
  8
GEOMETRY_LAYER_1
  70
32
  10
551215.428
  20
77947.933
  30
52.626
  0
VERTEX
  8
GEOMETRY_LAYER_1
  70
32
  10
551233.100
  20
77942.215
  30
52.114
  0
VERTEX
  8
GEOMETRY_LAYER_1
  70
32
  10
551241.858
  20
77940.123
  30
51.511
  0
VERTEX
  8
GEOMETRY_LAYER_1
  70
32
  10
551249.743
  20
77940.803
  30
51.251
  0
VERTEX
  8
GEOMETRY_LAYER_1
  70
32
  10
551256.940
  20
77947.529
  30
51.047
  0
VERTEX
  8
GEOMETRY_LAYER_1
  70
32
  10
551262.383
  20
77955.714
  30
51.009
  0
VERTEX
  8
GEOMETRY_LAYER_1
  70
32
  10
551267.187
  20
77962.673
  30
50.943
  0
VERTEX
  8
GEOMETRY_LAYER_1
  70
32
  10
551273.596
  20
77971.137
  30
50.873
  0
VERTEX
  8
GEOMETRY_LAYER_1
  70
32
  10
551278.542
  20
77977.477
  30
50.808
  0
VERTEX
  8
GEOMETRY_LAYER_1
  70
32
  10
551285.950
  20
77979.181
  30
50.484
  0
VERTEX
  8
GEOMETRY_LAYER_1
  70
32
  10
551291.411
  20
77985.984
  30
50.369
  0
VERTEX
  8
GEOMETRY_LAYER_1
  70
32
  10
551292.038
  20
77993.515
  30
50.26
  0
VERTEX
  8
GEOMETRY_LAYER_1
  70
32
  10
551295.177
  20
78001.718
  30
50.301
  0
VERTEX
  8
GEOMETRY_LAYER_1
  70
32
  10
551300.629
  20
78008.773
  30
51.015
  0
VERTEX
  8
GEOMETRY_LAYER_1
  70
32
  10
551296.038
  20
78011.232
  30
50.755
  0
VERTEX
  8
GEOMETRY_LAYER_1
  70
32
  10
551299.764
  20
78016.450
  30
51.632
  0
VERTEX
  8
GEOMETRY_LAYER_1
  70
32
  10
551303.970
  20
78024.385
  30
52.305
  0
VERTEX
  8
GEOMETRY_LAYER_1
  70
32
  10
551305.466
  20
78030.774
  30
52.479
  0
VERTEX
  8
GEOMETRY_LAYER_1
  70
32
  10
551306.702
  20
78037.380
  30
53.129
  0
VERTEX
  8
GEOMETRY_LAYER_1
  70
32
  10
551305.472
  20
78048.552
  30
54.674
  0
VERTEX
  8
GEOMETRY_LAYER_1
  70
32
  10
551314.107
  20
78050.364
  30
53.263
  0
VERTEX
  8
GEOMETRY_LAYER_1
  70
32
  10
551315.547
  20
78050.296
  30
53.24
  0
VERTEX
  8
GEOMETRY_LAYER_1
  70
32
  10
551320.866
  20
78050.312
  30
52.642
  0
VERTEX
  8
GEOMETRY_LAYER_1
  70
32
  10
551328.479
  20
78049.591
  30
52.422
  0
VERTEX
  8
GEOMETRY_LAYER_1
  70
32
  10
551329.589
  20
78044.177
  30
52.401
  0
VERTEX
  8
GEOMETRY_LAYER_1
  70
32
  10
551327.840
  20
78035.705
  30
51.957
  0
VERTEX
  8
GEOMETRY_LAYER_1
  70
32
  10
551326.656
  20
78029.047
  30
51.891
  0
VERTEX
  8
GEOMETRY_LAYER_1
  70
32
  10
551323.991
  20
78017.885
  30
51.266
  0
VERTEX
  8
GEOMETRY_LAYER_1
  70
32
  10
551320.447
  20
78010.874
  30
50.844
  0
VERTEX
  8
GEOMETRY_LAYER_1
  70
32
  10
551320.518
  20
78005.022
  30
50.77
  0
VERTEX
  8
GEOMETRY_LAYER_1
  70
32
  10
551320.519
  20
77999.061
  30
50.611
  0
VERTEX
  8
GEOMETRY_LAYER_1
  70
32
  10
551317.198
  20
77993.042
  30
49.77
  0
VERTEX
  8
GEOMETRY_LAYER_1
  70
32
  10
551319.608
  20
77986.925
  30
49.594
  0
VERTEX
  8
GEOMETRY_LAYER_1
  70
32
  10
551324.120
  20
77979.031
  30
50.109
  0
VERTEX
  8
GEOMETRY_LAYER_1
  70
32
  10
551319.597
  20
77971.818
  30
50.186
  0
VERTEX
  8
GEOMETRY_LAYER_1
  70
32
  10
551320.065
  20
77963.057
  30
50.085
  0
VERTEX
  8
GEOMETRY_LAYER_1
  70
32
  10
551311.286
  20
77960.990
  30
50.164
  0
VERTEX
  8
GEOMETRY_LAYER_1
  70
32
  10
551307.092
  20
77957.890
  30
50.357
  0
VERTEX
  8
GEOMETRY_LAYER_1
  70
32
  10
551299.986
  20
77948.230
  30
50.335
  0
VERTEX
  8
GEOMETRY_LAYER_1
  70
32
  10
551300.740
  20
77943.545
  30
50.401
  0
VERTEX
  8
GEOMETRY_LAYER_1
  70
32
  10
551297.389
  20
77936.757
  30
50.56
  0
VERTEX
  8
GEOMETRY_LAYER_1
  70
32
  10
551291.342
  20
77927.951
  30
50.723
  0
VERTEX
  8
GEOMETRY_LAYER_1
  70
32
  10
551287.916
  20
77921.125
  30
50.654
  0
VERTEX
  8
GEOMETRY_LAYER_1
  70
32
  10
551279.852
  20
77918.561
  30
50.638
  0
VERTEX
  8
GEOMETRY_LAYER_1
  70
32
  10
551272.343
  20
77917.456
  30
50.643
  0
VERTEX
  8
GEOMETRY_LAYER_1
  70
32
  10
551263.979
  20
77910.481
  30
50.797
  0
VERTEX
  8
GEOMETRY_LAYER_1
  70
32
  10
551256.924
  20
77908.840
  30
51.152
  0
VERTEX
  8
GEOMETRY_LAYER_1
  70
32
  10
551252.628
  20
77915.862
  30
51.091
  0
VERTEX
  8
GEOMETRY_LAYER_1
  70
32
  10
551245.520
  20
77918.426
  30
51.314
  0
VERTEX
  8
GEOMETRY_LAYER_1
  70
32
  10
551242.304
  20
77924.517
  30
51.534
  0
VERTEX
  8
GEOMETRY_LAYER_1
  70
32
  10
551210.148
  20
77920.640
  30
55.209
  0
VERTEX
  8
GEOMETRY_LAYER_1
  70
32
  10
551202.454
  20
77917.303
  30
54.946
  0
VERTEX
  8
GEOMETRY_LAYER_1
  70
32
  10
551196.766
  20
77912.309
  30
54.585
  0
VERTEX
  8
GEOMETRY_LAYER_1
  70
32
  10
551182.716
  20
77905.512
  30
54.247
  0
VERTEX
  8
GEOMETRY_LAYER_1
  70
32
  10
551175.454
  20
77903.448
  30
53.954
  0
VERTEX
  8
GEOMETRY_LAYER_1
  70
32
  10
551166.886
  20
77902.797
  30
53.546
  0
VERTEX
  8
GEOMETRY_LAYER_1
  70
32
  10
551153.001
  20
77897.520
  30
53.972
  0
VERTEX
  8
GEOMETRY_LAYER_1
  70
32
  10
551144.269
  20
77896.093
  30
54.275
  0
VERTEX
  8
GEOMETRY_LAYER_1
  70
32
  10
551132.215
  20
77895.011
  30
54.396
  0
VERTEX
  8
GEOMETRY_LAYER_1
  70
32
  10
551127.308
  20
77894.831
  30
54.695
  0
VERTEX
  8
GEOMETRY_LAYER_1
  70
32
  10
551125.332
  20
77901.545
  30
54.58
  0
VERTEX
  8
GEOMETRY_LAYER_1
  70
32
  10
551128.310
  20
77907.107
  30
54.535
  0
VERTEX
  8
GEOMETRY_LAYER_1
  70
32
  10
551136.180
  20
77910.934
  30
54.514
  0
VERTEX
  8
GEOMETRY_LAYER_1
  70
32
  10
551144.545
  20
77912.389
  30
54.037
  0
VERTEX
  8
GEOMETRY_LAYER_1
  70
32
  10
551151.672
  20
77919.231
  30
53.644
  0
VERTEX
  8
GEOMETRY_LAYER_1
  70
32
  10
551150.597
  20
77925.460
  30
53.863
  0
VERTEX
  8
GEOMETRY_LAYER_1
  70
32
  10
551155.394
  20
77932.643
  30
53.703
  0
VERTEX
  8
GEOMETRY_LAYER_1
  70
32
  10
551155.938
  20
77940.691
  30
53.702
  0
VERTEX
  8
GEOMETRY_LAYER_1
  70
32
  10
551159.471
  20
77947.693
  30
53.687
  0
VERTEX
  8
GEOMETRY_LAYER_1
  70
32
  10
551158.193
  20
77953.885
  30
53.791
  0
VERTEX
  8
GEOMETRY_LAYER_1
  70
32
  10
551156.802
  20
77963.020
  30
54.163
  0
VERTEX
  8
GEOMETRY_LAYER_1
  70
32
  10
551162.437
  20
77962.836
  30
53.92
  0
VERTEX
  8
GEOMETRY_LAYER_1
  70
32
  10
551167.287
  20
77965.549
  30
54.106
  0
VERTEX
  8
GEOMETRY_LAYER_1
  70
32
  10
551173.452
  20
77957.309
  30
53.887
  0
VERTEX
  8
GEOMETRY_LAYER_1
  70
32
  10
551179.528
  20
77953.556
  30
53.724
  0
VERTEX
  8
GEOMETRY_LAYER_1
  70
32
  10
551183.382
  20
77950.352
  30
53.898
  0
VERTEX
  8
GEOMETRY_LAYER_1
  70
32
  10
551186.346
  20
77943.955
  30
53.811
  0
SEQEND
  8
GEOMETRY_LAYER_1
  0
POLYLINE
  8
GEOMETRY_LAYER_1
  70
8
  66
1
 62
5
 39
1
  0
VERTEX
  8
GEOMETRY_LAYER_1
  70
32
  10
551047.021
  20
77092.997
  30
5.12
  0
VERTEX
  8
GEOMETRY_LAYER_1
  70
32
  10
551044.848
  20
77084.548
  30
5.301
  0
VERTEX
  8
GEOMETRY_LAYER_1
  70
32
  10
551042.185
  20
77079.320
  30
5.414
  0
VERTEX
  8
GEOMETRY_LAYER_1
  70
32
  10
551040.456
  20
77070.086
  30
5.444
  0
VERTEX
  8
GEOMETRY_LAYER_1
  70
32
  10
551035.616
  20
77075.142
  30
5.26
  0
VERTEX
  8
GEOMETRY_LAYER_1
  70
32
  10
551030.775
  20
77080.198
  30
5.075
  0
VERTEX
  8
GEOMETRY_LAYER_1
  70
32
  10
551025.934
  20
77085.255
  30
4.89
  0
VERTEX
  8
GEOMETRY_LAYER_1
  70
32
  10
551021.093
  20
77090.310
  30
4.706
  0
VERTEX
  8
GEOMETRY_LAYER_1
  70
32
  10
551024.059
  20
77103.486
  30
4.355
  0
VERTEX
  8
GEOMETRY_LAYER_1
  70
32
  10
551027.025
  20
77116.662
  30
4.003
  0
VERTEX
  8
GEOMETRY_LAYER_1
  70
32
  10
551029.991
  20
77129.838
  30
3.652
  0
VERTEX
  8
GEOMETRY_LAYER_1
  70
32
  10
551032.957
  20
77143.014
  30
3.301
  0
VERTEX
  8
GEOMETRY_LAYER_1
  70
32
  10
551035.183
  20
77140.940
  30
3.691
  0
VERTEX
  8
GEOMETRY_LAYER_1
  70
32
  10
551037.410
  20
77138.868
  30
4.081
  0
VERTEX
  8
GEOMETRY_LAYER_1
  70
32
  10
551042.083
  20
77136.364
  30
5.569
  0
VERTEX
  8
GEOMETRY_LAYER_1
  70
32
  10
551043.081
  20
77138.462
  30
5.51
  0
VERTEX
  8
GEOMETRY_LAYER_1
  70
32
  10
551061.846
  20
77207.515
  30
2.457
  0
VERTEX
  8
GEOMETRY_LAYER_1
  70
32
  10
551063.684
  20
77214.729
  30
2.656
  0
VERTEX
  8
GEOMETRY_LAYER_1
  70
32
  10
551072.934
  20
77212.348
  30
3.039
  0
VERTEX
  8
GEOMETRY_LAYER_1
  70
32
  10
551063.355
  20
77179.520
  30
4.409
  0
VERTEX
  8
GEOMETRY_LAYER_1
  70
32
  10
551058.707
  20
77163.260
  30
4.781
  0
VERTEX
  8
GEOMETRY_LAYER_1
  70
32
  10
551054.059
  20
77146.998
  30
5.152
  0
VERTEX
  8
GEOMETRY_LAYER_1
  70
32
  10
551049.412
  20
77130.737
  30
5.524
  0
VERTEX
  8
GEOMETRY_LAYER_1
  70
32
  10
551052.257
  20
77118.852
  30
3.648
  0
VERTEX
  8
GEOMETRY_LAYER_1
  70
32
  10
551051.047
  20
77110.557
  30
3.881
  0
VERTEX
  8
GEOMETRY_LAYER_1
  70
32
  10
551049.132
  20
77101.653
  30
4.443
  0
VERTEX
  8
GEOMETRY_LAYER_1
  70
32
  10
551047.021
  20
77092.997
  30
5.12
  0
SEQEND
  8
GEOMETRY_LAYER_1
  0
POLYLINE
  8
GEOMETRY_LAYER_1
  70
8
  66
1
 62
5
 39
1
  0
VERTEX
  8
GEOMETRY_LAYER_1
  70
32
  10
551050.411
  20
77092.125
  30
5.12
  0
VERTEX
  8
GEOMETRY_LAYER_1
  70
32
  10
551048.142
  20
77083.303
  30
5.301
  0
VERTEX
  8
GEOMETRY_LAYER_1
  70
32
  10
551045.532
  20
77078.181
  30
5.414
  0
VERTEX
  8
GEOMETRY_LAYER_1
  70
32
  10
551042.643
  20
77062.742
  30
5.444
  0
VERTEX
  8
GEOMETRY_LAYER_1
  70
32
  10
551033.087
  20
77072.722
  30
5.26
  0
VERTEX
  8
GEOMETRY_LAYER_1
  70
32
  10
551028.246
  20
77077.778
  30
5.075
  0
VERTEX
  8
GEOMETRY_LAYER_1
  70
32
  10
551023.405
  20
77082.834
  30
4.89
  0
VERTEX
  8
GEOMETRY_LAYER_1
  70
32
  10
551017.266
  20
77089.247
  30
4.706
  0
VERTEX
  8
GEOMETRY_LAYER_1
  70
32
  10
551020.644
  20
77104.255
  30
4.355
  0
VERTEX
  8
GEOMETRY_LAYER_1
  70
32
  10
551023.610
  20
77117.431
  30
4.003
  0
VERTEX
  8
GEOMETRY_LAYER_1
  70
32
  10
551026.576
  20
77130.606
  30
3.652
  0
VERTEX
  8
GEOMETRY_LAYER_1
  70
32
  10
551030.881
  20
77149.728
  30
3.301
  0
VERTEX
  8
GEOMETRY_LAYER_1
  70
32
  10
551037.568
  20
77143.503
  30
3.691
  0
VERTEX
  8
GEOMETRY_LAYER_1
  70
32
  10
551039.462
  20
77141.739
  30
4.081
  0
VERTEX
  8
GEOMETRY_LAYER_1
  70
32
  10
551040.500
  20
77141.183
  30
5.569
  0
VERTEX
  8
GEOMETRY_LAYER_1
  70
32
  10
551058.461
  20
77208.406
  30
2.457
  0
VERTEX
  8
GEOMETRY_LAYER_1
  70
32
  10
551061.159
  20
77218.994
  30
2.656
  0
VERTEX
  8
GEOMETRY_LAYER_1
  70
32
  10
551077.306
  20
77214.836
  30
3.039
  0
VERTEX
  8
GEOMETRY_LAYER_1
  70
32
  10
551066.717
  20
77178.550
  30
4.409
  0
VERTEX
  8
GEOMETRY_LAYER_1
  70
32
  10
551062.072
  20
77162.298
  30
4.781
  0
VERTEX
  8
GEOMETRY_LAYER_1
  70
32
  10
551057.425
  20
77146.036
  30
5.152
  0
VERTEX
  8
GEOMETRY_LAYER_1
  70
32
  10
551053.029
  20
77130.659
  30
5.524
  0
VERTEX
  8
GEOMETRY_LAYER_1
  70
32
  10
551055.818
  20
77119.014
  30
3.648
  0
VERTEX
  8
GEOMETRY_LAYER_1
  70
32
  10
551054.494
  20
77109.935
  30
3.881
  0
VERTEX
  8
GEOMETRY_LAYER_1
  70
32
  10
551052.554
  20
77100.917
  30
4.443
  0
VERTEX
  8
GEOMETRY_LAYER_1
  70
32
  10
551050.411
  20
77092.125
  30
5.12
  0
SEQEND
  8
GEOMETRY_LAYER_1
  0
POLYLINE
  8
GEOMETRY_LAYER_1
  70
8
  66
1
 62
1
 39
1
  0
VERTEX
  8
GEOMETRY_LAYER_1
  70
32
  10
550645.785
  20
77803.278
  30
41.678
  0
VERTEX
  8
GEOMETRY_LAYER_1
  70
32
  10
550643.409
  20
77794.424
  30
41.605
  0
VERTEX
  8
GEOMETRY_LAYER_1
  70
32
  10
550640.057
  20
77784.773
  30
41.532
  0
VERTEX
  8
GEOMETRY_LAYER_1
  70
32
  10
550637.563
  20
77775.724
  30
41.316
  0
VERTEX
  8
GEOMETRY_LAYER_1
  70
32
  10
550635.157
  20
77768.321
  30
41.307
  0
VERTEX
  8
GEOMETRY_LAYER_1
  70
32
  10
550632.848
  20
77759.576
  30
41.332
  0
VERTEX
  8
GEOMETRY_LAYER_1
  70
32
  10
550628.096
  20
77747.983
  30
41.454
  0
VERTEX
  8
GEOMETRY_LAYER_1
  70
32
  10
550619.270
  20
77756.547
  30
41.256
  0
VERTEX
  8
GEOMETRY_LAYER_1
  70
32
  10
550608.575
  20
77756.457
  30
41.583
  0
VERTEX
  8
GEOMETRY_LAYER_1
  70
32
  10
550610.852
  20
77769.359
  30
41.506
  0
VERTEX
  8
GEOMETRY_LAYER_1
  70
32
  10
550607.355
  20
77777.727
  30
41.415
  0
VERTEX
  8
GEOMETRY_LAYER_1
  70
32
  10
550601.558
  20
77781.447
  30
41.586
  0
VERTEX
  8
GEOMETRY_LAYER_1
  70
32
  10
550600.205
  20
77784.594
  30
41.493
  0
VERTEX
  8
GEOMETRY_LAYER_1
  70
32
  10
550602.988
  20
77793.606
  30
41.075
  0
VERTEX
  8
GEOMETRY_LAYER_1
  70
32
  10
550602.129
  20
77797.641
  30
41.119
  0
VERTEX
  8
GEOMETRY_LAYER_1
  70
32
  10
550604.890
  20
77806.546
  30
41.353
  0
VERTEX
  8
GEOMETRY_LAYER_1
  70
32
  10
550606.868
  20
77815.442
  30
41.532
  0
VERTEX
  8
GEOMETRY_LAYER_1
  70
32
  10
550609.884
  20
77824.361
  30
41.608
  0
VERTEX
  8
GEOMETRY_LAYER_1
  70
32
  10
550614.309
  20
77833.607
  30
41.714
  0
VERTEX
  8
GEOMETRY_LAYER_1
  70
32
  10
550619.931
  20
77839.481
  30
41.778
  0
VERTEX
  8
GEOMETRY_LAYER_1
  70
32
  10
550625.996
  20
77840.696
  30
41.991
  0
VERTEX
  8
GEOMETRY_LAYER_1
  70
32
  10
550629.603
  20
77848.929
  30
42.364
  0
VERTEX
  8
GEOMETRY_LAYER_1
  70
32
  10
550634.443
  20
77852.051
  30
42.462
  0
VERTEX
  8
GEOMETRY_LAYER_1
  70
32
  10
550635.987
  20
77859.580
  30
42.582
  0
VERTEX
  8
GEOMETRY_LAYER_1
  70
32
  10
550638.560
  20
77869.077
  30
43.155
  0
VERTEX
  8
GEOMETRY_LAYER_1
  70
32
  10
550640.500
  20
77878.369
  30
43.057
  0
VERTEX
  8
GEOMETRY_LAYER_1
  70
32
  10
550643.475
  20
77888.972
  30
43.578
  0
VERTEX
  8
GEOMETRY_LAYER_1
  70
32
  10
550654.444
  20
77892.983
  30
44.112
  0
VERTEX
  8
GEOMETRY_LAYER_1
  70
32
  10
550667.719
  20
77897.539
  30
43.951
  0
VERTEX
  8
GEOMETRY_LAYER_1
  70
32
  10
550651.071
  20
77818.675
  30
41.196
  0
VERTEX
  8
GEOMETRY_LAYER_1
  70
32
  10
550650.633
  20
77817.171
  30
41.224
  0
VERTEX
  8
GEOMETRY_LAYER_1
  70
32
  10
550650.232
  20
77815.794
  30
41.252
  0
VERTEX
  8
GEOMETRY_LAYER_1
  70
32
  10
550649.831
  20
77814.416
  30
41.28
  0
VERTEX
  8
GEOMETRY_LAYER_1
  70
32
  10
550649.430
  20
77813.039
  30
41.307
  0
VERTEX
  8
GEOMETRY_LAYER_1
  70
32
  10
550649.029
  20
77811.661
  30
41.335
  0
VERTEX
  8
GEOMETRY_LAYER_1
  70
32
  10
550648.628
  20
77810.284
  30
41.363
  0
VERTEX
  8
GEOMETRY_LAYER_1
  70
32
  10
550645.785
  20
77803.278
  30
41.678
  0
SEQEND
  8
GEOMETRY_LAYER_1
  0
POLYLINE
  8
GEOMETRY_LAYER_1
  70
8
  66
1
 62
1
 39
1
  0
VERTEX
  8
GEOMETRY_LAYER_1
  70
32
  10
550642.404
  20
77804.185
  30
41.678
  0
VERTEX
  8
GEOMETRY_LAYER_1
  70
32
  10
550640.061
  20
77795.453
  30
41.605
  0
VERTEX
  8
GEOMETRY_LAYER_1
  70
32
  10
550636.713
  20
77785.813
  30
41.532
  0
VERTEX
  8
GEOMETRY_LAYER_1
  70
32
  10
550634.210
  20
77776.730
  30
41.316
  0
VERTEX
  8
GEOMETRY_LAYER_1
  70
32
  10
550631.798
  20
77769.310
  30
41.307
  0
VERTEX
  8
GEOMETRY_LAYER_1
  70
32
  10
550629.522
  20
77760.691
  30
41.332
  0
VERTEX
  8
GEOMETRY_LAYER_1
  70
32
  10
550626.820
  20
77754.098
  30
41.454
  0
VERTEX
  8
GEOMETRY_LAYER_1
  70
32
  10
550620.677
  20
77760.058
  30
41.256
  0
VERTEX
  8
GEOMETRY_LAYER_1
  70
32
  10
550612.753
  20
77759.992
  30
41.583
  0
VERTEX
  8
GEOMETRY_LAYER_1
  70
32
  10
550614.477
  20
77769.761
  30
41.506
  0
VERTEX
  8
GEOMETRY_LAYER_1
  70
32
  10
550610.164
  20
77780.084
  30
41.415
  0
VERTEX
  8
GEOMETRY_LAYER_1
  70
32
  10
550604.350
  20
77783.814
  30
41.586
  0
VERTEX
  8
GEOMETRY_LAYER_1
  70
32
  10
550603.929
  20
77784.794
  30
41.493
  0
VERTEX
  8
GEOMETRY_LAYER_1
  70
32
  10
550606.601
  20
77793.444
  30
41.075
  0
VERTEX
  8
GEOMETRY_LAYER_1
  70
32
  10
550605.742
  20
77797.477
  30
41.119
  0
VERTEX
  8
GEOMETRY_LAYER_1
  70
32
  10
550608.275
  20
77805.646
  30
41.353
  0
VERTEX
  8
GEOMETRY_LAYER_1
  70
32
  10
550610.244
  20
77814.499
  30
41.532
  0
VERTEX
  8
GEOMETRY_LAYER_1
  70
32
  10
550613.132
  20
77823.041
  30
41.608
  0
VERTEX
  8
GEOMETRY_LAYER_1
  70
32
  10
550617.224
  20
77831.592
  30
41.714
  0
VERTEX
  8
GEOMETRY_LAYER_1
  70
32
  10
550621.698
  20
77836.265
  30
41.778
  0
VERTEX
  8
GEOMETRY_LAYER_1
  70
32
  10
550628.470
  20
77837.622
  30
41.991
  0
VERTEX
  8
GEOMETRY_LAYER_1
  70
32
  10
550632.386
  20
77846.559
  30
42.364
  0
VERTEX
  8
GEOMETRY_LAYER_1
  70
32
  10
550637.576
  20
77849.907
  30
42.462
  0
VERTEX
  8
GEOMETRY_LAYER_1
  70
32
  10
550639.393
  20
77858.770
  30
42.582
  0
VERTEX
  8
GEOMETRY_LAYER_1
  70
32
  10
550641.965
  20
77868.261
  30
43.155
  0
VERTEX
  8
GEOMETRY_LAYER_1
  70
32
  10
550643.901
  20
77877.537
  30
43.057
  0
VERTEX
  8
GEOMETRY_LAYER_1
  70
32
  10
550646.360
  20
77886.301
  30
43.578
  0
VERTEX
  8
GEOMETRY_LAYER_1
  70
32
  10
550655.613
  20
77889.684
  30
44.112
  0
VERTEX
  8
GEOMETRY_LAYER_1
  70
32
  10
550663.021
  20
77892.225
  30
43.951
  0
VERTEX
  8
GEOMETRY_LAYER_1
  70
32
  10
550647.674
  20
77819.527
  30
41.196
  0
VERTEX
  8
GEOMETRY_LAYER_1
  70
32
  10
550647.273
  20
77818.149
  30
41.224
  0
VERTEX
  8
GEOMETRY_LAYER_1
  70
32
  10
550646.872
  20
77816.771
  30
41.252
  0
VERTEX
  8
GEOMETRY_LAYER_1
  70
32
  10
550646.471
  20
77815.394
  30
41.28
  0
VERTEX
  8
GEOMETRY_LAYER_1
  70
32
  10
550646.070
  20
77814.016
  30
41.307
  0
VERTEX
  8
GEOMETRY_LAYER_1
  70
32
  10
550645.669
  20
77812.639
  30
41.335
  0
VERTEX
  8
GEOMETRY_LAYER_1
  70
32
  10
550645.268
  20
77811.261
  30
41.363
  0
VERTEX
  8
GEOMETRY_LAYER_1
  70
32
  10
550642.404
  20
77804.185
  30
41.678
  0
SEQEND
  8
GEOMETRY_LAYER_1
  0
POLYLINE
  8
GEOMETRY_LAYER_1
  70
8
  66
1
 62
1
 39
1
  0
VERTEX
  8
GEOMETRY_LAYER_1
  70
32
  10
550775.816
  20
63702.244
  30
-35.292
  0
VERTEX
  8
GEOMETRY_LAYER_1
  70
32
  10
550785.806
  20
63696.841
  30
-34.843
  0
VERTEX
  8
GEOMETRY_LAYER_1
  70
32
  10
550790.988
  20
63692.693
  30
-34.467
  0
VERTEX
  8
GEOMETRY_LAYER_1
  70
32
  10
550800.636
  20
63690.769
  30
-33.908
  0
VERTEX
  8
GEOMETRY_LAYER_1
  70
32
  10
550806.597
  20
63684.488
  30
-33.222
  0
VERTEX
  8
GEOMETRY_LAYER_1
  70
32
  10
550818.866
  20
63677.796
  30
-31.865
  0
VERTEX
  8
GEOMETRY_LAYER_1
  70
32
  10
550820.823
  20
63671.093
  30
-31.877
  0
VERTEX
  8
GEOMETRY_LAYER_1
  70
32
  10
550820.912
  20
63650.320
  30
-31.588
  0
VERTEX
  8
GEOMETRY_LAYER_1
  70
32
  10
550801.008
  20
63654.530
  30
-32.697
  0
VERTEX
  8
GEOMETRY_LAYER_1
  70
32
  10
550796.349
  20
63658.923
  30
-33.129
  0
VERTEX
  8
GEOMETRY_LAYER_1
  70
32
  10
550789.950
  20
63661.182
  30
-33.655
  0
VERTEX
  8
GEOMETRY_LAYER_1
  70
32
  10
550784.744
  20
63667.484
  30
-34.248
  0
VERTEX
  8
GEOMETRY_LAYER_1
  70
32
  10
550780.212
  20
63671.669
  30
-34.659
  0
VERTEX
  8
GEOMETRY_LAYER_1
  70
32
  10
550775.676
  20
63675.647
  30
-35.228
  0
VERTEX
  8
GEOMETRY_LAYER_1
  70
32
  10
550767.019
  20
63681.093
  30
-35.726
  0
VERTEX
  8
GEOMETRY_LAYER_1
  70
32
  10
550746.840
  20
63684.440
  30
-36.431
  0
VERTEX
  8
GEOMETRY_LAYER_1
  70
32
  10
550740.598
  20
63685.509
  30
-36.366
  0
VERTEX
  8
GEOMETRY_LAYER_1
  70
32
  10
550735.844
  20
63685.727
  30
-36.485
  0
VERTEX
  8
GEOMETRY_LAYER_1
  70
32
  10
550726.365
  20
63685.166
  30
-36.425
  0
VERTEX
  8
GEOMETRY_LAYER_1
  70
32
  10
550709.142
  20
63689.994
  30
-37.438
  0
VERTEX
  8
GEOMETRY_LAYER_1
  70
32
  10
550700.120
  20
63688.604
  30
-38.744
  0
VERTEX
  8
GEOMETRY_LAYER_1
  70
32
  10
550692.292
  20
63688.221
  30
-39.308
  0
VERTEX
  8
GEOMETRY_LAYER_1
  70
32
  10
550683.076
  20
63687.047
  30
-40.229
  0
VERTEX
  8
GEOMETRY_LAYER_1
  70
32
  10
550676.285
  20
63685.887
  30
-40.521
  0
VERTEX
  8
GEOMETRY_LAYER_1
  70
32
  10
550669.046
  20
63683.905
  30
-40.807
  0
VERTEX
  8
GEOMETRY_LAYER_1
  70
32
  10
550661.339
  20
63680.094
  30
-41.463
  0
VERTEX
  8
GEOMETRY_LAYER_1
  70
32
  10
550651.279
  20
63676.855
  30
-41.548
  0
VERTEX
  8
GEOMETRY_LAYER_1
  70
32
  10
550644.833
  20
63689.982
  30
-46.794
  0
VERTEX
  8
GEOMETRY_LAYER_1
  70
32
  10
550649.400
  20
63696.666
  30
-46.422
  0
VERTEX
  8
GEOMETRY_LAYER_1
  70
32
  10
550660.416
  20
63698.488
  30
-41.226
  0
VERTEX
  8
GEOMETRY_LAYER_1
  70
32
  10
550667.238
  20
63700.583
  30
-40.65
  0
VERTEX
  8
GEOMETRY_LAYER_1
  70
32
  10
550674.806
  20
63701.441
  30
-40.732
  0
VERTEX
  8
GEOMETRY_LAYER_1
  70
32
  10
550682.961
  20
63704.379
  30
-38.885
  0
VERTEX
  8
GEOMETRY_LAYER_1
  70
32
  10
550691.331
  20
63706.357
  30
-38.683
  0
VERTEX
  8
GEOMETRY_LAYER_1
  70
32
  10
550697.037
  20
63707.940
  30
-37.893
  0
VERTEX
  8
GEOMETRY_LAYER_1
  70
32
  10
550711.403
  20
63706.885
  30
-36.731
  0
VERTEX
  8
GEOMETRY_LAYER_1
  70
32
  10
550720.954
  20
63708.971
  30
-37.043
  0
VERTEX
  8
GEOMETRY_LAYER_1
  70
32
  10
550727.649
  20
63710.240
  30
-36.318
  0
VERTEX
  8
GEOMETRY_LAYER_1
  70
32
  10
550736.714
  20
63711.343
  30
-35.624
  0
VERTEX
  8
GEOMETRY_LAYER_1
  70
32
  10
550751.040
  20
63710.167
  30
-35.832
  0
VERTEX
  8
GEOMETRY_LAYER_1
  70
32
  10
550768.710
  20
63704.540
  30
-35.607
  0
VERTEX
  8
GEOMETRY_LAYER_1
  70
32
  10
550775.816
  20
63702.244
  30
-35.292
  0
SEQEND
  8
GEOMETRY_LAYER_1
  0
POLYLINE
  8
GEOMETRY_LAYER_1
  70
8
  66
1
 62
1
 39
1
  0
VERTEX
  8
GEOMETRY_LAYER_1
  70
32
  10
550774.151
  20
63699.164
  30
-35.292
  0
VERTEX
  8
GEOMETRY_LAYER_1
  70
32
  10
550783.864
  20
63693.913
  30
-34.843
  0
VERTEX
  8
GEOMETRY_LAYER_1
  70
32
  10
550789.467
  20
63689.427
  30
-34.467
  0
VERTEX
  8
GEOMETRY_LAYER_1
  70
32
  10
550798.862
  20
63687.554
  30
-33.908
  0
VERTEX
  8
GEOMETRY_LAYER_1
  70
32
  10
550804.438
  20
63681.679
  30
-33.222
  0
VERTEX
  8
GEOMETRY_LAYER_1
  70
32
  10
550815.914
  20
63675.420
  30
-31.865
  0
VERTEX
  8
GEOMETRY_LAYER_1
  70
32
  10
550817.325
  20
63670.585
  30
-31.877
  0
VERTEX
  8
GEOMETRY_LAYER_1
  70
32
  10
550817.393
  20
63654.641
  30
-31.588
  0
VERTEX
  8
GEOMETRY_LAYER_1
  70
32
  10
550802.694
  20
63657.750
  30
-32.697
  0
VERTEX
  8
GEOMETRY_LAYER_1
  70
32
  10
550798.212
  20
63661.977
  30
-33.129
  0
VERTEX
  8
GEOMETRY_LAYER_1
  70
32
  10
550792.031
  20
63664.160
  30
-33.655
  0
VERTEX
  8
GEOMETRY_LAYER_1
  70
32
  10
550787.292
  20
63669.895
  30
-34.248
  0
VERTEX
  8
GEOMETRY_LAYER_1
  70
32
  10
550782.554
  20
63674.271
  30
-34.659
  0
VERTEX
  8
GEOMETRY_LAYER_1
  70
32
  10
550777.775
  20
63678.461
  30
-35.228
  0
VERTEX
  8
GEOMETRY_LAYER_1
  70
32
  10
550768.287
  20
63684.431
  30
-35.726
  0
VERTEX
  8
GEOMETRY_LAYER_1
  70
32
  10
550747.421
  20
63687.891
  30
-36.431
  0
VERTEX
  8
GEOMETRY_LAYER_1
  70
32
  10
550740.975
  20
63688.996
  30
-36.366
  0
VERTEX
  8
GEOMETRY_LAYER_1
  70
32
  10
550735.820
  20
63689.232
  30
-36.485
  0
VERTEX
  8
GEOMETRY_LAYER_1
  70
32
  10
550726.745
  20
63688.695
  30
-36.425
  0
VERTEX
  8
GEOMETRY_LAYER_1
  70
32
  10
550709.357
  20
63693.568
  30
-37.438
  0
VERTEX
  8
GEOMETRY_LAYER_1
  70
32
  10
550699.767
  20
63692.091
  30
-38.744
  0
VERTEX
  8
GEOMETRY_LAYER_1
  70
32
  10
550691.985
  20
63691.710
  30
-39.308
  0
VERTEX
  8
GEOMETRY_LAYER_1
  70
32
  10
550682.560
  20
63690.510
  30
-40.229
  0
VERTEX
  8
GEOMETRY_LAYER_1
  70
32
  10
550675.526
  20
63689.308
  30
-40.521
  0
VERTEX
  8
GEOMETRY_LAYER_1
  70
32
  10
550667.797
  20
63687.192
  30
-40.807
  0
VERTEX
  8
GEOMETRY_LAYER_1
  70
32
  10
550660.019
  20
63683.346
  30
-41.463
  0
VERTEX
  8
GEOMETRY_LAYER_1
  70
32
  10
550653.087
  20
63681.114
  30
-41.548
  0
VERTEX
  8
GEOMETRY_LAYER_1
  70
32
  10
550648.874
  20
63689.693
  30
-46.794
  0
VERTEX
  8
GEOMETRY_LAYER_1
  70
32
  10
550651.446
  20
63693.457
  30
-46.422
  0
VERTEX
  8
GEOMETRY_LAYER_1
  70
32
  10
550661.219
  20
63695.073
  30
-41.226
  0
VERTEX
  8
GEOMETRY_LAYER_1
  70
32
  10
550667.955
  20
63697.142
  30
-40.65
  0
VERTEX
  8
GEOMETRY_LAYER_1
  70
32
  10
550675.607
  20
63698.009
  30
-40.732
  0
VERTEX
  8
GEOMETRY_LAYER_1
  70
32
  10
550683.960
  20
63701.019
  30
-38.885
  0
VERTEX
  8
GEOMETRY_LAYER_1
  70
32
  10
550692.202
  20
63702.966
  30
-38.683
  0
VERTEX
  8
GEOMETRY_LAYER_1
  70
32
  10
550697.387
  20
63704.405
  30
-37.893
  0
VERTEX
  8
GEOMETRY_LAYER_1
  70
32
  10
550711.653
  20
63703.358
  30
-36.731
  0
VERTEX
  8
GEOMETRY_LAYER_1
  70
32
  10
550721.654
  20
63705.541
  30
-37.043
  0
VERTEX
  8
GEOMETRY_LAYER_1
  70
32
  10
550728.186
  20
63706.780
  30
-36.318
  0
VERTEX
  8
GEOMETRY_LAYER_1
  70
32
  10
550736.783
  20
63707.826
  30
-35.624
  0
VERTEX
  8
GEOMETRY_LAYER_1
  70
32
  10
550750.357
  20
63706.711
  30
-35.832
  0
VERTEX
  8
GEOMETRY_LAYER_1
  70
32
  10
550767.648
  20
63701.205
  30
-35.607
  0
VERTEX
  8
GEOMETRY_LAYER_1
  70
32
  10
550774.151
  20
63699.164
  30
-35.292
  0
SEQEND
  8
GEOMETRY_LAYER_1
  0
POLYLINE
  8
GEOMETRY_LAYER_1
  70
8
  66
1
 62
3
 39
1
  0
VERTEX
  8
GEOMETRY_LAYER_1
  70
32
  10
550391.743
  20
63871.380
  30
-35.889
  0
VERTEX
  8
GEOMETRY_LAYER_1
  70
32
  10
550389.883
  20
63866.969
  30
-35.927
  0
VERTEX
  8
GEOMETRY_LAYER_1
  70
32
  10
550391.281
  20
63861.407
  30
-36.003
  0
VERTEX
  8
GEOMETRY_LAYER_1
  70
32
  10
550390.898
  20
63858.266
  30
-36.078
  0
VERTEX
  8
GEOMETRY_LAYER_1
  70
32
  10
550388.414
  20
63845.641
  30
-36.382
  0
VERTEX
  8
GEOMETRY_LAYER_1
  70
32
  10
550381.187
  20
63850.172
  30
-36.558
  0
VERTEX
  8
GEOMETRY_LAYER_1
  70
32
  10
550376.953
  20
63859.125
  30
-37.009
  0
VERTEX
  8
GEOMETRY_LAYER_1
  70
32
  10
550372.726
  20
63868.079
  30
-37.46
  0
VERTEX
  8
GEOMETRY_LAYER_1
  70
32
  10
550376.273
  20
63876.797
  30
-33.631
  0
VERTEX
  8
GEOMETRY_LAYER_1
  70
32
  10
550380.109
  20
63877.157
  30
-34.703
  0
VERTEX
  8
GEOMETRY_LAYER_1
  70
32
  10
550383.539
  20
63877.469
  30
-35.775
  0
VERTEX
  8
GEOMETRY_LAYER_1
  70
32
  10
550389.539
  20
63875.563
  30
-35.851
  0
VERTEX
  8
GEOMETRY_LAYER_1
  70
32
  10
550391.743
  20
63871.380
  30
-35.889
  0
SEQEND
  8
GEOMETRY_LAYER_1
  0
POLYLINE
  8
GEOMETRY_LAYER_1
  70
8
  66
1
 62
3
 39
1
  0
VERTEX
  8
GEOMETRY_LAYER_1
  70
32
  10
550394.968
  20
63870.020
  30
-35.889
  0
VERTEX
  8
GEOMETRY_LAYER_1
  70
32
  10
550393.562
  20
63866.688
  30
-35.927
  0
VERTEX
  8
GEOMETRY_LAYER_1
  70
32
  10
550394.834
  20
63861.629
  30
-36.003
  0
VERTEX
  8
GEOMETRY_LAYER_1
  70
32
  10
550394.357
  20
63857.715
  30
-36.078
  0
VERTEX
  8
GEOMETRY_LAYER_1
  70
32
  10
550390.865
  20
63839.973
  30
-36.382
  0
VERTEX
  8
GEOMETRY_LAYER_1
  70
32
  10
550378.461
  20
63847.750
  30
-36.558
  0
VERTEX
  8
GEOMETRY_LAYER_1
  70
32
  10
550373.788
  20
63857.630
  30
-37.009
  0
VERTEX
  8
GEOMETRY_LAYER_1
  70
32
  10
550368.905
  20
63867.974
  30
-37.46
  0
VERTEX
  8
GEOMETRY_LAYER_1
  70
32
  10
550373.832
  20
63880.083
  30
-33.631
  0
VERTEX
  8
GEOMETRY_LAYER_1
  70
32
  10
550379.787
  20
63880.642
  30
-34.703
  0
VERTEX
  8
GEOMETRY_LAYER_1
  70
32
  10
550383.925
  20
63881.019
  30
-35.775
  0
VERTEX
  8
GEOMETRY_LAYER_1
  70
32
  10
550390.599
  20
63878.899
  30
-35.851
  0
VERTEX
  8
GEOMETRY_LAYER_1
  70
32
  10
550394.968
  20
63870.020
  30
-35.889
  0
SEQEND
  8
GEOMETRY_LAYER_1
  0
POLYLINE
  8
GEOMETRY_LAYER_1
  70
8
  66
1
 62
1
 39
1
  0
VERTEX
  8
GEOMETRY_LAYER_1
  70
32
  10
551469.978
  20
74994.700
  30
-1.13
  0
VERTEX
  8
GEOMETRY_LAYER_1
  70
32
  10
551500.911
  20
75000.747
  30
-1.529
  0
VERTEX
  8
GEOMETRY_LAYER_1
  70
32
  10
551508.971
  20
75006.249
  30
-1.488
  0
VERTEX
  8
GEOMETRY_LAYER_1
  70
32
  10
551510.035
  20
75013.372
  30
-1.744
  0
VERTEX
  8
GEOMETRY_LAYER_1
  70
32
  10
551510.378
  20
75014.435
  30
-1.732
  0
VERTEX
  8
GEOMETRY_LAYER_1
  70
32
  10
551511.767
  20
75022.977
  30
-2.065
  0
VERTEX
  8
GEOMETRY_LAYER_1
  70
32
  10
551515.975
  20
75033.397
  30
-2.19
  0
VERTEX
  8
GEOMETRY_LAYER_1
  70
32
  10
551519.906
  20
75037.160
  30
-2.109
  0
VERTEX
  8
GEOMETRY_LAYER_1
  70
32
  10
551522.665
  20
75046.407
  30
-1.761
  0
VERTEX
  8
GEOMETRY_LAYER_1
  70
32
  10
551521.566
  20
75055.313
  30
-3.181
  0
VERTEX
  8
GEOMETRY_LAYER_1
  70
32
  10
551524.958
  20
75060.601
  30
-3.806
  0
VERTEX
  8
GEOMETRY_LAYER_1
  70
32
  10
551528.676
  20
75066.510
  30
-4.163
  0
VERTEX
  8
GEOMETRY_LAYER_1
  70
32
  10
551531.180
  20
75077.856
  30
-4.355
  0
VERTEX
  8
GEOMETRY_LAYER_1
  70
32
  10
551533.192
  20
75085.640
  30
-4.123
  0
VERTEX
  8
GEOMETRY_LAYER_1
  70
32
  10
551540.001
  20
75104.209
  30
-3.906
  0
VERTEX
  8
GEOMETRY_LAYER_1
  70
32
  10
551545.007
  20
75122.780
  30
-2.788
  0
VERTEX
  8
GEOMETRY_LAYER_1
  70
32
  10
551548.655
  20
75139.254
  30
-2.5
  0
VERTEX
  8
GEOMETRY_LAYER_1
  70
32
  10
551550.895
  20
75143.851
  30
-2.578
  0
VERTEX
  8
GEOMETRY_LAYER_1
  70
32
  10
551550.074
  20
75154.478
  30
-2.585
  0
VERTEX
  8
GEOMETRY_LAYER_1
  70
32
  10
551533.981
  20
75159.907
  30
-2.474
  0
VERTEX
  8
GEOMETRY_LAYER_1
  70
32
  10
551525.832
  20
75161.929
  30
-2.189
  0
VERTEX
  8
GEOMETRY_LAYER_1
  70
32
  10
551519.075
  20
75162.509
  30
-2.068
  0
VERTEX
  8
GEOMETRY_LAYER_1
  70
32
  10
551508.763
  20
75160.453
  30
-1.969
  0
VERTEX
  8
GEOMETRY_LAYER_1
  70
32
  10
551503.574
  20
75154.823
  30
2.213
  0
VERTEX
  8
GEOMETRY_LAYER_1
  70
32
  10
551500.692
  20
75143.538
  30
-2.415
  0
VERTEX
  8
GEOMETRY_LAYER_1
  70
32
  10
551498.463
  20
75132.218
  30
-2.864
  0
VERTEX
  8
GEOMETRY_LAYER_1
  70
32
  10
551499.704
  20
75125.797
  30
-2.951
  0
VERTEX
  8
GEOMETRY_LAYER_1
  70
32
  10
551498.112
  20
75117.792
  30
-3.052
  0
VERTEX
  8
GEOMETRY_LAYER_1
  70
32
  10
551499.236
  20
75105.320
  30
1.391
  0
VERTEX
  8
GEOMETRY_LAYER_1
  70
32
  10
551496.390
  20
75091.609
  30
-3.072
  0
VERTEX
  8
GEOMETRY_LAYER_1
  70
32
  10
551493.223
  20
75082.889
  30
-2.865
  0
VERTEX
  8
GEOMETRY_LAYER_1
  70
32
  10
551490.157
  20
75072.434
  30
-2.631
  0
VERTEX
  8
GEOMETRY_LAYER_1
  70
32
  10
551487.534
  20
75062.272
  30
-2.169
  0
VERTEX
  8
GEOMETRY_LAYER_1
  70
32
  10
551486.451
  20
75058.122
  30
-1.987
  0
VERTEX
  8
GEOMETRY_LAYER_1
  70
32
  10
551486.051
  20
75056.707
  30
-1.95
  0
VERTEX
  8
GEOMETRY_LAYER_1
  70
32
  10
551482.053
  20
75042.815
  30
-1.515
  0
VERTEX
  8
GEOMETRY_LAYER_1
  70
32
  10
551479.905
  20
75035.408
  30
-1.232
  0
VERTEX
  8
GEOMETRY_LAYER_1
  70
32
  10
551476.749
  20
75022.815
  30
-0.975
  0
VERTEX
  8
GEOMETRY_LAYER_1
  70
32
  10
551474.749
  20
75013.447
  30
-0.945
  0
VERTEX
  8
GEOMETRY_LAYER_1
  70
32
  10
551469.978
  20
74994.700
  30
-1.13
  0
SEQEND
  8
GEOMETRY_LAYER_1
  0
POLYLINE
  8
GEOMETRY_LAYER_1
  70
8
  66
1
 62
1
 39
1
  0
VERTEX
  8
GEOMETRY_LAYER_1
  70
32
  10
551474.734
  20
74999.196
  30
-1.13
  0
VERTEX
  8
GEOMETRY_LAYER_1
  70
32
  10
551499.533
  20
75004.044
  30
-1.529
  0
VERTEX
  8
GEOMETRY_LAYER_1
  70
32
  10
551505.736
  20
75008.277
  30
-1.488
  0
VERTEX
  8
GEOMETRY_LAYER_1
  70
32
  10
551506.616
  20
75014.172
  30
-1.744
  0
VERTEX
  8
GEOMETRY_LAYER_1
  70
32
  10
551506.965
  20
75015.257
  30
-1.732
  0
VERTEX
  8
GEOMETRY_LAYER_1
  70
32
  10
551508.375
  20
75023.926
  30
-2.065
  0
VERTEX
  8
GEOMETRY_LAYER_1
  70
32
  10
551513.011
  20
75035.405
  30
-2.19
  0
VERTEX
  8
GEOMETRY_LAYER_1
  70
32
  10
551516.817
  20
75039.048
  30
-2.109
  0
VERTEX
  8
GEOMETRY_LAYER_1
  70
32
  10
551519.102
  20
75046.706
  30
-1.761
  0
VERTEX
  8
GEOMETRY_LAYER_1
  70
32
  10
551517.937
  20
75056.140
  30
-3.181
  0
VERTEX
  8
GEOMETRY_LAYER_1
  70
32
  10
551522.004
  20
75062.477
  30
-3.806
  0
VERTEX
  8
GEOMETRY_LAYER_1
  70
32
  10
551525.390
  20
75067.858
  30
-4.163
  0
VERTEX
  8
GEOMETRY_LAYER_1
  70
32
  10
551527.775
  20
75078.672
  30
-4.355
  0
VERTEX
  8
GEOMETRY_LAYER_1
  70
32
  10
551529.847
  20
75086.683
  30
-4.123
  0
VERTEX
  8
GEOMETRY_LAYER_1
  70
32
  10
551536.661
  20
75105.269
  30
-3.906
  0
VERTEX
  8
GEOMETRY_LAYER_1
  70
32
  10
551541.607
  20
75123.615
  30
-2.788
  0
VERTEX
  8
GEOMETRY_LAYER_1
  70
32
  10
551545.327
  20
75140.415
  30
-2.5
  0
VERTEX
  8
GEOMETRY_LAYER_1
  70
32
  10
551547.332
  20
75144.529
  30
-2.578
  0
VERTEX
  8
GEOMETRY_LAYER_1
  70
32
  10
551546.763
  20
75151.901
  30
-2.585
  0
VERTEX
  8
GEOMETRY_LAYER_1
  70
32
  10
551532.999
  20
75156.545
  30
-2.474
  0
VERTEX
  8
GEOMETRY_LAYER_1
  70
32
  10
551525.257
  20
75158.465
  30
-2.189
  0
VERTEX
  8
GEOMETRY_LAYER_1
  70
32
  10
551519.271
  20
75158.979
  30
-2.068
  0
VERTEX
  8
GEOMETRY_LAYER_1
  70
32
  10
551510.565
  20
75157.243
  30
-1.969
  0
VERTEX
  8
GEOMETRY_LAYER_1
  70
32
  10
551506.747
  20
75153.101
  30
2.213
  0
VERTEX
  8
GEOMETRY_LAYER_1
  70
32
  10
551504.108
  20
75142.766
  30
-2.415
  0
VERTEX
  8
GEOMETRY_LAYER_1
  70
32
  10
551502.029
  20
75132.212
  30
-2.864
  0
VERTEX
  8
GEOMETRY_LAYER_1
  70
32
  10
551503.270
  20
75125.787
  30
-2.951
  0
VERTEX
  8
GEOMETRY_LAYER_1
  70
32
  10
551501.644
  20
75117.604
  30
-3.052
  0
VERTEX
  8
GEOMETRY_LAYER_1
  70
32
  10
551502.768
  20
75105.117
  30
1.391
  0
VERTEX
  8
GEOMETRY_LAYER_1
  70
32
  10
551499.766
  20
75090.651
  30
-3.072
  0
VERTEX
  8
GEOMETRY_LAYER_1
  70
32
  10
551496.551
  20
75081.798
  30
-2.865
  0
VERTEX
  8
GEOMETRY_LAYER_1
  70
32
  10
551493.532
  20
75071.503
  30
-2.631
  0
VERTEX
  8
GEOMETRY_LAYER_1
  70
32
  10
551490.922
  20
75061.393
  30
-2.169
  0
VERTEX
  8
GEOMETRY_LAYER_1
  70
32
  10
551489.828
  20
75057.203
  30
-1.987
  0
VERTEX
  8
GEOMETRY_LAYER_1
  70
32
  10
551489.416
  20
75055.747
  30
-1.95
  0
VERTEX
  8
GEOMETRY_LAYER_1
  70
32
  10
551485.415
  20
75041.844
  30
-1.515
  0
VERTEX
  8
GEOMETRY_LAYER_1
  70
32
  10
551483.285
  20
75034.495
  30
-1.232
  0
VERTEX
  8
GEOMETRY_LAYER_1
  70
32
  10
551480.159
  20
75022.024
  30
-0.975
  0
VERTEX
  8
GEOMETRY_LAYER_1
  70
32
  10
551478.157
  20
75012.649
  30
-0.945
  0
VERTEX
  8
GEOMETRY_LAYER_1
  70
32
  10
551474.734
  20
74999.196
  30
-1.13
  0
SEQEND
  8
GEOMETRY_LAYER_1
  0
POLYLINE
  8
GEOMETRY_LAYER_1
  70
8
  66
1
 62
1
 39
1
  0
VERTEX
  8
GEOMETRY_LAYER_1
  70
32
  10
555579.672
  20
80340.159
  30
1.804
  0
VERTEX
  8
GEOMETRY_LAYER_1
  70
32
  10
555566.213
  20
80341.221
  30
1.01
  0
VERTEX
  8
GEOMETRY_LAYER_1
  70
32
  10
555552.754
  20
80342.284
  30
0.216
  0
VERTEX
  8
GEOMETRY_LAYER_1
  70
32
  10
555542.753
  20
80340.542
  30
-1.121
  0
VERTEX
  8
GEOMETRY_LAYER_1
  70
32
  10
555535.183
  20
80341.504
  30
-1.539
  0
VERTEX
  8
GEOMETRY_LAYER_1
  70
32
  10
555524.511
  20
80343.124
  30
-1.721
  0
VERTEX
  8
GEOMETRY_LAYER_1
  70
32
  10
555511.983
  20
80345.502
  30
-1.7
  0
VERTEX
  8
GEOMETRY_LAYER_1
  70
32
  10
555500.202
  20
80342.260
  30
-2.03
  0
VERTEX
  8
GEOMETRY_LAYER_1
  70
32
  10
555502.069
  20
80328.961
  30
-2.418
  0
VERTEX
  8
GEOMETRY_LAYER_1
  70
32
  10
555506.396
  20
80320.085
  30
-2.434
  0
VERTEX
  8
GEOMETRY_LAYER_1
  70
32
  10
555506.445
  20
80315.276
  30
-2.525
  0
VERTEX
  8
GEOMETRY_LAYER_1
  70
32
  10
555508.559
  20
80307.532
  30
-2.433
  0
VERTEX
  8
GEOMETRY_LAYER_1
  70
32
  10
555522.660
  20
80305.594
  30
-1.78
  0
VERTEX
  8
GEOMETRY_LAYER_1
  70
32
  10
555529.753
  20
80304.635
  30
-1.701
  0
VERTEX
  8
GEOMETRY_LAYER_1
  70
32
  10
555538.924
  20
80304.003
  30
0.123
  0
VERTEX
  8
GEOMETRY_LAYER_1
  70
32
  10
555548.392
  20
80304.104
  30
1.017
  0
VERTEX
  8
GEOMETRY_LAYER_1
  70
32
  10
555557.538
  20
80302.961
  30
2.13
  0
VERTEX
  8
GEOMETRY_LAYER_1
  70
32
  10
555569.087
  20
80302.766
  30
3.306
  0
VERTEX
  8
GEOMETRY_LAYER_1
  70
32
  10
555573.468
  20
80308.608
  30
3.366
  0
VERTEX
  8
GEOMETRY_LAYER_1
  70
32
  10
555577.736
  20
80314.299
  30
3.425
  0
VERTEX
  8
GEOMETRY_LAYER_1
  70
32
  10
555578.050
  20
80326.852
  30
3.068
  0
VERTEX
  8
GEOMETRY_LAYER_1
  70
32
  10
555579.672
  20
80340.159
  30
1.804
  0
SEQEND
  8
GEOMETRY_LAYER_1
  0
POLYLINE
  8
GEOMETRY_LAYER_1
  70
8
  66
1
 62
1
 39
1
  0
VERTEX
  8
GEOMETRY_LAYER_1
  70
32
  10
555575.375
  20
80337.032
  30
1.01
  0
VERTEX
  8
GEOMETRY_LAYER_1
  70
32
  10
555552.942
  20
80338.256
  30
0.216
  0
VERTEX
  8
GEOMETRY_LAYER_1
  70
32
  10
555542.845
  20
80336.497
  30
-1.121
  0
VERTEX
  8
GEOMETRY_LAYER_1
  70
32
  10
555534.631
  20
80337.542
  30
-1.539
  0
VERTEX
  8
GEOMETRY_LAYER_1
  70
32
  10
555523.838
  20
80339.180
  30
-1.721
  0
VERTEX
  8
GEOMETRY_LAYER_1
  70
32
  10
555512.149
  20
80341.399
  30
-1.7
  0
VERTEX
  8
GEOMETRY_LAYER_1
  70
32
  10
555504.651
  20
80339.336
  30
-2.03
  0
VERTEX
  8
GEOMETRY_LAYER_1
  70
32
  10
555505.942
  20
80330.145
  30
-2.418
  0
VERTEX
  8
GEOMETRY_LAYER_1
  70
32
  10
555510.386
  20
80321.026
  30
-2.434
  0
VERTEX
  8
GEOMETRY_LAYER_1
  70
32
  10
555510.440
  20
80315.833
  30
-2.525
  0
VERTEX
  8
GEOMETRY_LAYER_1
  70
32
  10
555511.722
  20
80311.135
  30
-2.433
  0
VERTEX
  8
GEOMETRY_LAYER_1
  70
32
  10
555523.200
  20
80309.557
  30
-1.78
  0
VERTEX
  8
GEOMETRY_LAYER_1
  70
32
  10
555530.159
  20
80308.618
  30
-1.701
  0
VERTEX
  8
GEOMETRY_LAYER_1
  70
32
  10
555539.040
  20
80308.004
  30
0.123
  0
VERTEX
  8
GEOMETRY_LAYER_1
  70
32
  10
555548.619
  20
80308.106
  30
1.017
  0
VERTEX
  8
GEOMETRY_LAYER_1
  70
32
  10
555557.820
  20
80306.958
  30
2.13
  0
VERTEX
  8
GEOMETRY_LAYER_1
  70
32
  10
555567.112
  20
80306.799
  30
3.306
  0
VERTEX
  8
GEOMETRY_LAYER_1
  70
32
  10
555570.268
  20
80311.008
  30
3.366
  0
VERTEX
  8
GEOMETRY_LAYER_1
  70
32
  10
555573.770
  20
80315.676
  30
3.425
  0
VERTEX
  8
GEOMETRY_LAYER_1
  70
32
  10
555574.056
  20
80327.145
  30
3.068
  0
VERTEX
  8
GEOMETRY_LAYER_1
  70
32
  10
555575.375
  20
80337.032
  30
1.01
  0
SEQEND
  8
GEOMETRY_LAYER_1
  0
POLYLINE
  8
GEOMETRY_LAYER_1
  70
8
  66
1
 62
1
 39
1
  0
VERTEX
  8
GEOMETRY_LAYER_1
  70
32
  10
550389.361
  20
76523.603
  30
70.71
  0
VERTEX
  8
GEOMETRY_LAYER_1
  70
32
  10
550388.900
  20
76514.122
  30
69.997
  0
VERTEX
  8
GEOMETRY_LAYER_1
  70
32
  10
550386.707
  20
76506.260
  30
71.017
  0
VERTEX
  8
GEOMETRY_LAYER_1
  70
32
  10
550385.529
  20
76498.164
  30
68.621
  0
VERTEX
  8
GEOMETRY_LAYER_1
  70
32
  10
550371.947
  20
76494.969
  30
66.374
  0
VERTEX
  8
GEOMETRY_LAYER_1
  70
32
  10
550370.111
  20
76499.511
  30
66.887
  0
VERTEX
  8
GEOMETRY_LAYER_1
  70
32
  10
550329.121
  20
76495.855
  30
64.371
  0
VERTEX
  8
GEOMETRY_LAYER_1
  70
32
  10
550308.061
  20
76494.439
  30
63.576
  0
VERTEX
  8
GEOMETRY_LAYER_1
  70
32
  10
550303.603
  20
76499.581
  30
63.484
  0
VERTEX
  8
GEOMETRY_LAYER_1
  70
32
  10
550305.414
  20
76507.324
  30
64.117
  0
VERTEX
  8
GEOMETRY_LAYER_1
  70
32
  10
550307.123
  20
76515.564
  30
64.092
  0
VERTEX
  8
GEOMETRY_LAYER_1
  70
32
  10
550313.267
  20
76519.014
  30
64.897
  0
VERTEX
  8
GEOMETRY_LAYER_1
  70
32
  10
550320.003
  20
76521.467
  30
64.923
  0
VERTEX
  8
GEOMETRY_LAYER_1
  70
32
  10
550337.099
  20
76523.849
  30
65.89
  0
VERTEX
  8
GEOMETRY_LAYER_1
  70
32
  10
550345.114
  20
76526.602
  30
66.107
  0
VERTEX
  8
GEOMETRY_LAYER_1
  70
32
  10
550352.307
  20
76523.163
  30
66.119
  0
VERTEX
  8
GEOMETRY_LAYER_1
  70
32
  10
550362.774
  20
76524.798
  30
67.151
  0
VERTEX
  8
GEOMETRY_LAYER_1
  70
32
  10
550375.882
  20
76523.762
  30
68.987
  0
VERTEX
  8
GEOMETRY_LAYER_1
  70
32
  10
550381.736
  20
76525.935
  30
69.966
  0
VERTEX
  8
GEOMETRY_LAYER_1
  70
32
  10
550389.361
  20
76523.603
  30
70.71
  0
SEQEND
  8
GEOMETRY_LAYER_1
  0
POLYLINE
  8
GEOMETRY_LAYER_1
  70
8
  66
1
 62
1
 39
1
  0
VERTEX
  8
GEOMETRY_LAYER_1
  70
32
  10
550392.989
  20
76526.154
  30
70.71
  0
VERTEX
  8
GEOMETRY_LAYER_1
  70
32
  10
550392.376
  20
76513.560
  30
69.997
  0
VERTEX
  8
GEOMETRY_LAYER_1
  70
32
  10
550390.139
  20
76505.534
  30
71.017
  0
VERTEX
  8
GEOMETRY_LAYER_1
  70
32
  10
550388.649
  20
76495.303
  30
68.621
  0
VERTEX
  8
GEOMETRY_LAYER_1
  70
32
  10
550369.826
  20
76490.874
  30
66.374
  0
VERTEX
  8
GEOMETRY_LAYER_1
  70
32
  10
550367.838
  20
76495.794
  30
66.887
  0
VERTEX
  8
GEOMETRY_LAYER_1
  70
32
  10
550329.394
  20
76492.366
  30
64.371
  0
VERTEX
  8
GEOMETRY_LAYER_1
  70
32
  10
550306.558
  20
76490.830
  30
63.576
  0
VERTEX
  8
GEOMETRY_LAYER_1
  70
32
  10
550299.787
  20
76498.639
  30
63.484
  0
VERTEX
  8
GEOMETRY_LAYER_1
  70
32
  10
550301.996
  20
76508.078
  30
64.117
  0
VERTEX
  8
GEOMETRY_LAYER_1
  70
32
  10
550304.020
  20
76517.836
  30
64.092
  0
VERTEX
  8
GEOMETRY_LAYER_1
  70
32
  10
550311.802
  20
76522.205
  30
64.897
  0
VERTEX
  8
GEOMETRY_LAYER_1
  70
32
  10
550319.154
  20
76524.882
  30
64.923
  0
VERTEX
  8
GEOMETRY_LAYER_1
  70
32
  10
550336.282
  20
76527.268
  30
65.89
  0
VERTEX
  8
GEOMETRY_LAYER_1
  70
32
  10
550345.331
  20
76530.378
  30
66.107
  0
VERTEX
  8
GEOMETRY_LAYER_1
  70
32
  10
550352.838
  20
76526.788
  30
66.119
  0
VERTEX
  8
GEOMETRY_LAYER_1
  70
32
  10
550362.640
  20
76528.319
  30
67.151
  0
VERTEX
  8
GEOMETRY_LAYER_1
  70
32
  10
550375.388
  20
76527.311
  30
68.987
  0
VERTEX
  8
GEOMETRY_LAYER_1
  70
32
  10
550381.627
  20
76529.629
  30
69.966
  0
VERTEX
  8
GEOMETRY_LAYER_1
  70
32
  10
550392.989
  20
76526.154
  30
70.71
  0
SEQEND
  8
GEOMETRY_LAYER_1
  0
POLYLINE
  8
GEOMETRY_LAYER_1
  70
8
  66
1
 62
3
 39
1
  0
VERTEX
  8
GEOMETRY_LAYER_1
  70
32
  10
550842.681
  20
77820.971
  30
30.651
  0
VERTEX
  8
GEOMETRY_LAYER_1
  70
32
  10
550842.118
  20
77810.818
  30
30.494
  0
VERTEX
  8
GEOMETRY_LAYER_1
  70
32
  10
550842.444
  20
77805.962
  30
30.142
  0
VERTEX
  8
GEOMETRY_LAYER_1
  70
32
  10
550842.693
  20
77799.923
  30
30.261
  0
VERTEX
  8
GEOMETRY_LAYER_1
  70
32
  10
550831.238
  20
77784.164
  30
28.956
  0
VERTEX
  8
GEOMETRY_LAYER_1
  70
32
  10
550819.997
  20
77781.748
  30
28.871
  0
VERTEX
  8
GEOMETRY_LAYER_1
  70
32
  10
550809.262
  20
77787.779
  30
29.976
  0
VERTEX
  8
GEOMETRY_LAYER_1
  70
32
  10
550804.140
  20
77795.705
  30
29.927
  0
VERTEX
  8
GEOMETRY_LAYER_1
  70
32
  10
550798.280
  20
77794.045
  30
29.773
  0
VERTEX
  8
GEOMETRY_LAYER_1
  70
32
  10
550790.937
  20
77794.629
  30
29.744
  0
VERTEX
  8
GEOMETRY_LAYER_1
  70
32
  10
550781.624
  20
77795.155
  30
29.925
  0
VERTEX
  8
GEOMETRY_LAYER_1
  70
32
  10
550774.294
  20
77798.932
  30
29.773
  0
VERTEX
  8
GEOMETRY_LAYER_1
  70
32
  10
550771.310
  20
77796.133
  30
29.817
  0
VERTEX
  8
GEOMETRY_LAYER_1
  70
32
  10
550770.862
  20
77789.815
  30
29.676
  0
VERTEX
  8
GEOMETRY_LAYER_1
  70
32
  10
550772.293
  20
77780.368
  30
29.746
  0
VERTEX
  8
GEOMETRY_LAYER_1
  70
32
  10
550759.624
  20
77771.810
  30
29.564
  0
VERTEX
  8
GEOMETRY_LAYER_1
  70
32
  10
550753.693
  20
77777.704
  30
29.359
  0
VERTEX
  8
GEOMETRY_LAYER_1
  70
32
  10
550740.774
  20
77771.679
  30
29.806
  0
VERTEX
  8
GEOMETRY_LAYER_1
  70
32
  10
550742.625
  20
77787.921
  30
30.179
  0
VERTEX
  8
GEOMETRY_LAYER_1
  70
32
  10
550743.402
  20
77796.605
  30
30.202
  0
VERTEX
  8
GEOMETRY_LAYER_1
  70
32
  10
550744.111
  20
77804.870
  30
30.315
  0
VERTEX
  8
GEOMETRY_LAYER_1
  70
32
  10
550744.159
  20
77813.956
  30
30.409
  0
VERTEX
  8
GEOMETRY_LAYER_1
  70
32
  10
550744.957
  20
77821.351
  30
30.166
  0
VERTEX
  8
GEOMETRY_LAYER_1
  70
32
  10
550745.241
  20
77829.382
  30
29.969
  0
VERTEX
  8
GEOMETRY_LAYER_1
  70
32
  10
550745.006
  20
77837.682
  30
29.73
  0
VERTEX
  8
GEOMETRY_LAYER_1
  70
32
  10
550745.300
  20
77848.156
  30
29.736
  0
VERTEX
  8
GEOMETRY_LAYER_1
  70
32
  10
550746.110
  20
77855.106
  30
30.03
  0
VERTEX
  8
GEOMETRY_LAYER_1
  70
32
  10
550745.647
  20
77862.078
  30
30.84
  0
VERTEX
  8
GEOMETRY_LAYER_1
  70
32
  10
550747.463
  20
77877.103
  30
31.681
  0
VERTEX
  8
GEOMETRY_LAYER_1
  70
32
  10
550755.287
  20
77872.804
  30
31.217
  0
VERTEX
  8
GEOMETRY_LAYER_1
  70
32
  10
550774.809
  20
77877.557
  30
32.372
  0
VERTEX
  8
GEOMETRY_LAYER_1
  70
32
  10
550780.372
  20
77879.705
  30
32.615
  0
VERTEX
  8
GEOMETRY_LAYER_1
  70
32
  10
550788.223
  20
77876.263
  30
32.614
  0
VERTEX
  8
GEOMETRY_LAYER_1
  70
32
  10
550795.028
  20
77879.429
  30
32.543
  0
VERTEX
  8
GEOMETRY_LAYER_1
  70
32
  10
550807.667
  20
77874.775
  30
32.483
  0
VERTEX
  8
GEOMETRY_LAYER_1
  70
32
  10
550807.613
  20
77863.388
  30
31.236
  0
VERTEX
  8
GEOMETRY_LAYER_1
  70
32
  10
550812.114
  20
77859.931
  30
31.614
  0
VERTEX
  8
GEOMETRY_LAYER_1
  70
32
  10
550819.116
  20
77855.032
  30
31.431
  0
VERTEX
  8
GEOMETRY_LAYER_1
  70
32
  10
550825.794
  20
77851.387
  30
32.02
  0
VERTEX
  8
GEOMETRY_LAYER_1
  70
32
  10
550835.195
  20
77852.819
  30
32.265
  0
VERTEX
  8
GEOMETRY_LAYER_1
  70
32
  10
550835.010
  20
77841.412
  30
31.767
  0
VERTEX
  8
GEOMETRY_LAYER_1
  70
32
  10
550835.788
  20
77831.267
  30
31.264
  0
VERTEX
  8
GEOMETRY_LAYER_1
  70
32
  10
550842.681
  20
77820.971
  30
30.651
  0
SEQEND
  8
GEOMETRY_LAYER_1
  0
POLYLINE
  8
GEOMETRY_LAYER_1
  70
8
  66
1
 62
1
 39
1
  0
VERTEX
  8
GEOMETRY_LAYER_1
  70
32
  10
550838.611
  20
77810.798
  30
30.494
  0
VERTEX
  8
GEOMETRY_LAYER_1
  70
32
  10
550838.948
  20
77805.772
  30
30.142
  0
VERTEX
  8
GEOMETRY_LAYER_1
  70
32
  10
550839.146
  20
77800.995
  30
30.261
  0
VERTEX
  8
GEOMETRY_LAYER_1
  70
32
  10
550834.170
  20
77794.149
  30
29.608
  0
VERTEX
  8
GEOMETRY_LAYER_1
  70
32
  10
550829.194
  20
77787.304
  30
28.956
  0
VERTEX
  8
GEOMETRY_LAYER_1
  70
32
  10
550820.557
  20
77785.448
  30
28.871
  0
VERTEX
  8
GEOMETRY_LAYER_1
  70
32
  10
550811.732
  20
77790.406
  30
29.976
  0
VERTEX
  8
GEOMETRY_LAYER_1
  70
32
  10
550805.676
  20
77799.777
  30
29.927
  0
VERTEX
  8
GEOMETRY_LAYER_1
  70
32
  10
550797.931
  20
77797.584
  30
29.773
  0
VERTEX
  8
GEOMETRY_LAYER_1
  70
32
  10
550791.174
  20
77798.121
  30
29.744
  0
VERTEX
  8
GEOMETRY_LAYER_1
  70
32
  10
550782.565
  20
77798.607
  30
29.925
  0
VERTEX
  8
GEOMETRY_LAYER_1
  70
32
  10
550773.701
  20
77803.176
  30
29.773
  0
VERTEX
  8
GEOMETRY_LAYER_1
  70
32
  10
550767.916
  20
77797.747
  30
29.817
  0
VERTEX
  8
GEOMETRY_LAYER_1
  70
32
  10
550767.343
  20
77789.676
  30
29.676
  0
VERTEX
  8
GEOMETRY_LAYER_1
  70
32
  10
550768.501
  20
77782.030
  30
29.746
  0
VERTEX
  8
GEOMETRY_LAYER_1
  70
32
  10
550760.050
  20
77776.321
  30
29.564
  0
VERTEX
  8
GEOMETRY_LAYER_1
  70
32
  10
550754.428
  20
77781.908
  30
29.359
  0
VERTEX
  8
GEOMETRY_LAYER_1
  70
32
  10
550744.960
  20
77777.493
  30
29.806
  0
VERTEX
  8
GEOMETRY_LAYER_1
  70
32
  10
550746.108
  20
77787.566
  30
30.179
  0
VERTEX
  8
GEOMETRY_LAYER_1
  70
32
  10
550746.888
  20
77796.300
  30
30.202
  0
VERTEX
  8
GEOMETRY_LAYER_1
  70
32
  10
550747.610
  20
77804.711
  30
30.315
  0
VERTEX
  8
GEOMETRY_LAYER_1
  70
32
  10
550747.658
  20
77813.759
  30
30.409
  0
VERTEX
  8
GEOMETRY_LAYER_1
  70
32
  10
550748.450
  20
77821.101
  30
30.166
  0
VERTEX
  8
GEOMETRY_LAYER_1
  70
32
  10
550748.742
  20
77829.369
  30
29.969
  0
VERTEX
  8
GEOMETRY_LAYER_1
  70
32
  10
550748.507
  20
77837.682
  30
29.73
  0
VERTEX
  8
GEOMETRY_LAYER_1
  70
32
  10
550748.795
  20
77847.904
  30
29.736
  0
VERTEX
  8
GEOMETRY_LAYER_1
  70
32
  10
550749.624
  20
77855.019
  30
30.03
  0
VERTEX
  8
GEOMETRY_LAYER_1
  70
32
  10
550749.161
  20
77861.983
  30
30.84
  0
VERTEX
  8
GEOMETRY_LAYER_1
  70
32
  10
550750.316
  20
77871.542
  30
31.681
  0
VERTEX
  8
GEOMETRY_LAYER_1
  70
32
  10
550755.624
  20
77868.626
  30
31.217
  0
VERTEX
  8
GEOMETRY_LAYER_1
  70
32
  10
550774.123
  20
77873.541
  30
32.372
  0
VERTEX
  8
GEOMETRY_LAYER_1
  70
32
  10
550780.288
  20
77875.921
  30
32.615
  0
VERTEX
  8
GEOMETRY_LAYER_1
  70
32
  10
550788.266
  20
77872.424
  30
32.614
  0
VERTEX
  8
GEOMETRY_LAYER_1
  70
32
  10
550795.184
  20
77875.642
  30
32.543
  0
VERTEX
  8
GEOMETRY_LAYER_1
  70
32
  10
550804.156
  20
77872.339
  30
32.483
  0
VERTEX
  8
GEOMETRY_LAYER_1
  70
32
  10
550804.104
  20
77861.670
  30
31.236
  0
VERTEX
  8
GEOMETRY_LAYER_1
  70
32
  10
550810.044
  20
77857.108
  30
31.614
  0
VERTEX
  8
GEOMETRY_LAYER_1
  70
32
  10
550817.268
  20
77852.052
  30
31.431
  0
VERTEX
  8
GEOMETRY_LAYER_1
  70
32
  10
550825.154
  20
77847.750
  30
32.02
  0
VERTEX
  8
GEOMETRY_LAYER_1
  70
32
  10
550831.628
  20
77848.736
  30
32.265
  0
VERTEX
  8
GEOMETRY_LAYER_1
  70
32
  10
550831.508
  20
77841.306
  30
31.767
  0
VERTEX
  8
GEOMETRY_LAYER_1
  70
32
  10
550832.121
  20
77831.537
  30
31.13
  0
VERTEX
  8
GEOMETRY_LAYER_1
  70
32
  10
550838.384
  20
77820.056
  30
30.812
  0
VERTEX
  8
GEOMETRY_LAYER_1
  70
32
  10
550838.611
  20
77810.798
  30
30.494
  0
SEQEND
  8
GEOMETRY_LAYER_1
  0
POLYLINE
  8
GEOMETRY_LAYER_1
  70
8
  66
1
 62
1
 39
1
  0
VERTEX
  8
GEOMETRY_LAYER_1
  70
32
  10
550838.611
  20
77810.798
  30
30.494
  0
VERTEX
  8
GEOMETRY_LAYER_1
  70
32
  10
550838.948
  20
77805.772
  30
30.142
  0
VERTEX
  8
GEOMETRY_LAYER_1
  70
32
  10
550839.146
  20
77800.995
  30
30.261
  0
VERTEX
  8
GEOMETRY_LAYER_1
  70
32
  10
550834.170
  20
77794.149
  30
29.608
  0
VERTEX
  8
GEOMETRY_LAYER_1
  70
32
  10
550829.194
  20
77787.304
  30
28.956
  0
VERTEX
  8
GEOMETRY_LAYER_1
  70
32
  10
550820.557
  20
77785.448
  30
28.871
  0
VERTEX
  8
GEOMETRY_LAYER_1
  70
32
  10
550811.732
  20
77790.406
  30
29.976
  0
VERTEX
  8
GEOMETRY_LAYER_1
  70
32
  10
550805.676
  20
77799.777
  30
29.927
  0
VERTEX
  8
GEOMETRY_LAYER_1
  70
32
  10
550797.931
  20
77797.584
  30
29.773
  0
VERTEX
  8
GEOMETRY_LAYER_1
  70
32
  10
550791.174
  20
77798.121
  30
29.744
  0
VERTEX
  8
GEOMETRY_LAYER_1
  70
32
  10
550782.565
  20
77798.607
  30
29.925
  0
VERTEX
  8
GEOMETRY_LAYER_1
  70
32
  10
550773.701
  20
77803.176
  30
29.773
  0
VERTEX
  8
GEOMETRY_LAYER_1
  70
32
  10
550767.916
  20
77797.747
  30
29.817
  0
VERTEX
  8
GEOMETRY_LAYER_1
  70
32
  10
550767.343
  20
77789.676
  30
29.676
  0
VERTEX
  8
GEOMETRY_LAYER_1
  70
32
  10
550768.501
  20
77782.030
  30
29.746
  0
VERTEX
  8
GEOMETRY_LAYER_1
  70
32
  10
550760.050
  20
77776.321
  30
29.564
  0
VERTEX
  8
GEOMETRY_LAYER_1
  70
32
  10
550754.428
  20
77781.908
  30
29.359
  0
VERTEX
  8
GEOMETRY_LAYER_1
  70
32
  10
550744.960
  20
77777.493
  30
29.806
  0
VERTEX
  8
GEOMETRY_LAYER_1
  70
32
  10
550746.108
  20
77787.566
  30
30.179
  0
VERTEX
  8
GEOMETRY_LAYER_1
  70
32
  10
550746.888
  20
77796.300
  30
30.202
  0
VERTEX
  8
GEOMETRY_LAYER_1
  70
32
  10
550747.610
  20
77804.711
  30
30.315
  0
VERTEX
  8
GEOMETRY_LAYER_1
  70
32
  10
550747.658
  20
77813.759
  30
30.409
  0
VERTEX
  8
GEOMETRY_LAYER_1
  70
32
  10
550748.450
  20
77821.101
  30
30.166
  0
VERTEX
  8
GEOMETRY_LAYER_1
  70
32
  10
550748.742
  20
77829.369
  30
29.969
  0
VERTEX
  8
GEOMETRY_LAYER_1
  70
32
  10
550748.507
  20
77837.682
  30
29.73
  0
VERTEX
  8
GEOMETRY_LAYER_1
  70
32
  10
550748.795
  20
77847.904
  30
29.736
  0
VERTEX
  8
GEOMETRY_LAYER_1
  70
32
  10
550749.624
  20
77855.019
  30
30.03
  0
VERTEX
  8
GEOMETRY_LAYER_1
  70
32
  10
550749.161
  20
77861.983
  30
30.84
  0
VERTEX
  8
GEOMETRY_LAYER_1
  70
32
  10
550750.316
  20
77871.542
  30
31.681
  0
VERTEX
  8
GEOMETRY_LAYER_1
  70
32
  10
550755.624
  20
77868.626
  30
31.217
  0
VERTEX
  8
GEOMETRY_LAYER_1
  70
32
  10
550774.123
  20
77873.541
  30
32.372
  0
VERTEX
  8
GEOMETRY_LAYER_1
  70
32
  10
550780.288
  20
77875.921
  30
32.615
  0
VERTEX
  8
GEOMETRY_LAYER_1
  70
32
  10
550788.266
  20
77872.424
  30
32.614
  0
VERTEX
  8
GEOMETRY_LAYER_1
  70
32
  10
550795.184
  20
77875.642
  30
32.543
  0
VERTEX
  8
GEOMETRY_LAYER_1
  70
32
  10
550804.156
  20
77872.339
  30
32.483
  0
VERTEX
  8
GEOMETRY_LAYER_1
  70
32
  10
550804.104
  20
77861.670
  30
31.236
  0
VERTEX
  8
GEOMETRY_LAYER_1
  70
32
  10
550810.044
  20
77857.108
  30
31.614
  0
VERTEX
  8
GEOMETRY_LAYER_1
  70
32
  10
550817.268
  20
77852.052
  30
31.431
  0
VERTEX
  8
GEOMETRY_LAYER_1
  70
32
  10
550825.154
  20
77847.750
  30
32.02
  0
VERTEX
  8
GEOMETRY_LAYER_1
  70
32
  10
550831.628
  20
77848.736
  30
32.265
  0
VERTEX
  8
GEOMETRY_LAYER_1
  70
32
  10
550831.508
  20
77841.306
  30
31.767
  0
VERTEX
  8
GEOMETRY_LAYER_1
  70
32
  10
550832.121
  20
77831.537
  30
31.13
  0
VERTEX
  8
GEOMETRY_LAYER_1
  70
32
  10
550838.384
  20
77820.056
  30
30.812
  0
VERTEX
  8
GEOMETRY_LAYER_1
  70
32
  10
550838.611
  20
77810.798
  30
30.494
  0
SEQEND
  8
GEOMETRY_LAYER_1
  0
POLYLINE
  8
GEOMETRY_LAYER_1
  70
8
  66
1
 62
1
 39
1
  0
VERTEX
  8
GEOMETRY_LAYER_1
  70
32
  10
550842.681
  20
77820.971
  30
30.651
  0
VERTEX
  8
GEOMETRY_LAYER_1
  70
32
  10
550842.118
  20
77810.818
  30
30.494
  0
VERTEX
  8
GEOMETRY_LAYER_1
  70
32
  10
550842.444
  20
77805.962
  30
30.142
  0
VERTEX
  8
GEOMETRY_LAYER_1
  70
32
  10
550842.693
  20
77799.923
  30
30.261
  0
VERTEX
  8
GEOMETRY_LAYER_1
  70
32
  10
550831.238
  20
77784.164
  30
28.956
  0
VERTEX
  8
GEOMETRY_LAYER_1
  70
32
  10
550819.997
  20
77781.748
  30
28.871
  0
VERTEX
  8
GEOMETRY_LAYER_1
  70
32
  10
550809.262
  20
77787.779
  30
29.976
  0
VERTEX
  8
GEOMETRY_LAYER_1
  70
32
  10
550804.140
  20
77795.705
  30
29.927
  0
VERTEX
  8
GEOMETRY_LAYER_1
  70
32
  10
550798.280
  20
77794.045
  30
29.773
  0
VERTEX
  8
GEOMETRY_LAYER_1
  70
32
  10
550790.937
  20
77794.629
  30
29.744
  0
VERTEX
  8
GEOMETRY_LAYER_1
  70
32
  10
550781.624
  20
77795.155
  30
29.925
  0
VERTEX
  8
GEOMETRY_LAYER_1
  70
32
  10
550774.294
  20
77798.932
  30
29.773
  0
VERTEX
  8
GEOMETRY_LAYER_1
  70
32
  10
550771.310
  20
77796.133
  30
29.817
  0
VERTEX
  8
GEOMETRY_LAYER_1
  70
32
  10
550770.862
  20
77789.815
  30
29.676
  0
VERTEX
  8
GEOMETRY_LAYER_1
  70
32
  10
550772.293
  20
77780.368
  30
29.746
  0
VERTEX
  8
GEOMETRY_LAYER_1
  70
32
  10
550759.624
  20
77771.810
  30
29.564
  0
VERTEX
  8
GEOMETRY_LAYER_1
  70
32
  10
550753.693
  20
77777.704
  30
29.359
  0
VERTEX
  8
GEOMETRY_LAYER_1
  70
32
  10
550740.774
  20
77771.679
  30
29.806
  0
VERTEX
  8
GEOMETRY_LAYER_1
  70
32
  10
550742.625
  20
77787.921
  30
30.179
  0
VERTEX
  8
GEOMETRY_LAYER_1
  70
32
  10
550743.402
  20
77796.605
  30
30.202
  0
VERTEX
  8
GEOMETRY_LAYER_1
  70
32
  10
550744.111
  20
77804.870
  30
30.315
  0
VERTEX
  8
GEOMETRY_LAYER_1
  70
32
  10
550744.159
  20
77813.956
  30
30.409
  0
VERTEX
  8
GEOMETRY_LAYER_1
  70
32
  10
550744.957
  20
77821.351
  30
30.166
  0
VERTEX
  8
GEOMETRY_LAYER_1
  70
32
  10
550745.241
  20
77829.382
  30
29.969
  0
VERTEX
  8
GEOMETRY_LAYER_1
  70
32
  10
550745.006
  20
77837.682
  30
29.73
  0
VERTEX
  8
GEOMETRY_LAYER_1
  70
32
  10
550745.300
  20
77848.156
  30
29.736
  0
VERTEX
  8
GEOMETRY_LAYER_1
  70
32
  10
550746.110
  20
77855.106
  30
30.03
  0
VERTEX
  8
GEOMETRY_LAYER_1
  70
32
  10
550745.647
  20
77862.078
  30
30.84
  0
VERTEX
  8
GEOMETRY_LAYER_1
  70
32
  10
550747.463
  20
77877.103
  30
31.681
  0
VERTEX
  8
GEOMETRY_LAYER_1
  70
32
  10
550755.287
  20
77872.804
  30
31.217
  0
VERTEX
  8
GEOMETRY_LAYER_1
  70
32
  10
550774.809
  20
77877.557
  30
32.372
  0
VERTEX
  8
GEOMETRY_LAYER_1
  70
32
  10
550780.372
  20
77879.705
  30
32.615
  0
VERTEX
  8
GEOMETRY_LAYER_1
  70
32
  10
550788.223
  20
77876.263
  30
32.614
  0
VERTEX
  8
GEOMETRY_LAYER_1
  70
32
  10
550795.028
  20
77879.429
  30
32.543
  0
VERTEX
  8
GEOMETRY_LAYER_1
  70
32
  10
550807.667
  20
77874.775
  30
32.483
  0
VERTEX
  8
GEOMETRY_LAYER_1
  70
32
  10
550807.613
  20
77863.388
  30
31.236
  0
VERTEX
  8
GEOMETRY_LAYER_1
  70
32
  10
550812.114
  20
77859.931
  30
31.614
  0
VERTEX
  8
GEOMETRY_LAYER_1
  70
32
  10
550819.116
  20
77855.032
  30
31.431
  0
VERTEX
  8
GEOMETRY_LAYER_1
  70
32
  10
550825.794
  20
77851.387
  30
32.02
  0
VERTEX
  8
GEOMETRY_LAYER_1
  70
32
  10
550835.195
  20
77852.819
  30
32.265
  0
VERTEX
  8
GEOMETRY_LAYER_1
  70
32
  10
550835.010
  20
77841.412
  30
31.767
  0
VERTEX
  8
GEOMETRY_LAYER_1
  70
32
  10
550835.788
  20
77831.267
  30
31.264
  0
VERTEX
  8
GEOMETRY_LAYER_1
  70
32
  10
550842.681
  20
77820.971
  30
30.651
  0
SEQEND
  8
GEOMETRY_LAYER_1
  0
POLYLINE
  8
GEOMETRY_LAYER_1
  70
8
  66
1
 62
1
 39
1
  0
VERTEX
  8
GEOMETRY_LAYER_1
  70
32
  10
550841.751
  20
77181.993
  30
14.75
  0
VERTEX
  8
GEOMETRY_LAYER_1
  70
32
  10
550839.794
  20
77173.568
  30
14.623
  0
VERTEX
  8
GEOMETRY_LAYER_1
  70
32
  10
550837.927
  20
77166.864
  30
14.527
  0
VERTEX
  8
GEOMETRY_LAYER_1
  70
32
  10
550843.278
  20
77159.323
  30
13.947
  0
VERTEX
  8
GEOMETRY_LAYER_1
  70
32
  10
550842.162
  20
77152.060
  30
13.661
  0
VERTEX
  8
GEOMETRY_LAYER_1
  70
32
  10
550848.740
  20
77145.076
  30
13.589
  0
VERTEX
  8
GEOMETRY_LAYER_1
  70
32
  10
550839.037
  20
77140.469
  30
13.415
  0
VERTEX
  8
GEOMETRY_LAYER_1
  70
32
  10
550837.336
  20
77134.981
  30
13.339
  0
VERTEX
  8
GEOMETRY_LAYER_1
  70
32
  10
550835.244
  20
77117.856
  30
13.113
  0
VERTEX
  8
GEOMETRY_LAYER_1
  70
32
  10
550823.165
  20
77130.613
  30
13.528
  0
VERTEX
  8
GEOMETRY_LAYER_1
  70
32
  10
550817.037
  20
77137.980
  30
13.517
  0
VERTEX
  8
GEOMETRY_LAYER_1
  70
32
  10
550810.240
  20
77145.051
  30
13.584
  0
VERTEX
  8
GEOMETRY_LAYER_1
  70
32
  10
550804.727
  20
77152.392
  30
14.191
  0
VERTEX
  8
GEOMETRY_LAYER_1
  70
32
  10
550798.757
  20
77159.308
  30
14.019
  0
VERTEX
  8
GEOMETRY_LAYER_1
  70
32
  10
550791.816
  20
77167.829
  30
14.283
  0
VERTEX
  8
GEOMETRY_LAYER_1
  70
32
  10
550785.894
  20
77174.507
  30
14.402
  0
VERTEX
  8
GEOMETRY_LAYER_1
  70
32
  10
550778.874
  20
77182.043
  30
14.88
  0
VERTEX
  8
GEOMETRY_LAYER_1
  70
32
  10
550775.696
  20
77188.364
  30
15.031
  0
VERTEX
  8
GEOMETRY_LAYER_1
  70
32
  10
550775.597
  20
77197.517
  30
15.093
  0
VERTEX
  8
GEOMETRY_LAYER_1
  70
32
  10
550778.331
  20
77207.434
  30
15.581
  0
VERTEX
  8
GEOMETRY_LAYER_1
  70
32
  10
550779.833
  20
77213.967
  30
15.903
  0
VERTEX
  8
GEOMETRY_LAYER_1
  70
32
  10
550781.256
  20
77224.857
  30
15.768
  0
VERTEX
  8
GEOMETRY_LAYER_1
  70
32
  10
550791.044
  20
77227.591
  30
15.476
  0
VERTEX
  8
GEOMETRY_LAYER_1
  70
32
  10
550797.501
  20
77227.159
  30
14.946
  0
VERTEX
  8
GEOMETRY_LAYER_1
  70
32
  10
550805.970
  20
77229.798
  30
14.622
  0
VERTEX
  8
GEOMETRY_LAYER_1
  70
32
  10
550813.376
  20
77224.571
  30
13.83
  0
VERTEX
  8
GEOMETRY_LAYER_1
  70
32
  10
550820.232
  20
77220.029
  30
13.861
  0
VERTEX
  8
GEOMETRY_LAYER_1
  70
32
  10
550826.866
  20
77212.077
  30
15.865
  0
VERTEX
  8
GEOMETRY_LAYER_1
  70
32
  10
550829.533
  20
77209.025
  30
15.719
  0
VERTEX
  8
GEOMETRY_LAYER_1
  70
32
  10
550840.538
  20
77210.044
  30
15.295
  0
VERTEX
  8
GEOMETRY_LAYER_1
  70
32
  10
550838.349
  20
77198.329
  30
15.114
  0
VERTEX
  8
GEOMETRY_LAYER_1
  70
32
  10
550841.070
  20
77195.139
  30
15.295
  0
VERTEX
  8
GEOMETRY_LAYER_1
  70
32
  10
550841.751
  20
77181.993
  30
14.75
  0
SEQEND
  8
GEOMETRY_LAYER_1
  0
POLYLINE
  8
GEOMETRY_LAYER_1
  70
8
  66
1
 62
1
 39
1
  0
VERTEX
  8
GEOMETRY_LAYER_1
  70
32
  10
550838.342
  20
77182.785
  30
14.75
  0
VERTEX
  8
GEOMETRY_LAYER_1
  70
32
  10
550836.402
  20
77174.433
  30
14.623
  0
VERTEX
  8
GEOMETRY_LAYER_1
  70
32
  10
550834.109
  20
77166.197
  30
14.527
  0
VERTEX
  8
GEOMETRY_LAYER_1
  70
32
  10
550839.603
  20
77158.454
  30
13.947
  0
VERTEX
  8
GEOMETRY_LAYER_1
  70
32
  10
550838.443
  20
77150.903
  30
13.661
  0
VERTEX
  8
GEOMETRY_LAYER_1
  70
32
  10
550842.896
  20
77146.176
  30
13.589
  0
VERTEX
  8
GEOMETRY_LAYER_1
  70
32
  10
550836.148
  20
77142.972
  30
13.415
  0
VERTEX
  8
GEOMETRY_LAYER_1
  70
32
  10
550833.900
  20
77135.718
  30
13.339
  0
VERTEX
  8
GEOMETRY_LAYER_1
  70
32
  10
550832.672
  20
77125.663
  30
13.113
  0
VERTEX
  8
GEOMETRY_LAYER_1
  70
32
  10
550825.784
  20
77132.937
  30
13.528
  0
VERTEX
  8
GEOMETRY_LAYER_1
  70
32
  10
550819.647
  20
77140.315
  30
13.517
  0
VERTEX
  8
GEOMETRY_LAYER_1
  70
32
  10
550812.911
  20
77147.322
  30
13.584
  0
VERTEX
  8
GEOMETRY_LAYER_1
  70
32
  10
550807.455
  20
77154.590
  30
14.191
  0
VERTEX
  8
GEOMETRY_LAYER_1
  70
32
  10
550801.438
  20
77161.557
  30
14.019
  0
VERTEX
  8
GEOMETRY_LAYER_1
  70
32
  10
550794.483
  20
77170.096
  30
14.283
  0
VERTEX
  8
GEOMETRY_LAYER_1
  70
32
  10
550788.485
  20
77176.861
  30
14.402
  0
VERTEX
  8
GEOMETRY_LAYER_1
  70
32
  10
550781.776
  20
77184.062
  30
14.88
  0
VERTEX
  8
GEOMETRY_LAYER_1
  70
32
  10
550779.187
  20
77189.212
  30
15.031
  0
VERTEX
  8
GEOMETRY_LAYER_1
  70
32
  10
550779.102
  20
77197.062
  30
15.093
  0
VERTEX
  8
GEOMETRY_LAYER_1
  70
32
  10
550781.726
  20
77206.577
  30
15.581
  0
VERTEX
  8
GEOMETRY_LAYER_1
  70
32
  10
550783.282
  20
77213.347
  30
15.903
  0
VERTEX
  8
GEOMETRY_LAYER_1
  70
32
  10
550784.427
  20
77222.109
  30
15.768
  0
VERTEX
  8
GEOMETRY_LAYER_1
  70
32
  10
550791.408
  20
77224.058
  30
15.476
  0
VERTEX
  8
GEOMETRY_LAYER_1
  70
32
  10
550797.918
  20
77223.623
  30
14.946
  0
VERTEX
  8
GEOMETRY_LAYER_1
  70
32
  10
550805.363
  20
77225.942
  30
14.622
  0
VERTEX
  8
GEOMETRY_LAYER_1
  70
32
  10
550811.400
  20
77221.681
  30
13.83
  0
VERTEX
  8
GEOMETRY_LAYER_1
  70
32
  10
550817.872
  20
77217.394
  30
13.861
  0
VERTEX
  8
GEOMETRY_LAYER_1
  70
32
  10
550824.204
  20
77209.804
  30
15.865
  0
VERTEX
  8
GEOMETRY_LAYER_1
  70
32
  10
550828.075
  20
77205.376
  30
15.719
  0
VERTEX
  8
GEOMETRY_LAYER_1
  70
32
  10
550836.247
  20
77206.132
  30
15.295
  0
VERTEX
  8
GEOMETRY_LAYER_1
  70
32
  10
550834.601
  20
77197.329
  30
15.114
  0
VERTEX
  8
GEOMETRY_LAYER_1
  70
32
  10
550838.407
  20
77192.867
  30
15.295
  0
VERTEX
  8
GEOMETRY_LAYER_1
  70
32
  10
550838.342
  20
77182.785
  30
14.75
  0
SEQEND
  8
GEOMETRY_LAYER_1
  0
POLYLINE
  8
GEOMETRY_LAYER_1
  70
8
  66
1
 62
3
 39
1
  0
VERTEX
  8
GEOMETRY_LAYER_1
  70
32
  10
551057.278
  20
77183.716
  30
1.288
  0
VERTEX
  8
GEOMETRY_LAYER_1
  70
32
  10
551042.120
  20
77186.986
  30
1.27
  0
VERTEX
  8
GEOMETRY_LAYER_1
  70
32
  10
551026.961
  20
77190.257
  30
1.251
  0
VERTEX
  8
GEOMETRY_LAYER_1
  70
32
  10
551011.221
  20
77193.674
  30
1.322
  0
VERTEX
  8
GEOMETRY_LAYER_1
  70
32
  10
551003.224
  20
77201.470
  30
1.27
  0
VERTEX
  8
GEOMETRY_LAYER_1
  70
32
  10
551006.618
  20
77215.241
  30
0.465
  0
VERTEX
  8
GEOMETRY_LAYER_1
  70
32
  10
551008.288
  20
77226.457
  30
1.628
  0
VERTEX
  8
GEOMETRY_LAYER_1
  70
32
  10
551008.508
  20
77234.078
  30
1.915
  0
VERTEX
  8
GEOMETRY_LAYER_1
  70
32
  10
551012.026
  20
77240.697
  30
1.273
  0
VERTEX
  8
GEOMETRY_LAYER_1
  70
32
  10
551014.475
  20
77260.758
  30
1.89
  0
VERTEX
  8
GEOMETRY_LAYER_1
  70
32
  10
551037.355
  20
77263.044
  30
1.307
  0
VERTEX
  8
GEOMETRY_LAYER_1
  70
32
  10
551056.809
  20
77265.371
  30
1.872
  0
VERTEX
  8
GEOMETRY_LAYER_1
  70
32
  10
551054.246
  20
77252.304
  30
2.291
  0
VERTEX
  8
GEOMETRY_LAYER_1
  70
32
  10
551053.249
  20
77233.062
  30
2.608
  0
VERTEX
  8
GEOMETRY_LAYER_1
  70
32
  10
551053.059
  20
77228.306
  30
0.879
  0
VERTEX
  8
GEOMETRY_LAYER_1
  70
32
  10
551063.720
  20
77222.464
  30
2.562
  0
VERTEX
  8
GEOMETRY_LAYER_1
  70
32
  10
551063.175
  20
77210.854
  30
2.204
  0
VERTEX
  8
GEOMETRY_LAYER_1
  70
32
  10
551061.207
  20
77201.553
  30
1.459
  0
VERTEX
  8
GEOMETRY_LAYER_1
  70
32
  10
551057.278
  20
77183.716
  30
1.288
  0
SEQEND
  8
GEOMETRY_LAYER_1
  0
POLYLINE
  8
GEOMETRY_LAYER_1
  70
8
  66
1
 62
3
 39
1
  0
VERTEX
  8
GEOMETRY_LAYER_1
  70
32
  10
551055.235
  20
77186.708
  30
1.27
  0
VERTEX
  8
GEOMETRY_LAYER_1
  70
32
  10
551027.701
  20
77193.678
  30
1.251
  0
VERTEX
  8
GEOMETRY_LAYER_1
  70
32
  10
551012.945
  20
77196.881
  30
1.322
  0
VERTEX
  8
GEOMETRY_LAYER_1
  70
32
  10
551007.102
  20
77202.577
  30
1.27
  0
VERTEX
  8
GEOMETRY_LAYER_1
  70
32
  10
551010.056
  20
77214.563
  30
0.465
  0
VERTEX
  8
GEOMETRY_LAYER_1
  70
32
  10
551011.781
  20
77226.147
  30
1.628
  0
VERTEX
  8
GEOMETRY_LAYER_1
  70
32
  10
551011.983
  20
77233.158
  30
1.915
  0
VERTEX
  8
GEOMETRY_LAYER_1
  70
32
  10
551015.422
  20
77239.628
  30
1.273
  0
VERTEX
  8
GEOMETRY_LAYER_1
  70
32
  10
551017.610
  20
77257.554
  30
1.89
  0
VERTEX
  8
GEOMETRY_LAYER_1
  70
32
  10
551037.737
  20
77259.564
  30
1.307
  0
VERTEX
  8
GEOMETRY_LAYER_1
  70
32
  10
551052.449
  20
77261.324
  30
1.872
  0
VERTEX
  8
GEOMETRY_LAYER_1
  70
32
  10
551050.764
  20
77252.733
  30
2.291
  0
VERTEX
  8
GEOMETRY_LAYER_1
  70
32
  10
551049.752
  20
77233.223
  30
2.608
  0
VERTEX
  8
GEOMETRY_LAYER_1
  70
32
  10
551049.475
  20
77226.279
  30
0.879
  0
VERTEX
  8
GEOMETRY_LAYER_1
  70
32
  10
551060.121
  20
77220.445
  30
2.562
  0
VERTEX
  8
GEOMETRY_LAYER_1
  70
32
  10
551059.692
  20
77211.302
  30
2.204
  0
VERTEX
  8
GEOMETRY_LAYER_1
  70
32
  10
551057.786
  20
77202.291
  30
1.459
  0
VERTEX
  8
GEOMETRY_LAYER_1
  70
32
  10
551055.235
  20
77186.708
  30
1.27
  0
SEQEND
  8
GEOMETRY_LAYER_1
  0
POLYLINE
  8
GEOMETRY_LAYER_1
  70
8
  66
1
 62
3
 39
1
  0
VERTEX
  8
GEOMETRY_LAYER_1
  70
32
  10
552409.561
  20
78761.247
  30
-18.868
  0
VERTEX
  8
GEOMETRY_LAYER_1
  70
32
  10
552408.198
  20
78751.667
  30
-19.075
  0
VERTEX
  8
GEOMETRY_LAYER_1
  70
32
  10
552407.838
  20
78742.688
  30
-19.369
  0
VERTEX
  8
GEOMETRY_LAYER_1
  70
32
  10
552408.561
  20
78732.226
  30
-19.669
  0
VERTEX
  8
GEOMETRY_LAYER_1
  70
32
  10
552409.342
  20
78721.272
  30
-20.017
  0
VERTEX
  8
GEOMETRY_LAYER_1
  70
32
  10
552409.818
  20
78711.066
  30
-20.638
  0
VERTEX
  8
GEOMETRY_LAYER_1
  70
32
  10
552408.682
  20
78700.720
  30
-20.883
  0
VERTEX
  8
GEOMETRY_LAYER_1
  70
32
  10
552408.871
  20
78693.009
  30
-20.838
  0
VERTEX
  8
GEOMETRY_LAYER_1
  70
32
  10
552409.543
  20
78681.867
  30
-20.66
  0
VERTEX
  8
GEOMETRY_LAYER_1
  70
32
  10
552409.953
  20
78672.061
  30
-20.804
  0
VERTEX
  8
GEOMETRY_LAYER_1
  70
32
  10
552411.505
  20
78660.983
  30
-20.714
  0
VERTEX
  8
GEOMETRY_LAYER_1
  70
32
  10
552408.633
  20
78648.300
  30
-20.632
  0
VERTEX
  8
GEOMETRY_LAYER_1
  70
32
  10
552393.665
  20
78646.384
  30
-20.491
  0
VERTEX
  8
GEOMETRY_LAYER_1
  70
32
  10
552386.098
  20
78653.420
  30
-20.133
  0
VERTEX
  8
GEOMETRY_LAYER_1
  70
32
  10
552380.959
  20
78666.081
  30
-20.92
  0
VERTEX
  8
GEOMETRY_LAYER_1
  70
32
  10
552381.433
  20
78674.459
  30
-20.992
  0
VERTEX
  8
GEOMETRY_LAYER_1
  70
32
  10
552381.359
  20
78683.931
  30
-21.062
  0
VERTEX
  8
GEOMETRY_LAYER_1
  70
32
  10
552380.255
  20
78694.288
  30
-21.011
  0
VERTEX
  8
GEOMETRY_LAYER_1
  70
32
  10
552379.060
  20
78698.860
  30
-20.681
  0
VERTEX
  8
GEOMETRY_LAYER_1
  70
32
  10
552375.605
  20
78708.524
  30
-20.36
  0
VERTEX
  8
GEOMETRY_LAYER_1
  70
32
  10
552373.211
  20
78718.412
  30
-20.055
  0
VERTEX
  8
GEOMETRY_LAYER_1
  70
32
  10
552370.383
  20
78722.817
  30
-20.237
  0
VERTEX
  8
GEOMETRY_LAYER_1
  70
32
  10
552371.814
  20
78729.689
  30
-20.576
  0
VERTEX
  8
GEOMETRY_LAYER_1
  70
32
  10
552370.067
  20
78737.814
  30
-20.62
  0
VERTEX
  8
GEOMETRY_LAYER_1
  70
32
  10
552365.675
  20
78746.544
  30
-20.406
  0
VERTEX
  8
GEOMETRY_LAYER_1
  70
32
  10
552376.325
  20
78756.099
  30
-19.777
  0
VERTEX
  8
GEOMETRY_LAYER_1
  70
32
  10
552380.468
  20
78758.625
  30
-19.756
  0
VERTEX
  8
GEOMETRY_LAYER_1
  70
32
  10
552380.214
  20
78763.035
  30
-18.988
  0
VERTEX
  8
GEOMETRY_LAYER_1
  70
32
  10
552381.250
  20
78769.867
  30
-18.737
  0
VERTEX
  8
GEOMETRY_LAYER_1
  70
32
  10
552379.410
  20
78778.135
  30
-18.678
  0
VERTEX
  8
GEOMETRY_LAYER_1
  70
32
  10
552376.085
  20
78785.981
  30
-19.427
  0
VERTEX
  8
GEOMETRY_LAYER_1
  70
32
  10
552370.723
  20
78794.956
  30
-19.891
  0
VERTEX
  8
GEOMETRY_LAYER_1
  70
32
  10
552366.661
  20
78801.812
  30
-20.175
  0
VERTEX
  8
GEOMETRY_LAYER_1
  70
32
  10
552363.068
  20
78811.685
  30
-20.909
  0
VERTEX
  8
GEOMETRY_LAYER_1
  70
32
  10
552358.732
  20
78818.266
  30
-21.46
  0
VERTEX
  8
GEOMETRY_LAYER_1
  70
32
  10
552353.903
  20
78821.676
  30
-21.847
  0
VERTEX
  8
GEOMETRY_LAYER_1
  70
32
  10
552352.451
  20
78829.937
  30
-22.08
  0
VERTEX
  8
GEOMETRY_LAYER_1
  70
32
  10
552349.833
  20
78836.219
  30
-22.189
  0
VERTEX
  8
GEOMETRY_LAYER_1
  70
32
  10
552360.915
  20
78843.028
  30
-22.015
  0
VERTEX
  8
GEOMETRY_LAYER_1
  70
32
  10
552365.051
  20
78845.987
  30
-22.178
  0
VERTEX
  8
GEOMETRY_LAYER_1
  70
32
  10
552379.690
  20
78846.486
  30
-21.243
  0
VERTEX
  8
GEOMETRY_LAYER_1
  70
32
  10
552385.939
  20
78835.704
  30
-20.732
  0
VERTEX
  8
GEOMETRY_LAYER_1
  70
32
  10
552390.366
  20
78826.582
  30
-20.324
  0
VERTEX
  8
GEOMETRY_LAYER_1
  70
32
  10
552394.809
  20
78815.708
  30
-20.051
  0
VERTEX
  8
GEOMETRY_LAYER_1
  70
32
  10
552397.361
  20
78805.359
  30
-19.873
  0
VERTEX
  8
GEOMETRY_LAYER_1
  70
32
  10
552399.549
  20
78796.325
  30
-19.416
  0
VERTEX
  8
GEOMETRY_LAYER_1
  70
32
  10
552400.444
  20
78789.893
  30
-18.935
  0
VERTEX
  8
GEOMETRY_LAYER_1
  70
32
  10
552404.353
  20
78781.207
  30
-18.65
  0
VERTEX
  8
GEOMETRY_LAYER_1
  70
32
  10
552409.561
  20
78761.247
  30
-18.868
  0
SEQEND
  8
GEOMETRY_LAYER_1
  0
POLYLINE
  8
GEOMETRY_LAYER_1
  70
8
  66
1
 62
3
 39
1
  0
VERTEX
  8
GEOMETRY_LAYER_1
  70
32
  10
552404.209
  20
78752.029
  30
-19.075
  0
VERTEX
  8
GEOMETRY_LAYER_1
  70
32
  10
552403.833
  20
78742.631
  30
-19.369
  0
VERTEX
  8
GEOMETRY_LAYER_1
  70
32
  10
552404.571
  20
78731.946
  30
-19.669
  0
VERTEX
  8
GEOMETRY_LAYER_1
  70
32
  10
552405.349
  20
78721.037
  30
-20.017
  0
VERTEX
  8
GEOMETRY_LAYER_1
  70
32
  10
552405.807
  20
78711.192
  30
-20.638
  0
VERTEX
  8
GEOMETRY_LAYER_1
  70
32
  10
552404.676
  20
78700.890
  30
-20.883
  0
VERTEX
  8
GEOMETRY_LAYER_1
  70
32
  10
552404.874
  20
78692.840
  30
-20.838
  0
VERTEX
  8
GEOMETRY_LAYER_1
  70
32
  10
552405.548
  20
78681.663
  30
-20.66
  0
VERTEX
  8
GEOMETRY_LAYER_1
  70
32
  10
552405.965
  20
78671.699
  30
-20.804
  0
VERTEX
  8
GEOMETRY_LAYER_1
  70
32
  10
552407.442
  20
78661.153
  30
-20.714
  0
VERTEX
  8
GEOMETRY_LAYER_1
  70
32
  10
552405.350
  20
78651.912
  30
-20.632
  0
VERTEX
  8
GEOMETRY_LAYER_1
  70
32
  10
552395.016
  20
78650.590
  30
-20.491
  0
VERTEX
  8
GEOMETRY_LAYER_1
  70
32
  10
552389.470
  20
78655.746
  30
-20.133
  0
VERTEX
  8
GEOMETRY_LAYER_1
  70
32
  10
552385.004
  20
78666.752
  30
-20.92
  0
VERTEX
  8
GEOMETRY_LAYER_1
  70
32
  10
552385.434
  20
78674.361
  30
-20.992
  0
VERTEX
  8
GEOMETRY_LAYER_1
  70
32
  10
552385.357
  20
78684.160
  30
-21.062
  0
VERTEX
  8
GEOMETRY_LAYER_1
  70
32
  10
552384.201
  20
78695.009
  30
-21.011
  0
VERTEX
  8
GEOMETRY_LAYER_1
  70
32
  10
552382.885
  20
78700.042
  30
-20.681
  0
VERTEX
  8
GEOMETRY_LAYER_1
  70
32
  10
552379.443
  20
78709.672
  30
-20.36
  0
VERTEX
  8
GEOMETRY_LAYER_1
  70
32
  10
552376.940
  20
78720.007
  30
-20.055
  0
VERTEX
  8
GEOMETRY_LAYER_1
  70
32
  10
552374.632
  20
78723.602
  30
-20.237
  0
VERTEX
  8
GEOMETRY_LAYER_1
  70
32
  10
552375.902
  20
78729.703
  30
-20.576
  0
VERTEX
  8
GEOMETRY_LAYER_1
  70
32
  10
552373.870
  20
78739.155
  30
-20.62
  0
VERTEX
  8
GEOMETRY_LAYER_1
  70
32
  10
552370.623
  20
78745.609
  30
-20.406
  0
VERTEX
  8
GEOMETRY_LAYER_1
  70
32
  10
552378.722
  20
78752.876
  30
-19.777
  0
VERTEX
  8
GEOMETRY_LAYER_1
  70
32
  10
552384.599
  20
78756.459
  30
-19.756
  0
VERTEX
  8
GEOMETRY_LAYER_1
  70
32
  10
552384.231
  20
78762.847
  30
-18.988
  0
VERTEX
  8
GEOMETRY_LAYER_1
  70
32
  10
552385.317
  20
78770.006
  30
-18.737
  0
VERTEX
  8
GEOMETRY_LAYER_1
  70
32
  10
552383.235
  20
78779.361
  30
-18.678
  0
VERTEX
  8
GEOMETRY_LAYER_1
  70
32
  10
552379.660
  20
78787.796
  30
-19.427
  0
VERTEX
  8
GEOMETRY_LAYER_1
  70
32
  10
552374.160
  20
78797.001
  30
-19.891
  0
VERTEX
  8
GEOMETRY_LAYER_1
  70
32
  10
552370.293
  20
78803.530
  30
-20.175
  0
VERTEX
  8
GEOMETRY_LAYER_1
  70
32
  10
552366.666
  20
78813.494
  30
-20.909
  0
VERTEX
  8
GEOMETRY_LAYER_1
  70
32
  10
552361.656
  20
78821.097
  30
-21.46
  0
VERTEX
  8
GEOMETRY_LAYER_1
  70
32
  10
552357.557
  20
78823.993
  30
-21.847
  0
VERTEX
  8
GEOMETRY_LAYER_1
  70
32
  10
552356.314
  20
78831.067
  30
-22.08
  0
VERTEX
  8
GEOMETRY_LAYER_1
  70
32
  10
552354.841
  20
78834.601
  30
-22.189
  0
VERTEX
  8
GEOMETRY_LAYER_1
  70
32
  10
552363.128
  20
78839.693
  30
-22.015
  0
VERTEX
  8
GEOMETRY_LAYER_1
  70
32
  10
552366.395
  20
78842.031
  30
-22.178
  0
VERTEX
  8
GEOMETRY_LAYER_1
  70
32
  10
552377.431
  20
78842.407
  30
-21.243
  0
VERTEX
  8
GEOMETRY_LAYER_1
  70
32
  10
552382.404
  20
78833.825
  30
-20.732
  0
VERTEX
  8
GEOMETRY_LAYER_1
  70
32
  10
552386.711
  20
78824.951
  30
-20.324
  0
VERTEX
  8
GEOMETRY_LAYER_1
  70
32
  10
552390.995
  20
78814.465
  30
-20.051
  0
VERTEX
  8
GEOMETRY_LAYER_1
  70
32
  10
552393.475
  20
78804.410
  30
-19.873
  0
VERTEX
  8
GEOMETRY_LAYER_1
  70
32
  10
552395.615
  20
78795.577
  30
-19.416
  0
VERTEX
  8
GEOMETRY_LAYER_1
  70
32
  10
552405.548
  20
78761.933
  30
-18.935
  0
VERTEX
  8
GEOMETRY_LAYER_1
  70
32
  10
552404.209
  20
78752.029
  30
-19.075
  0
SEQEND
  8
GEOMETRY_LAYER_1
  0
POLYLINE
  8
GEOMETRY_LAYER_1
  70
8
  66
1
 62
1
 39
1
  0
VERTEX
  8
GEOMETRY_LAYER_1
  70
32
  10
552461.674
  20
78878.191
  30
0.67
  0
VERTEX
  8
GEOMETRY_LAYER_1
  70
32
  10
552463.485
  20
78868.911
  30
-0.126
  0
VERTEX
  8
GEOMETRY_LAYER_1
  70
32
  10
552465.109
  20
78859.678
  30
-0.29
  0
VERTEX
  8
GEOMETRY_LAYER_1
  70
32
  10
552468.497
  20
78852.428
  30
-0.304
  0
VERTEX
  8
GEOMETRY_LAYER_1
  70
32
  10
552471.533
  20
78843.882
  30
-0.69
  0
VERTEX
  8
GEOMETRY_LAYER_1
  70
32
  10
552473.689
  20
78836.239
  30
-1.018
  0
VERTEX
  8
GEOMETRY_LAYER_1
  70
32
  10
552476.254
  20
78827.609
  30
-0.927
  0
VERTEX
  8
GEOMETRY_LAYER_1
  70
32
  10
552480.097
  20
78812.248
  30
-1.09
  0
VERTEX
  8
GEOMETRY_LAYER_1
  70
32
  10
552462.779
  20
78815.960
  30
-0.959
  0
VERTEX
  8
GEOMETRY_LAYER_1
  70
32
  10
552455.113
  20
78817.424
  30
-1.869
  0
VERTEX
  8
GEOMETRY_LAYER_1
  70
32
  10
552444.681
  20
78821.786
  30
-1.9
  0
VERTEX
  8
GEOMETRY_LAYER_1
  70
32
  10
552442.491
  20
78831.329
  30
-1.033
  0
VERTEX
  8
GEOMETRY_LAYER_1
  70
32
  10
552438.599
  20
78838.910
  30
-0.221
  0
VERTEX
  8
GEOMETRY_LAYER_1
  70
32
  10
552437.725
  20
78844.980
  30
-0.317
  0
VERTEX
  8
GEOMETRY_LAYER_1
  70
32
  10
552435.559
  20
78855.867
  30
0.161
  0
VERTEX
  8
GEOMETRY_LAYER_1
  70
32
  10
552433.645
  20
78862.200
  30
0.356
  0
VERTEX
  8
GEOMETRY_LAYER_1
  70
32
  10
552432.751
  20
78872.946
  30
0.128
  0
VERTEX
  8
GEOMETRY_LAYER_1
  70
32
  10
552431.144
  20
78881.717
  30
0.838
  0
VERTEX
  8
GEOMETRY_LAYER_1
  70
32
  10
552433.043
  20
78892.480
  30
1.027
  0
VERTEX
  8
GEOMETRY_LAYER_1
  70
32
  10
552434.388
  20
78897.850
  30
1.461
  0
VERTEX
  8
GEOMETRY_LAYER_1
  70
32
  10
552433.245
  20
78901.266
  30
1.87
  0
VERTEX
  8
GEOMETRY_LAYER_1
  70
32
  10
552431.908
  20
78910.142
  30
2.281
  0
VERTEX
  8
GEOMETRY_LAYER_1
  70
32
  10
552431.692
  20
78915.657
  30
2.611
  0
VERTEX
  8
GEOMETRY_LAYER_1
  70
32
  10
552429.903
  20
78925.162
  30
2.922
  0
VERTEX
  8
GEOMETRY_LAYER_1
  70
32
  10
552428.346
  20
78931.483
  30
2.692
  0
VERTEX
  8
GEOMETRY_LAYER_1
  70
32
  10
552423.976
  20
78935.396
  30
2.527
  0
VERTEX
  8
GEOMETRY_LAYER_1
  70
32
  10
552417.146
  20
78945.673
  30
2.131
  0
VERTEX
  8
GEOMETRY_LAYER_1
  70
32
  10
552416.827
  20
78949.144
  30
1.816
  0
VERTEX
  8
GEOMETRY_LAYER_1
  70
32
  10
552413.899
  20
78962.921
  30
1.551
  0
VERTEX
  8
GEOMETRY_LAYER_1
  70
32
  10
552424.135
  20
78967.006
  30
2.006
  0
VERTEX
  8
GEOMETRY_LAYER_1
  70
32
  10
552431.555
  20
78966.677
  30
2.07
  0
VERTEX
  8
GEOMETRY_LAYER_1
  70
32
  10
552438.662
  20
78969.092
  30
2.37
  0
VERTEX
  8
GEOMETRY_LAYER_1
  70
32
  10
552447.016
  20
78963.673
  30
3.132
  0
VERTEX
  8
GEOMETRY_LAYER_1
  70
32
  10
552449.515
  20
78952.134
  30
3.034
  0
VERTEX
  8
GEOMETRY_LAYER_1
  70
32
  10
552451.112
  20
78943.109
  30
3.364
  0
VERTEX
  8
GEOMETRY_LAYER_1
  70
32
  10
552452.207
  20
78934.423
  30
3.017
  0
VERTEX
  8
GEOMETRY_LAYER_1
  70
32
  10
552454.436
  20
78924.969
  30
2.432
  0
VERTEX
  8
GEOMETRY_LAYER_1
  70
32
  10
552456.435
  20
78915.576
  30
2.437
  0
VERTEX
  8
GEOMETRY_LAYER_1
  70
32
  10
552457.635
  20
78905.988
  30
2.225
  0
VERTEX
  8
GEOMETRY_LAYER_1
  70
32
  10
552459.141
  20
78898.867
  30
1.778
  0
VERTEX
  8
GEOMETRY_LAYER_1
  70
32
  10
552461.674
  20
78878.191
  30
0.67
  0
SEQEND
  8
GEOMETRY_LAYER_1
  0
POLYLINE
  8
GEOMETRY_LAYER_1
  70
8
  66
1
 62
1
 39
1
  0
VERTEX
  8
GEOMETRY_LAYER_1
  70
32
  10
552459.552
  20
78868.181
  30
-0.126
  0
VERTEX
  8
GEOMETRY_LAYER_1
  70
32
  10
552461.261
  20
78858.465
  30
-0.29
  0
VERTEX
  8
GEOMETRY_LAYER_1
  70
32
  10
552464.792
  20
78850.909
  30
-0.304
  0
VERTEX
  8
GEOMETRY_LAYER_1
  70
32
  10
552467.719
  20
78842.669
  30
-0.69
  0
VERTEX
  8
GEOMETRY_LAYER_1
  70
32
  10
552469.847
  20
78835.126
  30
-1.018
  0
VERTEX
  8
GEOMETRY_LAYER_1
  70
32
  10
552472.394
  20
78826.553
  30
-0.927
  0
VERTEX
  8
GEOMETRY_LAYER_1
  70
32
  10
552474.659
  20
78817.505
  30
-1.09
  0
VERTEX
  8
GEOMETRY_LAYER_1
  70
32
  10
552463.574
  20
78819.881
  30
-0.959
  0
VERTEX
  8
GEOMETRY_LAYER_1
  70
32
  10
552456.272
  20
78821.275
  30
-1.869
  0
VERTEX
  8
GEOMETRY_LAYER_1
  70
32
  10
552448.120
  20
78824.683
  30
-1.9
  0
VERTEX
  8
GEOMETRY_LAYER_1
  70
32
  10
552446.278
  20
78832.711
  30
-1.033
  0
VERTEX
  8
GEOMETRY_LAYER_1
  70
32
  10
552442.463
  20
78840.142
  30
-0.221
  0
VERTEX
  8
GEOMETRY_LAYER_1
  70
32
  10
552441.669
  20
78845.656
  30
-0.317
  0
VERTEX
  8
GEOMETRY_LAYER_1
  70
32
  10
552439.444
  20
78856.838
  30
0.161
  0
VERTEX
  8
GEOMETRY_LAYER_1
  70
32
  10
552437.596
  20
78862.953
  30
0.356
  0
VERTEX
  8
GEOMETRY_LAYER_1
  70
32
  10
552436.721
  20
78873.473
  30
0.128
  0
VERTEX
  8
GEOMETRY_LAYER_1
  70
32
  10
552435.209
  20
78881.731
  30
0.838
  0
VERTEX
  8
GEOMETRY_LAYER_1
  70
32
  10
552436.958
  20
78891.645
  30
1.027
  0
VERTEX
  8
GEOMETRY_LAYER_1
  70
32
  10
552438.552
  20
78898.011
  30
1.461
  0
VERTEX
  8
GEOMETRY_LAYER_1
  70
32
  10
552437.148
  20
78902.206
  30
1.87
  0
VERTEX
  8
GEOMETRY_LAYER_1
  70
32
  10
552435.896
  20
78910.519
  30
2.281
  0
VERTEX
  8
GEOMETRY_LAYER_1
  70
32
  10
552435.678
  20
78916.107
  30
2.611
  0
VERTEX
  8
GEOMETRY_LAYER_1
  70
32
  10
552433.813
  20
78926.010
  30
2.922
  0
VERTEX
  8
GEOMETRY_LAYER_1
  70
32
  10
552431.935
  20
78933.639
  30
2.692
  0
VERTEX
  8
GEOMETRY_LAYER_1
  70
32
  10
552427.025
  20
78938.036
  30
2.527
  0
VERTEX
  8
GEOMETRY_LAYER_1
  70
32
  10
552421.036
  20
78947.045
  30
2.131
  0
VERTEX
  8
GEOMETRY_LAYER_1
  70
32
  10
552420.789
  20
78949.745
  30
1.816
  0
VERTEX
  8
GEOMETRY_LAYER_1
  70
32
  10
552418.513
  20
78960.455
  30
1.551
  0
VERTEX
  8
GEOMETRY_LAYER_1
  70
32
  10
552424.818
  20
78962.971
  30
2.006
  0
VERTEX
  8
GEOMETRY_LAYER_1
  70
32
  10
552432.130
  20
78962.648
  30
2.07
  0
VERTEX
  8
GEOMETRY_LAYER_1
  70
32
  10
552438.112
  20
78964.681
  30
2.37
  0
VERTEX
  8
GEOMETRY_LAYER_1
  70
32
  10
552443.456
  20
78961.214
  30
3.132
  0
VERTEX
  8
GEOMETRY_LAYER_1
  70
32
  10
552445.589
  20
78951.362
  30
3.034
  0
VERTEX
  8
GEOMETRY_LAYER_1
  70
32
  10
552447.156
  20
78942.509
  30
3.364
  0
VERTEX
  8
GEOMETRY_LAYER_1
  70
32
  10
552448.265
  20
78933.712
  30
3.017
  0
VERTEX
  8
GEOMETRY_LAYER_1
  70
32
  10
552450.533
  20
78924.094
  30
2.432
  0
VERTEX
  8
GEOMETRY_LAYER_1
  70
32
  10
552452.487
  20
78914.910
  30
2.437
  0
VERTEX
  8
GEOMETRY_LAYER_1
  70
32
  10
552453.687
  20
78905.325
  30
2.225
  0
VERTEX
  8
GEOMETRY_LAYER_1
  70
32
  10
552459.552
  20
78868.181
  30
-0.126
  0
SEQEND
  8
GEOMETRY_LAYER_1
  0
POLYLINE
  8
GEOMETRY_LAYER_1
  70
8
  66
1
 62
1
 39
1
  0
VERTEX
  8
GEOMETRY_LAYER_1
  70
32
  10
551120.930
  20
76348.940
  30
25.597
  0
VERTEX
  8
GEOMETRY_LAYER_1
  70
32
  10
551130.353
  20
76348.348
  30
25.49
  0
VERTEX
  8
GEOMETRY_LAYER_1
  70
32
  10
551137.588
  20
76349.269
  30
24.89
  0
VERTEX
  8
GEOMETRY_LAYER_1
  70
32
  10
551148.609
  20
76348.099
  30
24.448
  0
VERTEX
  8
GEOMETRY_LAYER_1
  70
32
  10
551157.031
  20
76346.357
  30
24.255
  0
VERTEX
  8
GEOMETRY_LAYER_1
  70
32
  10
551166.594
  20
76344.390
  30
23.702
  0
VERTEX
  8
GEOMETRY_LAYER_1
  70
32
  10
551178.619
  20
76341.551
  30
23.583
  0
VERTEX
  8
GEOMETRY_LAYER_1
  70
32
  10
551173.194
  20
76333.268
  30
23.769
  0
VERTEX
  8
GEOMETRY_LAYER_1
  70
32
  10
551174.911
  20
76325.767
  30
23.424
  0
VERTEX
  8
GEOMETRY_LAYER_1
  70
32
  10
551168.894
  20
76315.300
  30
23.613
  0
VERTEX
  8
GEOMETRY_LAYER_1
  70
32
  10
551157.756
  20
76318.421
  30
24.172
  0
VERTEX
  8
GEOMETRY_LAYER_1
  70
32
  10
551149.037
  20
76319.918
  30
24.494
  0
VERTEX
  8
GEOMETRY_LAYER_1
  70
32
  10
551142.896
  20
76321.994
  30
24.644
  0
VERTEX
  8
GEOMETRY_LAYER_1
  70
32
  10
551133.904
  20
76319.437
  30
24.919
  0
VERTEX
  8
GEOMETRY_LAYER_1
  70
32
  10
551128.877
  20
76312.690
  30
25.303
  0
VERTEX
  8
GEOMETRY_LAYER_1
  70
32
  10
551123.044
  20
76307.853
  30
25.563
  0
VERTEX
  8
GEOMETRY_LAYER_1
  70
32
  10
551112.246
  20
76309.982
  30
26.266
  0
VERTEX
  8
GEOMETRY_LAYER_1
  70
32
  10
551103.672
  20
76313.148
  30
26.613
  0
VERTEX
  8
GEOMETRY_LAYER_1
  70
32
  10
551092.228
  20
76314.890
  30
27.422
  0
VERTEX
  8
GEOMETRY_LAYER_1
  70
32
  10
551089.570
  20
76319.859
  30
27.817
  0
VERTEX
  8
GEOMETRY_LAYER_1
  70
32
  10
551083.929
  20
76320.350
  30
27.829
  0
VERTEX
  8
GEOMETRY_LAYER_1
  70
32
  10
551074.562
  20
76318.710
  30
27.515
  0
VERTEX
  8
GEOMETRY_LAYER_1
  70
32
  10
551065.848
  20
76320.721
  30
27.643
  0
VERTEX
  8
GEOMETRY_LAYER_1
  70
32
  10
551056.743
  20
76321.482
  30
27.952
  0
VERTEX
  8
GEOMETRY_LAYER_1
  70
32
  10
551045.270
  20
76322.922
  30
28.033
  0
VERTEX
  8
GEOMETRY_LAYER_1
  70
32
  10
551041.276
  20
76335.563
  30
28.162
  0
VERTEX
  8
GEOMETRY_LAYER_1
  70
32
  10
551046.061
  20
76342.296
  30
27.922
  0
VERTEX
  8
GEOMETRY_LAYER_1
  70
32
  10
551042.696
  20
76351.230
  30
28.168
  0
VERTEX
  8
GEOMETRY_LAYER_1
  70
32
  10
551047.910
  20
76357.867
  30
28.048
  0
VERTEX
  8
GEOMETRY_LAYER_1
  70
32
  10
551045.800
  20
76365.603
  30
28.082
  0
VERTEX
  8
GEOMETRY_LAYER_1
  70
32
  10
551060.984
  20
76364.179
  30
27.655
  0
VERTEX
  8
GEOMETRY_LAYER_1
  70
32
  10
551072.440
  20
76357.000
  30
27.472
  0
VERTEX
  8
GEOMETRY_LAYER_1
  70
32
  10
551079.391
  20
76354.510
  30
27.38
  0
VERTEX
  8
GEOMETRY_LAYER_1
  70
32
  10
551086.945
  20
76352.811
  30
27.472
  0
VERTEX
  8
GEOMETRY_LAYER_1
  70
32
  10
551094.813
  20
76353.310
  30
27.244
  0
VERTEX
  8
GEOMETRY_LAYER_1
  70
32
  10
551113.655
  20
76350.540
  30
26.392
  0
VERTEX
  8
GEOMETRY_LAYER_1
  70
32
  10
551120.930
  20
76348.940
  30
25.597
  0
SEQEND
  8
GEOMETRY_LAYER_1
  0
POLYLINE
  8
GEOMETRY_LAYER_1
  70
8
  66
1
 62
1
 39
1
  0
VERTEX
  8
GEOMETRY_LAYER_1
  70
32
  10
551120.680
  20
76344.948
  30
25.597
  0
VERTEX
  8
GEOMETRY_LAYER_1
  70
32
  10
551130.481
  20
76344.332
  30
25.49
  0
VERTEX
  8
GEOMETRY_LAYER_1
  70
32
  10
551137.630
  20
76345.242
  30
24.89
  0
VERTEX
  8
GEOMETRY_LAYER_1
  70
32
  10
551147.991
  20
76344.142
  30
24.448
  0
VERTEX
  8
GEOMETRY_LAYER_1
  70
32
  10
551156.223
  20
76342.439
  30
24.255
  0
VERTEX
  8
GEOMETRY_LAYER_1
  70
32
  10
551165.732
  20
76340.483
  30
23.702
  0
VERTEX
  8
GEOMETRY_LAYER_1
  70
32
  10
551172.146
  20
76338.969
  30
23.583
  0
VERTEX
  8
GEOMETRY_LAYER_1
  70
32
  10
551168.915
  20
76334.035
  30
23.769
  0
VERTEX
  8
GEOMETRY_LAYER_1
  70
32
  10
551170.662
  20
76326.401
  30
23.424
  0
VERTEX
  8
GEOMETRY_LAYER_1
  70
32
  10
551166.977
  20
76319.991
  30
23.613
  0
VERTEX
  8
GEOMETRY_LAYER_1
  70
32
  10
551158.636
  20
76322.328
  30
24.172
  0
VERTEX
  8
GEOMETRY_LAYER_1
  70
32
  10
551150.022
  20
76323.808
  30
24.494
  0
VERTEX
  8
GEOMETRY_LAYER_1
  70
32
  10
551142.998
  20
76326.182
  30
24.644
  0
VERTEX
  8
GEOMETRY_LAYER_1
  70
32
  10
551131.507
  20
76322.914
  30
24.919
  0
VERTEX
  8
GEOMETRY_LAYER_1
  70
32
  10
551125.955
  20
76315.464
  30
25.303
  0
VERTEX
  8
GEOMETRY_LAYER_1
  70
32
  10
551121.953
  20
76312.145
  30
25.563
  0
VERTEX
  8
GEOMETRY_LAYER_1
  70
32
  10
551113.332
  20
76313.845
  30
26.266
  0
VERTEX
  8
GEOMETRY_LAYER_1
  70
32
  10
551104.677
  20
76317.042
  30
26.613
  0
VERTEX
  8
GEOMETRY_LAYER_1
  70
32
  10
551094.810
  20
76318.543
  30
27.422
  0
VERTEX
  8
GEOMETRY_LAYER_1
  70
32
  10
551092.075
  20
76323.656
  30
27.817
  0
VERTEX
  8
GEOMETRY_LAYER_1
  70
32
  10
551083.754
  20
76324.380
  30
27.829
  0
VERTEX
  8
GEOMETRY_LAYER_1
  70
32
  10
551074.671
  20
76322.790
  30
27.515
  0
VERTEX
  8
GEOMETRY_LAYER_1
  70
32
  10
551066.468
  20
76324.683
  30
27.643
  0
VERTEX
  8
GEOMETRY_LAYER_1
  70
32
  10
551057.158
  20
76325.462
  30
27.952
  0
VERTEX
  8
GEOMETRY_LAYER_1
  70
32
  10
551048.311
  20
76326.571
  30
28.033
  0
VERTEX
  8
GEOMETRY_LAYER_1
  70
32
  10
551045.690
  20
76334.869
  30
28.162
  0
VERTEX
  8
GEOMETRY_LAYER_1
  70
32
  10
551050.555
  20
76341.714
  30
27.922
  0
VERTEX
  8
GEOMETRY_LAYER_1
  70
32
  10
551047.234
  20
76350.531
  30
28.168
  0
VERTEX
  8
GEOMETRY_LAYER_1
  70
32
  10
551052.298
  20
76356.978
  30
28.048
  0
VERTEX
  8
GEOMETRY_LAYER_1
  70
32
  10
551051.179
  20
76361.081
  30
28.082
  0
VERTEX
  8
GEOMETRY_LAYER_1
  70
32
  10
551059.664
  20
76360.285
  30
27.655
  0
VERTEX
  8
GEOMETRY_LAYER_1
  70
32
  10
551070.683
  20
76353.380
  30
27.472
  0
VERTEX
  8
GEOMETRY_LAYER_1
  70
32
  10
551078.274
  20
76350.661
  30
27.38
  0
VERTEX
  8
GEOMETRY_LAYER_1
  70
32
  10
551086.626
  20
76348.783
  30
27.472
  0
VERTEX
  8
GEOMETRY_LAYER_1
  70
32
  10
551094.647
  20
76349.292
  30
27.244
  0
VERTEX
  8
GEOMETRY_LAYER_1
  70
32
  10
551113.073
  20
76346.582
  30
26.392
  0
VERTEX
  8
GEOMETRY_LAYER_1
  70
32
  10
551120.680
  20
76344.948
  30
25.597
  0
SEQEND
  8
GEOMETRY_LAYER_1
  0
POLYLINE
  8
GEOMETRY_LAYER_1
  70
8
  66
1
 62
3
 39
1
  0
VERTEX
  8
GEOMETRY_LAYER_1
  70
32
  10
550150.262
  20
64084.455
  30
-16.216
  0
VERTEX
  8
GEOMETRY_LAYER_1
  70
32
  10
550142.995
  20
64091.605
  30
-16.226
  0
VERTEX
  8
GEOMETRY_LAYER_1
  70
32
  10
550138.241
  20
64094.839
  30
-16.425
  0
VERTEX
  8
GEOMETRY_LAYER_1
  70
32
  10
550133.032
  20
64098.383
  30
-16.624
  0
VERTEX
  8
GEOMETRY_LAYER_1
  70
32
  10
550122.108
  20
64099.674
  30
-11.791
  0
VERTEX
  8
GEOMETRY_LAYER_1
  70
32
  10
550115.438
  20
64099.721
  30
-15.501
  0
VERTEX
  8
GEOMETRY_LAYER_1
  70
32
  10
550107.752
  20
64101.522
  30
-15.135
  0
VERTEX
  8
GEOMETRY_LAYER_1
  70
32
  10
550099.265
  20
64101.738
  30
-14.405
  0
VERTEX
  8
GEOMETRY_LAYER_1
  70
32
  10
550091.438
  20
64099.574
  30
-13.267
  0
VERTEX
  8
GEOMETRY_LAYER_1
  70
32
  10
550082.622
  20
64099.077
  30
-11.47
  0
VERTEX
  8
GEOMETRY_LAYER_1
  70
32
  10
550074.978
  20
64098.475
  30
-10.881
  0
VERTEX
  8
GEOMETRY_LAYER_1
  70
32
  10
550071.822
  20
64098.227
  30
-10.292
  0
VERTEX
  8
GEOMETRY_LAYER_1
  70
32
  10
550072.411
  20
64096.542
  30
16.282
  0
VERTEX
  8
GEOMETRY_LAYER_1
  70
32
  10
550074.505
  20
64090.544
  30
42.857
  0
VERTEX
  8
GEOMETRY_LAYER_1
  70
32
  10
550077.222
  20
64082.348
  30
-9.009
  0
VERTEX
  8
GEOMETRY_LAYER_1
  70
32
  10
550083.672
  20
64075.038
  30
-11.516
  0
VERTEX
  8
GEOMETRY_LAYER_1
  70
32
  10
550089.097
  20
64068.892
  30
-14.022
  0
VERTEX
  8
GEOMETRY_LAYER_1
  70
32
  10
550097.853
  20
64071.600
  30
-14.504
  0
VERTEX
  8
GEOMETRY_LAYER_1
  70
32
  10
550105.847
  20
64077.505
  30
-15.201
  0
VERTEX
  8
GEOMETRY_LAYER_1
  70
32
  10
550113.062
  20
64074.980
  30
-15.813
  0
VERTEX
  8
GEOMETRY_LAYER_1
  70
32
  10
550118.874
  20
64072.947
  30
-16.424
  0
VERTEX
  8
GEOMETRY_LAYER_1
  70
32
  10
550123.260
  20
64070.292
  30
-16.782
  0
VERTEX
  8
GEOMETRY_LAYER_1
  70
32
  10
550130.326
  20
64066.927
  30
-17.286
  0
VERTEX
  8
GEOMETRY_LAYER_1
  70
32
  10
550134.737
  20
64063.963
  30
-17.393
  0
VERTEX
  8
GEOMETRY_LAYER_1
  70
32
  10
550141.075
  20
64061.505
  30
-17.467
  0
VERTEX
  8
GEOMETRY_LAYER_1
  70
32
  10
550144.969
  20
64059.995
  30
-17.542
  0
VERTEX
  8
GEOMETRY_LAYER_1
  70
32
  10
550146.898
  20
64063.366
  30
-17.208
  0
VERTEX
  8
GEOMETRY_LAYER_1
  70
32
  10
550150.322
  20
64069.350
  30
-16.874
  0
VERTEX
  8
GEOMETRY_LAYER_1
  70
32
  10
550155.954
  20
64078.734
  30
-16.54
  0
VERTEX
  8
GEOMETRY_LAYER_1
  70
32
  10
550150.262
  20
64084.455
  30
-16.216
  0
SEQEND
  8
GEOMETRY_LAYER_1
  0
POLYLINE
  8
GEOMETRY_LAYER_1
  70
8
  66
1
 62
3
 39
1
  0
VERTEX
  8
GEOMETRY_LAYER_1
  70
32
  10
550160.209
  20
64079.580
  30
-16.206
  0
VERTEX
  8
GEOMETRY_LAYER_1
  70
32
  10
550152.717
  20
64086.951
  30
-16.216
  0
VERTEX
  8
GEOMETRY_LAYER_1
  70
32
  10
550145.224
  20
64094.321
  30
-16.226
  0
VERTEX
  8
GEOMETRY_LAYER_1
  70
32
  10
550140.210
  20
64097.733
  30
-16.425
  0
VERTEX
  8
GEOMETRY_LAYER_1
  70
32
  10
550134.293
  20
64101.758
  30
-16.624
  0
VERTEX
  8
GEOMETRY_LAYER_1
  70
32
  10
550122.326
  20
64103.172
  30
-11.791
  0
VERTEX
  8
GEOMETRY_LAYER_1
  70
32
  10
550115.855
  20
64103.218
  30
-15.501
  0
VERTEX
  8
GEOMETRY_LAYER_1
  70
32
  10
550108.201
  20
64105.012
  30
-15.135
  0
VERTEX
  8
GEOMETRY_LAYER_1
  70
32
  10
550098.833
  20
64105.249
  30
-14.405
  0
VERTEX
  8
GEOMETRY_LAYER_1
  70
32
  10
550090.866
  20
64103.047
  30
-13.267
  0
VERTEX
  8
GEOMETRY_LAYER_1
  70
32
  10
550082.387
  20
64102.569
  30
-11.47
  0
VERTEX
  8
GEOMETRY_LAYER_1
  70
32
  10
550074.704
  20
64101.964
  30
-10.881
  0
VERTEX
  8
GEOMETRY_LAYER_1
  70
32
  10
550067.021
  20
64101.360
  30
-10.292
  0
VERTEX
  8
GEOMETRY_LAYER_1
  70
32
  10
550069.106
  20
64095.388
  30
16.282
  0
VERTEX
  8
GEOMETRY_LAYER_1
  70
32
  10
550071.192
  20
64089.416
  30
42.857
  0
VERTEX
  8
GEOMETRY_LAYER_1
  70
32
  10
550074.125
  20
64080.568
  30
-9.009
  0
VERTEX
  8
GEOMETRY_LAYER_1
  70
32
  10
550081.047
  20
64072.723
  30
-11.516
  0
VERTEX
  8
GEOMETRY_LAYER_1
  70
32
  10
550087.970
  20
64064.879
  30
-14.022
  0
VERTEX
  8
GEOMETRY_LAYER_1
  70
32
  10
550099.454
  20
64068.432
  30
-14.504
  0
VERTEX
  8
GEOMETRY_LAYER_1
  70
32
  10
550106.438
  20
64073.590
  30
-15.201
  0
VERTEX
  8
GEOMETRY_LAYER_1
  70
32
  10
550111.906
  20
64071.676
  30
-15.813
  0
VERTEX
  8
GEOMETRY_LAYER_1
  70
32
  10
550117.374
  20
64069.763
  30
-16.424
  0
VERTEX
  8
GEOMETRY_LAYER_1
  70
32
  10
550121.598
  20
64067.207
  30
-16.782
  0
VERTEX
  8
GEOMETRY_LAYER_1
  70
32
  10
550128.588
  20
64063.878
  30
-17.286
  0
VERTEX
  8
GEOMETRY_LAYER_1
  70
32
  10
550133.108
  20
64060.841
  30
-17.393
  0
VERTEX
  8
GEOMETRY_LAYER_1
  70
32
  10
550139.809
  20
64058.243
  30
-17.467
  0
VERTEX
  8
GEOMETRY_LAYER_1
  70
32
  10
550146.511
  20
64055.643
  30
-17.542
  0
VERTEX
  8
GEOMETRY_LAYER_1
  70
32
  10
550149.935
  20
64061.627
  30
-17.208
  0
VERTEX
  8
GEOMETRY_LAYER_1
  70
32
  10
550153.360
  20
64067.612
  30
-16.874
  0
VERTEX
  8
GEOMETRY_LAYER_1
  70
32
  10
550156.784
  20
64073.596
  30
-16.54
  0
VERTEX
  8
GEOMETRY_LAYER_1
  70
32
  10
550160.209
  20
64079.580
  30
-16.206
  0
SEQEND
  8
GEOMETRY_LAYER_1
  0
POLYLINE
  8
GEOMETRY_LAYER_1
  70
8
  66
1
 62
1
 39
1
  0
VERTEX
  8
GEOMETRY_LAYER_1
  70
32
  10
550332.479
  20
63905.307
  30
-42.813
  0
VERTEX
  8
GEOMETRY_LAYER_1
  70
32
  10
550340.116
  20
63900.870
  30
-42.98
  0
VERTEX
  8
GEOMETRY_LAYER_1
  70
32
  10
550351.781
  20
63893.506
  30
-42.22
  0
VERTEX
  8
GEOMETRY_LAYER_1
  70
32
  10
550363.446
  20
63886.143
  30
-41.46
  0
VERTEX
  8
GEOMETRY_LAYER_1
  70
32
  10
550365.665
  20
63874.501
  30
-41.035
  0
VERTEX
  8
GEOMETRY_LAYER_1
  70
32
  10
550362.304
  20
63863.471
  30
-42.735
  0
VERTEX
  8
GEOMETRY_LAYER_1
  70
32
  10
550358.943
  20
63852.441
  30
-44.435
  0
VERTEX
  8
GEOMETRY_LAYER_1
  70
32
  10
550350.587
  20
63857.483
  30
-42.611
  0
VERTEX
  8
GEOMETRY_LAYER_1
  70
32
  10
550347.145
  20
63859.346
  30
-43.018
  0
VERTEX
  8
GEOMETRY_LAYER_1
  70
32
  10
550338.739
  20
63865.166
  30
-42.264
  0
VERTEX
  8
GEOMETRY_LAYER_1
  70
32
  10
550328.759
  20
63871.224
  30
-42.867
  0
VERTEX
  8
GEOMETRY_LAYER_1
  70
32
  10
550318.780
  20
63877.282
  30
-43.469
  0
VERTEX
  8
GEOMETRY_LAYER_1
  70
32
  10
550308.800
  20
63883.340
  30
-44.072
  0
VERTEX
  8
GEOMETRY_LAYER_1
  70
32
  10
550298.821
  20
63889.398
  30
-44.674
  0
VERTEX
  8
GEOMETRY_LAYER_1
  70
32
  10
550288.841
  20
63895.455
  30
-45.277
  0
VERTEX
  8
GEOMETRY_LAYER_1
  70
32
  10
550280.076
  20
63907.627
  30
-45.162
  0
VERTEX
  8
GEOMETRY_LAYER_1
  70
32
  10
550272.663
  20
63916.296
  30
-44.549
  0
VERTEX
  8
GEOMETRY_LAYER_1
  70
32
  10
550281.294
  20
63928.123
  30
-43.569
  0
VERTEX
  8
GEOMETRY_LAYER_1
  70
32
  10
550289.925
  20
63939.952
  30
-42.588
  0
VERTEX
  8
GEOMETRY_LAYER_1
  70
32
  10
550298.221
  20
63933.427
  30
-43.22
  0
VERTEX
  8
GEOMETRY_LAYER_1
  70
32
  10
550304.385
  20
63929.229
  30
-43.491
  0
VERTEX
  8
GEOMETRY_LAYER_1
  70
32
  10
550313.590
  20
63917.509
  30
-44.261
  0
VERTEX
  8
GEOMETRY_LAYER_1
  70
32
  10
550314.160
  20
63916.806
  30
-44.341
  0
VERTEX
  8
GEOMETRY_LAYER_1
  70
32
  10
550323.319
  20
63911.057
  30
-43.577
  0
VERTEX
  8
GEOMETRY_LAYER_1
  70
32
  10
550332.479
  20
63905.307
  30
-42.813
  0
SEQEND
  8
GEOMETRY_LAYER_1
  0
POLYLINE
  8
GEOMETRY_LAYER_1
  70
8
  66
1
 62
1
 39
1
  0
VERTEX
  8
GEOMETRY_LAYER_1
  70
32
  10
550338.302
  20
63897.876
  30
-42.98
  0
VERTEX
  8
GEOMETRY_LAYER_1
  70
32
  10
550349.913
  20
63890.546
  30
-42.22
  0
VERTEX
  8
GEOMETRY_LAYER_1
  70
32
  10
550360.292
  20
63883.995
  30
-41.46
  0
VERTEX
  8
GEOMETRY_LAYER_1
  70
32
  10
550362.066
  20
63874.695
  30
-41.035
  0
VERTEX
  8
GEOMETRY_LAYER_1
  70
32
  10
550358.956
  20
63864.492
  30
-42.735
  0
VERTEX
  8
GEOMETRY_LAYER_1
  70
32
  10
550356.905
  20
63857.758
  30
-44.435
  0
VERTEX
  8
GEOMETRY_LAYER_1
  70
32
  10
550352.325
  20
63860.522
  30
-42.611
  0
VERTEX
  8
GEOMETRY_LAYER_1
  70
32
  10
550348.980
  20
63862.332
  30
-43.018
  0
VERTEX
  8
GEOMETRY_LAYER_1
  70
32
  10
550340.645
  20
63868.104
  30
-42.264
  0
VERTEX
  8
GEOMETRY_LAYER_1
  70
32
  10
550330.575
  20
63874.216
  30
-42.867
  0
VERTEX
  8
GEOMETRY_LAYER_1
  70
32
  10
550320.596
  20
63880.274
  30
-43.469
  0
VERTEX
  8
GEOMETRY_LAYER_1
  70
32
  10
550310.616
  20
63886.332
  30
-44.072
  0
VERTEX
  8
GEOMETRY_LAYER_1
  70
32
  10
550300.637
  20
63892.390
  30
-44.674
  0
VERTEX
  8
GEOMETRY_LAYER_1
  70
32
  10
550291.265
  20
63898.078
  30
-45.277
  0
VERTEX
  8
GEOMETRY_LAYER_1
  70
32
  10
550282.831
  20
63909.791
  30
-45.162
  0
VERTEX
  8
GEOMETRY_LAYER_1
  70
32
  10
550277.122
  20
63916.468
  30
-44.549
  0
VERTEX
  8
GEOMETRY_LAYER_1
  70
32
  10
550284.121
  20
63926.060
  30
-43.569
  0
VERTEX
  8
GEOMETRY_LAYER_1
  70
32
  10
550290.613
  20
63934.957
  30
-42.588
  0
VERTEX
  8
GEOMETRY_LAYER_1
  70
32
  10
550296.151
  20
63930.602
  30
-43.22
  0
VERTEX
  8
GEOMETRY_LAYER_1
  70
32
  10
550301.967
  20
63926.641
  30
-43.491
  0
VERTEX
  8
GEOMETRY_LAYER_1
  70
32
  10
550310.854
  20
63915.326
  30
-44.261
  0
VERTEX
  8
GEOMETRY_LAYER_1
  70
32
  10
550311.807
  20
63914.151
  30
-44.341
  0
VERTEX
  8
GEOMETRY_LAYER_1
  70
32
  10
550321.459
  20
63908.092
  30
-43.577
  0
VERTEX
  8
GEOMETRY_LAYER_1
  70
32
  10
550338.302
  20
63897.876
  30
-42.98
  0
SEQEND
  8
GEOMETRY_LAYER_1
  0
POLYLINE
  8
GEOMETRY_LAYER_1
  70
8
  66
1
 62
1
 39
1
  0
VERTEX
  8
GEOMETRY_LAYER_1
  70
32
  10
550850.441
  20
78068.865
  30
46.896
  0
VERTEX
  8
GEOMETRY_LAYER_1
  70
32
  10
550851.536
  20
78076.052
  30
46.959
  0
VERTEX
  8
GEOMETRY_LAYER_1
  70
32
  10
550852.710
  20
78086.799
  30
47.09
  0
VERTEX
  8
GEOMETRY_LAYER_1
  70
32
  10
550847.448
  20
78094.866
  30
47.075
  0
VERTEX
  8
GEOMETRY_LAYER_1
  70
32
  10
550834.568
  20
78089.759
  30
47.067
  0
VERTEX
  8
GEOMETRY_LAYER_1
  70
32
  10
550820.456
  20
78001.991
  30
43.876
  0
VERTEX
  8
GEOMETRY_LAYER_1
  70
32
  10
550815.232
  20
78001.116
  30
43.556
  0
VERTEX
  8
GEOMETRY_LAYER_1
  70
32
  10
550808.013
  20
77948.128
  30
41.065
  0
VERTEX
  8
GEOMETRY_LAYER_1
  70
32
  10
550802.654
  20
77944.025
  30
41.114
  0
VERTEX
  8
GEOMETRY_LAYER_1
  70
32
  10
550799.152
  20
77916.884
  30
40.253
  0
VERTEX
  8
GEOMETRY_LAYER_1
  70
32
  10
550803.848
  20
77909.701
  30
39.819
  0
VERTEX
  8
GEOMETRY_LAYER_1
  70
32
  10
550806.034
  20
77904.310
  30
39.597
  0
VERTEX
  8
GEOMETRY_LAYER_1
  70
32
  10
550805.095
  20
77900.786
  30
39.446
  0
VERTEX
  8
GEOMETRY_LAYER_1
  70
32
  10
550802.574
  20
77892.687
  30
39.199
  0
VERTEX
  8
GEOMETRY_LAYER_1
  70
32
  10
550802.219
  20
77888.401
  30
39.127
  0
VERTEX
  8
GEOMETRY_LAYER_1
  70
32
  10
550804.037
  20
77884.719
  30
39.005
  0
VERTEX
  8
GEOMETRY_LAYER_1
  70
32
  10
550804.135
  20
77877.324
  30
38.829
  0
VERTEX
  8
GEOMETRY_LAYER_1
  70
32
  10
550811.281
  20
77865.998
  30
38.688
  0
VERTEX
  8
GEOMETRY_LAYER_1
  70
32
  10
550817.108
  20
77875.348
  30
38.895
  0
VERTEX
  8
GEOMETRY_LAYER_1
  70
32
  10
550820.372
  20
77886.861
  30
39.189
  0
VERTEX
  8
GEOMETRY_LAYER_1
  70
32
  10
550825.909
  20
77921.260
  30
40.814
  0
VERTEX
  8
GEOMETRY_LAYER_1
  70
32
  10
550827.687
  20
77929.779
  30
41.166
  0
VERTEX
  8
GEOMETRY_LAYER_1
  70
32
  10
550828.918
  20
77935.367
  30
41.297
  0
VERTEX
  8
GEOMETRY_LAYER_1
  70
32
  10
550838.083
  20
77980.327
  30
42.921
  0
VERTEX
  8
GEOMETRY_LAYER_1
  70
32
  10
550838.811
  20
77990.214
  30
43.499
  0
VERTEX
  8
GEOMETRY_LAYER_1
  70
32
  10
550850.441
  20
78068.865
  30
46.896
  0
SEQEND
  8
GEOMETRY_LAYER_1
  0
POLYLINE
  8
GEOMETRY_LAYER_1
  70
8
  66
1
 62
1
 39
1
  0
VERTEX
  8
GEOMETRY_LAYER_1
  70
32
  10
550845.380
  20
78061.208
  30
46.439
  0
VERTEX
  8
GEOMETRY_LAYER_1
  70
32
  10
550846.992
  20
78069.465
  30
46.896
  0
VERTEX
  8
GEOMETRY_LAYER_1
  70
32
  10
550848.065
  20
78076.507
  30
46.959
  0
VERTEX
  8
GEOMETRY_LAYER_1
  70
32
  10
550849.095
  20
78085.934
  30
47.09
  0
VERTEX
  8
GEOMETRY_LAYER_1
  70
32
  10
550846.079
  20
78090.558
  30
47.075
  0
VERTEX
  8
GEOMETRY_LAYER_1
  70
32
  10
550837.708
  20
78087.240
  30
47.067
  0
VERTEX
  8
GEOMETRY_LAYER_1
  70
32
  10
550823.512
  20
77998.954
  30
43.876
  0
VERTEX
  8
GEOMETRY_LAYER_1
  70
32
  10
550818.352
  20
77998.090
  30
43.556
  0
VERTEX
  8
GEOMETRY_LAYER_1
  70
32
  10
550811.286
  20
77946.225
  30
41.065
  0
VERTEX
  8
GEOMETRY_LAYER_1
  70
32
  10
550805.938
  20
77942.132
  30
41.114
  0
VERTEX
  8
GEOMETRY_LAYER_1
  70
32
  10
550802.789
  20
77917.718
  30
40.253
  0
VERTEX
  8
GEOMETRY_LAYER_1
  70
32
  10
550806.964
  20
77911.332
  30
39.819
  0
VERTEX
  8
GEOMETRY_LAYER_1
  70
32
  10
550809.717
  20
77904.541
  30
39.597
  0
VERTEX
  8
GEOMETRY_LAYER_1
  70
32
  10
550808.458
  20
77899.815
  30
39.446
  0
VERTEX
  8
GEOMETRY_LAYER_1
  70
32
  10
550806.030
  20
77892.014
  30
39.199
  0
VERTEX
  8
GEOMETRY_LAYER_1
  70
32
  10
550805.787
  20
77889.081
  30
39.127
  0
VERTEX
  8
GEOMETRY_LAYER_1
  70
32
  10
550807.527
  20
77885.558
  30
39.005
  0
VERTEX
  8
GEOMETRY_LAYER_1
  70
32
  10
550807.622
  20
77878.357
  30
38.829
  0
VERTEX
  8
GEOMETRY_LAYER_1
  70
32
  10
550811.263
  20
77872.586
  30
38.688
  0
VERTEX
  8
GEOMETRY_LAYER_1
  70
32
  10
550813.876
  20
77876.779
  30
38.895
  0
VERTEX
  8
GEOMETRY_LAYER_1
  70
32
  10
550816.948
  20
77887.619
  30
39.189
  0
VERTEX
  8
GEOMETRY_LAYER_1
  70
32
  10
550822.467
  20
77921.897
  30
40.814
  0
VERTEX
  8
GEOMETRY_LAYER_1
  70
32
  10
550824.265
  20
77930.512
  30
41.166
  0
VERTEX
  8
GEOMETRY_LAYER_1
  70
32
  10
550825.494
  20
77936.093
  30
41.297
  0
VERTEX
  8
GEOMETRY_LAYER_1
  70
32
  10
550834.609
  20
77980.807
  30
42.921
  0
VERTEX
  8
GEOMETRY_LAYER_1
  70
32
  10
550835.329
  20
77990.589
  30
43.499
  0
VERTEX
  8
GEOMETRY_LAYER_1
  70
32
  10
550845.380
  20
78061.208
  30
46.439
  0
SEQEND
  8
GEOMETRY_LAYER_1
  0
POLYLINE
  8
GEOMETRY_LAYER_1
  70
8
  66
1
 62
1
 39
1
  0
VERTEX
  8
GEOMETRY_LAYER_1
  70
32
  10
550838.466
  20
77315.450
  30
14.217
  0
VERTEX
  8
GEOMETRY_LAYER_1
  70
32
  10
550823.468
  20
77228.012
  30
11.592
  0
VERTEX
  8
GEOMETRY_LAYER_1
  70
32
  10
550813.509
  20
77240.978
  30
12.228
  0
VERTEX
  8
GEOMETRY_LAYER_1
  70
32
  10
550808.007
  20
77245.087
  30
13.392
  0
VERTEX
  8
GEOMETRY_LAYER_1
  70
32
  10
550801.794
  20
77243.742
  30
13.981
  0
VERTEX
  8
GEOMETRY_LAYER_1
  70
32
  10
550793.446
  20
77248.020
  30
14.842
  0
VERTEX
  8
GEOMETRY_LAYER_1
  70
32
  10
550782.088
  20
77252.804
  30
14.786
  0
VERTEX
  8
GEOMETRY_LAYER_1
  70
32
  10
550787.813
  20
77277.322
  30
14.947
  0
VERTEX
  8
GEOMETRY_LAYER_1
  70
32
  10
550789.514
  20
77284.646
  30
14.634
  0
VERTEX
  8
GEOMETRY_LAYER_1
  70
32
  10
550790.775
  20
77293.834
  30
14.254
  0
VERTEX
  8
GEOMETRY_LAYER_1
  70
32
  10
550792.077
  20
77303.597
  30
13.711
  0
VERTEX
  8
GEOMETRY_LAYER_1
  70
32
  10
550794.344
  20
77311.479
  30
13.21
  0
VERTEX
  8
GEOMETRY_LAYER_1
  70
32
  10
550796.271
  20
77321.674
  30
13.12
  0
VERTEX
  8
GEOMETRY_LAYER_1
  70
32
  10
550795.783
  20
77328.463
  30
13.323
  0
VERTEX
  8
GEOMETRY_LAYER_1
  70
32
  10
550797.478
  20
77337.358
  30
13.363
  0
VERTEX
  8
GEOMETRY_LAYER_1
  70
32
  10
550799.305
  20
77345.722
  30
13.308
  0
VERTEX
  8
GEOMETRY_LAYER_1
  70
32
  10
550800.351
  20
77353.989
  30
13.24
  0
VERTEX
  8
GEOMETRY_LAYER_1
  70
32
  10
550800.708
  20
77362.864
  30
13.236
  0
VERTEX
  8
GEOMETRY_LAYER_1
  70
32
  10
550803.149
  20
77372.763
  30
13.247
  0
VERTEX
  8
GEOMETRY_LAYER_1
  70
32
  10
550804.371
  20
77381.895
  30
13.149
  0
VERTEX
  8
GEOMETRY_LAYER_1
  70
32
  10
550806.540
  20
77391.911
  30
12.928
  0
VERTEX
  8
GEOMETRY_LAYER_1
  70
32
  10
550808.493
  20
77398.131
  30
13.072
  0
VERTEX
  8
GEOMETRY_LAYER_1
  70
32
  10
550811.114
  20
77408.603
  30
13.031
  0
VERTEX
  8
GEOMETRY_LAYER_1
  70
32
  10
550819.021
  20
77412.763
  30
13.075
  0
VERTEX
  8
GEOMETRY_LAYER_1
  70
32
  10
550826.148
  20
77411.394
  30
13.186
  0
VERTEX
  8
GEOMETRY_LAYER_1
  70
32
  10
550832.322
  20
77412.298
  30
13.58
  0
VERTEX
  8
GEOMETRY_LAYER_1
  70
32
  10
550839.738
  20
77415.069
  30
13.957
  0
VERTEX
  8
GEOMETRY_LAYER_1
  70
32
  10
550847.942
  20
77414.836
  30
13.908
  0
VERTEX
  8
GEOMETRY_LAYER_1
  70
32
  10
550852.927
  20
77409.337
  30
13.754
  0
VERTEX
  8
GEOMETRY_LAYER_1
  70
32
  10
550851.986
  20
77397.888
  30
13.31
  0
VERTEX
  8
GEOMETRY_LAYER_1
  70
32
  10
550850.630
  20
77389.970
  30
13.041
  0
VERTEX
  8
GEOMETRY_LAYER_1
  70
32
  10
550847.566
  20
77380.175
  30
13.389
  0
VERTEX
  8
GEOMETRY_LAYER_1
  70
32
  10
550845.015
  20
77373.885
  30
13.909
  0
VERTEX
  8
GEOMETRY_LAYER_1
  70
32
  10
550842.861
  20
77364.176
  30
13.922
  0
VERTEX
  8
GEOMETRY_LAYER_1
  70
32
  10
550842.089
  20
77357.697
  30
14.059
  0
VERTEX
  8
GEOMETRY_LAYER_1
  70
32
  10
550840.647
  20
77345.850
  30
14.116
  0
VERTEX
  8
GEOMETRY_LAYER_1
  70
32
  10
550839.295
  20
77338.222
  30
14.139
  0
VERTEX
  8
GEOMETRY_LAYER_1
  70
32
  10
550838.140
  20
77330.485
  30
14.51
  0
VERTEX
  8
GEOMETRY_LAYER_1
  70
32
  10
550838.466
  20
77315.450
  30
14.217
  0
SEQEND
  8
GEOMETRY_LAYER_1
  0
POLYLINE
  8
GEOMETRY_LAYER_1
  70
8
  66
1
 62
1
 39
1
  0
VERTEX
  8
GEOMETRY_LAYER_1
  70
32
  10
550834.981
  20
77321.337
  30
14.504
  0
VERTEX
  8
GEOMETRY_LAYER_1
  70
32
  10
550834.963
  20
77314.307
  30
14.217
  0
VERTEX
  8
GEOMETRY_LAYER_1
  70
32
  10
550821.341
  20
77237.178
  30
11.592
  0
VERTEX
  8
GEOMETRY_LAYER_1
  70
32
  10
550815.919
  20
77243.547
  30
12.228
  0
VERTEX
  8
GEOMETRY_LAYER_1
  70
32
  10
550808.825
  20
77248.845
  30
13.392
  0
VERTEX
  8
GEOMETRY_LAYER_1
  70
32
  10
550802.276
  20
77247.428
  30
13.981
  0
VERTEX
  8
GEOMETRY_LAYER_1
  70
32
  10
550794.925
  20
77251.195
  30
14.842
  0
VERTEX
  8
GEOMETRY_LAYER_1
  70
32
  10
550786.167
  20
77254.883
  30
14.786
  0
VERTEX
  8
GEOMETRY_LAYER_1
  70
32
  10
550791.222
  20
77276.528
  30
14.947
  0
VERTEX
  8
GEOMETRY_LAYER_1
  70
32
  10
550792.960
  20
77284.012
  30
14.634
  0
VERTEX
  8
GEOMETRY_LAYER_1
  70
32
  10
550794.244
  20
77293.365
  30
14.254
  0
VERTEX
  8
GEOMETRY_LAYER_1
  70
32
  10
550795.512
  20
77302.878
  30
13.711
  0
VERTEX
  8
GEOMETRY_LAYER_1
  70
32
  10
550797.752
  20
77310.669
  30
13.21
  0
VERTEX
  8
GEOMETRY_LAYER_1
  70
32
  10
550799.795
  20
77321.471
  30
13.12
  0
VERTEX
  8
GEOMETRY_LAYER_1
  70
32
  10
550799.307
  20
77328.258
  30
13.323
  0
VERTEX
  8
GEOMETRY_LAYER_1
  70
32
  10
550800.908
  20
77336.657
  30
13.363
  0
VERTEX
  8
GEOMETRY_LAYER_1
  70
32
  10
550802.757
  20
77345.128
  30
13.308
  0
VERTEX
  8
GEOMETRY_LAYER_1
  70
32
  10
550803.842
  20
77353.699
  30
13.24
  0
VERTEX
  8
GEOMETRY_LAYER_1
  70
32
  10
550804.191
  20
77362.370
  30
13.236
  0
VERTEX
  8
GEOMETRY_LAYER_1
  70
32
  10
550806.593
  20
77372.110
  30
13.247
  0
VERTEX
  8
GEOMETRY_LAYER_1
  70
32
  10
550807.821
  20
77381.292
  30
13.149
  0
VERTEX
  8
GEOMETRY_LAYER_1
  70
32
  10
550809.927
  20
77391.014
  30
12.928
  0
VERTEX
  8
GEOMETRY_LAYER_1
  70
32
  10
550811.863
  20
77397.181
  30
13.072
  0
VERTEX
  8
GEOMETRY_LAYER_1
  70
32
  10
550814.129
  20
77406.234
  30
13.031
  0
VERTEX
  8
GEOMETRY_LAYER_1
  70
32
  10
550819.565
  20
77409.094
  30
13.075
  0
VERTEX
  8
GEOMETRY_LAYER_1
  70
32
  10
550826.069
  20
77407.846
  30
13.186
  0
VERTEX
  8
GEOMETRY_LAYER_1
  70
32
  10
550833.198
  20
77408.888
  30
13.58
  0
VERTEX
  8
GEOMETRY_LAYER_1
  70
32
  10
550840.322
  20
77411.551
  30
13.957
  0
VERTEX
  8
GEOMETRY_LAYER_1
  70
32
  10
550846.351
  20
77411.380
  30
13.908
  0
VERTEX
  8
GEOMETRY_LAYER_1
  70
32
  10
550849.315
  20
77408.111
  30
13.754
  0
VERTEX
  8
GEOMETRY_LAYER_1
  70
32
  10
550848.510
  20
77398.328
  30
13.31
  0
VERTEX
  8
GEOMETRY_LAYER_1
  70
32
  10
550847.219
  20
77390.792
  30
13.041
  0
VERTEX
  8
GEOMETRY_LAYER_1
  70
32
  10
550844.268
  20
77381.357
  30
13.389
  0
VERTEX
  8
GEOMETRY_LAYER_1
  70
32
  10
550841.661
  20
77374.929
  30
13.909
  0
VERTEX
  8
GEOMETRY_LAYER_1
  70
32
  10
550839.406
  20
77364.763
  30
13.922
  0
VERTEX
  8
GEOMETRY_LAYER_1
  70
32
  10
550838.614
  20
77358.115
  30
14.059
  0
VERTEX
  8
GEOMETRY_LAYER_1
  70
32
  10
550837.184
  20
77346.368
  30
14.116
  0
VERTEX
  8
GEOMETRY_LAYER_1
  70
32
  10
550835.840
  20
77338.785
  30
14.139
  0
VERTEX
  8
GEOMETRY_LAYER_1
  70
32
  10
550834.630
  20
77330.680
  30
14.51
  0
VERTEX
  8
GEOMETRY_LAYER_1
  70
32
  10
550834.981
  20
77321.337
  30
14.504
  0
SEQEND
  8
GEOMETRY_LAYER_1
  0
POLYLINE
  8
GEOMETRY_LAYER_1
  70
8
  66
1
 62
5
 39
1
  0
VERTEX
  8
GEOMETRY_LAYER_1
  70
32
  10
550580.693
  20
77955.463
  30
45.628
  0
VERTEX
  8
GEOMETRY_LAYER_1
  70
32
  10
550584.296
  20
77948.491
  30
45.46
  0
VERTEX
  8
GEOMETRY_LAYER_1
  70
32
  10
550588.534
  20
77943.394
  30
45.256
  0
VERTEX
  8
GEOMETRY_LAYER_1
  70
32
  10
550587.344
  20
77933.453
  30
45.159
  0
VERTEX
  8
GEOMETRY_LAYER_1
  70
32
  10
550591.047
  20
77928.045
  30
45.228
  0
VERTEX
  8
GEOMETRY_LAYER_1
  70
32
  10
550597.840
  20
77927.093
  30
45.282
  0
VERTEX
  8
GEOMETRY_LAYER_1
  70
32
  10
550602.111
  20
77923.632
  30
45.043
  0
VERTEX
  8
GEOMETRY_LAYER_1
  70
32
  10
550602.842
  20
77914.864
  30
44.757
  0
VERTEX
  8
GEOMETRY_LAYER_1
  70
32
  10
550600.683
  20
77906.772
  30
44.328
  0
VERTEX
  8
GEOMETRY_LAYER_1
  70
32
  10
550598.347
  20
77897.605
  30
43.56
  0
VERTEX
  8
GEOMETRY_LAYER_1
  70
32
  10
550597.534
  20
77895.215
  30
43.507
  0
VERTEX
  8
GEOMETRY_LAYER_1
  70
32
  10
550592.086
  20
77896.738
  30
43.598
  0
VERTEX
  8
GEOMETRY_LAYER_1
  70
32
  10
550590.810
  20
77897.332
  30
43.635
  0
VERTEX
  8
GEOMETRY_LAYER_1
  70
32
  10
550585.297
  20
77899.702
  30
43.818
  0
VERTEX
  8
GEOMETRY_LAYER_1
  70
32
  10
550574.597
  20
77904.472
  30
43.96
  0
VERTEX
  8
GEOMETRY_LAYER_1
  70
32
  10
550559.832
  20
77907.759
  30
43.956
  0
VERTEX
  8
GEOMETRY_LAYER_1
  70
32
  10
550555.059
  20
77911.074
  30
43.997
  0
VERTEX
  8
GEOMETRY_LAYER_1
  70
32
  10
550547.565
  20
77916.932
  30
44.582
  0
VERTEX
  8
GEOMETRY_LAYER_1
  70
32
  10
550542.959
  20
77922.333
  30
44.61
  0
VERTEX
  8
GEOMETRY_LAYER_1
  70
32
  10
550544.922
  20
77930.569
  30
43.959
  0
VERTEX
  8
GEOMETRY_LAYER_1
  70
32
  10
550548.165
  20
77941.417
  30
44.172
  0
VERTEX
  8
GEOMETRY_LAYER_1
  70
32
  10
550552.114
  20
77957.568
  30
44.73
  0
VERTEX
  8
GEOMETRY_LAYER_1
  70
32
  10
550556.951
  20
77968.543
  30
45.148
  0
VERTEX
  8
GEOMETRY_LAYER_1
  70
32
  10
550559.338
  20
77976.771
  30
45.365
  0
VERTEX
  8
GEOMETRY_LAYER_1
  70
32
  10
550563.558
  20
77980.745
  30
44.835
  0
VERTEX
  8
GEOMETRY_LAYER_1
  70
32
  10
550569.103
  20
77988.966
  30
43.756
  0
VERTEX
  8
GEOMETRY_LAYER_1
  70
32
  10
550571.847
  20
77998.268
  30
42.688
  0
VERTEX
  8
GEOMETRY_LAYER_1
  70
32
  10
550574.923
  20
78006.971
  30
42.598
  0
VERTEX
  8
GEOMETRY_LAYER_1
  70
32
  10
550578.381
  20
78017.909
  30
42.764
  0
VERTEX
  8
GEOMETRY_LAYER_1
  70
32
  10
550581.825
  20
78027.477
  30
42.704
  0
VERTEX
  8
GEOMETRY_LAYER_1
  70
32
  10
550584.507
  20
78035.453
  30
42.55
  0
VERTEX
  8
GEOMETRY_LAYER_1
  70
32
  10
550587.345
  20
78044.191
  30
42.372
  0
VERTEX
  8
GEOMETRY_LAYER_1
  70
32
  10
550591.256
  20
78053.820
  30
41.964
  0
VERTEX
  8
GEOMETRY_LAYER_1
  70
32
  10
550593.978
  20
78061.849
  30
42.127
  0
VERTEX
  8
GEOMETRY_LAYER_1
  70
32
  10
550595.532
  20
78069.792
  30
42.377
  0
VERTEX
  8
GEOMETRY_LAYER_1
  70
32
  10
550599.709
  20
78069.065
  30
42.285
  0
VERTEX
  8
GEOMETRY_LAYER_1
  70
32
  10
550605.991
  20
78067.906
  30
42.503
  0
VERTEX
  8
GEOMETRY_LAYER_1
  70
32
  10
550611.901
  20
78065.166
  30
42.617
  0
VERTEX
  8
GEOMETRY_LAYER_1
  70
32
  10
550611.095
  20
78054.649
  30
42.655
  0
VERTEX
  8
GEOMETRY_LAYER_1
  70
32
  10
550607.725
  20
78045.312
  30
42.627
  0
VERTEX
  8
GEOMETRY_LAYER_1
  70
32
  10
550605.140
  20
78035.971
  30
43.097
  0
VERTEX
  8
GEOMETRY_LAYER_1
  70
32
  10
550604.976
  20
78026.793
  30
43.463
  0
VERTEX
  8
GEOMETRY_LAYER_1
  70
32
  10
550601.555
  20
78017.647
  30
43.367
  0
VERTEX
  8
GEOMETRY_LAYER_1
  70
32
  10
550597.626
  20
78010.026
  30
43.349
  0
VERTEX
  8
GEOMETRY_LAYER_1
  70
32
  10
550595.118
  20
78001.101
  30
43.919
  0
VERTEX
  8
GEOMETRY_LAYER_1
  70
32
  10
550593.378
  20
77992.383
  30
44.478
  0
VERTEX
  8
GEOMETRY_LAYER_1
  70
32
  10
550580.693
  20
77955.463
  30
45.628
  0
SEQEND
  8
GEOMETRY_LAYER_1
  0
POLYLINE
  8
GEOMETRY_LAYER_1
  70
8
  66
1
 62
5
 39
1
  0
VERTEX
  8
GEOMETRY_LAYER_1
  70
32
  10
550585.866
  20
77964.146
  30
45.561
  0
VERTEX
  8
GEOMETRY_LAYER_1
  70
32
  10
550584.353
  20
77956.003
  30
45.628
  0
VERTEX
  8
GEOMETRY_LAYER_1
  70
32
  10
550587.231
  20
77950.436
  30
45.46
  0
VERTEX
  8
GEOMETRY_LAYER_1
  70
32
  10
550592.189
  20
77944.473
  30
45.256
  0
VERTEX
  8
GEOMETRY_LAYER_1
  70
32
  10
550590.975
  20
77934.343
  30
45.159
  0
VERTEX
  8
GEOMETRY_LAYER_1
  70
32
  10
550593.062
  20
77931.297
  30
45.228
  0
VERTEX
  8
GEOMETRY_LAYER_1
  70
32
  10
550599.289
  20
77930.424
  30
45.282
  0
VERTEX
  8
GEOMETRY_LAYER_1
  70
32
  10
550605.475
  20
77925.411
  30
45.043
  0
VERTEX
  8
GEOMETRY_LAYER_1
  70
32
  10
550606.380
  20
77914.549
  30
44.757
  0
VERTEX
  8
GEOMETRY_LAYER_1
  70
32
  10
550604.069
  20
77905.889
  30
44.328
  0
VERTEX
  8
GEOMETRY_LAYER_1
  70
32
  10
550601.705
  20
77896.608
  30
43.56
  0
VERTEX
  8
GEOMETRY_LAYER_1
  70
32
  10
550599.781
  20
77890.952
  30
43.507
  0
VERTEX
  8
GEOMETRY_LAYER_1
  70
32
  10
550590.869
  20
77893.444
  30
43.598
  0
VERTEX
  8
GEOMETRY_LAYER_1
  70
32
  10
550589.381
  20
77894.136
  30
43.635
  0
VERTEX
  8
GEOMETRY_LAYER_1
  70
32
  10
550583.893
  20
77896.496
  30
43.818
  0
VERTEX
  8
GEOMETRY_LAYER_1
  70
32
  10
550573.493
  20
77901.133
  30
43.96
  0
VERTEX
  8
GEOMETRY_LAYER_1
  70
32
  10
550558.401
  20
77904.493
  30
43.956
  0
VERTEX
  8
GEOMETRY_LAYER_1
  70
32
  10
550552.981
  20
77908.256
  30
43.997
  0
VERTEX
  8
GEOMETRY_LAYER_1
  70
32
  10
550545.131
  20
77914.392
  30
44.582
  0
VERTEX
  8
GEOMETRY_LAYER_1
  70
32
  10
550539.142
  20
77921.415
  30
44.61
  0
VERTEX
  8
GEOMETRY_LAYER_1
  70
32
  10
550541.540
  20
77931.477
  30
43.959
  0
VERTEX
  8
GEOMETRY_LAYER_1
  70
32
  10
550544.786
  20
77942.335
  30
44.172
  0
VERTEX
  8
GEOMETRY_LAYER_1
  70
32
  10
550548.787
  20
77958.699
  30
44.73
  0
VERTEX
  8
GEOMETRY_LAYER_1
  70
32
  10
550553.654
  20
77969.741
  30
45.148
  0
VERTEX
  8
GEOMETRY_LAYER_1
  70
32
  10
550556.243
  20
77978.665
  30
45.365
  0
VERTEX
  8
GEOMETRY_LAYER_1
  70
32
  10
550560.875
  20
77983.026
  30
44.835
  0
VERTEX
  8
GEOMETRY_LAYER_1
  70
32
  10
550565.899
  20
77990.474
  30
43.756
  0
VERTEX
  8
GEOMETRY_LAYER_1
  70
32
  10
550568.516
  20
77999.347
  30
42.688
  0
VERTEX
  8
GEOMETRY_LAYER_1
  70
32
  10
550571.604
  20
78008.083
  30
42.598
  0
VERTEX
  8
GEOMETRY_LAYER_1
  70
32
  10
550575.064
  20
78019.029
  30
42.764
  0
VERTEX
  8
GEOMETRY_LAYER_1
  70
32
  10
550578.519
  20
78028.628
  30
42.704
  0
VERTEX
  8
GEOMETRY_LAYER_1
  70
32
  10
550581.184
  20
78036.551
  30
42.55
  0
VERTEX
  8
GEOMETRY_LAYER_1
  70
32
  10
550584.055
  20
78045.391
  30
42.372
  0
VERTEX
  8
GEOMETRY_LAYER_1
  70
32
  10
550587.974
  20
78055.042
  30
41.964
  0
VERTEX
  8
GEOMETRY_LAYER_1
  70
32
  10
550590.588
  20
78062.752
  30
42.127
  0
VERTEX
  8
GEOMETRY_LAYER_1
  70
32
  10
550592.755
  20
78073.827
  30
42.377
  0
VERTEX
  8
GEOMETRY_LAYER_1
  70
32
  10
550600.327
  20
78072.510
  30
42.285
  0
VERTEX
  8
GEOMETRY_LAYER_1
  70
32
  10
550607.061
  20
78071.268
  30
42.503
  0
VERTEX
  8
GEOMETRY_LAYER_1
  70
32
  10
550615.577
  20
78067.320
  30
42.617
  0
VERTEX
  8
GEOMETRY_LAYER_1
  70
32
  10
550614.548
  20
78053.908
  30
42.655
  0
VERTEX
  8
GEOMETRY_LAYER_1
  70
32
  10
550611.062
  20
78044.251
  30
42.627
  0
VERTEX
  8
GEOMETRY_LAYER_1
  70
32
  10
550608.631
  20
78035.466
  30
43.097
  0
VERTEX
  8
GEOMETRY_LAYER_1
  70
32
  10
550608.465
  20
78026.130
  30
43.463
  0
VERTEX
  8
GEOMETRY_LAYER_1
  70
32
  10
550604.761
  20
78016.227
  30
43.367
  0
VERTEX
  8
GEOMETRY_LAYER_1
  70
32
  10
550600.900
  20
78008.738
  30
43.349
  0
VERTEX
  8
GEOMETRY_LAYER_1
  70
32
  10
550598.524
  20
78000.285
  30
43.919
  0
VERTEX
  8
GEOMETRY_LAYER_1
  70
32
  10
550596.780
  20
77991.544
  30
44.478
  0
VERTEX
  8
GEOMETRY_LAYER_1
  70
32
  10
550593.607
  20
77980.766
  30
45.035
  0
VERTEX
  8
GEOMETRY_LAYER_1
  70
32
  10
550585.866
  20
77964.146
  30
45.561
  0
SEQEND
  8
GEOMETRY_LAYER_1
  0
POLYLINE
  8
GEOMETRY_LAYER_1
  70
8
  66
1
 62
3
 39
1
  0
VERTEX
  8
GEOMETRY_LAYER_1
  70
32
  10
550650.040
  20
77363.813
  30
22.744
  0
VERTEX
  8
GEOMETRY_LAYER_1
  70
32
  10
550649.956
  20
77363.283
  30
22.621
  0
SEQEND
  8
GEOMETRY_LAYER_1
  0
POLYLINE
  8
GEOMETRY_LAYER_1
  70
8
  66
1
 62
1
 39
1
  0
VERTEX
  8
GEOMETRY_LAYER_1
  70
32
  10
550635.190
  20
77882.862
  30
44.112
  0
VERTEX
  8
GEOMETRY_LAYER_1
  70
32
  10
550632.645
  20
77874.349
  30
43.862
  0
VERTEX
  8
GEOMETRY_LAYER_1
  70
32
  10
550630.169
  20
77866.999
  30
43.644
  0
VERTEX
  8
GEOMETRY_LAYER_1
  70
32
  10
550628.315
  20
77861.154
  30
43.62
  0
VERTEX
  8
GEOMETRY_LAYER_1
  70
32
  10
550626.808
  20
77856.802
  30
43.132
  0
VERTEX
  8
GEOMETRY_LAYER_1
  70
32
  10
550624.876
  20
77850.651
  30
42.951
  0
VERTEX
  8
GEOMETRY_LAYER_1
  70
32
  10
550620.866
  20
77844.352
  30
43.046
  0
VERTEX
  8
GEOMETRY_LAYER_1
  70
32
  10
550615.021
  20
77836.977
  30
42.298
  0
VERTEX
  8
GEOMETRY_LAYER_1
  70
32
  10
550611.485
  20
77830.008
  30
42.258
  0
VERTEX
  8
GEOMETRY_LAYER_1
  70
32
  10
550608.853
  20
77822.885
  30
42.571
  0
VERTEX
  8
GEOMETRY_LAYER_1
  70
32
  10
550605.801
  20
77812.691
  30
42.381
  0
VERTEX
  8
GEOMETRY_LAYER_1
  70
32
  10
550603.232
  20
77804.208
  30
41.87
  0
VERTEX
  8
GEOMETRY_LAYER_1
  70
32
  10
550600.433
  20
77792.248
  30
41.109
  0
VERTEX
  8
GEOMETRY_LAYER_1
  70
32
  10
550599.031
  20
77785.210
  30
40.815
  0
VERTEX
  8
GEOMETRY_LAYER_1
  70
32
  10
550596.039
  20
77773.548
  30
40.612
  0
VERTEX
  8
GEOMETRY_LAYER_1
  70
32
  10
550593.284
  20
77763.541
  30
40.632
  0
VERTEX
  8
GEOMETRY_LAYER_1
  70
32
  10
550589.404
  20
77754.253
  30
40.856
  0
VERTEX
  8
GEOMETRY_LAYER_1
  70
32
  10
550585.607
  20
77746.414
  30
41.373
  0
VERTEX
  8
GEOMETRY_LAYER_1
  70
32
  10
550583.183
  20
77739.642
  30
41.664
  0
VERTEX
  8
GEOMETRY_LAYER_1
  70
32
  10
550579.463
  20
77732.305
  30
42.18
  0
VERTEX
  8
GEOMETRY_LAYER_1
  70
32
  10
550577.391
  20
77726.790
  30
42.209
  0
VERTEX
  8
GEOMETRY_LAYER_1
  70
32
  10
550572.365
  20
77717.033
  30
42.352
  0
VERTEX
  8
GEOMETRY_LAYER_1
  70
32
  10
550562.913
  20
77718.605
  30
42.192
  0
VERTEX
  8
GEOMETRY_LAYER_1
  70
32
  10
550564.078
  20
77724.912
  30
42.18
  0
VERTEX
  8
GEOMETRY_LAYER_1
  70
32
  10
550566.545
  20
77730.614
  30
41.966
  0
VERTEX
  8
GEOMETRY_LAYER_1
  70
32
  10
550570.985
  20
77739.718
  30
41.718
  0
VERTEX
  8
GEOMETRY_LAYER_1
  70
32
  10
550574.310
  20
77745.502
  30
41.355
  0
VERTEX
  8
GEOMETRY_LAYER_1
  70
32
  10
550580.610
  20
77756.373
  30
41.029
  0
VERTEX
  8
GEOMETRY_LAYER_1
  70
32
  10
550583.891
  20
77766.606
  30
40.606
  0
VERTEX
  8
GEOMETRY_LAYER_1
  70
32
  10
550586.005
  20
77773.762
  30
40.557
  0
VERTEX
  8
GEOMETRY_LAYER_1
  70
32
  10
550588.306
  20
77781.016
  30
40.765
  0
VERTEX
  8
GEOMETRY_LAYER_1
  70
32
  10
550589.412
  20
77786.999
  30
40.832
  0
VERTEX
  8
GEOMETRY_LAYER_1
  70
32
  10
550590.775
  20
77792.848
  30
41.041
  0
VERTEX
  8
GEOMETRY_LAYER_1
  70
32
  10
550592.266
  20
77798.195
  30
41.268
  0
VERTEX
  8
GEOMETRY_LAYER_1
  70
32
  10
550592.778
  20
77804.967
  30
41.969
  0
VERTEX
  8
GEOMETRY_LAYER_1
  70
32
  10
550594.084
  20
77813.217
  30
42.712
  0
VERTEX
  8
GEOMETRY_LAYER_1
  70
32
  10
550597.600
  20
77823.159
  30
42.841
  0
VERTEX
  8
GEOMETRY_LAYER_1
  70
32
  10
550603.453
  20
77834.616
  30
42.527
  0
VERTEX
  8
GEOMETRY_LAYER_1
  70
32
  10
550609.377
  20
77843.099
  30
42.678
  0
VERTEX
  8
GEOMETRY_LAYER_1
  70
32
  10
550613.437
  20
77849.255
  30
43.12
  0
VERTEX
  8
GEOMETRY_LAYER_1
  70
32
  10
550616.623
  20
77856.427
  30
43.285
  0
VERTEX
  8
GEOMETRY_LAYER_1
  70
32
  10
550618.667
  20
77862.305
  30
43.368
  0
VERTEX
  8
GEOMETRY_LAYER_1
  70
32
  10
550620.437
  20
77868.930
  30
43.772
  0
VERTEX
  8
GEOMETRY_LAYER_1
  70
32
  10
550622.981
  20
77874.909
  30
43.952
  0
VERTEX
  8
GEOMETRY_LAYER_1
  70
32
  10
550625.584
  20
77880.643
  30
44.242
  0
VERTEX
  8
GEOMETRY_LAYER_1
  70
32
  10
550628.016
  20
77885.554
  30
44.448
  0
VERTEX
  8
GEOMETRY_LAYER_1
  70
32
  10
550631.903
  20
77887.346
  30
44.476
  0
VERTEX
  8
GEOMETRY_LAYER_1
  70
32
  10
550635.190
  20
77882.862
  30
44.112
  0
SEQEND
  8
GEOMETRY_LAYER_1
  0
POLYLINE
  8
GEOMETRY_LAYER_1
  70
8
  66
1
 62
1
 39
1
  0
VERTEX
  8
GEOMETRY_LAYER_1
  70
32
  10
550638.543
  20
77881.859
  30
44.112
  0
VERTEX
  8
GEOMETRY_LAYER_1
  70
32
  10
550635.981
  20
77873.289
  30
43.862
  0
VERTEX
  8
GEOMETRY_LAYER_1
  70
32
  10
550633.496
  20
77865.911
  30
43.644
  0
VERTEX
  8
GEOMETRY_LAYER_1
  70
32
  10
550631.637
  20
77860.052
  30
43.62
  0
VERTEX
  8
GEOMETRY_LAYER_1
  70
32
  10
550630.132
  20
77855.706
  30
43.132
  0
VERTEX
  8
GEOMETRY_LAYER_1
  70
32
  10
550628.076
  20
77849.161
  30
42.951
  0
VERTEX
  8
GEOMETRY_LAYER_1
  70
32
  10
550623.721
  20
77842.320
  30
43.046
  0
VERTEX
  8
GEOMETRY_LAYER_1
  70
32
  10
550617.983
  20
77835.079
  30
42.298
  0
VERTEX
  8
GEOMETRY_LAYER_1
  70
32
  10
550614.697
  20
77828.604
  30
42.258
  0
VERTEX
  8
GEOMETRY_LAYER_1
  70
32
  10
550612.174
  20
77821.774
  30
42.571
  0
VERTEX
  8
GEOMETRY_LAYER_1
  70
32
  10
550609.152
  20
77811.682
  30
42.381
  0
VERTEX
  8
GEOMETRY_LAYER_1
  70
32
  10
550606.615
  20
77803.301
  30
41.87
  0
VERTEX
  8
GEOMETRY_LAYER_1
  70
32
  10
550603.854
  20
77791.507
  30
41.109
  0
VERTEX
  8
GEOMETRY_LAYER_1
  70
32
  10
550602.445
  20
77784.432
  30
40.815
  0
VERTEX
  8
GEOMETRY_LAYER_1
  70
32
  10
550599.422
  20
77772.648
  30
40.612
  0
VERTEX
  8
GEOMETRY_LAYER_1
  70
32
  10
550596.599
  20
77762.396
  30
40.632
  0
VERTEX
  8
GEOMETRY_LAYER_1
  70
32
  10
550592.596
  20
77752.814
  30
40.856
  0
VERTEX
  8
GEOMETRY_LAYER_1
  70
32
  10
550588.839
  20
77745.057
  30
41.373
  0
VERTEX
  8
GEOMETRY_LAYER_1
  70
32
  10
550586.404
  20
77738.256
  30
41.664
  0
VERTEX
  8
GEOMETRY_LAYER_1
  70
32
  10
550582.671
  20
77730.894
  30
42.18
  0
VERTEX
  8
GEOMETRY_LAYER_1
  70
32
  10
550580.596
  20
77725.368
  30
42.209
  0
VERTEX
  8
GEOMETRY_LAYER_1
  70
32
  10
550574.307
  20
77713.161
  30
42.352
  0
VERTEX
  8
GEOMETRY_LAYER_1
  70
32
  10
550558.824
  20
77715.737
  30
42.192
  0
VERTEX
  8
GEOMETRY_LAYER_1
  70
32
  10
550560.708
  20
77725.937
  30
42.18
  0
VERTEX
  8
GEOMETRY_LAYER_1
  70
32
  10
550563.364
  20
77732.076
  30
41.966
  0
VERTEX
  8
GEOMETRY_LAYER_1
  70
32
  10
550567.892
  20
77741.358
  30
41.718
  0
VERTEX
  8
GEOMETRY_LAYER_1
  70
32
  10
550571.278
  20
77747.251
  30
41.355
  0
VERTEX
  8
GEOMETRY_LAYER_1
  70
32
  10
550577.393
  20
77757.801
  30
41.029
  0
VERTEX
  8
GEOMETRY_LAYER_1
  70
32
  10
550580.545
  20
77767.636
  30
40.606
  0
VERTEX
  8
GEOMETRY_LAYER_1
  70
32
  10
550582.658
  20
77774.788
  30
40.557
  0
VERTEX
  8
GEOMETRY_LAYER_1
  70
32
  10
550584.904
  20
77781.867
  30
40.765
  0
VERTEX
  8
GEOMETRY_LAYER_1
  70
32
  10
550585.985
  20
77787.715
  30
40.832
  0
VERTEX
  8
GEOMETRY_LAYER_1
  70
32
  10
550587.383
  20
77793.716
  30
41.041
  0
VERTEX
  8
GEOMETRY_LAYER_1
  70
32
  10
550588.802
  20
77798.803
  30
41.268
  0
VERTEX
  8
GEOMETRY_LAYER_1
  70
32
  10
550589.299
  20
77805.373
  30
41.969
  0
VERTEX
  8
GEOMETRY_LAYER_1
  70
32
  10
550590.677
  20
77814.081
  30
42.712
  0
VERTEX
  8
GEOMETRY_LAYER_1
  70
32
  10
550594.378
  20
77824.545
  30
42.841
  0
VERTEX
  8
GEOMETRY_LAYER_1
  70
32
  10
550600.446
  20
77836.423
  30
42.527
  0
VERTEX
  8
GEOMETRY_LAYER_1
  70
32
  10
550606.481
  20
77845.065
  30
42.678
  0
VERTEX
  8
GEOMETRY_LAYER_1
  70
32
  10
550610.356
  20
77850.940
  30
43.12
  0
VERTEX
  8
GEOMETRY_LAYER_1
  70
32
  10
550613.366
  20
77857.714
  30
43.285
  0
VERTEX
  8
GEOMETRY_LAYER_1
  70
32
  10
550615.319
  20
77863.333
  30
43.368
  0
VERTEX
  8
GEOMETRY_LAYER_1
  70
32
  10
550617.119
  20
77870.073
  30
43.772
  0
VERTEX
  8
GEOMETRY_LAYER_1
  70
32
  10
550619.777
  20
77876.318
  30
43.952
  0
VERTEX
  8
GEOMETRY_LAYER_1
  70
32
  10
550622.422
  20
77882.143
  30
44.242
  0
VERTEX
  8
GEOMETRY_LAYER_1
  70
32
  10
550625.428
  20
77888.215
  30
44.448
  0
VERTEX
  8
GEOMETRY_LAYER_1
  70
32
  10
550633.167
  20
77891.530
  30
44.476
  0
VERTEX
  8
GEOMETRY_LAYER_1
  70
32
  10
550638.543
  20
77881.859
  30
44.112
  0
SEQEND
  8
GEOMETRY_LAYER_1
  0
POLYLINE
  8
GEOMETRY_LAYER_1
  70
8
  66
1
 62
1
 39
1
  0
VERTEX
  8
GEOMETRY_LAYER_1
  70
32
  10
550785.406
  20
77325.666
  30
16.382
  0
VERTEX
  8
GEOMETRY_LAYER_1
  70
32
  10
550784.124
  20
77317.707
  30
17.138
  0
VERTEX
  8
GEOMETRY_LAYER_1
  70
32
  10
550782.887
  20
77308.734
  30
17.196
  0
VERTEX
  8
GEOMETRY_LAYER_1
  70
32
  10
550781.951
  20
77299.845
  30
16.993
  0
VERTEX
  8
GEOMETRY_LAYER_1
  70
32
  10
550780.502
  20
77289.781
  30
16.593
  0
VERTEX
  8
GEOMETRY_LAYER_1
  70
32
  10
550779.694
  20
77278.626
  30
16.787
  0
VERTEX
  8
GEOMETRY_LAYER_1
  70
32
  10
550771.110
  20
77272.803
  30
16.881
  0
VERTEX
  8
GEOMETRY_LAYER_1
  70
32
  10
550755.449
  20
77275.326
  30
16.642
  0
VERTEX
  8
GEOMETRY_LAYER_1
  70
32
  10
550748.168
  20
77280.637
  30
16.174
  0
VERTEX
  8
GEOMETRY_LAYER_1
  70
32
  10
550743.790
  20
77284.192
  30
16.487
  0
VERTEX
  8
GEOMETRY_LAYER_1
  70
32
  10
550740.826
  20
77283.279
  30
16.612
  0
VERTEX
  8
GEOMETRY_LAYER_1
  70
32
  10
550729.139
  20
77276.640
  30
16.907
  0
VERTEX
  8
GEOMETRY_LAYER_1
  70
32
  10
550729.403
  20
77291.588
  30
16.836
  0
VERTEX
  8
GEOMETRY_LAYER_1
  70
32
  10
550731.208
  20
77302.203
  30
16.425
  0
VERTEX
  8
GEOMETRY_LAYER_1
  70
32
  10
550732.878
  20
77311.945
  30
16.868
  0
VERTEX
  8
GEOMETRY_LAYER_1
  70
32
  10
550734.311
  20
77320.913
  30
16.912
  0
VERTEX
  8
GEOMETRY_LAYER_1
  70
32
  10
550735.069
  20
77329.680
  30
16.92
  0
VERTEX
  8
GEOMETRY_LAYER_1
  70
32
  10
550737.963
  20
77341.728
  30
16.749
  0
VERTEX
  8
GEOMETRY_LAYER_1
  70
32
  10
550739.402
  20
77349.201
  30
16.119
  0
VERTEX
  8
GEOMETRY_LAYER_1
  70
32
  10
550740.682
  20
77357.276
  30
15.738
  0
VERTEX
  8
GEOMETRY_LAYER_1
  70
32
  10
550741.819
  20
77367.835
  30
15.326
  0
VERTEX
  8
GEOMETRY_LAYER_1
  70
32
  10
550743.301
  20
77376.884
  30
15.747
  0
VERTEX
  8
GEOMETRY_LAYER_1
  70
32
  10
550745.124
  20
77386.402
  30
15.558
  0
VERTEX
  8
GEOMETRY_LAYER_1
  70
32
  10
550747.853
  20
77402.449
  30
15.892
  0
VERTEX
  8
GEOMETRY_LAYER_1
  70
32
  10
550746.747
  20
77416.155
  30
15.716
  0
VERTEX
  8
GEOMETRY_LAYER_1
  70
32
  10
550760.680
  20
77412.421
  30
15.727
  0
VERTEX
  8
GEOMETRY_LAYER_1
  70
32
  10
550762.168
  20
77401.984
  30
15.508
  0
VERTEX
  8
GEOMETRY_LAYER_1
  70
32
  10
550764.015
  20
77388.298
  30
15.809
  0
VERTEX
  8
GEOMETRY_LAYER_1
  70
32
  10
550772.890
  20
77377.039
  30
13.627
  0
VERTEX
  8
GEOMETRY_LAYER_1
  70
32
  10
550776.343
  20
77374.939
  30
13.287
  0
VERTEX
  8
GEOMETRY_LAYER_1
  70
32
  10
550782.117
  20
77370.640
  30
13.294
  0
VERTEX
  8
GEOMETRY_LAYER_1
  70
32
  10
550787.098
  20
77366.952
  30
13.692
  0
VERTEX
  8
GEOMETRY_LAYER_1
  70
32
  10
550796.287
  20
77369.005
  30
14.227
  0
VERTEX
  8
GEOMETRY_LAYER_1
  70
32
  10
550793.643
  20
77352.506
  30
14.182
  0
VERTEX
  8
GEOMETRY_LAYER_1
  70
32
  10
550791.761
  20
77343.838
  30
14.942
  0
VERTEX
  8
GEOMETRY_LAYER_1
  70
32
  10
550785.406
  20
77325.666
  30
16.382
  0
SEQEND
  8
GEOMETRY_LAYER_1
  0
POLYLINE
  8
GEOMETRY_LAYER_1
  70
8
  66
1
 62
1
 39
1
  0
VERTEX
  8
GEOMETRY_LAYER_1
  70
32
  10
550780.662
  20
77318.224
  30
17.138
  0
VERTEX
  8
GEOMETRY_LAYER_1
  70
32
  10
550779.412
  20
77309.157
  30
17.196
  0
VERTEX
  8
GEOMETRY_LAYER_1
  70
32
  10
550778.477
  20
77300.277
  30
16.993
  0
VERTEX
  8
GEOMETRY_LAYER_1
  70
32
  10
550777.020
  20
77290.157
  30
16.593
  0
VERTEX
  8
GEOMETRY_LAYER_1
  70
32
  10
550776.326
  20
77280.570
  30
16.787
  0
VERTEX
  8
GEOMETRY_LAYER_1
  70
32
  10
550770.295
  20
77276.479
  30
16.881
  0
VERTEX
  8
GEOMETRY_LAYER_1
  70
32
  10
550756.833
  20
77278.648
  30
16.642
  0
VERTEX
  8
GEOMETRY_LAYER_1
  70
32
  10
550750.303
  20
77283.411
  30
16.174
  0
VERTEX
  8
GEOMETRY_LAYER_1
  70
32
  10
550744.545
  20
77288.088
  30
16.487
  0
VERTEX
  8
GEOMETRY_LAYER_1
  70
32
  10
550739.430
  20
77286.512
  30
16.612
  0
VERTEX
  8
GEOMETRY_LAYER_1
  70
32
  10
550732.747
  20
77282.715
  30
16.907
  0
VERTEX
  8
GEOMETRY_LAYER_1
  70
32
  10
550732.898
  20
77291.262
  30
16.836
  0
VERTEX
  8
GEOMETRY_LAYER_1
  70
32
  10
550734.658
  20
77301.614
  30
16.425
  0
VERTEX
  8
GEOMETRY_LAYER_1
  70
32
  10
550736.331
  20
77311.373
  30
16.868
  0
VERTEX
  8
GEOMETRY_LAYER_1
  70
32
  10
550737.787
  20
77320.485
  30
16.912
  0
VERTEX
  8
GEOMETRY_LAYER_1
  70
32
  10
550738.533
  20
77329.117
  30
16.92
  0
VERTEX
  8
GEOMETRY_LAYER_1
  70
32
  10
550741.385
  20
77340.988
  30
16.749
  0
VERTEX
  8
GEOMETRY_LAYER_1
  70
32
  10
550742.850
  20
77348.596
  30
16.119
  0
VERTEX
  8
GEOMETRY_LAYER_1
  70
32
  10
550744.153
  20
77356.814
  30
15.738
  0
VERTEX
  8
GEOMETRY_LAYER_1
  70
32
  10
550745.289
  20
77367.364
  30
15.326
  0
VERTEX
  8
GEOMETRY_LAYER_1
  70
32
  10
550746.747
  20
77376.271
  30
15.747
  0
VERTEX
  8
GEOMETRY_LAYER_1
  70
32
  10
550748.569
  20
77385.779
  30
15.558
  0
VERTEX
  8
GEOMETRY_LAYER_1
  70
32
  10
550751.377
  20
77402.294
  30
15.892
  0
VERTEX
  8
GEOMETRY_LAYER_1
  70
32
  10
550750.635
  20
77411.489
  30
15.716
  0
VERTEX
  8
GEOMETRY_LAYER_1
  70
32
  10
550757.541
  20
77409.638
  30
15.727
  0
VERTEX
  8
GEOMETRY_LAYER_1
  70
32
  10
550758.701
  20
77401.503
  30
15.508
  0
VERTEX
  8
GEOMETRY_LAYER_1
  70
32
  10
550760.674
  20
77386.882
  30
15.809
  0
VERTEX
  8
GEOMETRY_LAYER_1
  70
32
  10
550770.532
  20
77374.377
  30
13.627
  0
VERTEX
  8
GEOMETRY_LAYER_1
  70
32
  10
550774.385
  20
77372.034
  30
13.287
  0
VERTEX
  8
GEOMETRY_LAYER_1
  70
32
  10
550780.030
  20
77367.831
  30
13.294
  0
VERTEX
  8
GEOMETRY_LAYER_1
  70
32
  10
550786.300
  20
77363.187
  30
13.692
  0
VERTEX
  8
GEOMETRY_LAYER_1
  70
32
  10
550792.015
  20
77364.464
  30
14.227
  0
VERTEX
  8
GEOMETRY_LAYER_1
  70
32
  10
550790.202
  20
77353.154
  30
14.182
  0
VERTEX
  8
GEOMETRY_LAYER_1
  70
32
  10
550780.662
  20
77318.224
  30
17.138
  0
SEQEND
  8
GEOMETRY_LAYER_1
  0
POLYLINE
  8
GEOMETRY_LAYER_1
  70
8
  66
1
 62
1
 39
1
  0
VERTEX
  8
GEOMETRY_LAYER_1
  70
32
  10
551036.027
  20
77036.827
  30
3.236
  0
VERTEX
  8
GEOMETRY_LAYER_1
  70
32
  10
551037.818
  20
77045.373
  30
2.908
  0
VERTEX
  8
GEOMETRY_LAYER_1
  70
32
  10
551039.024
  20
77054.191
  30
2.161
  0
VERTEX
  8
GEOMETRY_LAYER_1
  70
32
  10
551040.246
  20
77062.307
  30
1.694
  0
VERTEX
  8
GEOMETRY_LAYER_1
  70
32
  10
551041.483
  20
77074.084
  30
1.126
  0
VERTEX
  8
GEOMETRY_LAYER_1
  70
32
  10
551031.359
  20
77084.095
  30
0.829
  0
VERTEX
  8
GEOMETRY_LAYER_1
  70
32
  10
551018.038
  20
77077.492
  30
1.443
  0
VERTEX
  8
GEOMETRY_LAYER_1
  70
32
  10
551014.007
  20
77072.984
  30
1.76
  0
VERTEX
  8
GEOMETRY_LAYER_1
  70
32
  10
551011.137
  20
77061.343
  30
2.893
  0
VERTEX
  8
GEOMETRY_LAYER_1
  70
32
  10
551011.676
  20
77054.587
  30
2.961
  0
VERTEX
  8
GEOMETRY_LAYER_1
  70
32
  10
551009.760
  20
77047.202
  30
3.235
  0
VERTEX
  8
GEOMETRY_LAYER_1
  70
32
  10
551007.945
  20
77037.320
  30
3.373
  0
VERTEX
  8
GEOMETRY_LAYER_1
  70
32
  10
551006.474
  20
77032.562
  30
3.504
  0
VERTEX
  8
GEOMETRY_LAYER_1
  70
32
  10
550997.720
  20
77028.203
  30
3.55
  0
VERTEX
  8
GEOMETRY_LAYER_1
  70
32
  10
550995.318
  20
77023.091
  30
3.723
  0
VERTEX
  8
GEOMETRY_LAYER_1
  70
32
  10
550995.341
  20
77019.157
  30
3.573
  0
VERTEX
  8
GEOMETRY_LAYER_1
  70
32
  10
550992.898
  20
77017.575
  30
4.004
  0
VERTEX
  8
GEOMETRY_LAYER_1
  70
32
  10
550985.437
  20
77016.471
  30
3.822
  0
VERTEX
  8
GEOMETRY_LAYER_1
  70
32
  10
550980.626
  20
77019.058
  30
3.693
  0
VERTEX
  8
GEOMETRY_LAYER_1
  70
32
  10
550973.217
  20
77018.984
  30
3.532
  0
VERTEX
  8
GEOMETRY_LAYER_1
  70
32
  10
550962.379
  20
77023.799
  30
3.508
  0
VERTEX
  8
GEOMETRY_LAYER_1
  70
32
  10
550958.863
  20
77012.411
  30
3.625
  0
VERTEX
  8
GEOMETRY_LAYER_1
  70
32
  10
550957.543
  20
77003.167
  30
3.884
  0
VERTEX
  8
GEOMETRY_LAYER_1
  70
32
  10
550956.175
  20
76994.457
  30
4.482
  0
VERTEX
  8
GEOMETRY_LAYER_1
  70
32
  10
550953.101
  20
76977.073
  30
5.559
  0
VERTEX
  8
GEOMETRY_LAYER_1
  70
32
  10
550952.012
  20
76967.916
  30
5.767
  0
VERTEX
  8
GEOMETRY_LAYER_1
  70
32
  10
550950.644
  20
76959.236
  30
6.083
  0
VERTEX
  8
GEOMETRY_LAYER_1
  70
32
  10
550949.867
  20
76950.215
  30
6.314
  0
VERTEX
  8
GEOMETRY_LAYER_1
  70
32
  10
550948.323
  20
76942.350
  30
6.722
  0
VERTEX
  8
GEOMETRY_LAYER_1
  70
32
  10
550946.887
  20
76933.367
  30
6.855
  0
VERTEX
  8
GEOMETRY_LAYER_1
  70
32
  10
550945.308
  20
76925.352
  30
7.037
  0
VERTEX
  8
GEOMETRY_LAYER_1
  70
32
  10
550943.321
  20
76916.142
  30
6.825
  0
VERTEX
  8
GEOMETRY_LAYER_1
  70
32
  10
550941.784
  20
76907.839
  30
6.701
  0
VERTEX
  8
GEOMETRY_LAYER_1
  70
32
  10
550940.064
  20
76896.676
  30
6.825
  0
VERTEX
  8
GEOMETRY_LAYER_1
  70
32
  10
550953.585
  20
76895.956
  30
7.082
  0
VERTEX
  8
GEOMETRY_LAYER_1
  70
32
  10
550959.913
  20
76899.020
  30
7.129
  0
VERTEX
  8
GEOMETRY_LAYER_1
  70
32
  10
550964.393
  20
76895.485
  30
7.542
  0
VERTEX
  8
GEOMETRY_LAYER_1
  70
32
  10
550969.906
  20
76892.724
  30
7.95
  0
VERTEX
  8
GEOMETRY_LAYER_1
  70
32
  10
550980.593
  20
76892.290
  30
8.141
  0
VERTEX
  8
GEOMETRY_LAYER_1
  70
32
  10
550995.316
  20
76890.935
  30
8.985
  0
VERTEX
  8
GEOMETRY_LAYER_1
  70
32
  10
551000.661
  20
76892.772
  30
8.802
  0
VERTEX
  8
GEOMETRY_LAYER_1
  70
32
  10
551008.070
  20
76888.354
  30
8.936
  0
VERTEX
  8
GEOMETRY_LAYER_1
  70
32
  10
551014.267
  20
76898.261
  30
8.701
  0
VERTEX
  8
GEOMETRY_LAYER_1
  70
32
  10
551015.133
  20
76907.786
  30
8.256
  0
VERTEX
  8
GEOMETRY_LAYER_1
  70
32
  10
551016.865
  20
76916.101
  30
7.748
  0
VERTEX
  8
GEOMETRY_LAYER_1
  70
32
  10
551018.412
  20
76924.698
  30
7.502
  0
VERTEX
  8
GEOMETRY_LAYER_1
  70
32
  10
551019.476
  20
76933.855
  30
6.926
  0
VERTEX
  8
GEOMETRY_LAYER_1
  70
32
  10
551020.865
  20
76942.556
  30
6.836
  0
VERTEX
  8
GEOMETRY_LAYER_1
  70
32
  10
551022.196
  20
76950.845
  30
6.389
  0
VERTEX
  8
GEOMETRY_LAYER_1
  70
32
  10
551023.359
  20
76959.387
  30
5.998
  0
VERTEX
  8
GEOMETRY_LAYER_1
  70
32
  10
551025.037
  20
76968.801
  30
5.643
  0
VERTEX
  8
GEOMETRY_LAYER_1
  70
32
  10
551025.995
  20
76977.868
  30
5.336
  0
VERTEX
  8
GEOMETRY_LAYER_1
  70
32
  10
551027.962
  20
76984.978
  30
5.08
  0
VERTEX
  8
GEOMETRY_LAYER_1
  70
32
  10
551029.411
  20
76994.256
  30
4.713
  0
VERTEX
  8
GEOMETRY_LAYER_1
  70
32
  10
551030.318
  20
77002.946
  30
4.286
  0
VERTEX
  8
GEOMETRY_LAYER_1
  70
32
  10
551031.854
  20
77011.364
  30
4.032
  0
VERTEX
  8
GEOMETRY_LAYER_1
  70
32
  10
551032.849
  20
77019.108
  30
4.023
  0
VERTEX
  8
GEOMETRY_LAYER_1
  70
32
  10
551036.027
  20
77036.827
  30
3.236
  0
SEQEND
  8
GEOMETRY_LAYER_1
  0
POLYLINE
  8
GEOMETRY_LAYER_1
  70
8
  66
1
 62
1
 39
1
  0
VERTEX
  8
GEOMETRY_LAYER_1
  70
32
  10
551034.367
  20
77045.970
  30
2.908
  0
VERTEX
  8
GEOMETRY_LAYER_1
  70
32
  10
551035.559
  20
77054.689
  30
2.161
  0
VERTEX
  8
GEOMETRY_LAYER_1
  70
32
  10
551036.773
  20
77062.750
  30
1.694
  0
VERTEX
  8
GEOMETRY_LAYER_1
  70
32
  10
551037.827
  20
77072.777
  30
1.126
  0
VERTEX
  8
GEOMETRY_LAYER_1
  70
32
  10
551030.675
  20
77079.849
  30
0.829
  0
VERTEX
  8
GEOMETRY_LAYER_1
  70
32
  10
551020.197
  20
77074.656
  30
1.443
  0
VERTEX
  8
GEOMETRY_LAYER_1
  70
32
  10
551017.196
  20
77071.301
  30
1.76
  0
VERTEX
  8
GEOMETRY_LAYER_1
  70
32
  10
551014.671
  20
77061.056
  30
2.893
  0
VERTEX
  8
GEOMETRY_LAYER_1
  70
32
  10
551015.211
  20
77054.278
  30
2.961
  0
VERTEX
  8
GEOMETRY_LAYER_1
  70
32
  10
551013.179
  20
77046.445
  30
3.235
  0
VERTEX
  8
GEOMETRY_LAYER_1
  70
32
  10
551011.350
  20
77036.484
  30
3.373
  0
VERTEX
  8
GEOMETRY_LAYER_1
  70
32
  10
551009.376
  20
77030.098
  30
3.504
  0
VERTEX
  8
GEOMETRY_LAYER_1
  70
32
  10
551000.370
  20
77025.612
  30
3.55
  0
VERTEX
  8
GEOMETRY_LAYER_1
  70
32
  10
550998.822
  20
77022.319
  30
3.723
  0
VERTEX
  8
GEOMETRY_LAYER_1
  70
32
  10
550998.852
  20
77017.262
  30
3.573
  0
VERTEX
  8
GEOMETRY_LAYER_1
  70
32
  10
550994.163
  20
77014.224
  30
4.004
  0
VERTEX
  8
GEOMETRY_LAYER_1
  70
32
  10
550984.802
  20
77012.839
  30
3.822
  0
VERTEX
  8
GEOMETRY_LAYER_1
  70
32
  10
550979.760
  20
77015.550
  30
3.693
  0
VERTEX
  8
GEOMETRY_LAYER_1
  70
32
  10
550972.491
  20
77015.476
  30
3.532
  0
VERTEX
  8
GEOMETRY_LAYER_1
  70
32
  10
550964.561
  20
77019.000
  30
3.508
  0
VERTEX
  8
GEOMETRY_LAYER_1
  70
32
  10
550962.289
  20
77011.642
  30
3.625
  0
VERTEX
  8
GEOMETRY_LAYER_1
  70
32
  10
550961.004
  20
77002.647
  30
3.884
  0
VERTEX
  8
GEOMETRY_LAYER_1
  70
32
  10
550959.627
  20
76993.881
  30
4.482
  0
VERTEX
  8
GEOMETRY_LAYER_1
  70
32
  10
550956.565
  20
76976.561
  30
5.559
  0
VERTEX
  8
GEOMETRY_LAYER_1
  70
32
  10
550955.479
  20
76967.436
  30
5.767
  0
VERTEX
  8
GEOMETRY_LAYER_1
  70
32
  10
550954.121
  20
76958.813
  30
6.083
  0
VERTEX
  8
GEOMETRY_LAYER_1
  70
32
  10
550953.337
  20
76949.725
  30
6.314
  0
VERTEX
  8
GEOMETRY_LAYER_1
  70
32
  10
550951.769
  20
76941.737
  30
6.722
  0
VERTEX
  8
GEOMETRY_LAYER_1
  70
32
  10
550950.333
  20
76932.753
  30
6.855
  0
VERTEX
  8
GEOMETRY_LAYER_1
  70
32
  10
550948.736
  20
76924.645
  30
7.037
  0
VERTEX
  8
GEOMETRY_LAYER_1
  70
32
  10
550946.753
  20
76915.454
  30
6.825
  0
VERTEX
  8
GEOMETRY_LAYER_1
  70
32
  10
550945.235
  20
76907.254
  30
6.701
  0
VERTEX
  8
GEOMETRY_LAYER_1
  70
32
  10
550944.112
  20
76899.965
  30
6.825
  0
VERTEX
  8
GEOMETRY_LAYER_1
  70
32
  10
550952.871
  20
76899.499
  30
7.082
  0
VERTEX
  8
GEOMETRY_LAYER_1
  70
32
  10
550960.360
  20
76903.126
  30
7.129
  0
VERTEX
  8
GEOMETRY_LAYER_1
  70
32
  10
550966.280
  20
76898.454
  30
7.542
  0
VERTEX
  8
GEOMETRY_LAYER_1
  70
32
  10
550970.800
  20
76896.190
  30
7.95
  0
VERTEX
  8
GEOMETRY_LAYER_1
  70
32
  10
550980.825
  20
76895.783
  30
8.141
  0
VERTEX
  8
GEOMETRY_LAYER_1
  70
32
  10
550994.889
  20
76894.489
  30
8.985
  0
VERTEX
  8
GEOMETRY_LAYER_1
  70
32
  10
551001.059
  20
76896.610
  30
8.802
  0
VERTEX
  8
GEOMETRY_LAYER_1
  70
32
  10
551006.920
  20
76893.115
  30
8.936
  0
VERTEX
  8
GEOMETRY_LAYER_1
  70
32
  10
551010.857
  20
76899.409
  30
8.701
  0
VERTEX
  8
GEOMETRY_LAYER_1
  70
32
  10
551011.666
  20
76908.304
  30
8.256
  0
VERTEX
  8
GEOMETRY_LAYER_1
  70
32
  10
551013.429
  20
76916.768
  30
7.748
  0
VERTEX
  8
GEOMETRY_LAYER_1
  70
32
  10
551014.948
  20
76925.211
  30
7.502
  0
VERTEX
  8
GEOMETRY_LAYER_1
  70
32
  10
551016.008
  20
76934.334
  30
6.926
  0
VERTEX
  8
GEOMETRY_LAYER_1
  70
32
  10
551017.409
  20
76943.109
  30
6.836
  0
VERTEX
  8
GEOMETRY_LAYER_1
  70
32
  10
551018.734
  20
76951.358
  30
6.389
  0
VERTEX
  8
GEOMETRY_LAYER_1
  70
32
  10
551019.901
  20
76959.930
  30
5.998
  0
VERTEX
  8
GEOMETRY_LAYER_1
  70
32
  10
551021.569
  20
76969.292
  30
5.643
  0
VERTEX
  8
GEOMETRY_LAYER_1
  70
32
  10
551022.545
  20
76978.523
  30
5.336
  0
VERTEX
  8
GEOMETRY_LAYER_1
  70
32
  10
551024.535
  20
76985.718
  30
5.08
  0
VERTEX
  8
GEOMETRY_LAYER_1
  70
32
  10
551025.939
  20
76994.708
  30
4.713
  0
VERTEX
  8
GEOMETRY_LAYER_1
  70
32
  10
551026.851
  20
77003.442
  30
4.286
  0
VERTEX
  8
GEOMETRY_LAYER_1
  70
32
  10
551028.394
  20
77011.901
  30
4.032
  0
VERTEX
  8
GEOMETRY_LAYER_1
  70
32
  10
551034.367
  20
77045.970
  30
2.908
  0
SEQEND
  8
GEOMETRY_LAYER_1
  0
POLYLINE
  8
GEOMETRY_LAYER_1
  70
8
  66
1
 62
3
 39
1
  0
VERTEX
  8
GEOMETRY_LAYER_1
  70
32
  10
551811.621
  20
79251.188
  30
1.193
  0
VERTEX
  8
GEOMETRY_LAYER_1
  70
32
  10
551812.179
  20
79243.049
  30
0.627
  0
VERTEX
  8
GEOMETRY_LAYER_1
  70
32
  10
551813.328
  20
79234.006
  30
0.215
  0
VERTEX
  8
GEOMETRY_LAYER_1
  70
32
  10
551813.974
  20
79224.531
  30
-0.03
  0
VERTEX
  8
GEOMETRY_LAYER_1
  70
32
  10
551814.704
  20
79214.537
  30
-0.077
  0
VERTEX
  8
GEOMETRY_LAYER_1
  70
32
  10
551813.632
  20
79208.524
  30
-0.101
  0
VERTEX
  8
GEOMETRY_LAYER_1
  70
32
  10
551812.875
  20
79194.383
  30
-0.617
  0
VERTEX
  8
GEOMETRY_LAYER_1
  70
32
  10
551800.753
  20
79196.045
  30
-1.132
  0
VERTEX
  8
GEOMETRY_LAYER_1
  70
32
  10
551793.259
  20
79194.552
  30
-1.489
  0
VERTEX
  8
GEOMETRY_LAYER_1
  70
32
  10
551780.662
  20
79199.087
  30
-0.859
  0
VERTEX
  8
GEOMETRY_LAYER_1
  70
32
  10
551779.037
  20
79211.107
  30
-0.178
  0
VERTEX
  8
GEOMETRY_LAYER_1
  70
32
  10
551778.541
  20
79221.202
  30
0.366
  0
VERTEX
  8
GEOMETRY_LAYER_1
  70
32
  10
551777.630
  20
79229.461
  30
0.85
  0
VERTEX
  8
GEOMETRY_LAYER_1
  70
32
  10
551777.325
  20
79239.963
  30
0.834
  0
VERTEX
  8
GEOMETRY_LAYER_1
  70
32
  10
551776.989
  20
79250.060
  30
1.015
  0
VERTEX
  8
GEOMETRY_LAYER_1
  70
32
  10
551777.679
  20
79257.615
  30
1.417
  0
VERTEX
  8
GEOMETRY_LAYER_1
  70
32
  10
551776.669
  20
79267.106
  30
1.747
  0
VERTEX
  8
GEOMETRY_LAYER_1
  70
32
  10
551776.813
  20
79277.288
  30
2.391
  0
VERTEX
  8
GEOMETRY_LAYER_1
  70
32
  10
551779.604
  20
79285.095
  30
2.754
  0
VERTEX
  8
GEOMETRY_LAYER_1
  70
32
  10
551778.836
  20
79290.921
  30
3.243
  0
VERTEX
  8
GEOMETRY_LAYER_1
  70
32
  10
551777.691
  20
79301.573
  30
3.921
  0
VERTEX
  8
GEOMETRY_LAYER_1
  70
32
  10
551776.801
  20
79309.443
  30
4.8
  0
VERTEX
  8
GEOMETRY_LAYER_1
  70
32
  10
551776.279
  20
79321.937
  30
5.449
  0
VERTEX
  8
GEOMETRY_LAYER_1
  70
32
  10
551790.741
  20
79321.650
  30
4.949
  0
VERTEX
  8
GEOMETRY_LAYER_1
  70
32
  10
551806.140
  20
79315.335
  30
4.568
  0
VERTEX
  8
GEOMETRY_LAYER_1
  70
32
  10
551805.493
  20
79306.918
  30
4.379
  0
VERTEX
  8
GEOMETRY_LAYER_1
  70
32
  10
551807.104
  20
79299.034
  30
4.34
  0
VERTEX
  8
GEOMETRY_LAYER_1
  70
32
  10
551807.413
  20
79289.043
  30
3.623
  0
VERTEX
  8
GEOMETRY_LAYER_1
  70
32
  10
551809.727
  20
79270.741
  30
2.689
  0
VERTEX
  8
GEOMETRY_LAYER_1
  70
32
  10
551811.621
  20
79251.188
  30
1.193
  0
SEQEND
  8
GEOMETRY_LAYER_1
  0
POLYLINE
  8
GEOMETRY_LAYER_1
  70
8
  66
1
 62
3
 39
1
  0
VERTEX
  8
GEOMETRY_LAYER_1
  70
32
  10
551808.196
  20
79242.660
  30
0.627
  0
VERTEX
  8
GEOMETRY_LAYER_1
  70
32
  10
551809.345
  20
79233.619
  30
0.215
  0
VERTEX
  8
GEOMETRY_LAYER_1
  70
32
  10
551809.984
  20
79224.250
  30
-0.03
  0
VERTEX
  8
GEOMETRY_LAYER_1
  70
32
  10
551810.679
  20
79214.745
  30
-0.077
  0
VERTEX
  8
GEOMETRY_LAYER_1
  70
32
  10
551809.651
  20
79208.984
  30
-0.101
  0
VERTEX
  8
GEOMETRY_LAYER_1
  70
32
  10
551809.113
  20
79198.937
  30
-0.617
  0
VERTEX
  8
GEOMETRY_LAYER_1
  70
32
  10
551800.631
  20
79200.099
  30
-1.132
  0
VERTEX
  8
GEOMETRY_LAYER_1
  70
32
  10
551793.568
  20
79198.693
  30
-1.489
  0
VERTEX
  8
GEOMETRY_LAYER_1
  70
32
  10
551784.301
  20
79202.029
  30
-0.859
  0
VERTEX
  8
GEOMETRY_LAYER_1
  70
32
  10
551783.023
  20
79211.474
  30
-0.178
  0
VERTEX
  8
GEOMETRY_LAYER_1
  70
32
  10
551782.530
  20
79221.519
  30
0.366
  0
VERTEX
  8
GEOMETRY_LAYER_1
  70
32
  10
551781.624
  20
79229.738
  30
0.85
  0
VERTEX
  8
GEOMETRY_LAYER_1
  70
32
  10
551781.323
  20
79240.088
  30
0.834
  0
VERTEX
  8
GEOMETRY_LAYER_1
  70
32
  10
551780.995
  20
79249.944
  30
1.015
  0
VERTEX
  8
GEOMETRY_LAYER_1
  70
32
  10
551781.699
  20
79257.645
  30
1.417
  0
VERTEX
  8
GEOMETRY_LAYER_1
  70
32
  10
551780.672
  20
79267.290
  30
1.747
  0
VERTEX
  8
GEOMETRY_LAYER_1
  70
32
  10
551780.803
  20
79276.566
  30
2.391
  0
VERTEX
  8
GEOMETRY_LAYER_1
  70
32
  10
551783.695
  20
79284.659
  30
2.754
  0
VERTEX
  8
GEOMETRY_LAYER_1
  70
32
  10
551782.808
  20
79291.397
  30
3.243
  0
VERTEX
  8
GEOMETRY_LAYER_1
  70
32
  10
551781.667
  20
79302.011
  30
3.921
  0
VERTEX
  8
GEOMETRY_LAYER_1
  70
32
  10
551780.791
  20
79309.752
  30
4.8
  0
VERTEX
  8
GEOMETRY_LAYER_1
  70
32
  10
551780.453
  20
79317.854
  30
5.449
  0
VERTEX
  8
GEOMETRY_LAYER_1
  70
32
  10
551789.914
  20
79317.666
  30
4.949
  0
VERTEX
  8
GEOMETRY_LAYER_1
  70
32
  10
551801.929
  20
79312.738
  30
4.568
  0
VERTEX
  8
GEOMETRY_LAYER_1
  70
32
  10
551801.461
  20
79306.665
  30
4.379
  0
VERTEX
  8
GEOMETRY_LAYER_1
  70
32
  10
551803.117
  20
79298.568
  30
4.34
  0
VERTEX
  8
GEOMETRY_LAYER_1
  70
32
  10
551803.421
  20
79288.729
  30
3.623
  0
VERTEX
  8
GEOMETRY_LAYER_1
  70
32
  10
551808.196
  20
79242.660
  30
0.627
  0
SEQEND
  8
GEOMETRY_LAYER_1
  0
POLYLINE
  8
GEOMETRY_LAYER_1
  70
8
  66
1
 62
1
 39
1
  0
VERTEX
  8
GEOMETRY_LAYER_1
  70
32
  10
551940.089
  20
77221.976
  30
-9.779
  0
VERTEX
  8
GEOMETRY_LAYER_1
  70
32
  10
551937.115
  20
77228.787
  30
-9.178
  0
VERTEX
  8
GEOMETRY_LAYER_1
  70
32
  10
551934.910
  20
77238.463
  30
-8.459
  0
VERTEX
  8
GEOMETRY_LAYER_1
  70
32
  10
551931.896
  20
77247.603
  30
-7.61
  0
VERTEX
  8
GEOMETRY_LAYER_1
  70
32
  10
551930.083
  20
77256.493
  30
-6.83
  0
VERTEX
  8
GEOMETRY_LAYER_1
  70
32
  10
551928.407
  20
77265.954
  30
-6.28
  0
VERTEX
  8
GEOMETRY_LAYER_1
  70
32
  10
551926.634
  20
77274.962
  30
-5.579
  0
VERTEX
  8
GEOMETRY_LAYER_1
  70
32
  10
551925.552
  20
77284.160
  30
-4.729
  0
VERTEX
  8
GEOMETRY_LAYER_1
  70
32
  10
551923.189
  20
77293.421
  30
-3.805
  0
VERTEX
  8
GEOMETRY_LAYER_1
  70
32
  10
551921.902
  20
77304.983
  30
-2.75
  0
VERTEX
  8
GEOMETRY_LAYER_1
  70
32
  10
551909.817
  20
77312.098
  30
-2.567
  0
VERTEX
  8
GEOMETRY_LAYER_1
  70
32
  10
551900.993
  20
77303.744
  30
-3.283
  0
VERTEX
  8
GEOMETRY_LAYER_1
  70
32
  10
551896.764
  20
77299.358
  30
-3.723
  0
VERTEX
  8
GEOMETRY_LAYER_1
  70
32
  10
551895.651
  20
77292.695
  30
-3.828
  0
VERTEX
  8
GEOMETRY_LAYER_1
  70
32
  10
551896.617
  20
77282.242
  30
-4.416
  0
VERTEX
  8
GEOMETRY_LAYER_1
  70
32
  10
551898.012
  20
77275.032
  30
-4.88
  0
VERTEX
  8
GEOMETRY_LAYER_1
  70
32
  10
551899.602
  20
77265.790
  30
-5.655
  0
VERTEX
  8
GEOMETRY_LAYER_1
  70
32
  10
551900.679
  20
77256.682
  30
-6.102
  0
VERTEX
  8
GEOMETRY_LAYER_1
  70
32
  10
551903.386
  20
77246.653
  30
-7.401
  0
VERTEX
  8
GEOMETRY_LAYER_1
  70
32
  10
551904.995
  20
77237.554
  30
-7.813
  0
VERTEX
  8
GEOMETRY_LAYER_1
  70
32
  10
551906.920
  20
77226.879
  30
-8.595
  0
VERTEX
  8
GEOMETRY_LAYER_1
  70
32
  10
551908.329
  20
77217.905
  30
-9.337
  0
VERTEX
  8
GEOMETRY_LAYER_1
  70
32
  10
551910.121
  20
77209.281
  30
-10.346
  0
VERTEX
  8
GEOMETRY_LAYER_1
  70
32
  10
551912.770
  20
77199.613
  30
-10.772
  0
VERTEX
  8
GEOMETRY_LAYER_1
  70
32
  10
551916.760
  20
77188.524
  30
-11.569
  0
VERTEX
  8
GEOMETRY_LAYER_1
  70
32
  10
551919.540
  20
77180.359
  30
-12.699
  0
VERTEX
  8
GEOMETRY_LAYER_1
  70
32
  10
551922.068
  20
77172.744
  30
-13.152
  0
VERTEX
  8
GEOMETRY_LAYER_1
  70
32
  10
551924.487
  20
77165.063
  30
-13.553
  0
VERTEX
  8
GEOMETRY_LAYER_1
  70
32
  10
551926.198
  20
77157.003
  30
-14.256
  0
VERTEX
  8
GEOMETRY_LAYER_1
  70
32
  10
551928.814
  20
77146.213
  30
-15.138
  0
VERTEX
  8
GEOMETRY_LAYER_1
  70
32
  10
551932.529
  20
77135.034
  30
-16.043
  0
VERTEX
  8
GEOMETRY_LAYER_1
  70
32
  10
551936.352
  20
77123.905
  30
-17.163
  0
VERTEX
  8
GEOMETRY_LAYER_1
  70
32
  10
551939.955
  20
77115.593
  30
-17.802
  0
VERTEX
  8
GEOMETRY_LAYER_1
  70
32
  10
551943.590
  20
77106.077
  30
-18.804
  0
VERTEX
  8
GEOMETRY_LAYER_1
  70
32
  10
551946.416
  20
77098.068
  30
-19.055
  0
VERTEX
  8
GEOMETRY_LAYER_1
  70
32
  10
551947.204
  20
77087.655
  30
-20.112
  0
VERTEX
  8
GEOMETRY_LAYER_1
  70
32
  10
551947.379
  20
77079.509
  30
-21.231
  0
VERTEX
  8
GEOMETRY_LAYER_1
  70
32
  10
551947.945
  20
77070.129
  30
-21.907
  0
VERTEX
  8
GEOMETRY_LAYER_1
  70
32
  10
551949.987
  20
77058.790
  30
-22.54
  0
VERTEX
  8
GEOMETRY_LAYER_1
  70
32
  10
551954.077
  20
77047.141
  30
-22.853
  0
VERTEX
  8
GEOMETRY_LAYER_1
  70
32
  10
551964.752
  20
77052.566
  30
-22.169
  0
VERTEX
  8
GEOMETRY_LAYER_1
  70
32
  10
551971.739
  20
77060.629
  30
-21.53
  0
VERTEX
  8
GEOMETRY_LAYER_1
  70
32
  10
551975.458
  20
77065.084
  30
-21.352
  0
VERTEX
  8
GEOMETRY_LAYER_1
  70
32
  10
551975.268
  20
77075.633
  30
-21.057
  0
VERTEX
  8
GEOMETRY_LAYER_1
  70
32
  10
551974.349
  20
77084.841
  30
-20.388
  0
VERTEX
  8
GEOMETRY_LAYER_1
  70
32
  10
551971.646
  20
77095.271
  30
-19.405
  0
VERTEX
  8
GEOMETRY_LAYER_1
  70
32
  10
551970.831
  20
77103.247
  30
-19.059
  0
VERTEX
  8
GEOMETRY_LAYER_1
  70
32
  10
551968.756
  20
77114.658
  30
-17.962
  0
VERTEX
  8
GEOMETRY_LAYER_1
  70
32
  10
551966.805
  20
77123.615
  30
-17.152
  0
VERTEX
  8
GEOMETRY_LAYER_1
  70
32
  10
551965.536
  20
77132.726
  30
-16.418
  0
VERTEX
  8
GEOMETRY_LAYER_1
  70
32
  10
551964.041
  20
77143.265
  30
-16.039
  0
VERTEX
  8
GEOMETRY_LAYER_1
  70
32
  10
551961.670
  20
77152.007
  30
-15.268
  0
VERTEX
  8
GEOMETRY_LAYER_1
  70
32
  10
551960.083
  20
77161.668
  30
-14.728
  0
VERTEX
  8
GEOMETRY_LAYER_1
  70
32
  10
551959.185
  20
77172.423
  30
-13.894
  0
VERTEX
  8
GEOMETRY_LAYER_1
  70
32
  10
551955.910
  20
77180.007
  30
-13.568
  0
VERTEX
  8
GEOMETRY_LAYER_1
  70
32
  10
551940.089
  20
77221.976
  30
-9.779
  0
SEQEND
  8
GEOMETRY_LAYER_1
  0
POLYLINE
  8
GEOMETRY_LAYER_1
  70
8
  66
1
 62
1
 39
1
  0
VERTEX
  8
GEOMETRY_LAYER_1
  70
32
  10
550371.300
  20
76948.792
  30
46.961
  0
VERTEX
  8
GEOMETRY_LAYER_1
  70
32
  10
550368.839
  20
76939.202
  30
46.819
  0
VERTEX
  8
GEOMETRY_LAYER_1
  70
32
  10
550362.388
  20
76934.927
  30
46.957
  0
VERTEX
  8
GEOMETRY_LAYER_1
  70
32
  10
550359.031
  20
76926.803
  30
47.15
  0
VERTEX
  8
GEOMETRY_LAYER_1
  70
32
  10
550357.087
  20
76917.577
  30
47.248
  0
VERTEX
  8
GEOMETRY_LAYER_1
  70
32
  10
550355.001
  20
76908.401
  30
47.269
  0
VERTEX
  8
GEOMETRY_LAYER_1
  70
32
  10
550351.885
  20
76899.031
  30
47.195
  0
VERTEX
  8
GEOMETRY_LAYER_1
  70
32
  10
550349.271
  20
76890.560
  30
47.414
  0
VERTEX
  8
GEOMETRY_LAYER_1
  70
32
  10
550344.930
  20
76886.250
  30
47.035
  0
VERTEX
  8
GEOMETRY_LAYER_1
  70
32
  10
550341.041
  20
76890.241
  30
46.856
  0
VERTEX
  8
GEOMETRY_LAYER_1
  70
32
  10
550344.939
  20
76896.892
  30
53.367
  0
VERTEX
  8
GEOMETRY_LAYER_1
  70
32
  10
550348.827
  20
76903.131
  30
47.197
  0
VERTEX
  8
GEOMETRY_LAYER_1
  70
32
  10
550350.097
  20
76913.160
  30
47.27
  0
VERTEX
  8
GEOMETRY_LAYER_1
  70
32
  10
550352.542
  20
76922.260
  30
46.967
  0
VERTEX
  8
GEOMETRY_LAYER_1
  70
32
  10
550347.325
  20
76927.609
  30
46.687
  0
VERTEX
  8
GEOMETRY_LAYER_1
  70
32
  10
550349.296
  20
76937.793
  30
46.231
  0
VERTEX
  8
GEOMETRY_LAYER_1
  70
32
  10
550351.286
  20
76947.010
  30
46.056
  0
VERTEX
  8
GEOMETRY_LAYER_1
  70
32
  10
550356.280
  20
76951.645
  30
46.575
  0
VERTEX
  8
GEOMETRY_LAYER_1
  70
32
  10
550357.977
  20
76959.335
  30
46.724
  0
VERTEX
  8
GEOMETRY_LAYER_1
  70
32
  10
550360.483
  20
76971.234
  30
46.542
  0
VERTEX
  8
GEOMETRY_LAYER_1
  70
32
  10
550361.777
  20
76978.430
  30
46.864
  0
VERTEX
  8
GEOMETRY_LAYER_1
  70
32
  10
550365.682
  20
76988.687
  30
46.549
  0
VERTEX
  8
GEOMETRY_LAYER_1
  70
32
  10
550365.958
  20
76988.669
  30
46.469
  0
VERTEX
  8
GEOMETRY_LAYER_1
  70
32
  10
550369.589
  20
76996.549
  30
46.28
  0
VERTEX
  8
GEOMETRY_LAYER_1
  70
32
  10
550375.712
  20
76999.855
  30
45.803
  0
VERTEX
  8
GEOMETRY_LAYER_1
  70
32
  10
550392.778
  20
77003.259
  30
46.244
  0
VERTEX
  8
GEOMETRY_LAYER_1
  70
32
  10
550399.580
  20
77005.296
  30
46.299
  0
VERTEX
  8
GEOMETRY_LAYER_1
  70
32
  10
550396.564
  20
76998.364
  30
46.312
  0
VERTEX
  8
GEOMETRY_LAYER_1
  70
32
  10
550393.969
  20
76991.493
  30
46.574
  0
VERTEX
  8
GEOMETRY_LAYER_1
  70
32
  10
550393.549
  20
76982.857
  30
47.051
  0
VERTEX
  8
GEOMETRY_LAYER_1
  70
32
  10
550390.618
  20
76972.421
  30
47.188
  0
VERTEX
  8
GEOMETRY_LAYER_1
  70
32
  10
550388.190
  20
76963.676
  30
47.835
  0
VERTEX
  8
GEOMETRY_LAYER_1
  70
32
  10
550380.404
  20
76961.576
  30
47.615
  0
VERTEX
  8
GEOMETRY_LAYER_1
  70
32
  10
550380.380
  20
76961.275
  30
47.588
  0
VERTEX
  8
GEOMETRY_LAYER_1
  70
32
  10
550374.005
  20
76956.300
  30
47.042
  0
VERTEX
  8
GEOMETRY_LAYER_1
  70
32
  10
550374.045
  20
76956.288
  30
47.041
  0
VERTEX
  8
GEOMETRY_LAYER_1
  70
32
  10
550371.300
  20
76948.792
  30
46.961
  0
SEQEND
  8
GEOMETRY_LAYER_1
  0
POLYLINE
  8
GEOMETRY_LAYER_1
  70
8
  66
1
 62
1
 39
1
  0
VERTEX
  8
GEOMETRY_LAYER_1
  70
32
  10
550374.690
  20
76947.922
  30
46.961
  0
VERTEX
  8
GEOMETRY_LAYER_1
  70
32
  10
550371.895
  20
76937.028
  30
46.819
  0
VERTEX
  8
GEOMETRY_LAYER_1
  70
32
  10
550365.213
  20
76932.600
  30
46.957
  0
VERTEX
  8
GEOMETRY_LAYER_1
  70
32
  10
550362.389
  20
76925.765
  30
47.15
  0
VERTEX
  8
GEOMETRY_LAYER_1
  70
32
  10
550360.506
  20
76916.828
  30
47.248
  0
VERTEX
  8
GEOMETRY_LAYER_1
  70
32
  10
550358.376
  20
76907.459
  30
47.269
  0
VERTEX
  8
GEOMETRY_LAYER_1
  70
32
  10
550355.218
  20
76897.963
  30
47.195
  0
VERTEX
  8
GEOMETRY_LAYER_1
  70
32
  10
550352.358
  20
76888.693
  30
47.414
  0
VERTEX
  8
GEOMETRY_LAYER_1
  70
32
  10
550344.889
  20
76881.276
  30
47.035
  0
VERTEX
  8
GEOMETRY_LAYER_1
  70
32
  10
550336.673
  20
76889.709
  30
46.856
  0
VERTEX
  8
GEOMETRY_LAYER_1
  70
32
  10
550341.943
  20
76898.703
  30
53.367
  0
VERTEX
  8
GEOMETRY_LAYER_1
  70
32
  10
550345.451
  20
76904.331
  30
47.197
  0
VERTEX
  8
GEOMETRY_LAYER_1
  70
32
  10
550346.655
  20
76913.837
  30
47.27
  0
VERTEX
  8
GEOMETRY_LAYER_1
  70
32
  10
550348.645
  20
76921.243
  30
46.967
  0
VERTEX
  8
GEOMETRY_LAYER_1
  70
32
  10
550343.541
  20
76926.476
  30
46.687
  0
VERTEX
  8
GEOMETRY_LAYER_1
  70
32
  10
550345.867
  20
76938.495
  30
46.231
  0
VERTEX
  8
GEOMETRY_LAYER_1
  70
32
  10
550348.097
  20
76948.825
  30
46.056
  0
VERTEX
  8
GEOMETRY_LAYER_1
  70
32
  10
550353.098
  20
76953.467
  30
46.575
  0
VERTEX
  8
GEOMETRY_LAYER_1
  70
32
  10
550354.556
  20
76960.073
  30
46.724
  0
VERTEX
  8
GEOMETRY_LAYER_1
  70
32
  10
550357.048
  20
76971.905
  30
46.542
  0
VERTEX
  8
GEOMETRY_LAYER_1
  70
32
  10
550358.390
  20
76979.370
  30
46.864
  0
VERTEX
  8
GEOMETRY_LAYER_1
  70
32
  10
550363.332
  20
76992.352
  30
46.549
  0
VERTEX
  8
GEOMETRY_LAYER_1
  70
32
  10
550363.788
  20
76992.322
  30
46.469
  0
VERTEX
  8
GEOMETRY_LAYER_1
  70
32
  10
550366.899
  20
76999.074
  30
46.28
  0
VERTEX
  8
GEOMETRY_LAYER_1
  70
32
  10
550374.512
  20
77003.184
  30
45.803
  0
VERTEX
  8
GEOMETRY_LAYER_1
  70
32
  10
550391.932
  20
77006.659
  30
46.244
  0
VERTEX
  8
GEOMETRY_LAYER_1
  70
32
  10
550405.797
  20
77010.811
  30
46.299
  0
VERTEX
  8
GEOMETRY_LAYER_1
  70
32
  10
550399.808
  20
76997.047
  30
46.312
  0
VERTEX
  8
GEOMETRY_LAYER_1
  70
32
  10
550397.438
  20
76990.772
  30
46.574
  0
VERTEX
  8
GEOMETRY_LAYER_1
  70
32
  10
550397.026
  20
76982.292
  30
47.051
  0
VERTEX
  8
GEOMETRY_LAYER_1
  70
32
  10
550393.989
  20
76971.479
  30
47.188
  0
VERTEX
  8
GEOMETRY_LAYER_1
  70
32
  10
550391.029
  20
76960.816
  30
47.835
  0
VERTEX
  8
GEOMETRY_LAYER_1
  70
32
  10
550383.696
  20
76958.839
  30
47.615
  0
VERTEX
  8
GEOMETRY_LAYER_1
  70
32
  10
550381.516
  20
76957.723
  30
47.042
  0
VERTEX
  8
GEOMETRY_LAYER_1
  70
32
  10
550374.690
  20
76947.922
  30
46.961
  0
SEQEND
  8
GEOMETRY_LAYER_1
  0
POLYLINE
  8
GEOMETRY_LAYER_1
  70
8
  66
1
 62
1
 39
1
  0
VERTEX
  8
GEOMETRY_LAYER_1
  70
32
  10
551936.642
  20
77219.876
  30
-9.779
  0
VERTEX
  8
GEOMETRY_LAYER_1
  70
32
  10
551933.298
  20
77227.531
  30
-9.178
  0
VERTEX
  8
GEOMETRY_LAYER_1
  70
32
  10
551931.052
  20
77237.390
  30
-8.459
  0
VERTEX
  8
GEOMETRY_LAYER_1
  70
32
  10
551928.024
  20
77246.574
  30
-7.61
  0
VERTEX
  8
GEOMETRY_LAYER_1
  70
32
  10
551926.153
  20
77255.744
  30
-6.83
  0
VERTEX
  8
GEOMETRY_LAYER_1
  70
32
  10
551924.475
  20
77265.219
  30
-6.28
  0
VERTEX
  8
GEOMETRY_LAYER_1
  70
32
  10
551922.680
  20
77274.341
  30
-5.579
  0
VERTEX
  8
GEOMETRY_LAYER_1
  70
32
  10
551921.610
  20
77283.429
  30
-4.729
  0
VERTEX
  8
GEOMETRY_LAYER_1
  70
32
  10
551919.244
  20
77292.702
  30
-3.805
  0
VERTEX
  8
GEOMETRY_LAYER_1
  70
32
  10
551918.148
  20
77302.552
  30
-2.75
  0
VERTEX
  8
GEOMETRY_LAYER_1
  70
32
  10
551910.381
  20
77307.124
  30
-2.567
  0
VERTEX
  8
GEOMETRY_LAYER_1
  70
32
  10
551903.809
  20
77300.902
  30
-3.283
  0
VERTEX
  8
GEOMETRY_LAYER_1
  70
32
  10
551900.505
  20
77297.475
  30
-3.723
  0
VERTEX
  8
GEOMETRY_LAYER_1
  70
32
  10
551899.681
  20
77292.548
  30
-3.828
  0
VERTEX
  8
GEOMETRY_LAYER_1
  70
32
  10
551900.582
  20
77282.807
  30
-4.416
  0
VERTEX
  8
GEOMETRY_LAYER_1
  70
32
  10
551901.947
  20
77275.751
  30
-4.88
  0
VERTEX
  8
GEOMETRY_LAYER_1
  70
32
  10
551903.562
  20
77266.364
  30
-5.655
  0
VERTEX
  8
GEOMETRY_LAYER_1
  70
32
  10
551904.617
  20
77257.442
  30
-6.102
  0
VERTEX
  8
GEOMETRY_LAYER_1
  70
32
  10
551907.294
  20
77247.524
  30
-7.401
  0
VERTEX
  8
GEOMETRY_LAYER_1
  70
32
  10
551908.933
  20
77238.257
  30
-7.813
  0
VERTEX
  8
GEOMETRY_LAYER_1
  70
32
  10
551910.865
  20
77227.544
  30
-8.595
  0
VERTEX
  8
GEOMETRY_LAYER_1
  70
32
  10
551912.266
  20
77218.623
  30
-9.337
  0
VERTEX
  8
GEOMETRY_LAYER_1
  70
32
  10
551914.012
  20
77210.218
  30
-10.346
  0
VERTEX
  8
GEOMETRY_LAYER_1
  70
32
  10
551916.587
  20
77200.820
  30
-10.772
  0
VERTEX
  8
GEOMETRY_LAYER_1
  70
32
  10
551920.535
  20
77189.846
  30
-11.569
  0
VERTEX
  8
GEOMETRY_LAYER_1
  70
32
  10
551923.332
  20
77181.634
  30
-12.699
  0
VERTEX
  8
GEOMETRY_LAYER_1
  70
32
  10
551925.874
  20
77173.975
  30
-13.152
  0
VERTEX
  8
GEOMETRY_LAYER_1
  70
32
  10
551928.360
  20
77166.082
  30
-13.553
  0
VERTEX
  8
GEOMETRY_LAYER_1
  70
32
  10
551930.099
  20
77157.890
  30
-14.256
  0
VERTEX
  8
GEOMETRY_LAYER_1
  70
32
  10
551932.662
  20
77147.316
  30
-15.138
  0
VERTEX
  8
GEOMETRY_LAYER_1
  70
32
  10
551936.318
  20
77136.314
  30
-16.043
  0
VERTEX
  8
GEOMETRY_LAYER_1
  70
32
  10
551940.084
  20
77125.352
  30
-17.163
  0
VERTEX
  8
GEOMETRY_LAYER_1
  70
32
  10
551943.660
  20
77117.102
  30
-17.802
  0
VERTEX
  8
GEOMETRY_LAYER_1
  70
32
  10
551947.344
  20
77107.457
  30
-18.804
  0
VERTEX
  8
GEOMETRY_LAYER_1
  70
32
  10
551950.365
  20
77098.899
  30
-19.055
  0
VERTEX
  8
GEOMETRY_LAYER_1
  70
32
  10
551951.201
  20
77087.850
  30
-20.112
  0
VERTEX
  8
GEOMETRY_LAYER_1
  70
32
  10
551951.377
  20
77079.672
  30
-21.231
  0
VERTEX
  8
GEOMETRY_LAYER_1
  70
32
  10
551951.923
  20
77070.605
  30
-21.907
  0
VERTEX
  8
GEOMETRY_LAYER_1
  70
32
  10
551953.867
  20
77059.813
  30
-22.54
  0
VERTEX
  8
GEOMETRY_LAYER_1
  70
32
  10
551956.338
  20
77052.776
  30
-22.853
  0
VERTEX
  8
GEOMETRY_LAYER_1
  70
32
  10
551962.242
  20
77055.777
  30
-22.169
  0
VERTEX
  8
GEOMETRY_LAYER_1
  70
32
  10
551968.692
  20
77063.221
  30
-21.53
  0
VERTEX
  8
GEOMETRY_LAYER_1
  70
32
  10
551971.432
  20
77066.503
  30
-21.352
  0
VERTEX
  8
GEOMETRY_LAYER_1
  70
32
  10
551971.272
  20
77075.397
  30
-21.057
  0
VERTEX
  8
GEOMETRY_LAYER_1
  70
32
  10
551970.399
  20
77084.137
  30
-20.388
  0
VERTEX
  8
GEOMETRY_LAYER_1
  70
32
  10
551967.698
  20
77094.562
  30
-19.405
  0
VERTEX
  8
GEOMETRY_LAYER_1
  70
32
  10
551966.868
  20
77102.684
  30
-19.059
  0
VERTEX
  8
GEOMETRY_LAYER_1
  70
32
  10
551964.833
  20
77113.874
  30
-17.962
  0
VERTEX
  8
GEOMETRY_LAYER_1
  70
32
  10
551962.864
  20
77122.912
  30
-17.152
  0
VERTEX
  8
GEOMETRY_LAYER_1
  70
32
  10
551961.575
  20
77132.170
  30
-16.418
  0
VERTEX
  8
GEOMETRY_LAYER_1
  70
32
  10
551960.115
  20
77142.457
  30
-16.039
  0
VERTEX
  8
GEOMETRY_LAYER_1
  70
32
  10
551957.756
  20
77151.157
  30
-15.268
  0
VERTEX
  8
GEOMETRY_LAYER_1
  70
32
  10
551956.111
  20
77161.177
  30
-14.728
  0
VERTEX
  8
GEOMETRY_LAYER_1
  70
32
  10
551955.253
  20
77171.437
  30
-13.894
  0
VERTEX
  8
GEOMETRY_LAYER_1
  70
32
  10
551952.048
  20
77178.860
  30
-13.568
  0
VERTEX
  8
GEOMETRY_LAYER_1
  70
32
  10
551936.642
  20
77219.876
  30
-9.779
  0
SEQEND
  8
GEOMETRY_LAYER_1
  0
POLYLINE
  8
GEOMETRY_LAYER_1
  70
8
  66
1
 62
1
 39
1
  0
VERTEX
  8
GEOMETRY_LAYER_1
  70
32
  10
551036.304
  20
77348.274
  30
1.418
  0
VERTEX
  8
GEOMETRY_LAYER_1
  70
32
  10
551043.010
  20
77347.199
  30
1.286
  0
VERTEX
  8
GEOMETRY_LAYER_1
  70
32
  10
551052.537
  20
77343.827
  30
0.673
  0
VERTEX
  8
GEOMETRY_LAYER_1
  70
32
  10
551051.880
  20
77333.244
  30
1.56
  0
VERTEX
  8
GEOMETRY_LAYER_1
  70
32
  10
551050.615
  20
77321.319
  30
2.031
  0
VERTEX
  8
GEOMETRY_LAYER_1
  70
32
  10
551053.621
  20
77321.167
  30
2.05
  0
VERTEX
  8
GEOMETRY_LAYER_1
  70
32
  10
551073.845
  20
77318.143
  30
1.069
  0
VERTEX
  8
GEOMETRY_LAYER_1
  70
32
  10
551071.044
  20
77294.806
  30
1.769
  0
VERTEX
  8
GEOMETRY_LAYER_1
  70
32
  10
551060.264
  20
77283.919
  30
1.325
  0
VERTEX
  8
GEOMETRY_LAYER_1
  70
32
  10
551058.088
  20
77274.502
  30
1.634
  0
VERTEX
  8
GEOMETRY_LAYER_1
  70
32
  10
551055.182
  20
77261.926
  30
1.942
  0
VERTEX
  8
GEOMETRY_LAYER_1
  70
32
  10
551031.873
  20
77257.154
  30
2.477
  0
VERTEX
  8
GEOMETRY_LAYER_1
  70
32
  10
551018.026
  20
77260.146
  30
2.424
  0
VERTEX
  8
GEOMETRY_LAYER_1
  70
32
  10
551009.498
  20
77264.389
  30
2.42
  0
VERTEX
  8
GEOMETRY_LAYER_1
  70
32
  10
551002.911
  20
77269.690
  30
2.633
  0
VERTEX
  8
GEOMETRY_LAYER_1
  70
32
  10
550990.261
  20
77280.981
  30
2.84
  0
VERTEX
  8
GEOMETRY_LAYER_1
  70
32
  10
550991.061
  20
77293.213
  30
2.794
  0
VERTEX
  8
GEOMETRY_LAYER_1
  70
32
  10
551000.445
  20
77337.147
  30
2.847
  0
VERTEX
  8
GEOMETRY_LAYER_1
  70
32
  10
551001.555
  20
77351.122
  30
2.681
  0
VERTEX
  8
GEOMETRY_LAYER_1
  70
32
  10
551010.302
  20
77352.568
  30
2.793
  0
VERTEX
  8
GEOMETRY_LAYER_1
  70
32
  10
551017.707
  20
77355.672
  30
2.368
  0
VERTEX
  8
GEOMETRY_LAYER_1
  70
32
  10
551023.455
  20
77351.420
  30
2.031
  0
VERTEX
  8
GEOMETRY_LAYER_1
  70
32
  10
551030.087
  20
77351.196
  30
1.389
  0
VERTEX
  8
GEOMETRY_LAYER_1
  70
32
  10
551036.304
  20
77348.274
  30
1.418
  0
SEQEND
  8
GEOMETRY_LAYER_1
  0
POLYLINE
  8
GEOMETRY_LAYER_1
  70
8
  66
1
 62
1
 39
1
  0
VERTEX
  8
GEOMETRY_LAYER_1
  70
32
  10
551035.750
  20
77344.818
  30
1.418
  0
VERTEX
  8
GEOMETRY_LAYER_1
  70
32
  10
551042.142
  20
77343.794
  30
1.286
  0
VERTEX
  8
GEOMETRY_LAYER_1
  70
32
  10
551048.880
  20
77341.409
  30
0.673
  0
VERTEX
  8
GEOMETRY_LAYER_1
  70
32
  10
551048.391
  20
77333.537
  30
1.56
  0
VERTEX
  8
GEOMETRY_LAYER_1
  70
32
  10
551046.744
  20
77318.010
  30
2.031
  0
VERTEX
  8
GEOMETRY_LAYER_1
  70
32
  10
551053.273
  20
77317.681
  30
2.05
  0
VERTEX
  8
GEOMETRY_LAYER_1
  70
32
  10
551069.965
  20
77315.184
  30
1.069
  0
VERTEX
  8
GEOMETRY_LAYER_1
  70
32
  10
551067.712
  20
77296.416
  30
1.769
  0
VERTEX
  8
GEOMETRY_LAYER_1
  70
32
  10
551057.078
  20
77285.676
  30
1.325
  0
VERTEX
  8
GEOMETRY_LAYER_1
  70
32
  10
551054.678
  20
77275.290
  30
1.634
  0
VERTEX
  8
GEOMETRY_LAYER_1
  70
32
  10
551052.278
  20
77264.904
  30
1.942
  0
VERTEX
  8
GEOMETRY_LAYER_1
  70
32
  10
551031.892
  20
77260.730
  30
2.477
  0
VERTEX
  8
GEOMETRY_LAYER_1
  70
32
  10
551019.193
  20
77263.474
  30
2.424
  0
VERTEX
  8
GEOMETRY_LAYER_1
  70
32
  10
551011.397
  20
77267.353
  30
2.42
  0
VERTEX
  8
GEOMETRY_LAYER_1
  70
32
  10
551005.175
  20
77272.360
  30
2.633
  0
VERTEX
  8
GEOMETRY_LAYER_1
  70
32
  10
550993.865
  20
77282.456
  30
2.84
  0
VERTEX
  8
GEOMETRY_LAYER_1
  70
32
  10
550994.537
  20
77292.731
  30
2.794
  0
VERTEX
  8
GEOMETRY_LAYER_1
  70
32
  10
551003.916
  20
77336.641
  30
2.847
  0
VERTEX
  8
GEOMETRY_LAYER_1
  70
32
  10
551004.828
  20
77348.115
  30
2.681
  0
VERTEX
  8
GEOMETRY_LAYER_1
  70
32
  10
551011.277
  20
77349.182
  30
2.793
  0
VERTEX
  8
GEOMETRY_LAYER_1
  70
32
  10
551017.225
  20
77351.675
  30
2.368
  0
VERTEX
  8
GEOMETRY_LAYER_1
  70
32
  10
551022.249
  20
77347.959
  30
2.031
  0
VERTEX
  8
GEOMETRY_LAYER_1
  70
32
  10
551029.281
  20
77347.722
  30
1.389
  0
VERTEX
  8
GEOMETRY_LAYER_1
  70
32
  10
551035.750
  20
77344.818
  30
1.418
  0
SEQEND
  8
GEOMETRY_LAYER_1
  0
POLYLINE
  8
GEOMETRY_LAYER_1
  70
8
  66
1
 62
1
 39
1
  0
VERTEX
  8
GEOMETRY_LAYER_1
  70
32
  10
551206.751
  20
77276.473
  30
-2.489
  0
VERTEX
  8
GEOMETRY_LAYER_1
  70
32
  10
551211.012
  20
77270.490
  30
-2.998
  0
VERTEX
  8
GEOMETRY_LAYER_1
  70
32
  10
551219.394
  20
77271.090
  30
-3.282
  0
VERTEX
  8
GEOMETRY_LAYER_1
  70
32
  10
551226.507
  20
77273.876
  30
-3.446
  0
VERTEX
  8
GEOMETRY_LAYER_1
  70
32
  10
551240.241
  20
77272.540
  30
-3.983
  0
VERTEX
  8
GEOMETRY_LAYER_1
  70
32
  10
551247.524
  20
77273.747
  30
-3.935
  0
VERTEX
  8
GEOMETRY_LAYER_1
  70
32
  10
551253.521
  20
77276.914
  30
-3.834
  0
VERTEX
  8
GEOMETRY_LAYER_1
  70
32
  10
551253.035
  20
77283.510
  30
-4.123
  0
VERTEX
  8
GEOMETRY_LAYER_1
  70
32
  10
551252.821
  20
77290.024
  30
-3.673
  0
VERTEX
  8
GEOMETRY_LAYER_1
  70
32
  10
551252.852
  20
77299.761
  30
-2.85
  0
VERTEX
  8
GEOMETRY_LAYER_1
  70
32
  10
551254.471
  20
77316.422
  30
-2.849
  0
VERTEX
  8
GEOMETRY_LAYER_1
  70
32
  10
551249.540
  20
77321.399
  30
-2.895
  0
VERTEX
  8
GEOMETRY_LAYER_1
  70
32
  10
551251.357
  20
77336.017
  30
-1.696
  0
VERTEX
  8
GEOMETRY_LAYER_1
  70
32
  10
551260.264
  20
77367.875
  30
-0.896
  0
VERTEX
  8
GEOMETRY_LAYER_1
  70
32
  10
551260.360
  20
77372.060
  30
-0.974
  0
VERTEX
  8
GEOMETRY_LAYER_1
  70
32
  10
551253.390
  20
77375.929
  30
-0.479
  0
VERTEX
  8
GEOMETRY_LAYER_1
  70
32
  10
551246.133
  20
77376.655
  30
-0.85
  0
VERTEX
  8
GEOMETRY_LAYER_1
  70
32
  10
551239.761
  20
77375.375
  30
-1.507
  0
VERTEX
  8
GEOMETRY_LAYER_1
  70
32
  10
551233.627
  20
77378.682
  30
-1.338
  0
VERTEX
  8
GEOMETRY_LAYER_1
  70
32
  10
551227.895
  20
77379.303
  30
-1.376
  0
VERTEX
  8
GEOMETRY_LAYER_1
  70
32
  10
551224.099
  20
77371.638
  30
-1.12
  0
VERTEX
  8
GEOMETRY_LAYER_1
  70
32
  10
551221.382
  20
77363.591
  30
-0.418
  0
VERTEX
  8
GEOMETRY_LAYER_1
  70
32
  10
551218.638
  20
77356.863
  30
-0.396
  0
VERTEX
  8
GEOMETRY_LAYER_1
  70
32
  10
551209.618
  20
77330.239
  30
-0.919
  0
VERTEX
  8
GEOMETRY_LAYER_1
  70
32
  10
551214.180
  20
77326.717
  30
-1.18
  0
VERTEX
  8
GEOMETRY_LAYER_1
  70
32
  10
551212.694
  20
77316.668
  30
-1.442
  0
VERTEX
  8
GEOMETRY_LAYER_1
  70
32
  10
551206.751
  20
77276.473
  30
-2.489
  0
SEQEND
  8
GEOMETRY_LAYER_1
  0
POLYLINE
  8
GEOMETRY_LAYER_1
  70
8
  66
1
 62
1
 39
1
  0
VERTEX
  8
GEOMETRY_LAYER_1
  70
32
  10
551203.082
  20
77275.590
  30
-2.489
  0
VERTEX
  8
GEOMETRY_LAYER_1
  70
32
  10
551209.302
  20
77266.858
  30
-2.998
  0
VERTEX
  8
GEOMETRY_LAYER_1
  70
32
  10
551220.174
  20
77267.637
  30
-3.282
  0
VERTEX
  8
GEOMETRY_LAYER_1
  70
32
  10
551227.003
  20
77270.311
  30
-3.446
  0
VERTEX
  8
GEOMETRY_LAYER_1
  70
32
  10
551240.360
  20
77269.012
  30
-3.983
  0
VERTEX
  8
GEOMETRY_LAYER_1
  70
32
  10
551248.656
  20
77270.387
  30
-3.935
  0
VERTEX
  8
GEOMETRY_LAYER_1
  70
32
  10
551257.180
  20
77274.888
  30
-3.834
  0
VERTEX
  8
GEOMETRY_LAYER_1
  70
32
  10
551256.530
  20
77283.696
  30
-4.123
  0
VERTEX
  8
GEOMETRY_LAYER_1
  70
32
  10
551256.321
  20
77290.076
  30
-3.673
  0
VERTEX
  8
GEOMETRY_LAYER_1
  70
32
  10
551256.351
  20
77299.586
  30
-2.85
  0
VERTEX
  8
GEOMETRY_LAYER_1
  70
32
  10
551258.113
  20
77317.719
  30
-2.849
  0
VERTEX
  8
GEOMETRY_LAYER_1
  70
32
  10
551253.223
  20
77322.655
  30
-2.895
  0
VERTEX
  8
GEOMETRY_LAYER_1
  70
32
  10
551254.798
  20
77335.327
  30
-1.696
  0
VERTEX
  8
GEOMETRY_LAYER_1
  70
32
  10
551263.753
  20
77367.355
  30
-0.896
  0
VERTEX
  8
GEOMETRY_LAYER_1
  70
32
  10
551263.908
  20
77374.095
  30
-0.974
  0
VERTEX
  8
GEOMETRY_LAYER_1
  70
32
  10
551254.457
  20
77379.339
  30
-0.479
  0
VERTEX
  8
GEOMETRY_LAYER_1
  70
32
  10
551245.959
  20
77380.190
  30
-0.85
  0
VERTEX
  8
GEOMETRY_LAYER_1
  70
32
  10
551240.310
  20
77379.056
  30
-1.507
  0
VERTEX
  8
GEOMETRY_LAYER_1
  70
32
  10
551234.685
  20
77382.089
  30
-1.338
  0
VERTEX
  8
GEOMETRY_LAYER_1
  70
32
  10
551225.843
  20
77383.045
  30
-1.376
  0
VERTEX
  8
GEOMETRY_LAYER_1
  70
32
  10
551220.858
  20
77372.980
  30
-1.12
  0
VERTEX
  8
GEOMETRY_LAYER_1
  70
32
  10
551218.101
  20
77364.812
  30
-0.418
  0
VERTEX
  8
GEOMETRY_LAYER_1
  70
32
  10
551215.357
  20
77358.087
  30
-0.396
  0
VERTEX
  8
GEOMETRY_LAYER_1
  70
32
  10
551205.502
  20
77328.996
  30
-0.919
  0
VERTEX
  8
GEOMETRY_LAYER_1
  70
32
  10
551210.418
  20
77325.200
  30
-1.18
  0
VERTEX
  8
GEOMETRY_LAYER_1
  70
32
  10
551209.232
  20
77317.180
  30
-1.442
  0
VERTEX
  8
GEOMETRY_LAYER_1
  70
32
  10
551203.082
  20
77275.590
  30
-2.489
  0
SEQEND
  8
GEOMETRY_LAYER_1
  0
POLYLINE
  8
GEOMETRY_LAYER_1
  70
8
  66
1
 62
1
 39
1
  0
VERTEX
  8
GEOMETRY_LAYER_1
  70
32
  10
551919.332
  20
77319.834
  30
-1.273
  0
VERTEX
  8
GEOMETRY_LAYER_1
  70
32
  10
551897.896
  20
77317.598
  30
-1.353
  0
VERTEX
  8
GEOMETRY_LAYER_1
  70
32
  10
551896.610
  20
77325.622
  30
-0.36
  0
VERTEX
  8
GEOMETRY_LAYER_1
  70
32
  10
551896.159
  20
77335.634
  30
0.602
  0
VERTEX
  8
GEOMETRY_LAYER_1
  70
32
  10
551895.212
  20
77344.433
  30
1.504
  0
VERTEX
  8
GEOMETRY_LAYER_1
  70
32
  10
551893.469
  20
77355.181
  30
2.308
  0
VERTEX
  8
GEOMETRY_LAYER_1
  70
32
  10
551892.164
  20
77365.382
  30
3.159
  0
VERTEX
  8
GEOMETRY_LAYER_1
  70
32
  10
551891.322
  20
77374.393
  30
3.725
  0
VERTEX
  8
GEOMETRY_LAYER_1
  70
32
  10
551890.293
  20
77383.613
  30
4.369
  0
VERTEX
  8
GEOMETRY_LAYER_1
  70
32
  10
551890.442
  20
77396.763
  30
5.443
  0
VERTEX
  8
GEOMETRY_LAYER_1
  70
32
  10
551889.505
  20
77406.427
  30
5.888
  0
VERTEX
  8
GEOMETRY_LAYER_1
  70
32
  10
551888.735
  20
77414.520
  30
6.536
  0
VERTEX
  8
GEOMETRY_LAYER_1
  70
32
  10
551881.413
  20
77485.599
  30
10.877
  0
VERTEX
  8
GEOMETRY_LAYER_1
  70
32
  10
551886.236
  20
77492.570
  30
11.117
  0
VERTEX
  8
GEOMETRY_LAYER_1
  70
32
  10
551893.600
  20
77497.507
  30
11.073
  0
VERTEX
  8
GEOMETRY_LAYER_1
  70
32
  10
551895.804
  20
77489.201
  30
10.646
  0
VERTEX
  8
GEOMETRY_LAYER_1
  70
32
  10
551896.870
  20
77479.868
  30
9.856
  0
VERTEX
  8
GEOMETRY_LAYER_1
  70
32
  10
551897.511
  20
77471.474
  30
9.494
  0
VERTEX
  8
GEOMETRY_LAYER_1
  70
32
  10
551899.579
  20
77461.040
  30
8.979
  0
VERTEX
  8
GEOMETRY_LAYER_1
  70
32
  10
551901.023
  20
77452.650
  30
8.396
  0
VERTEX
  8
GEOMETRY_LAYER_1
  70
32
  10
551901.720
  20
77443.570
  30
7.717
  0
VERTEX
  8
GEOMETRY_LAYER_1
  70
32
  10
551904.058
  20
77434.809
  30
6.899
  0
VERTEX
  8
GEOMETRY_LAYER_1
  70
32
  10
551905.705
  20
77423.765
  30
6.485
  0
VERTEX
  8
GEOMETRY_LAYER_1
  70
32
  10
551907.164
  20
77415.370
  30
5.893
  0
VERTEX
  8
GEOMETRY_LAYER_1
  70
32
  10
551908.659
  20
77406.041
  30
5.297
  0
VERTEX
  8
GEOMETRY_LAYER_1
  70
32
  10
551910.201
  20
77396.669
  30
4.719
  0
VERTEX
  8
GEOMETRY_LAYER_1
  70
32
  10
551912.498
  20
77387.725
  30
4.088
  0
VERTEX
  8
GEOMETRY_LAYER_1
  70
32
  10
551915.231
  20
77360.569
  30
1.944
  0
VERTEX
  8
GEOMETRY_LAYER_1
  70
32
  10
551917.965
  20
77333.412
  30
-0.2
  0
VERTEX
  8
GEOMETRY_LAYER_1
  70
32
  10
551919.332
  20
77319.834
  30
-1.273
  0
SEQEND
  8
GEOMETRY_LAYER_1
  0
POLYLINE
  8
GEOMETRY_LAYER_1
  70
8
  66
1
 62
1
 39
1
  0
VERTEX
  8
GEOMETRY_LAYER_1
  70
32
  10
551923.492
  20
77316.447
  30
-1.273
  0
VERTEX
  8
GEOMETRY_LAYER_1
  70
32
  10
551894.713
  20
77313.445
  30
-1.353
  0
VERTEX
  8
GEOMETRY_LAYER_1
  70
32
  10
551892.823
  20
77325.234
  30
-0.36
  0
VERTEX
  8
GEOMETRY_LAYER_1
  70
32
  10
551892.368
  20
77335.345
  30
0.602
  0
VERTEX
  8
GEOMETRY_LAYER_1
  70
32
  10
551891.444
  20
77343.926
  30
1.504
  0
VERTEX
  8
GEOMETRY_LAYER_1
  70
32
  10
551889.707
  20
77354.635
  30
2.308
  0
VERTEX
  8
GEOMETRY_LAYER_1
  70
32
  10
551888.386
  20
77364.964
  30
3.159
  0
VERTEX
  8
GEOMETRY_LAYER_1
  70
32
  10
551887.542
  20
77374.006
  30
3.725
  0
VERTEX
  8
GEOMETRY_LAYER_1
  70
32
  10
551886.491
  20
77383.423
  30
4.369
  0
VERTEX
  8
GEOMETRY_LAYER_1
  70
32
  10
551886.640
  20
77396.600
  30
5.443
  0
VERTEX
  8
GEOMETRY_LAYER_1
  70
32
  10
551885.722
  20
77406.063
  30
5.888
  0
VERTEX
  8
GEOMETRY_LAYER_1
  70
32
  10
551884.953
  20
77414.145
  30
6.536
  0
VERTEX
  8
GEOMETRY_LAYER_1
  70
32
  10
551877.489
  20
77486.607
  30
10.877
  0
VERTEX
  8
GEOMETRY_LAYER_1
  70
32
  10
551883.521
  20
77495.326
  30
11.117
  0
VERTEX
  8
GEOMETRY_LAYER_1
  70
32
  10
551895.908
  20
77503.627
  30
11.073
  0
VERTEX
  8
GEOMETRY_LAYER_1
  70
32
  10
551899.548
  20
77489.907
  30
10.646
  0
VERTEX
  8
GEOMETRY_LAYER_1
  70
32
  10
551900.654
  20
77480.228
  30
9.856
  0
VERTEX
  8
GEOMETRY_LAYER_1
  70
32
  10
551901.282
  20
77471.991
  30
9.494
  0
VERTEX
  8
GEOMETRY_LAYER_1
  70
32
  10
551903.315
  20
77461.731
  30
8.979
  0
VERTEX
  8
GEOMETRY_LAYER_1
  70
32
  10
551904.798
  20
77453.119
  30
8.396
  0
VERTEX
  8
GEOMETRY_LAYER_1
  70
32
  10
551905.482
  20
77444.212
  30
7.717
  0
VERTEX
  8
GEOMETRY_LAYER_1
  70
32
  10
551907.785
  20
77435.583
  30
6.899
  0
VERTEX
  8
GEOMETRY_LAYER_1
  70
32
  10
551909.457
  20
77424.370
  30
6.485
  0
VERTEX
  8
GEOMETRY_LAYER_1
  70
32
  10
551910.912
  20
77415.996
  30
5.893
  0
VERTEX
  8
GEOMETRY_LAYER_1
  70
32
  10
551912.410
  20
77406.650
  30
5.297
  0
VERTEX
  8
GEOMETRY_LAYER_1
  70
32
  10
551913.923
  20
77397.451
  30
4.719
  0
VERTEX
  8
GEOMETRY_LAYER_1
  70
32
  10
551916.250
  20
77388.392
  30
4.088
  0
VERTEX
  8
GEOMETRY_LAYER_1
  70
32
  10
551919.012
  20
77360.950
  30
1.944
  0
VERTEX
  8
GEOMETRY_LAYER_1
  70
32
  10
551921.746
  20
77333.793
  30
-0.2
  0
VERTEX
  8
GEOMETRY_LAYER_1
  70
32
  10
551923.492
  20
77316.447
  30
-1.273
  0
SEQEND
  8
GEOMETRY_LAYER_1
  0
POLYLINE
  8
GEOMETRY_LAYER_1
  70
8
  66
1
 62
3
 39
1
  0
VERTEX
  8
GEOMETRY_LAYER_1
  70
32
  10
551809.854
  20
79093.359
  30
-12.376
  0
VERTEX
  8
GEOMETRY_LAYER_1
  70
32
  10
551811.228
  20
79085.282
  30
-13.062
  0
VERTEX
  8
GEOMETRY_LAYER_1
  70
32
  10
551818.063
  20
79083.092
  30
-13.203
  0
VERTEX
  8
GEOMETRY_LAYER_1
  70
32
  10
551833.618
  20
79085.946
  30
-12.883
  0
VERTEX
  8
GEOMETRY_LAYER_1
  70
32
  10
551835.551
  20
79087.791
  30
-12.542
  0
VERTEX
  8
GEOMETRY_LAYER_1
  70
32
  10
551831.387
  20
79117.754
  30
-10.749
  0
VERTEX
  8
GEOMETRY_LAYER_1
  70
32
  10
551827.437
  20
79119.263
  30
-9.579
  0
VERTEX
  8
GEOMETRY_LAYER_1
  70
32
  10
551818.762
  20
79163.659
  30
-5.735
  0
VERTEX
  8
GEOMETRY_LAYER_1
  70
32
  10
551813.402
  20
79165.529
  30
-4.287
  0
VERTEX
  8
GEOMETRY_LAYER_1
  70
32
  10
551809.491
  20
79178.066
  30
-2.839
  0
VERTEX
  8
GEOMETRY_LAYER_1
  70
32
  10
551808.278
  20
79180.222
  30
-2.6
  0
VERTEX
  8
GEOMETRY_LAYER_1
  70
32
  10
551802.649
  20
79182.229
  30
-2.802
  0
VERTEX
  8
GEOMETRY_LAYER_1
  70
32
  10
551789.028
  20
79180.456
  30
-2.529
  0
VERTEX
  8
GEOMETRY_LAYER_1
  70
32
  10
551790.383
  20
79170.880
  30
-4.166
  0
VERTEX
  8
GEOMETRY_LAYER_1
  70
32
  10
551799.180
  20
79126.052
  30
-9.114
  0
VERTEX
  8
GEOMETRY_LAYER_1
  70
32
  10
551805.040
  20
79121.619
  30
-9.717
  0
VERTEX
  8
GEOMETRY_LAYER_1
  70
32
  10
551806.801
  20
79113.256
  30
-10.695
  0
VERTEX
  8
GEOMETRY_LAYER_1
  70
32
  10
551808.062
  20
79103.721
  30
-11.664
  0
VERTEX
  8
GEOMETRY_LAYER_1
  70
32
  10
551809.854
  20
79093.359
  30
-12.376
  0
SEQEND
  8
GEOMETRY_LAYER_1
  0
POLYLINE
  8
GEOMETRY_LAYER_1
  70
8
  66
1
 62
3
 39
1
  0
VERTEX
  8
GEOMETRY_LAYER_1
  70
32
  10
551806.108
  20
79092.716
  30
-12.376
  0
VERTEX
  8
GEOMETRY_LAYER_1
  70
32
  10
551807.869
  20
79082.368
  30
-13.062
  0
VERTEX
  8
GEOMETRY_LAYER_1
  70
32
  10
551817.812
  20
79079.183
  30
-13.203
  0
VERTEX
  8
GEOMETRY_LAYER_1
  70
32
  10
551835.420
  20
79082.413
  30
-12.883
  0
VERTEX
  8
GEOMETRY_LAYER_1
  70
32
  10
551839.583
  20
79086.385
  30
-12.542
  0
VERTEX
  8
GEOMETRY_LAYER_1
  70
32
  10
551834.841
  20
79120.501
  30
-10.749
  0
VERTEX
  8
GEOMETRY_LAYER_1
  70
32
  10
551830.763
  20
79122.060
  30
-9.579
  0
VERTEX
  8
GEOMETRY_LAYER_1
  70
32
  10
551822.073
  20
79166.529
  30
-5.735
  0
VERTEX
  8
GEOMETRY_LAYER_1
  70
32
  10
551816.460
  20
79168.487
  30
-4.287
  0
VERTEX
  8
GEOMETRY_LAYER_1
  70
32
  10
551813.000
  20
79179.580
  30
-2.839
  0
VERTEX
  8
GEOMETRY_LAYER_1
  70
32
  10
551810.893
  20
79183.324
  30
-2.6
  0
VERTEX
  8
GEOMETRY_LAYER_1
  70
32
  10
551803.064
  20
79186.116
  30
-2.802
  0
VERTEX
  8
GEOMETRY_LAYER_1
  70
32
  10
551784.728
  20
79183.728
  30
-2.529
  0
VERTEX
  8
GEOMETRY_LAYER_1
  70
32
  10
551786.635
  20
79170.248
  30
-4.166
  0
VERTEX
  8
GEOMETRY_LAYER_1
  70
32
  10
551795.731
  20
79123.897
  30
-9.114
  0
VERTEX
  8
GEOMETRY_LAYER_1
  70
32
  10
551801.614
  20
79119.446
  30
-9.717
  0
VERTEX
  8
GEOMETRY_LAYER_1
  70
32
  10
551803.052
  20
79112.615
  30
-10.695
  0
VERTEX
  8
GEOMETRY_LAYER_1
  70
32
  10
551804.305
  20
79103.148
  30
-11.664
  0
VERTEX
  8
GEOMETRY_LAYER_1
  70
32
  10
551806.108
  20
79092.716
  30
-12.376
  0
SEQEND
  8
GEOMETRY_LAYER_1
  0
POLYLINE
  8
GEOMETRY_LAYER_1
  70
8
  66
1
 62
234
 39
1
  0
VERTEX
  8
GEOMETRY_LAYER_1
  70
32
  10
552312.975
  20
78809.736
  30
-26.417
  0
VERTEX
  8
GEOMETRY_LAYER_1
  70
32
  10
552309.795
  20
78819.800
  30
-26.167
  0
VERTEX
  8
GEOMETRY_LAYER_1
  70
32
  10
552304.875
  20
78830.705
  30
-26.272
  0
VERTEX
  8
GEOMETRY_LAYER_1
  70
32
  10
552293.768
  20
78833.188
  30
-26.641
  0
VERTEX
  8
GEOMETRY_LAYER_1
  70
32
  10
552284.174
  20
78835.216
  30
-26.785
  0
VERTEX
  8
GEOMETRY_LAYER_1
  70
32
  10
552272.962
  20
78834.702
  30
-26.843
  0
VERTEX
  8
GEOMETRY_LAYER_1
  70
32
  10
552267.413
  20
78829.163
  30
-26.828
  0
VERTEX
  8
GEOMETRY_LAYER_1
  70
32
  10
552259.828
  20
78828.132
  30
-27.191
  0
VERTEX
  8
GEOMETRY_LAYER_1
  70
32
  10
552246.287
  20
78826.181
  30
-26.689
  0
VERTEX
  8
GEOMETRY_LAYER_1
  70
32
  10
552237.719
  20
78822.194
  30
-26.764
  0
VERTEX
  8
GEOMETRY_LAYER_1
  70
32
  10
552226.282
  20
78820.907
  30
-27.135
  0
VERTEX
  8
GEOMETRY_LAYER_1
  70
32
  10
552229.511
  20
78810.739
  30
-26.832
  0
VERTEX
  8
GEOMETRY_LAYER_1
  70
32
  10
552231.828
  20
78800.339
  30
-26.348
  0
VERTEX
  8
GEOMETRY_LAYER_1
  70
32
  10
552234.716
  20
78788.734
  30
-26.163
  0
VERTEX
  8
GEOMETRY_LAYER_1
  70
32
  10
552249.324
  20
78789.743
  30
-27.249
  0
VERTEX
  8
GEOMETRY_LAYER_1
  70
32
  10
552255.056
  20
78783.678
  30
-26.978
  0
VERTEX
  8
GEOMETRY_LAYER_1
  70
32
  10
552259.652
  20
78774.679
  30
-26.932
  0
VERTEX
  8
GEOMETRY_LAYER_1
  70
32
  10
552274.694
  20
78773.626
  30
-27.036
  0
VERTEX
  8
GEOMETRY_LAYER_1
  70
32
  10
552286.810
  20
78776.231
  30
-27.17
  0
VERTEX
  8
GEOMETRY_LAYER_1
  70
32
  10
552293.366
  20
78781.841
  30
-26.966
  0
VERTEX
  8
GEOMETRY_LAYER_1
  70
32
  10
552299.289
  20
78783.330
  30
-26.86
  0
VERTEX
  8
GEOMETRY_LAYER_1
  70
32
  10
552307.433
  20
78786.663
  30
-26.697
  0
VERTEX
  8
GEOMETRY_LAYER_1
  70
32
  10
552319.617
  20
78787.028
  30
-26.609
  0
VERTEX
  8
GEOMETRY_LAYER_1
  70
32
  10
552316.268
  20
78800.500
  30
-26.53
  0
VERTEX
  8
GEOMETRY_LAYER_1
  70
32
  10
552312.975
  20
78809.736
  30
-26.417
  0
SEQEND
  8
GEOMETRY_LAYER_1
  0
POLYLINE
  8
GEOMETRY_LAYER_1
  70
8
  66
1
 62
234
 39
1
  0
VERTEX
  8
GEOMETRY_LAYER_1
  70
32
  10
552309.351
  20
78808.591
  30
-26.417
  0
VERTEX
  8
GEOMETRY_LAYER_1
  70
32
  10
552306.239
  20
78818.442
  30
-26.167
  0
VERTEX
  8
GEOMETRY_LAYER_1
  70
32
  10
552302.192
  20
78827.411
  30
-26.272
  0
VERTEX
  8
GEOMETRY_LAYER_1
  70
32
  10
552292.960
  20
78829.474
  30
-26.641
  0
VERTEX
  8
GEOMETRY_LAYER_1
  70
32
  10
552283.863
  20
78831.398
  30
-26.785
  0
VERTEX
  8
GEOMETRY_LAYER_1
  70
32
  10
552274.606
  20
78830.973
  30
-26.843
  0
VERTEX
  8
GEOMETRY_LAYER_1
  70
32
  10
552269.192
  20
78825.569
  30
-26.828
  0
VERTEX
  8
GEOMETRY_LAYER_1
  70
32
  10
552260.355
  20
78824.369
  30
-27.191
  0
VERTEX
  8
GEOMETRY_LAYER_1
  70
32
  10
552247.383
  20
78822.501
  30
-26.689
  0
VERTEX
  8
GEOMETRY_LAYER_1
  70
32
  10
552238.760
  20
78818.488
  30
-26.764
  0
VERTEX
  8
GEOMETRY_LAYER_1
  70
32
  10
552231.304
  20
78817.648
  30
-27.135
  0
VERTEX
  8
GEOMETRY_LAYER_1
  70
32
  10
552233.183
  20
78811.729
  30
-26.832
  0
VERTEX
  8
GEOMETRY_LAYER_1
  70
32
  10
552235.527
  20
78801.211
  30
-26.348
  0
VERTEX
  8
GEOMETRY_LAYER_1
  70
32
  10
552237.633
  20
78792.745
  30
-26.163
  0
VERTEX
  8
GEOMETRY_LAYER_1
  70
32
  10
552250.853
  20
78793.658
  30
-27.249
  0
VERTEX
  8
GEOMETRY_LAYER_1
  70
32
  10
552258.193
  20
78785.892
  30
-26.978
  0
VERTEX
  8
GEOMETRY_LAYER_1
  70
32
  10
552262.059
  20
78778.320
  30
-26.932
  0
VERTEX
  8
GEOMETRY_LAYER_1
  70
32
  10
552274.422
  20
78777.454
  30
-27.036
  0
VERTEX
  8
GEOMETRY_LAYER_1
  70
32
  10
552285.070
  20
78779.744
  30
-27.17
  0
VERTEX
  8
GEOMETRY_LAYER_1
  70
32
  10
552291.574
  20
78785.310
  30
-26.966
  0
VERTEX
  8
GEOMETRY_LAYER_1
  70
32
  10
552298.100
  20
78786.949
  30
-26.86
  0
VERTEX
  8
GEOMETRY_LAYER_1
  70
32
  10
552306.631
  20
78790.441
  30
-26.697
  0
VERTEX
  8
GEOMETRY_LAYER_1
  70
32
  10
552314.792
  20
78790.685
  30
-26.609
  0
VERTEX
  8
GEOMETRY_LAYER_1
  70
32
  10
552312.580
  20
78799.584
  30
-26.53
  0
VERTEX
  8
GEOMETRY_LAYER_1
  70
32
  10
552309.351
  20
78808.591
  30
-26.417
  0
SEQEND
  8
GEOMETRY_LAYER_1
  0
POLYLINE
  8
GEOMETRY_LAYER_1
  70
8
  66
1
 62
234
 39
1
  0
VERTEX
  8
GEOMETRY_LAYER_1
  70
32
  10
551885.445
  20
77668.076
  30
23.381
  0
VERTEX
  8
GEOMETRY_LAYER_1
  70
32
  10
551882.669
  20
77677.348
  30
23.404
  0
VERTEX
  8
GEOMETRY_LAYER_1
  70
32
  10
551882.363
  20
77685.452
  30
23.629
  0
VERTEX
  8
GEOMETRY_LAYER_1
  70
32
  10
551880.329
  20
77695.500
  30
24.761
  0
VERTEX
  8
GEOMETRY_LAYER_1
  70
32
  10
551881.954
  20
77704.293
  30
24.755
  0
VERTEX
  8
GEOMETRY_LAYER_1
  70
32
  10
551877.719
  20
77718.243
  30
25.604
  0
VERTEX
  8
GEOMETRY_LAYER_1
  70
32
  10
551881.239
  20
77730.272
  30
26.707
  0
VERTEX
  8
GEOMETRY_LAYER_1
  70
32
  10
551874.968
  20
77737.393
  30
27.557
  0
VERTEX
  8
GEOMETRY_LAYER_1
  70
32
  10
551864.658
  20
77737.414
  30
28.056
  0
VERTEX
  8
GEOMETRY_LAYER_1
  70
32
  10
551857.462
  20
77738.559
  30
28.35
  0
VERTEX
  8
GEOMETRY_LAYER_1
  70
32
  10
551852.857
  20
77722.280
  30
27.599
  0
VERTEX
  8
GEOMETRY_LAYER_1
  70
32
  10
551852.933
  20
77710.074
  30
26.343
  0
VERTEX
  8
GEOMETRY_LAYER_1
  70
32
  10
551852.585
  20
77698.578
  30
25.491
  0
VERTEX
  8
GEOMETRY_LAYER_1
  70
32
  10
551848.600
  20
77685.288
  30
24.551
  0
VERTEX
  8
GEOMETRY_LAYER_1
  70
32
  10
551849.888
  20
77669.999
  30
20.912
  0
VERTEX
  8
GEOMETRY_LAYER_1
  70
32
  10
551850.556
  20
77655.282
  30
23.001
  0
VERTEX
  8
GEOMETRY_LAYER_1
  70
32
  10
551851.430
  20
77645.644
  30
21.988
  0
VERTEX
  8
GEOMETRY_LAYER_1
  70
32
  10
551851.511
  20
77637.581
  30
22.05
  0
VERTEX
  8
GEOMETRY_LAYER_1
  70
32
  10
551852.895
  20
77625.667
  30
21.776
  0
VERTEX
  8
GEOMETRY_LAYER_1
  70
32
  10
551852.868
  20
77615.647
  30
21.805
  0
VERTEX
  8
GEOMETRY_LAYER_1
  70
32
  10
551854.135
  20
77603.316
  30
20.791
  0
VERTEX
  8
GEOMETRY_LAYER_1
  70
32
  10
551855.500
  20
77587.048
  30
19.554
  0
VERTEX
  8
GEOMETRY_LAYER_1
  70
32
  10
551855.465
  20
77575.735
  30
18.811
  0
VERTEX
  8
GEOMETRY_LAYER_1
  70
32
  10
551855.624
  20
77560.394
  30
16.918
  0
VERTEX
  8
GEOMETRY_LAYER_1
  70
32
  10
551857.427
  20
77550.055
  30
16.162
  0
VERTEX
  8
GEOMETRY_LAYER_1
  70
32
  10
551859.593
  20
77539.015
  30
16.083
  0
VERTEX
  8
GEOMETRY_LAYER_1
  70
32
  10
551864.252
  20
77521.171
  30
14.878
  0
VERTEX
  8
GEOMETRY_LAYER_1
  70
32
  10
551868.601
  20
77513.450
  30
13.844
  0
VERTEX
  8
GEOMETRY_LAYER_1
  70
32
  10
551878.923
  20
77501.807
  30
11.789
  0
VERTEX
  8
GEOMETRY_LAYER_1
  70
32
  10
551890.607
  20
77503.642
  30
11.404
  0
VERTEX
  8
GEOMETRY_LAYER_1
  70
32
  10
551895.933
  20
77509.229
  30
11.578
  0
VERTEX
  8
GEOMETRY_LAYER_1
  70
32
  10
551894.551
  20
77520.060
  30
12.585
  0
VERTEX
  8
GEOMETRY_LAYER_1
  70
32
  10
551892.771
  20
77530.496
  30
13.383
  0
VERTEX
  8
GEOMETRY_LAYER_1
  70
32
  10
551891.918
  20
77543.673
  30
14.014
  0
VERTEX
  8
GEOMETRY_LAYER_1
  70
32
  10
551891.456
  20
77554.026
  30
14.709
  0
VERTEX
  8
GEOMETRY_LAYER_1
  70
32
  10
551889.503
  20
77563.946
  30
15.804
  0
VERTEX
  8
GEOMETRY_LAYER_1
  70
32
  10
551888.584
  20
77572.934
  30
16.528
  0
VERTEX
  8
GEOMETRY_LAYER_1
  70
32
  10
551885.591
  20
77579.093
  30
17.311
  0
VERTEX
  8
GEOMETRY_LAYER_1
  70
32
  10
551882.145
  20
77587.616
  30
18.463
  0
VERTEX
  8
GEOMETRY_LAYER_1
  70
32
  10
551879.100
  20
77593.504
  30
18.841
  0
VERTEX
  8
GEOMETRY_LAYER_1
  70
32
  10
551877.875
  20
77601.111
  30
19.454
  0
VERTEX
  8
GEOMETRY_LAYER_1
  70
32
  10
551878.146
  20
77612.186
  30
20.107
  0
VERTEX
  8
GEOMETRY_LAYER_1
  70
32
  10
551885.445
  20
77668.076
  30
23.381
  0
SEQEND
  8
GEOMETRY_LAYER_1
  0
POLYLINE
  8
GEOMETRY_LAYER_1
  70
8
  66
1
 62
234
 39
1
  0
VERTEX
  8
GEOMETRY_LAYER_1
  70
32
  10
551887.261
  20
77655.739
  30
22.576
  0
VERTEX
  8
GEOMETRY_LAYER_1
  70
32
  10
551889.553
  20
77668.303
  30
23.381
  0
VERTEX
  8
GEOMETRY_LAYER_1
  70
32
  10
551886.647
  20
77678.009
  30
23.404
  0
VERTEX
  8
GEOMETRY_LAYER_1
  70
32
  10
551886.348
  20
77685.928
  30
23.629
  0
VERTEX
  8
GEOMETRY_LAYER_1
  70
32
  10
551884.403
  20
77695.535
  30
24.761
  0
VERTEX
  8
GEOMETRY_LAYER_1
  70
32
  10
551886.065
  20
77704.523
  30
24.755
  0
VERTEX
  8
GEOMETRY_LAYER_1
  70
32
  10
551881.893
  20
77718.264
  30
25.604
  0
VERTEX
  8
GEOMETRY_LAYER_1
  70
32
  10
551885.697
  20
77731.263
  30
26.707
  0
VERTEX
  8
GEOMETRY_LAYER_1
  70
32
  10
551876.779
  20
77741.389
  30
27.557
  0
VERTEX
  8
GEOMETRY_LAYER_1
  70
32
  10
551864.979
  20
77741.414
  30
28.056
  0
VERTEX
  8
GEOMETRY_LAYER_1
  70
32
  10
551854.580
  20
77743.068
  30
28.35
  0
VERTEX
  8
GEOMETRY_LAYER_1
  70
32
  10
551848.853
  20
77722.823
  30
27.599
  0
VERTEX
  8
GEOMETRY_LAYER_1
  70
32
  10
551848.932
  20
77710.123
  30
26.343
  0
VERTEX
  8
GEOMETRY_LAYER_1
  70
32
  10
551848.602
  20
77699.223
  30
25.491
  0
VERTEX
  8
GEOMETRY_LAYER_1
  70
32
  10
551844.551
  20
77685.709
  30
24.551
  0
VERTEX
  8
GEOMETRY_LAYER_1
  70
32
  10
551845.895
  20
77669.740
  30
20.912
  0
VERTEX
  8
GEOMETRY_LAYER_1
  70
32
  10
551846.565
  20
77655.011
  30
23.001
  0
VERTEX
  8
GEOMETRY_LAYER_1
  70
32
  10
551847.432
  20
77645.443
  30
21.988
  0
VERTEX
  8
GEOMETRY_LAYER_1
  70
32
  10
551847.514
  20
77637.329
  30
22.05
  0
VERTEX
  8
GEOMETRY_LAYER_1
  70
32
  10
551848.894
  20
77625.441
  30
21.776
  0
VERTEX
  8
GEOMETRY_LAYER_1
  70
32
  10
551848.867
  20
77615.447
  30
21.805
  0
VERTEX
  8
GEOMETRY_LAYER_1
  70
32
  10
551850.153
  20
77602.945
  30
20.791
  0
VERTEX
  8
GEOMETRY_LAYER_1
  70
32
  10
551851.499
  20
77586.887
  30
19.554
  0
VERTEX
  8
GEOMETRY_LAYER_1
  70
32
  10
551851.465
  20
77575.722
  30
18.811
  0
VERTEX
  8
GEOMETRY_LAYER_1
  70
32
  10
551851.628
  20
77560.027
  30
16.918
  0
VERTEX
  8
GEOMETRY_LAYER_1
  70
32
  10
551853.494
  20
77549.326
  30
16.162
  0
VERTEX
  8
GEOMETRY_LAYER_1
  70
32
  10
551855.691
  20
77538.125
  30
16.083
  0
VERTEX
  8
GEOMETRY_LAYER_1
  70
32
  10
551860.512
  20
77519.659
  30
14.878
  0
VERTEX
  8
GEOMETRY_LAYER_1
  70
32
  10
551865.326
  20
77511.116
  30
13.844
  0
VERTEX
  8
GEOMETRY_LAYER_1
  70
32
  10
551877.381
  20
77497.516
  30
11.789
  0
VERTEX
  8
GEOMETRY_LAYER_1
  70
32
  10
551892.566
  20
77499.901
  30
11.404
  0
VERTEX
  8
GEOMETRY_LAYER_1
  70
32
  10
551900.142
  20
77507.848
  30
11.578
  0
VERTEX
  8
GEOMETRY_LAYER_1
  70
32
  10
551898.508
  20
77520.650
  30
12.585
  0
VERTEX
  8
GEOMETRY_LAYER_1
  70
32
  10
551896.749
  20
77530.963
  30
13.383
  0
VERTEX
  8
GEOMETRY_LAYER_1
  70
32
  10
551895.912
  20
77543.891
  30
14.014
  0
VERTEX
  8
GEOMETRY_LAYER_1
  70
32
  10
551895.438
  20
77554.504
  30
14.709
  0
VERTEX
  8
GEOMETRY_LAYER_1
  70
32
  10
551893.463
  20
77564.537
  30
15.804
  0
VERTEX
  8
GEOMETRY_LAYER_1
  70
32
  10
551892.491
  20
77574.046
  30
16.528
  0
VERTEX
  8
GEOMETRY_LAYER_1
  70
32
  10
551889.248
  20
77580.718
  30
17.311
  0
VERTEX
  8
GEOMETRY_LAYER_1
  70
32
  10
551885.783
  20
77589.288
  30
18.463
  0
VERTEX
  8
GEOMETRY_LAYER_1
  70
32
  10
551882.947
  20
77594.772
  30
18.841
  0
VERTEX
  8
GEOMETRY_LAYER_1
  70
32
  10
551881.883
  20
77601.383
  30
19.454
  0
VERTEX
  8
GEOMETRY_LAYER_1
  70
32
  10
551882.138
  20
77611.801
  30
20.107
  0
VERTEX
  8
GEOMETRY_LAYER_1
  70
32
  10
551883.999
  20
77622.746
  30
21.455
  0
VERTEX
  8
GEOMETRY_LAYER_1
  70
32
  10
551887.261
  20
77655.739
  30
22.576
  0
SEQEND
  8
GEOMETRY_LAYER_1
  0
POLYLINE
  8
GEOMETRY_LAYER_1
  70
8
  66
1
 62
234
 39
1
  0
VERTEX
  8
GEOMETRY_LAYER_1
  70
32
  10
550234.956
  20
77100.471
  30
49.005
  0
VERTEX
  8
GEOMETRY_LAYER_1
  70
32
  10
550230.970
  20
77094.535
  30
48.879
  0
VERTEX
  8
GEOMETRY_LAYER_1
  70
32
  10
550229.304
  20
77088.295
  30
49.232
  0
VERTEX
  8
GEOMETRY_LAYER_1
  70
32
  10
550221.863
  20
77082.411
  30
49.266
  0
VERTEX
  8
GEOMETRY_LAYER_1
  70
32
  10
550212.890
  20
77088.917
  30
49.163
  0
VERTEX
  8
GEOMETRY_LAYER_1
  70
32
  10
550202.051
  20
77090.087
  30
49.261
  0
VERTEX
  8
GEOMETRY_LAYER_1
  70
32
  10
550198.962
  20
77098.454
  30
49.288
  0
VERTEX
  8
GEOMETRY_LAYER_1
  70
32
  10
550191.832
  20
77103.488
  30
48.737
  0
VERTEX
  8
GEOMETRY_LAYER_1
  70
32
  10
550183.452
  20
77105.582
  30
47.75
  0
VERTEX
  8
GEOMETRY_LAYER_1
  70
32
  10
550175.765
  20
77106.631
  30
47.044
  0
VERTEX
  8
GEOMETRY_LAYER_1
  70
32
  10
550166.193
  20
77105.687
  30
46.113
  0
VERTEX
  8
GEOMETRY_LAYER_1
  70
32
  10
550159.854
  20
77104.689
  30
46.043
  0
VERTEX
  8
GEOMETRY_LAYER_1
  70
32
  10
550148.674
  20
77107.993
  30
45.133
  0
VERTEX
  8
GEOMETRY_LAYER_1
  70
32
  10
550143.409
  20
77116.942
  30
44.478
  0
VERTEX
  8
GEOMETRY_LAYER_1
  70
32
  10
550145.849
  20
77132.599
  30
44.899
  0
VERTEX
  8
GEOMETRY_LAYER_1
  70
32
  10
550151.358
  20
77145.752
  30
45.112
  0
VERTEX
  8
GEOMETRY_LAYER_1
  70
32
  10
550157.070
  20
77153.705
  30
45.523
  0
VERTEX
  8
GEOMETRY_LAYER_1
  70
32
  10
550165.407
  20
77161.562
  30
45.428
  0
VERTEX
  8
GEOMETRY_LAYER_1
  70
32
  10
550173.369
  20
77164.414
  30
45.783
  0
VERTEX
  8
GEOMETRY_LAYER_1
  70
32
  10
550180.979
  20
77162.194
  30
47.45
  0
VERTEX
  8
GEOMETRY_LAYER_1
  70
32
  10
550185.855
  20
77164.549
  30
47.272
  0
VERTEX
  8
GEOMETRY_LAYER_1
  70
32
  10
550191.603
  20
77159.699
  30
47.003
  0
VERTEX
  8
GEOMETRY_LAYER_1
  70
32
  10
550193.592
  20
77150.852
  30
46.735
  0
VERTEX
  8
GEOMETRY_LAYER_1
  70
32
  10
550196.639
  20
77143.997
  30
47.127
  0
VERTEX
  8
GEOMETRY_LAYER_1
  70
32
  10
550201.386
  20
77139.493
  30
47.821
  0
VERTEX
  8
GEOMETRY_LAYER_1
  70
32
  10
550213.062
  20
77141.793
  30
48.277
  0
VERTEX
  8
GEOMETRY_LAYER_1
  70
32
  10
550224.797
  20
77147.042
  30
48.026
  0
VERTEX
  8
GEOMETRY_LAYER_1
  70
32
  10
550245.286
  20
77148.612
  30
48.084
  0
VERTEX
  8
GEOMETRY_LAYER_1
  70
32
  10
550249.722
  20
77138.709
  30
48.462
  0
VERTEX
  8
GEOMETRY_LAYER_1
  70
32
  10
550246.102
  20
77127.973
  30
48.587
  0
VERTEX
  8
GEOMETRY_LAYER_1
  70
32
  10
550247.363
  20
77120.198
  30
48.981
  0
VERTEX
  8
GEOMETRY_LAYER_1
  70
32
  10
550248.489
  20
77115.416
  30
48.966
  0
VERTEX
  8
GEOMETRY_LAYER_1
  70
32
  10
550240.718
  20
77108.499
  30
49.199
  0
VERTEX
  8
GEOMETRY_LAYER_1
  70
32
  10
550237.919
  20
77104.598
  30
49.102
  0
VERTEX
  8
GEOMETRY_LAYER_1
  70
32
  10
550234.956
  20
77100.471
  30
49.005
  0
SEQEND
  8
GEOMETRY_LAYER_1
  0
POLYLINE
  8
GEOMETRY_LAYER_1
  70
8
  66
1
 62
234
 39
1
  0
VERTEX
  8
GEOMETRY_LAYER_1
  70
32
  10
550232.050
  20
77102.422
  30
49.005
  0
VERTEX
  8
GEOMETRY_LAYER_1
  70
32
  10
550227.739
  20
77096.002
  30
48.879
  0
VERTEX
  8
GEOMETRY_LAYER_1
  70
32
  10
550226.222
  20
77090.320
  30
49.232
  0
VERTEX
  8
GEOMETRY_LAYER_1
  70
32
  10
550221.771
  20
77086.801
  30
49.266
  0
VERTEX
  8
GEOMETRY_LAYER_1
  70
32
  10
550214.190
  20
77092.297
  30
49.163
  0
VERTEX
  8
GEOMETRY_LAYER_1
  70
32
  10
550204.583
  20
77093.334
  30
49.261
  0
VERTEX
  8
GEOMETRY_LAYER_1
  70
32
  10
550201.868
  20
77100.686
  30
49.288
  0
VERTEX
  8
GEOMETRY_LAYER_1
  70
32
  10
550193.316
  20
77106.725
  30
48.737
  0
VERTEX
  8
GEOMETRY_LAYER_1
  70
32
  10
550184.114
  20
77109.023
  30
47.75
  0
VERTEX
  8
GEOMETRY_LAYER_1
  70
32
  10
550175.831
  20
77110.154
  30
47.044
  0
VERTEX
  8
GEOMETRY_LAYER_1
  70
32
  10
550165.749
  20
77109.160
  30
46.113
  0
VERTEX
  8
GEOMETRY_LAYER_1
  70
32
  10
550160.090
  20
77108.269
  30
46.043
  0
VERTEX
  8
GEOMETRY_LAYER_1
  70
32
  10
550150.990
  20
77110.959
  30
45.133
  0
VERTEX
  8
GEOMETRY_LAYER_1
  70
32
  10
550147.060
  20
77117.639
  30
44.478
  0
VERTEX
  8
GEOMETRY_LAYER_1
  70
32
  10
550149.242
  20
77131.639
  30
44.899
  0
VERTEX
  8
GEOMETRY_LAYER_1
  70
32
  10
550154.432
  20
77144.033
  30
45.112
  0
VERTEX
  8
GEOMETRY_LAYER_1
  70
32
  10
550159.716
  20
77151.389
  30
45.523
  0
VERTEX
  8
GEOMETRY_LAYER_1
  70
32
  10
550167.275
  20
77158.514
  30
45.428
  0
VERTEX
  8
GEOMETRY_LAYER_1
  70
32
  10
550173.480
  20
77160.736
  30
45.783
  0
VERTEX
  8
GEOMETRY_LAYER_1
  70
32
  10
550181.290
  20
77158.458
  30
47.45
  0
VERTEX
  8
GEOMETRY_LAYER_1
  70
32
  10
550185.332
  20
77160.410
  30
47.272
  0
VERTEX
  8
GEOMETRY_LAYER_1
  70
32
  10
550188.446
  20
77157.783
  30
47.003
  0
VERTEX
  8
GEOMETRY_LAYER_1
  70
32
  10
550190.253
  20
77149.747
  30
46.735
  0
VERTEX
  8
GEOMETRY_LAYER_1
  70
32
  10
550193.723
  20
77141.938
  30
47.127
  0
VERTEX
  8
GEOMETRY_LAYER_1
  70
32
  10
550200.288
  20
77135.709
  30
47.821
  0
VERTEX
  8
GEOMETRY_LAYER_1
  70
32
  10
550214.129
  20
77138.435
  30
48.277
  0
VERTEX
  8
GEOMETRY_LAYER_1
  70
32
  10
550225.671
  20
77143.598
  30
48.026
  0
VERTEX
  8
GEOMETRY_LAYER_1
  70
32
  10
550243.099
  20
77144.933
  30
48.084
  0
VERTEX
  8
GEOMETRY_LAYER_1
  70
32
  10
550245.968
  20
77138.529
  30
48.462
  0
VERTEX
  8
GEOMETRY_LAYER_1
  70
32
  10
550242.508
  20
77128.269
  30
48.587
  0
VERTEX
  8
GEOMETRY_LAYER_1
  70
32
  10
550243.927
  20
77119.515
  30
48.981
  0
VERTEX
  8
GEOMETRY_LAYER_1
  70
32
  10
550244.604
  20
77116.643
  30
48.966
  0
VERTEX
  8
GEOMETRY_LAYER_1
  70
32
  10
550238.101
  20
77110.854
  30
49.199
  0
VERTEX
  8
GEOMETRY_LAYER_1
  70
32
  10
550235.076
  20
77106.639
  30
49.102
  0
VERTEX
  8
GEOMETRY_LAYER_1
  70
32
  10
550232.050
  20
77102.422
  30
49.005
  0
SEQEND
  8
GEOMETRY_LAYER_1
  0
POLYLINE
  8
GEOMETRY_LAYER_1
  70
8
  66
1
 62
234
 39
1
  0
VERTEX
  8
GEOMETRY_LAYER_1
  70
32
  10
551359.442
  20
77539.900
  30
3.158
  0
VERTEX
  8
GEOMETRY_LAYER_1
  70
32
  10
551345.495
  20
77541.871
  30
2.696
  0
VERTEX
  8
GEOMETRY_LAYER_1
  70
32
  10
551340.814
  20
77545.431
  30
2.318
  0
VERTEX
  8
GEOMETRY_LAYER_1
  70
32
  10
551332.450
  20
77546.296
  30
2.352
  0
VERTEX
  8
GEOMETRY_LAYER_1
  70
32
  10
551324.904
  20
77547.503
  30
2.279
  0
VERTEX
  8
GEOMETRY_LAYER_1
  70
32
  10
551317.929
  20
77548.191
  30
2.509
  0
VERTEX
  8
GEOMETRY_LAYER_1
  70
32
  10
551314.251
  20
77534.656
  30
2.425
  0
VERTEX
  8
GEOMETRY_LAYER_1
  70
32
  10
551312.249
  20
77525.096
  30
2.829
  0
VERTEX
  8
GEOMETRY_LAYER_1
  70
32
  10
551311.647
  20
77514.180
  30
3.567
  0
VERTEX
  8
GEOMETRY_LAYER_1
  70
32
  10
551311.170
  20
77504.433
  30
3.538
  0
VERTEX
  8
GEOMETRY_LAYER_1
  70
32
  10
551311.214
  20
77494.779
  30
3.42
  0
VERTEX
  8
GEOMETRY_LAYER_1
  70
32
  10
551310.447
  20
77485.434
  30
3.062
  0
VERTEX
  8
GEOMETRY_LAYER_1
  70
32
  10
551307.259
  20
77480.478
  30
2.916
  0
VERTEX
  8
GEOMETRY_LAYER_1
  70
32
  10
551300.987
  20
77476.473
  30
2.73
  0
VERTEX
  8
GEOMETRY_LAYER_1
  70
32
  10
551299.523
  20
77467.038
  30
2.127
  0
VERTEX
  8
GEOMETRY_LAYER_1
  70
32
  10
551298.527
  20
77457.114
  30
1.497
  0
VERTEX
  8
GEOMETRY_LAYER_1
  70
32
  10
551297.904
  20
77448.075
  30
0.202
  0
VERTEX
  8
GEOMETRY_LAYER_1
  70
32
  10
551284.653
  20
77450.707
  30
-2.443
  0
VERTEX
  8
GEOMETRY_LAYER_1
  70
32
  10
551283.509
  20
77441.855
  30
-2.589
  0
VERTEX
  8
GEOMETRY_LAYER_1
  70
32
  10
551282.588
  20
77432.273
  30
-3.424
  0
VERTEX
  8
GEOMETRY_LAYER_1
  70
32
  10
551282.643
  20
77424.014
  30
-3.563
  0
VERTEX
  8
GEOMETRY_LAYER_1
  70
32
  10
551282.444
  20
77415.785
  30
-4.19
  0
VERTEX
  8
GEOMETRY_LAYER_1
  70
32
  10
551283.302
  20
77405.536
  30
-4.636
  0
VERTEX
  8
GEOMETRY_LAYER_1
  70
32
  10
551284.607
  20
77397.903
  30
-4.943
  0
VERTEX
  8
GEOMETRY_LAYER_1
  70
32
  10
551284.697
  20
77389.765
  30
-5.091
  0
VERTEX
  8
GEOMETRY_LAYER_1
  70
32
  10
551283.830
  20
77376.093
  30
-5.052
  0
VERTEX
  8
GEOMETRY_LAYER_1
  70
32
  10
551283.306
  20
77373.447
  30
-5.017
  0
VERTEX
  8
GEOMETRY_LAYER_1
  70
32
  10
551281.417
  20
77365.775
  30
-4.63
  0
VERTEX
  8
GEOMETRY_LAYER_1
  70
32
  10
551277.802
  20
77360.482
  30
-4.432
  0
VERTEX
  8
GEOMETRY_LAYER_1
  70
32
  10
551271.377
  20
77357.507
  30
-4.221
  0
VERTEX
  8
GEOMETRY_LAYER_1
  70
32
  10
551269.645
  20
77347.153
  30
-4.267
  0
VERTEX
  8
GEOMETRY_LAYER_1
  70
32
  10
551267.670
  20
77325.891
  30
-5.31
  0
VERTEX
  8
GEOMETRY_LAYER_1
  70
32
  10
551268.652
  20
77318.546
  30
-5.534
  0
VERTEX
  8
GEOMETRY_LAYER_1
  70
32
  10
551267.986
  20
77308.598
  30
-5.677
  0
VERTEX
  8
GEOMETRY_LAYER_1
  70
32
  10
551268.513
  20
77299.353
  30
-5.846
  0
VERTEX
  8
GEOMETRY_LAYER_1
  70
32
  10
551267.478
  20
77291.830
  30
-5.589
  0
VERTEX
  8
GEOMETRY_LAYER_1
  70
32
  10
551265.935
  20
77281.319
  30
-5.15
  0
VERTEX
  8
GEOMETRY_LAYER_1
  70
32
  10
551265.709
  20
77273.079
  30
-4.862
  0
VERTEX
  8
GEOMETRY_LAYER_1
  70
32
  10
551262.180
  20
77268.225
  30
-4.538
  0
VERTEX
  8
GEOMETRY_LAYER_1
  70
32
  10
551260.785
  20
77255.492
  30
-4.041
  0
VERTEX
  8
GEOMETRY_LAYER_1
  70
32
  10
551267.400
  20
77248.872
  30
-4.04
  0
VERTEX
  8
GEOMETRY_LAYER_1
  70
32
  10
551275.159
  20
77243.830
  30
-4.126
  0
VERTEX
  8
GEOMETRY_LAYER_1
  70
32
  10
551283.453
  20
77244.940
  30
-4.415
  0
VERTEX
  8
GEOMETRY_LAYER_1
  70
32
  10
551289.463
  20
77244.423
  30
-4.678
  0
VERTEX
  8
GEOMETRY_LAYER_1
  70
32
  10
551296.794
  20
77246.542
  30
-5.02
  0
VERTEX
  8
GEOMETRY_LAYER_1
  70
32
  10
551306.730
  20
77244.199
  30
-6.137
  0
VERTEX
  8
GEOMETRY_LAYER_1
  70
32
  10
551307.544
  20
77236.930
  30
-5.616
  0
VERTEX
  8
GEOMETRY_LAYER_1
  70
32
  10
551308.159
  20
77223.191
  30
-4.84
  0
VERTEX
  8
GEOMETRY_LAYER_1
  70
32
  10
551327.348
  20
77220.570
  30
-4.813
  0
VERTEX
  8
GEOMETRY_LAYER_1
  70
32
  10
551328.209
  20
77232.793
  30
-5.138
  0
VERTEX
  8
GEOMETRY_LAYER_1
  70
32
  10
551329.550
  20
77243.102
  30
-5.483
  0
VERTEX
  8
GEOMETRY_LAYER_1
  70
32
  10
551331.931
  20
77246.553
  30
-5.256
  0
VERTEX
  8
GEOMETRY_LAYER_1
  70
32
  10
551330.720
  20
77290.665
  30
-6.721
  0
VERTEX
  8
GEOMETRY_LAYER_1
  70
32
  10
551331.581
  20
77298.622
  30
-6.722
  0
VERTEX
  8
GEOMETRY_LAYER_1
  70
32
  10
551331.978
  20
77309.789
  30
-6.536
  0
VERTEX
  8
GEOMETRY_LAYER_1
  70
32
  10
551329.537
  20
77318.820
  30
-6.126
  0
VERTEX
  8
GEOMETRY_LAYER_1
  70
32
  10
551330.810
  20
77329.485
  30
-5.886
  0
VERTEX
  8
GEOMETRY_LAYER_1
  70
32
  10
551330.440
  20
77334.950
  30
-5.906
  0
VERTEX
  8
GEOMETRY_LAYER_1
  70
32
  10
551331.831
  20
77347.461
  30
-5.724
  0
VERTEX
  8
GEOMETRY_LAYER_1
  70
32
  10
551333.072
  20
77354.232
  30
-5.539
  0
VERTEX
  8
GEOMETRY_LAYER_1
  70
32
  10
551332.941
  20
77364.046
  30
-5.402
  0
VERTEX
  8
GEOMETRY_LAYER_1
  70
32
  10
551333.250
  20
77372.566
  30
-5.29
  0
VERTEX
  8
GEOMETRY_LAYER_1
  70
32
  10
551333.275
  20
77382.661
  30
-5.002
  0
VERTEX
  8
GEOMETRY_LAYER_1
  70
32
  10
551333.927
  20
77392.499
  30
-4.176
  0
VERTEX
  8
GEOMETRY_LAYER_1
  70
32
  10
551334.066
  20
77400.751
  30
-3.227
  0
VERTEX
  8
GEOMETRY_LAYER_1
  70
32
  10
551339.072
  20
77407.577
  30
-2.897
  0
VERTEX
  8
GEOMETRY_LAYER_1
  70
32
  10
551339.917
  20
77415.703
  30
-1.881
  0
VERTEX
  8
GEOMETRY_LAYER_1
  70
32
  10
551341.201
  20
77424.196
  30
-1.125
  0
VERTEX
  8
GEOMETRY_LAYER_1
  70
32
  10
551342.910
  20
77432.157
  30
-0.49
  0
VERTEX
  8
GEOMETRY_LAYER_1
  70
32
  10
551344.760
  20
77443.414
  30
0.175
  0
VERTEX
  8
GEOMETRY_LAYER_1
  70
32
  10
551343.637
  20
77453.029
  30
0.968
  0
VERTEX
  8
GEOMETRY_LAYER_1
  70
32
  10
551344.316
  20
77461.889
  30
1.611
  0
VERTEX
  8
GEOMETRY_LAYER_1
  70
32
  10
551344.239
  20
77473.717
  30
2.389
  0
VERTEX
  8
GEOMETRY_LAYER_1
  70
32
  10
551343.983
  20
77481.737
  30
2.263
  0
VERTEX
  8
GEOMETRY_LAYER_1
  70
32
  10
551344.263
  20
77491.218
  30
2.314
  0
VERTEX
  8
GEOMETRY_LAYER_1
  70
32
  10
551344.828
  20
77500.488
  30
2.685
  0
VERTEX
  8
GEOMETRY_LAYER_1
  70
32
  10
551345.340
  20
77510.649
  30
2.732
  0
VERTEX
  8
GEOMETRY_LAYER_1
  70
32
  10
551346.116
  20
77516.396
  30
2.53
  0
VERTEX
  8
GEOMETRY_LAYER_1
  70
32
  10
551355.598
  20
77515.740
  30
2.695
  0
VERTEX
  8
GEOMETRY_LAYER_1
  70
32
  10
551364.647
  20
77513.940
  30
2.454
  0
VERTEX
  8
GEOMETRY_LAYER_1
  70
32
  10
551368.358
  20
77528.045
  30
2.624
  0
VERTEX
  8
GEOMETRY_LAYER_1
  70
32
  10
551368.918
  20
77536.643
  30
2.748
  0
VERTEX
  8
GEOMETRY_LAYER_1
  70
32
  10
551359.442
  20
77539.900
  30
3.158
  0
SEQEND
  8
GEOMETRY_LAYER_1
  0
POLYLINE
  8
GEOMETRY_LAYER_1
  70
8
  66
1
 62
234
 39
1
  0
VERTEX
  8
GEOMETRY_LAYER_1
  70
32
  10
551358.953
  20
77536.434
  30
3.158
  0
VERTEX
  8
GEOMETRY_LAYER_1
  70
32
  10
551344.102
  20
77538.533
  30
2.696
  0
VERTEX
  8
GEOMETRY_LAYER_1
  70
32
  10
551339.477
  20
77542.051
  30
2.318
  0
VERTEX
  8
GEOMETRY_LAYER_1
  70
32
  10
551331.993
  20
77542.824
  30
2.352
  0
VERTEX
  8
GEOMETRY_LAYER_1
  70
32
  10
551324.456
  20
77544.030
  30
2.279
  0
VERTEX
  8
GEOMETRY_LAYER_1
  70
32
  10
551320.531
  20
77544.418
  30
2.509
  0
VERTEX
  8
GEOMETRY_LAYER_1
  70
32
  10
551317.656
  20
77533.838
  30
2.425
  0
VERTEX
  8
GEOMETRY_LAYER_1
  70
32
  10
551315.729
  20
77524.638
  30
2.829
  0
VERTEX
  8
GEOMETRY_LAYER_1
  70
32
  10
551315.143
  20
77513.998
  30
3.567
  0
VERTEX
  8
GEOMETRY_LAYER_1
  70
32
  10
551314.670
  20
77504.356
  30
3.538
  0
VERTEX
  8
GEOMETRY_LAYER_1
  70
32
  10
551314.715
  20
77494.643
  30
3.42
  0
VERTEX
  8
GEOMETRY_LAYER_1
  70
32
  10
551313.863
  20
77484.277
  30
3.062
  0
VERTEX
  8
GEOMETRY_LAYER_1
  70
32
  10
551309.789
  20
77477.941
  30
2.916
  0
VERTEX
  8
GEOMETRY_LAYER_1
  70
32
  10
551304.204
  20
77474.374
  30
2.73
  0
VERTEX
  8
GEOMETRY_LAYER_1
  70
32
  10
551302.997
  20
77466.595
  30
2.127
  0
VERTEX
  8
GEOMETRY_LAYER_1
  70
32
  10
551302.015
  20
77456.818
  30
1.497
  0
VERTEX
  8
GEOMETRY_LAYER_1
  70
32
  10
551301.123
  20
77443.868
  30
0.202
  0
VERTEX
  8
GEOMETRY_LAYER_1
  70
32
  10
551287.644
  20
77446.545
  30
-2.443
  0
VERTEX
  8
GEOMETRY_LAYER_1
  70
32
  10
551286.988
  20
77441.464
  30
-2.589
  0
VERTEX
  8
GEOMETRY_LAYER_1
  70
32
  10
551286.089
  20
77432.117
  30
-3.424
  0
VERTEX
  8
GEOMETRY_LAYER_1
  70
32
  10
551286.144
  20
77423.984
  30
-3.563
  0
VERTEX
  8
GEOMETRY_LAYER_1
  70
32
  10
551285.947
  20
77415.889
  30
-4.19
  0
VERTEX
  8
GEOMETRY_LAYER_1
  70
32
  10
551286.777
  20
77405.977
  30
-4.636
  0
VERTEX
  8
GEOMETRY_LAYER_1
  70
32
  10
551288.104
  20
77398.220
  30
-4.943
  0
VERTEX
  8
GEOMETRY_LAYER_1
  70
32
  10
551288.198
  20
77389.743
  30
-5.091
  0
VERTEX
  8
GEOMETRY_LAYER_1
  70
32
  10
551288.007
  20
77381.707
  30
-5.18
  0
VERTEX
  8
GEOMETRY_LAYER_1
  70
32
  10
551288.560
  20
77381.946
  30
-5.052
  0
VERTEX
  8
GEOMETRY_LAYER_1
  70
32
  10
551286.723
  20
77372.688
  30
-5.017
  0
VERTEX
  8
GEOMETRY_LAYER_1
  70
32
  10
551284.664
  20
77364.324
  30
-4.63
  0
VERTEX
  8
GEOMETRY_LAYER_1
  70
32
  10
551280.148
  20
77357.712
  30
-4.432
  0
VERTEX
  8
GEOMETRY_LAYER_1
  70
32
  10
551274.524
  20
77355.107
  30
-4.221
  0
VERTEX
  8
GEOMETRY_LAYER_1
  70
32
  10
551273.118
  20
77346.702
  30
-4.267
  0
VERTEX
  8
GEOMETRY_LAYER_1
  70
32
  10
551271.192
  20
77325.963
  30
-5.31
  0
VERTEX
  8
GEOMETRY_LAYER_1
  70
32
  10
551272.167
  20
77318.662
  30
-5.534
  0
VERTEX
  8
GEOMETRY_LAYER_1
  70
32
  10
551271.492
  20
77308.581
  30
-5.677
  0
VERTEX
  8
GEOMETRY_LAYER_1
  70
32
  10
551272.027
  20
77299.213
  30
-5.846
  0
VERTEX
  8
GEOMETRY_LAYER_1
  70
32
  10
551270.944
  20
77291.338
  30
-5.589
  0
VERTEX
  8
GEOMETRY_LAYER_1
  70
32
  10
551269.428
  20
77281.016
  30
-5.15
  0
VERTEX
  8
GEOMETRY_LAYER_1
  70
32
  10
551269.178
  20
77271.898
  30
-4.862
  0
VERTEX
  8
GEOMETRY_LAYER_1
  70
32
  10
551265.558
  20
77266.920
  30
-4.538
  0
VERTEX
  8
GEOMETRY_LAYER_1
  70
32
  10
551264.447
  20
77256.779
  30
-4.041
  0
VERTEX
  8
GEOMETRY_LAYER_1
  70
32
  10
551269.616
  20
77251.606
  30
-4.04
  0
VERTEX
  8
GEOMETRY_LAYER_1
  70
32
  10
551275.980
  20
77247.471
  30
-4.126
  0
VERTEX
  8
GEOMETRY_LAYER_1
  70
32
  10
551283.370
  20
77248.461
  30
-4.415
  0
VERTEX
  8
GEOMETRY_LAYER_1
  70
32
  10
551289.115
  20
77247.966
  30
-4.678
  0
VERTEX
  8
GEOMETRY_LAYER_1
  70
32
  10
551296.704
  20
77250.160
  30
-5.02
  0
VERTEX
  8
GEOMETRY_LAYER_1
  70
32
  10
551309.934
  20
77247.039
  30
-6.137
  0
VERTEX
  8
GEOMETRY_LAYER_1
  70
32
  10
551311.036
  20
77237.203
  30
-5.616
  0
VERTEX
  8
GEOMETRY_LAYER_1
  70
32
  10
551311.525
  20
77226.265
  30
-4.84
  0
VERTEX
  8
GEOMETRY_LAYER_1
  70
32
  10
551324.119
  20
77224.544
  30
-4.813
  0
VERTEX
  8
GEOMETRY_LAYER_1
  70
32
  10
551324.725
  20
77233.142
  30
-5.138
  0
VERTEX
  8
GEOMETRY_LAYER_1
  70
32
  10
551326.188
  20
77244.393
  30
-5.483
  0
VERTEX
  8
GEOMETRY_LAYER_1
  70
32
  10
551328.401
  20
77247.599
  30
-5.256
  0
VERTEX
  8
GEOMETRY_LAYER_1
  70
32
  10
551327.215
  20
77290.806
  30
-6.721
  0
VERTEX
  8
GEOMETRY_LAYER_1
  70
32
  10
551328.088
  20
77298.872
  30
-6.722
  0
VERTEX
  8
GEOMETRY_LAYER_1
  70
32
  10
551328.462
  20
77309.386
  30
-6.536
  0
VERTEX
  8
GEOMETRY_LAYER_1
  70
32
  10
551325.982
  20
77318.561
  30
-6.126
  0
VERTEX
  8
GEOMETRY_LAYER_1
  70
32
  10
551327.296
  20
77329.575
  30
-5.886
  0
VERTEX
  8
GEOMETRY_LAYER_1
  70
32
  10
551326.927
  20
77335.025
  30
-5.906
  0
VERTEX
  8
GEOMETRY_LAYER_1
  70
32
  10
551328.366
  20
77347.971
  30
-5.724
  0
VERTEX
  8
GEOMETRY_LAYER_1
  70
32
  10
551329.568
  20
77354.527
  30
-5.539
  0
VERTEX
  8
GEOMETRY_LAYER_1
  70
32
  10
551329.440
  20
77364.086
  30
-5.402
  0
VERTEX
  8
GEOMETRY_LAYER_1
  70
32
  10
551329.750
  20
77372.635
  30
-5.29
  0
VERTEX
  8
GEOMETRY_LAYER_1
  70
32
  10
551329.775
  20
77382.781
  30
-5.002
  0
VERTEX
  8
GEOMETRY_LAYER_1
  70
32
  10
551330.429
  20
77392.644
  30
-4.176
  0
VERTEX
  8
GEOMETRY_LAYER_1
  70
32
  10
551330.586
  20
77401.923
  30
-3.227
  0
VERTEX
  8
GEOMETRY_LAYER_1
  70
32
  10
551335.689
  20
77408.882
  30
-2.897
  0
VERTEX
  8
GEOMETRY_LAYER_1
  70
32
  10
551336.444
  20
77416.146
  30
-1.881
  0
VERTEX
  8
GEOMETRY_LAYER_1
  70
32
  10
551337.756
  20
77424.825
  30
-1.125
  0
VERTEX
  8
GEOMETRY_LAYER_1
  70
32
  10
551339.471
  20
77432.808
  30
-0.49
  0
VERTEX
  8
GEOMETRY_LAYER_1
  70
32
  10
551341.227
  20
77443.497
  30
0.175
  0
VERTEX
  8
GEOMETRY_LAYER_1
  70
32
  10
551340.121
  20
77452.960
  30
0.968
  0
VERTEX
  8
GEOMETRY_LAYER_1
  70
32
  10
551340.816
  20
77462.011
  30
1.611
  0
VERTEX
  8
GEOMETRY_LAYER_1
  70
32
  10
551340.739
  20
77473.649
  30
2.389
  0
VERTEX
  8
GEOMETRY_LAYER_1
  70
32
  10
551340.481
  20
77481.733
  30
2.263
  0
VERTEX
  8
GEOMETRY_LAYER_1
  70
32
  10
551340.766
  20
77491.376
  30
2.314
  0
VERTEX
  8
GEOMETRY_LAYER_1
  70
32
  10
551341.334
  20
77500.682
  30
2.685
  0
VERTEX
  8
GEOMETRY_LAYER_1
  70
32
  10
551341.852
  20
77510.972
  30
2.732
  0
VERTEX
  8
GEOMETRY_LAYER_1
  70
32
  10
551343.087
  20
77520.115
  30
2.53
  0
VERTEX
  8
GEOMETRY_LAYER_1
  70
32
  10
551356.062
  20
77519.217
  30
2.695
  0
VERTEX
  8
GEOMETRY_LAYER_1
  70
32
  10
551362.100
  20
77518.015
  30
2.454
  0
VERTEX
  8
GEOMETRY_LAYER_1
  70
32
  10
551364.887
  20
77528.609
  30
2.624
  0
VERTEX
  8
GEOMETRY_LAYER_1
  70
32
  10
551365.426
  20
77536.871
  30
2.748
  0
VERTEX
  8
GEOMETRY_LAYER_1
  70
32
  10
551358.953
  20
77536.434
  30
3.158
  0
SEQEND
  8
GEOMETRY_LAYER_1
  0
POLYLINE
  8
GEOMETRY_LAYER_1
  70
8
  66
1
 62
234
 39
1
  0
VERTEX
  8
GEOMETRY_LAYER_1
  70
32
  10
550898.450
  20
77138.889
  30
7.747
  0
VERTEX
  8
GEOMETRY_LAYER_1
  70
32
  10
550903.510
  20
77132.205
  30
8.193
  0
VERTEX
  8
GEOMETRY_LAYER_1
  70
32
  10
550912.777
  20
77129.598
  30
8.291
  0
VERTEX
  8
GEOMETRY_LAYER_1
  70
32
  10
550923.177
  20
77126.675
  30
8.388
  0
VERTEX
  8
GEOMETRY_LAYER_1
  70
32
  10
550929.673
  20
77124.848
  30
8.486
  0
VERTEX
  8
GEOMETRY_LAYER_1
  70
32
  10
550930.635
  20
77132.351
  30
8.495
  0
VERTEX
  8
GEOMETRY_LAYER_1
  70
32
  10
550931.087
  20
77142.604
  30
8.505
  0
VERTEX
  8
GEOMETRY_LAYER_1
  70
32
  10
550926.665
  20
77153.493
  30
8.515
  0
VERTEX
  8
GEOMETRY_LAYER_1
  70
32
  10
550929.694
  20
77165.558
  30
8.636
  0
VERTEX
  8
GEOMETRY_LAYER_1
  70
32
  10
550931.352
  20
77178.430
  30
8.758
  0
VERTEX
  8
GEOMETRY_LAYER_1
  70
32
  10
550928.800
  20
77194.165
  30
8.88
  0
VERTEX
  8
GEOMETRY_LAYER_1
  70
32
  10
550932.159
  20
77208.671
  30
9.002
  0
VERTEX
  8
GEOMETRY_LAYER_1
  70
32
  10
550935.363
  20
77222.506
  30
9.124
  0
VERTEX
  8
GEOMETRY_LAYER_1
  70
32
  10
550937.921
  20
77233.553
  30
9.246
  0
VERTEX
  8
GEOMETRY_LAYER_1
  70
32
  10
550931.211
  20
77236.610
  30
9.582
  0
VERTEX
  8
GEOMETRY_LAYER_1
  70
32
  10
550916.018
  20
77237.824
  30
10.34
  0
VERTEX
  8
GEOMETRY_LAYER_1
  70
32
  10
550913.214
  20
77231.960
  30
10.723
  0
VERTEX
  8
GEOMETRY_LAYER_1
  70
32
  10
550911.529
  20
77223.148
  30
10.795
  0
VERTEX
  8
GEOMETRY_LAYER_1
  70
32
  10
550910.066
  20
77215.243
  30
10.089
  0
VERTEX
  8
GEOMETRY_LAYER_1
  70
32
  10
550907.755
  20
77205.007
  30
9.994
  0
VERTEX
  8
GEOMETRY_LAYER_1
  70
32
  10
550906.221
  20
77195.681
  30
9.625
  0
VERTEX
  8
GEOMETRY_LAYER_1
  70
32
  10
550904.669
  20
77186.256
  30
9.256
  0
VERTEX
  8
GEOMETRY_LAYER_1
  70
32
  10
550903.117
  20
77176.829
  30
8.887
  0
VERTEX
  8
GEOMETRY_LAYER_1
  70
32
  10
550901.566
  20
77167.402
  30
8.518
  0
VERTEX
  8
GEOMETRY_LAYER_1
  70
32
  10
550900.014
  20
77157.976
  30
8.149
  0
VERTEX
  8
GEOMETRY_LAYER_1
  70
32
  10
550898.507
  20
77148.822
  30
7.78
  0
VERTEX
  8
GEOMETRY_LAYER_1
  70
32
  10
550898.450
  20
77138.889
  30
7.747
  0
SEQEND
  8
GEOMETRY_LAYER_1
  0
POLYLINE
  8
GEOMETRY_LAYER_1
  70
8
  66
1
 62
234
 39
1
  0
VERTEX
  8
GEOMETRY_LAYER_1
  70
32
  10
550894.944
  20
77137.722
  30
7.747
  0
VERTEX
  8
GEOMETRY_LAYER_1
  70
32
  10
550901.430
  20
77129.154
  30
8.193
  0
VERTEX
  8
GEOMETRY_LAYER_1
  70
32
  10
550911.830
  20
77126.229
  30
8.291
  0
VERTEX
  8
GEOMETRY_LAYER_1
  70
32
  10
550922.229
  20
77123.305
  30
8.388
  0
VERTEX
  8
GEOMETRY_LAYER_1
  70
32
  10
550932.629
  20
77120.380
  30
8.486
  0
VERTEX
  8
GEOMETRY_LAYER_1
  70
32
  10
550934.125
  20
77132.051
  30
8.495
  0
VERTEX
  8
GEOMETRY_LAYER_1
  70
32
  10
550934.618
  20
77143.214
  30
8.505
  0
VERTEX
  8
GEOMETRY_LAYER_1
  70
32
  10
550930.338
  20
77153.750
  30
8.515
  0
VERTEX
  8
GEOMETRY_LAYER_1
  70
32
  10
550933.139
  20
77164.906
  30
8.636
  0
VERTEX
  8
GEOMETRY_LAYER_1
  70
32
  10
550934.888
  20
77178.487
  30
8.758
  0
VERTEX
  8
GEOMETRY_LAYER_1
  70
32
  10
550932.366
  20
77194.046
  30
8.88
  0
VERTEX
  8
GEOMETRY_LAYER_1
  70
32
  10
550935.569
  20
77207.881
  30
9.002
  0
VERTEX
  8
GEOMETRY_LAYER_1
  70
32
  10
550938.773
  20
77221.716
  30
9.124
  0
VERTEX
  8
GEOMETRY_LAYER_1
  70
32
  10
550941.977
  20
77235.551
  30
9.246
  0
VERTEX
  8
GEOMETRY_LAYER_1
  70
32
  10
550932.103
  20
77240.050
  30
9.582
  0
VERTEX
  8
GEOMETRY_LAYER_1
  70
32
  10
550913.898
  20
77241.505
  30
10.34
  0
VERTEX
  8
GEOMETRY_LAYER_1
  70
32
  10
550909.862
  20
77233.061
  30
10.723
  0
VERTEX
  8
GEOMETRY_LAYER_1
  70
32
  10
550908.089
  20
77223.796
  30
10.795
  0
VERTEX
  8
GEOMETRY_LAYER_1
  70
32
  10
550906.637
  20
77215.947
  30
10.089
  0
VERTEX
  8
GEOMETRY_LAYER_1
  70
32
  10
550904.319
  20
77205.677
  30
9.994
  0
VERTEX
  8
GEOMETRY_LAYER_1
  70
32
  10
550902.767
  20
77196.250
  30
9.625
  0
VERTEX
  8
GEOMETRY_LAYER_1
  70
32
  10
550901.216
  20
77186.824
  30
9.256
  0
VERTEX
  8
GEOMETRY_LAYER_1
  70
32
  10
550899.664
  20
77177.397
  30
8.887
  0
VERTEX
  8
GEOMETRY_LAYER_1
  70
32
  10
550898.112
  20
77167.971
  30
8.518
  0
VERTEX
  8
GEOMETRY_LAYER_1
  70
32
  10
550896.561
  20
77158.545
  30
8.149
  0
VERTEX
  8
GEOMETRY_LAYER_1
  70
32
  10
550895.009
  20
77149.118
  30
7.78
  0
VERTEX
  8
GEOMETRY_LAYER_1
  70
32
  10
550894.944
  20
77137.722
  30
7.747
  0
SEQEND
  8
GEOMETRY_LAYER_1
  0
POLYLINE
  8
GEOMETRY_LAYER_1
  70
8
  66
1
 62
234
 39
1
  0
VERTEX
  8
GEOMETRY_LAYER_1
  70
32
  10
550898.450
  20
77138.889
  30
7.747
  0
VERTEX
  8
GEOMETRY_LAYER_1
  70
32
  10
550903.510
  20
77132.205
  30
8.193
  0
VERTEX
  8
GEOMETRY_LAYER_1
  70
32
  10
550912.777
  20
77129.598
  30
8.291
  0
VERTEX
  8
GEOMETRY_LAYER_1
  70
32
  10
550923.177
  20
77126.675
  30
8.388
  0
VERTEX
  8
GEOMETRY_LAYER_1
  70
32
  10
550929.673
  20
77124.848
  30
8.486
  0
VERTEX
  8
GEOMETRY_LAYER_1
  70
32
  10
550930.635
  20
77132.351
  30
8.495
  0
VERTEX
  8
GEOMETRY_LAYER_1
  70
32
  10
550931.087
  20
77142.604
  30
8.505
  0
VERTEX
  8
GEOMETRY_LAYER_1
  70
32
  10
550926.665
  20
77153.493
  30
8.515
  0
VERTEX
  8
GEOMETRY_LAYER_1
  70
32
  10
550929.694
  20
77165.558
  30
8.636
  0
VERTEX
  8
GEOMETRY_LAYER_1
  70
32
  10
550931.352
  20
77178.430
  30
8.758
  0
VERTEX
  8
GEOMETRY_LAYER_1
  70
32
  10
550928.800
  20
77194.165
  30
8.88
  0
VERTEX
  8
GEOMETRY_LAYER_1
  70
32
  10
550932.159
  20
77208.671
  30
9.002
  0
VERTEX
  8
GEOMETRY_LAYER_1
  70
32
  10
550935.363
  20
77222.506
  30
9.124
  0
VERTEX
  8
GEOMETRY_LAYER_1
  70
32
  10
550937.921
  20
77233.553
  30
9.246
  0
VERTEX
  8
GEOMETRY_LAYER_1
  70
32
  10
550931.211
  20
77236.610
  30
1.065
  0
VERTEX
  8
GEOMETRY_LAYER_1
  70
32
  10
550916.018
  20
77237.824
  30
10.34
  0
VERTEX
  8
GEOMETRY_LAYER_1
  70
32
  10
550913.214
  20
77231.960
  30
10.723
  0
VERTEX
  8
GEOMETRY_LAYER_1
  70
32
  10
550911.529
  20
77223.148
  30
10.795
  0
VERTEX
  8
GEOMETRY_LAYER_1
  70
32
  10
550910.066
  20
77215.243
  30
10.089
  0
VERTEX
  8
GEOMETRY_LAYER_1
  70
32
  10
550907.755
  20
77205.007
  30
9.994
  0
VERTEX
  8
GEOMETRY_LAYER_1
  70
32
  10
550906.221
  20
77195.681
  30
9.625
  0
VERTEX
  8
GEOMETRY_LAYER_1
  70
32
  10
550904.669
  20
77186.256
  30
9.256
  0
VERTEX
  8
GEOMETRY_LAYER_1
  70
32
  10
550903.117
  20
77176.829
  30
8.887
  0
VERTEX
  8
GEOMETRY_LAYER_1
  70
32
  10
550901.566
  20
77167.402
  30
8.518
  0
VERTEX
  8
GEOMETRY_LAYER_1
  70
32
  10
550900.014
  20
77157.976
  30
8.149
  0
VERTEX
  8
GEOMETRY_LAYER_1
  70
32
  10
550898.507
  20
77148.822
  30
7.78
  0
VERTEX
  8
GEOMETRY_LAYER_1
  70
32
  10
550898.450
  20
77138.889
  30
7.747
  0
SEQEND
  8
GEOMETRY_LAYER_1
  0
POLYLINE
  8
GEOMETRY_LAYER_1
  70
8
  66
1
 62
234
 39
1
  0
VERTEX
  8
GEOMETRY_LAYER_1
  70
32
  10
550648.865
  20
76404.017
  30
55.706
  0
VERTEX
  8
GEOMETRY_LAYER_1
  70
32
  10
550647.875
  20
76410.530
  30
56.023
  0
VERTEX
  8
GEOMETRY_LAYER_1
  70
32
  10
550642.838
  20
76424.715
  30
56.711
  0
VERTEX
  8
GEOMETRY_LAYER_1
  70
32
  10
550629.927
  20
76421.215
  30
56.555
  0
VERTEX
  8
GEOMETRY_LAYER_1
  70
32
  10
550624.422
  20
76421.066
  30
56.446
  0
VERTEX
  8
GEOMETRY_LAYER_1
  70
32
  10
550615.273
  20
76423.265
  30
56.737
  0
VERTEX
  8
GEOMETRY_LAYER_1
  70
32
  10
550599.325
  20
76424.701
  30
57.036
  0
VERTEX
  8
GEOMETRY_LAYER_1
  70
32
  10
550588.790
  20
76426.767
  30
57.173
  0
VERTEX
  8
GEOMETRY_LAYER_1
  70
32
  10
550577.516
  20
76426.224
  30
57.247
  0
VERTEX
  8
GEOMETRY_LAYER_1
  70
32
  10
550573.512
  20
76418.085
  30
57.013
  0
VERTEX
  8
GEOMETRY_LAYER_1
  70
32
  10
550573.653
  20
76409.514
  30
56.99
  0
VERTEX
  8
GEOMETRY_LAYER_1
  70
32
  10
550574.431
  20
76401.661
  30
56.471
  0
VERTEX
  8
GEOMETRY_LAYER_1
  70
32
  10
550569.040
  20
76386.999
  30
56.284
  0
VERTEX
  8
GEOMETRY_LAYER_1
  70
32
  10
550578.506
  20
76382.027
  30
56.051
  0
VERTEX
  8
GEOMETRY_LAYER_1
  70
32
  10
550591.382
  20
76382.802
  30
55.64
  0
VERTEX
  8
GEOMETRY_LAYER_1
  70
32
  10
550597.380
  20
76382.221
  30
55.836
  0
VERTEX
  8
GEOMETRY_LAYER_1
  70
32
  10
550605.203
  20
76379.953
  30
55.628
  0
VERTEX
  8
GEOMETRY_LAYER_1
  70
32
  10
550614.379
  20
76379.471
  30
55.507
  0
VERTEX
  8
GEOMETRY_LAYER_1
  70
32
  10
550622.018
  20
76377.498
  30
54.907
  0
VERTEX
  8
GEOMETRY_LAYER_1
  70
32
  10
550623.749
  20
76374.923
  30
55.146
  0
VERTEX
  8
GEOMETRY_LAYER_1
  70
32
  10
550633.075
  20
76371.304
  30
54.638
  0
VERTEX
  8
GEOMETRY_LAYER_1
  70
32
  10
550643.680
  20
76367.530
  30
54.381
  0
VERTEX
  8
GEOMETRY_LAYER_1
  70
32
  10
550646.387
  20
76375.998
  30
54.448
  0
VERTEX
  8
GEOMETRY_LAYER_1
  70
32
  10
550649.914
  20
76385.459
  30
54.869
  0
VERTEX
  8
GEOMETRY_LAYER_1
  70
32
  10
550649.386
  20
76394.950
  30
55.288
  0
VERTEX
  8
GEOMETRY_LAYER_1
  70
32
  10
550648.865
  20
76404.017
  30
55.706
  0
SEQEND
  8
GEOMETRY_LAYER_1
  0
POLYLINE
  8
GEOMETRY_LAYER_1
  70
8
  66
1
 62
234
 39
1
  0
VERTEX
  8
GEOMETRY_LAYER_1
  70
32
  10
550645.207
  20
76403.462
  30
55.706
  0
VERTEX
  8
GEOMETRY_LAYER_1
  70
32
  10
550644.270
  20
76409.625
  30
56.023
  0
VERTEX
  8
GEOMETRY_LAYER_1
  70
32
  10
550640.498
  20
76420.247
  30
56.711
  0
VERTEX
  8
GEOMETRY_LAYER_1
  70
32
  10
550630.468
  20
76417.527
  30
56.555
  0
VERTEX
  8
GEOMETRY_LAYER_1
  70
32
  10
550624.033
  20
76417.354
  30
56.446
  0
VERTEX
  8
GEOMETRY_LAYER_1
  70
32
  10
550614.672
  20
76419.603
  30
56.737
  0
VERTEX
  8
GEOMETRY_LAYER_1
  70
32
  10
550598.802
  20
76421.034
  30
57.036
  0
VERTEX
  8
GEOMETRY_LAYER_1
  70
32
  10
550588.519
  20
76423.051
  30
57.173
  0
VERTEX
  8
GEOMETRY_LAYER_1
  70
32
  10
550579.873
  20
76422.634
  30
57.247
  0
VERTEX
  8
GEOMETRY_LAYER_1
  70
32
  10
550577.226
  20
76417.253
  30
57.013
  0
VERTEX
  8
GEOMETRY_LAYER_1
  70
32
  10
550577.350
  20
76409.726
  30
56.99
  0
VERTEX
  8
GEOMETRY_LAYER_1
  70
32
  10
550578.197
  20
76401.181
  30
56.471
  0
VERTEX
  8
GEOMETRY_LAYER_1
  70
32
  10
550573.632
  20
76388.767
  30
56.284
  0
VERTEX
  8
GEOMETRY_LAYER_1
  70
32
  10
550579.314
  20
76385.783
  30
56.051
  0
VERTEX
  8
GEOMETRY_LAYER_1
  70
32
  10
550591.450
  20
76386.513
  30
55.64
  0
VERTEX
  8
GEOMETRY_LAYER_1
  70
32
  10
550598.079
  20
76385.870
  30
55.836
  0
VERTEX
  8
GEOMETRY_LAYER_1
  70
32
  10
550605.823
  20
76383.626
  30
55.628
  0
VERTEX
  8
GEOMETRY_LAYER_1
  70
32
  10
550614.944
  20
76383.146
  30
55.507
  0
VERTEX
  8
GEOMETRY_LAYER_1
  70
32
  10
550624.305
  20
76380.728
  30
54.907
  0
VERTEX
  8
GEOMETRY_LAYER_1
  70
32
  10
550626.171
  20
76377.951
  30
55.146
  0
VERTEX
  8
GEOMETRY_LAYER_1
  70
32
  10
550634.364
  20
76374.772
  30
54.638
  0
VERTEX
  8
GEOMETRY_LAYER_1
  70
32
  10
550641.319
  20
76372.298
  30
54.381
  0
VERTEX
  8
GEOMETRY_LAYER_1
  70
32
  10
550642.889
  20
76377.209
  30
54.448
  0
VERTEX
  8
GEOMETRY_LAYER_1
  70
32
  10
550646.177
  20
76386.026
  30
54.869
  0
VERTEX
  8
GEOMETRY_LAYER_1
  70
32
  10
550645.692
  20
76394.744
  30
55.288
  0
VERTEX
  8
GEOMETRY_LAYER_1
  70
32
  10
550645.207
  20
76403.462
  30
55.706
  0
SEQEND
  8
GEOMETRY_LAYER_1
  0
POLYLINE
  8
GEOMETRY_LAYER_1
  70
8
  66
1
 62
234
 39
1
  0
VERTEX
  8
GEOMETRY_LAYER_1
  70
32
  10
551088.163
  20
77310.440
  30
4.127
  0
VERTEX
  8
GEOMETRY_LAYER_1
  70
32
  10
551089.638
  20
77323.791
  30
3.99
  0
VERTEX
  8
GEOMETRY_LAYER_1
  70
32
  10
551092.147
  20
77331.535
  30
3.52
  0
VERTEX
  8
GEOMETRY_LAYER_1
  70
32
  10
551094.745
  20
77340.393
  30
3.671
  0
VERTEX
  8
GEOMETRY_LAYER_1
  70
32
  10
551096.445
  20
77347.543
  30
4.225
  0
VERTEX
  8
GEOMETRY_LAYER_1
  70
32
  10
551099.715
  20
77356.192
  30
4.126
  0
VERTEX
  8
GEOMETRY_LAYER_1
  70
32
  10
551101.526
  20
77365.461
  30
4.527
  0
VERTEX
  8
GEOMETRY_LAYER_1
  70
32
  10
551106.148
  20
77388.646
  30
4.808
  0
VERTEX
  8
GEOMETRY_LAYER_1
  70
32
  10
551089.552
  20
77389.200
  30
3.68
  0
VERTEX
  8
GEOMETRY_LAYER_1
  70
32
  10
551076.410
  20
77378.334
  30
4.117
  0
VERTEX
  8
GEOMETRY_LAYER_1
  70
32
  10
551063.804
  20
77375.464
  30
4.47
  0
VERTEX
  8
GEOMETRY_LAYER_1
  70
32
  10
551060.774
  20
77368.113
  30
4.234
  0
VERTEX
  8
GEOMETRY_LAYER_1
  70
32
  10
551059.174
  20
77359.307
  30
3.87
  0
VERTEX
  8
GEOMETRY_LAYER_1
  70
32
  10
551055.125
  20
77350.104
  30
3.885
  0
VERTEX
  8
GEOMETRY_LAYER_1
  70
32
  10
551054.321
  20
77348.056
  30
4.117
  0
VERTEX
  8
GEOMETRY_LAYER_1
  70
32
  10
551052.717
  20
77342.059
  30
4.279
  0
VERTEX
  8
GEOMETRY_LAYER_1
  70
32
  10
551049.390
  20
77330.190
  30
4.24
  0
VERTEX
  8
GEOMETRY_LAYER_1
  70
32
  10
551088.163
  20
77310.440
  30
4.127
  0
SEQEND
  8
GEOMETRY_LAYER_1
  0
POLYLINE
  8
GEOMETRY_LAYER_1
  70
8
  66
1
 62
234
 39
1
  0
VERTEX
  8
GEOMETRY_LAYER_1
  70
32
  10
551085.240
  20
77315.857
  30
4.127
  0
VERTEX
  8
GEOMETRY_LAYER_1
  70
32
  10
551086.198
  20
77324.530
  30
3.99
  0
VERTEX
  8
GEOMETRY_LAYER_1
  70
32
  10
551088.802
  20
77332.566
  30
3.52
  0
VERTEX
  8
GEOMETRY_LAYER_1
  70
32
  10
551091.361
  20
77341.291
  30
3.671
  0
VERTEX
  8
GEOMETRY_LAYER_1
  70
32
  10
551093.092
  20
77348.570
  30
4.225
  0
VERTEX
  8
GEOMETRY_LAYER_1
  70
32
  10
551096.336
  20
77357.153
  30
4.126
  0
VERTEX
  8
GEOMETRY_LAYER_1
  70
32
  10
551098.092
  20
77366.139
  30
4.527
  0
VERTEX
  8
GEOMETRY_LAYER_1
  70
32
  10
551101.909
  20
77385.286
  30
4.808
  0
VERTEX
  8
GEOMETRY_LAYER_1
  70
32
  10
551090.760
  20
77385.658
  30
3.68
  0
VERTEX
  8
GEOMETRY_LAYER_1
  70
32
  10
551077.999
  20
77375.105
  30
4.117
  0
VERTEX
  8
GEOMETRY_LAYER_1
  70
32
  10
551066.349
  20
77372.453
  30
4.47
  0
VERTEX
  8
GEOMETRY_LAYER_1
  70
32
  10
551064.152
  20
77367.123
  30
4.234
  0
VERTEX
  8
GEOMETRY_LAYER_1
  70
32
  10
551062.544
  20
77358.275
  30
3.87
  0
VERTEX
  8
GEOMETRY_LAYER_1
  70
32
  10
551058.357
  20
77348.761
  30
3.885
  0
VERTEX
  8
GEOMETRY_LAYER_1
  70
32
  10
551057.652
  20
77346.962
  30
4.117
  0
VERTEX
  8
GEOMETRY_LAYER_1
  70
32
  10
551056.093
  20
77341.135
  30
4.279
  0
VERTEX
  8
GEOMETRY_LAYER_1
  70
32
  10
551053.534
  20
77332.007
  30
4.24
  0
VERTEX
  8
GEOMETRY_LAYER_1
  70
32
  10
551085.240
  20
77315.857
  30
4.127
  0
SEQEND
  8
GEOMETRY_LAYER_1
  0
POLYLINE
  8
GEOMETRY_LAYER_1
  70
8
  66
1
 62
234
 39
1
  0
VERTEX
  8
GEOMETRY_LAYER_1
  70
32
  10
551262.431
  20
76995.550
  30
2.941
  0
VERTEX
  8
GEOMETRY_LAYER_1
  70
32
  10
551267.442
  20
76991.970
  30
2.573
  0
VERTEX
  8
GEOMETRY_LAYER_1
  70
32
  10
551275.949
  20
76995.972
  30
2.701
  0
VERTEX
  8
GEOMETRY_LAYER_1
  70
32
  10
551285.017
  20
76998.220
  30
2.671
  0
VERTEX
  8
GEOMETRY_LAYER_1
  70
32
  10
551291.634
  20
76997.082
  30
2.913
  0
VERTEX
  8
GEOMETRY_LAYER_1
  70
32
  10
551294.052
  20
77005.143
  30
2.815
  0
VERTEX
  8
GEOMETRY_LAYER_1
  70
32
  10
551295.384
  20
77021.478
  30
2.933
  0
VERTEX
  8
GEOMETRY_LAYER_1
  70
32
  10
551296.828
  20
77031.649
  30
2.605
  0
VERTEX
  8
GEOMETRY_LAYER_1
  70
32
  10
551298.292
  20
77038.134
  30
2.14
  0
VERTEX
  8
GEOMETRY_LAYER_1
  70
32
  10
551301.088
  20
77052.476
  30
1.781
  0
VERTEX
  8
GEOMETRY_LAYER_1
  70
32
  10
551302.129
  20
77059.975
  30
1.717
  0
VERTEX
  8
GEOMETRY_LAYER_1
  70
32
  10
551302.983
  20
77066.221
  30
1.698
  0
VERTEX
  8
GEOMETRY_LAYER_1
  70
32
  10
551303.627
  20
77072.037
  30
1.641
  0
VERTEX
  8
GEOMETRY_LAYER_1
  70
32
  10
551305.287
  20
77081.973
  30
1.766
  0
VERTEX
  8
GEOMETRY_LAYER_1
  70
32
  10
551305.528
  20
77089.369
  30
2.165
  0
VERTEX
  8
GEOMETRY_LAYER_1
  70
32
  10
551299.326
  20
77090.243
  30
2.266
  0
VERTEX
  8
GEOMETRY_LAYER_1
  70
32
  10
551292.405
  20
77090.526
  30
2.42
  0
VERTEX
  8
GEOMETRY_LAYER_1
  70
32
  10
551288.616
  20
77090.806
  30
2.329
  0
VERTEX
  8
GEOMETRY_LAYER_1
  70
32
  10
551283.489
  20
77091.722
  30
1.965
  0
VERTEX
  8
GEOMETRY_LAYER_1
  70
32
  10
551275.435
  20
77091.431
  30
2.001
  0
VERTEX
  8
GEOMETRY_LAYER_1
  70
32
  10
551273.804
  20
77082.584
  30
1.852
  0
VERTEX
  8
GEOMETRY_LAYER_1
  70
32
  10
551273.146
  20
77076.731
  30
2.042
  0
VERTEX
  8
GEOMETRY_LAYER_1
  70
32
  10
551271.783
  20
77066.405
  30
2.285
  0
VERTEX
  8
GEOMETRY_LAYER_1
  70
32
  10
551270.678
  20
77059.134
  30
2.681
  0
VERTEX
  8
GEOMETRY_LAYER_1
  70
32
  10
551269.299
  20
77050.581
  30
2.867
  0
VERTEX
  8
GEOMETRY_LAYER_1
  70
32
  10
551268.806
  20
77043.621
  30
2.796
  0
VERTEX
  8
GEOMETRY_LAYER_1
  70
32
  10
551267.202
  20
77035.236
  30
2.949
  0
VERTEX
  8
GEOMETRY_LAYER_1
  70
32
  10
551265.420
  20
77021.150
  30
3.116
  0
VERTEX
  8
GEOMETRY_LAYER_1
  70
32
  10
551264.411
  20
77013.752
  30
3.436
  0
VERTEX
  8
GEOMETRY_LAYER_1
  70
32
  10
551263.869
  20
77007.188
  30
3.102
  0
VERTEX
  8
GEOMETRY_LAYER_1
  70
32
  10
551262.431
  20
76995.550
  30
2.941
  0
SEQEND
  8
GEOMETRY_LAYER_1
  0
POLYLINE
  8
GEOMETRY_LAYER_1
  70
8
  66
1
 62
234
 39
1
  0
VERTEX
  8
GEOMETRY_LAYER_1
  70
32
  10
551258.702
  20
76993.912
  30
2.941
  0
VERTEX
  8
GEOMETRY_LAYER_1
  70
32
  10
551267.076
  20
76987.930
  30
2.573
  0
VERTEX
  8
GEOMETRY_LAYER_1
  70
32
  10
551277.127
  20
76992.658
  30
2.701
  0
VERTEX
  8
GEOMETRY_LAYER_1
  70
32
  10
551285.147
  20
76994.645
  30
2.671
  0
VERTEX
  8
GEOMETRY_LAYER_1
  70
32
  10
551294.096
  20
76993.106
  30
2.913
  0
VERTEX
  8
GEOMETRY_LAYER_1
  70
32
  10
551297.510
  20
77004.491
  30
2.815
  0
VERTEX
  8
GEOMETRY_LAYER_1
  70
32
  10
551298.864
  20
77021.090
  30
2.933
  0
VERTEX
  8
GEOMETRY_LAYER_1
  70
32
  10
551300.274
  20
77031.016
  30
2.605
  0
VERTEX
  8
GEOMETRY_LAYER_1
  70
32
  10
551301.718
  20
77037.414
  30
2.14
  0
VERTEX
  8
GEOMETRY_LAYER_1
  70
32
  10
551304.542
  20
77051.901
  30
1.781
  0
VERTEX
  8
GEOMETRY_LAYER_1
  70
32
  10
551305.596
  20
77059.498
  30
1.717
  0
VERTEX
  8
GEOMETRY_LAYER_1
  70
32
  10
551306.457
  20
77065.790
  30
1.698
  0
VERTEX
  8
GEOMETRY_LAYER_1
  70
32
  10
551307.096
  20
77071.556
  30
1.641
  0
VERTEX
  8
GEOMETRY_LAYER_1
  70
32
  10
551308.778
  20
77081.625
  30
1.766
  0
VERTEX
  8
GEOMETRY_LAYER_1
  70
32
  10
551309.128
  20
77092.396
  30
2.165
  0
VERTEX
  8
GEOMETRY_LAYER_1
  70
32
  10
551299.642
  20
77093.733
  30
2.266
  0
VERTEX
  8
GEOMETRY_LAYER_1
  70
32
  10
551292.605
  20
77094.021
  30
2.42
  0
VERTEX
  8
GEOMETRY_LAYER_1
  70
32
  10
551289.053
  20
77094.283
  30
2.329
  0
VERTEX
  8
GEOMETRY_LAYER_1
  70
32
  10
551283.737
  20
77095.232
  30
1.965
  0
VERTEX
  8
GEOMETRY_LAYER_1
  70
32
  10
551272.502
  20
77094.827
  30
2.001
  0
VERTEX
  8
GEOMETRY_LAYER_1
  70
32
  10
551270.340
  20
77083.098
  30
1.852
  0
VERTEX
  8
GEOMETRY_LAYER_1
  70
32
  10
551269.671
  20
77077.156
  30
2.042
  0
VERTEX
  8
GEOMETRY_LAYER_1
  70
32
  10
551268.318
  20
77066.897
  30
2.285
  0
VERTEX
  8
GEOMETRY_LAYER_1
  70
32
  10
551267.220
  20
77059.675
  30
2.681
  0
VERTEX
  8
GEOMETRY_LAYER_1
  70
32
  10
551265.819
  20
77050.984
  30
2.867
  0
VERTEX
  8
GEOMETRY_LAYER_1
  70
32
  10
551265.330
  20
77044.075
  30
2.796
  0
VERTEX
  8
GEOMETRY_LAYER_1
  70
32
  10
551263.743
  20
77035.785
  30
2.949
  0
VERTEX
  8
GEOMETRY_LAYER_1
  70
32
  10
551261.950
  20
77021.606
  30
3.116
  0
VERTEX
  8
GEOMETRY_LAYER_1
  70
32
  10
551260.930
  20
77014.133
  30
3.436
  0
VERTEX
  8
GEOMETRY_LAYER_1
  70
32
  10
551260.387
  20
77007.548
  30
3.102
  0
VERTEX
  8
GEOMETRY_LAYER_1
  70
32
  10
551258.702
  20
76993.912
  30
2.941
  0
SEQEND
  8
GEOMETRY_LAYER_1
  0
POLYLINE
  8
GEOMETRY_LAYER_1
  70
8
  66
1
 62
234
 39
1
  0
VERTEX
  8
GEOMETRY_LAYER_1
  70
32
  10
550670.693
  20
77429.503
  30
22.629
  0
VERTEX
  8
GEOMETRY_LAYER_1
  70
32
  10
550670.589
  20
77419.492
  30
22.486
  0
VERTEX
  8
GEOMETRY_LAYER_1
  70
32
  10
550670.700
  20
77418.512
  30
22.364
  0
VERTEX
  8
GEOMETRY_LAYER_1
  70
32
  10
550670.677
  20
77418.490
  30
22.361
  0
VERTEX
  8
GEOMETRY_LAYER_1
  70
32
  10
550668.139
  20
77410.370
  30
22.508
  0
VERTEX
  8
GEOMETRY_LAYER_1
  70
32
  10
550667.152
  20
77400.915
  30
23.1
  0
VERTEX
  8
GEOMETRY_LAYER_1
  70
32
  10
550667.297
  20
77392.809
  30
22.865
  0
VERTEX
  8
GEOMETRY_LAYER_1
  70
32
  10
550670.926
  20
77385.180
  30
22.3
  0
VERTEX
  8
GEOMETRY_LAYER_1
  70
32
  10
550670.789
  20
77378.209
  30
21.907
  0
VERTEX
  8
GEOMETRY_LAYER_1
  70
32
  10
550666.697
  20
77369.471
  30
21.966
  0
VERTEX
  8
GEOMETRY_LAYER_1
  70
32
  10
550663.269
  20
77363.352
  30
21.832
  0
VERTEX
  8
GEOMETRY_LAYER_1
  70
32
  10
550661.652
  20
77355.126
  30
21.909
  0
VERTEX
  8
GEOMETRY_LAYER_1
  70
32
  10
550657.010
  20
77359.180
  30
22.292
  0
VERTEX
  8
GEOMETRY_LAYER_1
  70
32
  10
550617.851
  20
77362.501
  30
26.93
  0
VERTEX
  8
GEOMETRY_LAYER_1
  70
32
  10
550618.012
  20
77362.562
  30
26.933
  0
VERTEX
  8
GEOMETRY_LAYER_1
  70
32
  10
550604.567
  20
77363.892
  30
27.534
  0
VERTEX
  8
GEOMETRY_LAYER_1
  70
32
  10
550600.329
  20
77372.051
  30
28.149
  0
VERTEX
  8
GEOMETRY_LAYER_1
  70
32
  10
550603.063
  20
77382.935
  30
28.069
  0
VERTEX
  8
GEOMETRY_LAYER_1
  70
32
  10
550603.628
  20
77392.647
  30
28.109
  0
VERTEX
  8
GEOMETRY_LAYER_1
  70
32
  10
550603.987
  20
77400.760
  30
28.118
  0
VERTEX
  8
GEOMETRY_LAYER_1
  70
32
  10
550604.605
  20
77410.755
  30
28.11
  0
VERTEX
  8
GEOMETRY_LAYER_1
  70
32
  10
550611.480
  20
77424.437
  30
27.328
  0
VERTEX
  8
GEOMETRY_LAYER_1
  70
32
  10
550613.653
  20
77432.179
  30
27.219
  0
VERTEX
  8
GEOMETRY_LAYER_1
  70
32
  10
550612.524
  20
77442.720
  30
27.803
  0
VERTEX
  8
GEOMETRY_LAYER_1
  70
32
  10
550613.084
  20
77448.166
  30
27.909
  0
VERTEX
  8
GEOMETRY_LAYER_1
  70
32
  10
550612.904
  20
77452.944
  30
28.132
  0
VERTEX
  8
GEOMETRY_LAYER_1
  70
32
  10
550614.332
  20
77458.013
  30
28.239
  0
VERTEX
  8
GEOMETRY_LAYER_1
  70
32
  10
550615.059
  20
77462.534
  30
28.26
  0
VERTEX
  8
GEOMETRY_LAYER_1
  70
32
  10
550615.622
  20
77475.114
  30
28.52
  0
VERTEX
  8
GEOMETRY_LAYER_1
  70
32
  10
550617.927
  20
77479.693
  30
28.753
  0
VERTEX
  8
GEOMETRY_LAYER_1
  70
32
  10
550617.029
  20
77484.485
  30
28.619
  0
VERTEX
  8
GEOMETRY_LAYER_1
  70
32
  10
550616.640
  20
77492.128
  30
29.213
  0
VERTEX
  8
GEOMETRY_LAYER_1
  70
32
  10
550617.333
  20
77501.250
  30
29.845
  0
VERTEX
  8
GEOMETRY_LAYER_1
  70
32
  10
550618.223
  20
77509.588
  30
30.065
  0
VERTEX
  8
GEOMETRY_LAYER_1
  70
32
  10
550620.925
  20
77519.685
  30
30.358
  0
VERTEX
  8
GEOMETRY_LAYER_1
  70
32
  10
550616.957
  20
77525.590
  30
30.549
  0
VERTEX
  8
GEOMETRY_LAYER_1
  70
32
  10
550615.783
  20
77534.493
  30
30.459
  0
VERTEX
  8
GEOMETRY_LAYER_1
  70
32
  10
550616.486
  20
77543.605
  30
30.307
  0
VERTEX
  8
GEOMETRY_LAYER_1
  70
32
  10
550618.225
  20
77551.803
  30
30.049
  0
VERTEX
  8
GEOMETRY_LAYER_1
  70
32
  10
550620.294
  20
77561.154
  30
29.832
  0
VERTEX
  8
GEOMETRY_LAYER_1
  70
32
  10
550621.286
  20
77567.536
  30
29.903
  0
VERTEX
  8
GEOMETRY_LAYER_1
  70
32
  10
550622.424
  20
77576.579
  30
29.588
  0
VERTEX
  8
GEOMETRY_LAYER_1
  70
32
  10
550624.897
  20
77584.470
  30
29.138
  0
VERTEX
  8
GEOMETRY_LAYER_1
  70
32
  10
550645.583
  20
77587.267
  30
28.711
  0
VERTEX
  8
GEOMETRY_LAYER_1
  70
32
  10
550657.716
  20
77581.201
  30
29.529
  0
VERTEX
  8
GEOMETRY_LAYER_1
  70
32
  10
550659.159
  20
77562.449
  30
29.636
  0
VERTEX
  8
GEOMETRY_LAYER_1
  70
32
  10
550658.729
  20
77560.761
  30
29.545
  0
VERTEX
  8
GEOMETRY_LAYER_1
  70
32
  10
550657.973
  20
77553.279
  30
29.569
  0
VERTEX
  8
GEOMETRY_LAYER_1
  70
32
  10
550656.705
  20
77544.314
  30
29.735
  0
VERTEX
  8
GEOMETRY_LAYER_1
  70
32
  10
550655.256
  20
77536.620
  30
29.903
  0
VERTEX
  8
GEOMETRY_LAYER_1
  70
32
  10
550654.103
  20
77526.546
  30
30.036
  0
VERTEX
  8
GEOMETRY_LAYER_1
  70
32
  10
550652.847
  20
77517.532
  30
30.183
  0
VERTEX
  8
GEOMETRY_LAYER_1
  70
32
  10
550651.782
  20
77509.090
  30
30.043
  0
VERTEX
  8
GEOMETRY_LAYER_1
  70
32
  10
550652.831
  20
77501.730
  30
29.354
  0
VERTEX
  8
GEOMETRY_LAYER_1
  70
32
  10
550650.696
  20
77493.364
  30
28.846
  0
VERTEX
  8
GEOMETRY_LAYER_1
  70
32
  10
550648.587
  20
77490.959
  30
28.775
  0
VERTEX
  8
GEOMETRY_LAYER_1
  70
32
  10
550648.877
  20
77486.465
  30
28.777
  0
VERTEX
  8
GEOMETRY_LAYER_1
  70
32
  10
550665.763
  20
77474.195
  30
24.772
  0
VERTEX
  8
GEOMETRY_LAYER_1
  70
32
  10
550669.720
  20
77474.739
  30
25.145
  0
VERTEX
  8
GEOMETRY_LAYER_1
  70
32
  10
550675.644
  20
77473.171
  30
24.62
  0
VERTEX
  8
GEOMETRY_LAYER_1
  70
32
  10
550675.813
  20
77467.572
  30
24.209
  0
VERTEX
  8
GEOMETRY_LAYER_1
  70
32
  10
550674.778
  20
77458.165
  30
24.011
  0
VERTEX
  8
GEOMETRY_LAYER_1
  70
32
  10
550674.733
  20
77456.989
  30
24.152
  0
VERTEX
  8
GEOMETRY_LAYER_1
  70
32
  10
550673.435
  20
77448.661
  30
23.683
  0
VERTEX
  8
GEOMETRY_LAYER_1
  70
32
  10
550671.734
  20
77439.741
  30
23.304
  0
VERTEX
  8
GEOMETRY_LAYER_1
  70
32
  10
550670.693
  20
77429.503
  30
22.629
  0
SEQEND
  8
GEOMETRY_LAYER_1
  0
POLYLINE
  8
GEOMETRY_LAYER_1
  70
8
  66
1
 62
234
 39
1
  0
VERTEX
  8
GEOMETRY_LAYER_1
  70
32
  10
550674.091
  20
77419.671
  30
22.486
  0
VERTEX
  8
GEOMETRY_LAYER_1
  70
32
  10
550674.376
  20
77417.157
  30
22.364
  0
VERTEX
  8
GEOMETRY_LAYER_1
  70
32
  10
550673.742
  20
77416.564
  30
22.361
  0
VERTEX
  8
GEOMETRY_LAYER_1
  70
32
  10
550671.584
  20
77409.659
  30
22.508
  0
VERTEX
  8
GEOMETRY_LAYER_1
  70
32
  10
550670.655
  20
77400.763
  30
23.1
  0
VERTEX
  8
GEOMETRY_LAYER_1
  70
32
  10
550670.783
  20
77393.630
  30
22.865
  0
VERTEX
  8
GEOMETRY_LAYER_1
  70
32
  10
550674.441
  20
77385.938
  30
22.3
  0
VERTEX
  8
GEOMETRY_LAYER_1
  70
32
  10
550674.274
  20
77377.397
  30
21.907
  0
VERTEX
  8
GEOMETRY_LAYER_1
  70
32
  10
550669.813
  20
77367.871
  30
21.966
  0
VERTEX
  8
GEOMETRY_LAYER_1
  70
32
  10
550666.595
  20
77362.129
  30
21.832
  0
VERTEX
  8
GEOMETRY_LAYER_1
  70
32
  10
550663.917
  20
77348.501
  30
21.909
  0
VERTEX
  8
GEOMETRY_LAYER_1
  70
32
  10
550655.572
  20
77355.790
  30
22.292
  0
VERTEX
  8
GEOMETRY_LAYER_1
  70
32
  10
550602.404
  20
77360.299
  30
26.93
  0
VERTEX
  8
GEOMETRY_LAYER_1
  70
32
  10
550603.005
  20
77360.530
  30
26.933
  0
VERTEX
  8
GEOMETRY_LAYER_1
  70
32
  10
550602.335
  20
77360.596
  30
27.534
  0
VERTEX
  8
GEOMETRY_LAYER_1
  70
32
  10
550596.611
  20
77371.616
  30
28.149
  0
VERTEX
  8
GEOMETRY_LAYER_1
  70
32
  10
550599.588
  20
77383.468
  30
28.069
  0
VERTEX
  8
GEOMETRY_LAYER_1
  70
32
  10
550600.133
  20
77392.826
  30
28.109
  0
VERTEX
  8
GEOMETRY_LAYER_1
  70
32
  10
550600.492
  20
77400.944
  30
28.118
  0
VERTEX
  8
GEOMETRY_LAYER_1
  70
32
  10
550601.156
  20
77411.685
  30
28.11
  0
VERTEX
  8
GEOMETRY_LAYER_1
  70
32
  10
550608.201
  20
77425.708
  30
27.328
  0
VERTEX
  8
GEOMETRY_LAYER_1
  70
32
  10
550610.101
  20
77432.477
  30
27.219
  0
VERTEX
  8
GEOMETRY_LAYER_1
  70
32
  10
550609.005
  20
77442.712
  30
27.803
  0
VERTEX
  8
GEOMETRY_LAYER_1
  70
32
  10
550609.577
  20
77448.279
  30
27.909
  0
VERTEX
  8
GEOMETRY_LAYER_1
  70
32
  10
550609.385
  20
77453.363
  30
28.132
  0
VERTEX
  8
GEOMETRY_LAYER_1
  70
32
  10
550610.909
  20
77458.768
  30
28.239
  0
VERTEX
  8
GEOMETRY_LAYER_1
  70
32
  10
550611.571
  20
77462.891
  30
28.26
  0
VERTEX
  8
GEOMETRY_LAYER_1
  70
32
  10
550612.159
  20
77476.018
  30
28.52
  0
VERTEX
  8
GEOMETRY_LAYER_1
  70
32
  10
550614.269
  20
77480.210
  30
28.753
  0
VERTEX
  8
GEOMETRY_LAYER_1
  70
32
  10
550613.545
  20
77484.071
  30
28.619
  0
VERTEX
  8
GEOMETRY_LAYER_1
  70
32
  10
550613.133
  20
77492.172
  30
29.213
  0
VERTEX
  8
GEOMETRY_LAYER_1
  70
32
  10
550613.847
  20
77501.568
  30
29.845
  0
VERTEX
  8
GEOMETRY_LAYER_1
  70
32
  10
550614.772
  20
77510.230
  30
30.065
  0
VERTEX
  8
GEOMETRY_LAYER_1
  70
32
  10
550617.133
  20
77519.054
  30
30.358
  0
VERTEX
  8
GEOMETRY_LAYER_1
  70
32
  10
550613.594
  20
77524.318
  30
30.549
  0
VERTEX
  8
GEOMETRY_LAYER_1
  70
32
  10
550612.265
  20
77534.398
  30
30.459
  0
VERTEX
  8
GEOMETRY_LAYER_1
  70
32
  10
550613.015
  20
77544.105
  30
30.307
  0
VERTEX
  8
GEOMETRY_LAYER_1
  70
32
  10
550614.804
  20
77552.544
  30
30.049
  0
VERTEX
  8
GEOMETRY_LAYER_1
  70
32
  10
550616.853
  20
77561.802
  30
29.832
  0
VERTEX
  8
GEOMETRY_LAYER_1
  70
32
  10
550617.819
  20
77568.023
  30
29.903
  0
VERTEX
  8
GEOMETRY_LAYER_1
  70
32
  10
550618.990
  20
77577.327
  30
29.588
  0
VERTEX
  8
GEOMETRY_LAYER_1
  70
32
  10
550622.222
  20
77587.639
  30
29.138
  0
VERTEX
  8
GEOMETRY_LAYER_1
  70
32
  10
550646.184
  20
77590.881
  30
28.711
  0
VERTEX
  8
GEOMETRY_LAYER_1
  70
32
  10
550661.054
  20
77583.445
  30
29.529
  0
VERTEX
  8
GEOMETRY_LAYER_1
  70
32
  10
550662.693
  20
77562.142
  30
29.636
  0
VERTEX
  8
GEOMETRY_LAYER_1
  70
32
  10
550662.185
  20
77560.149
  30
29.545
  0
VERTEX
  8
GEOMETRY_LAYER_1
  70
32
  10
550661.448
  20
77552.858
  30
29.569
  0
VERTEX
  8
GEOMETRY_LAYER_1
  70
32
  10
550660.159
  20
77543.746
  30
29.735
  0
VERTEX
  8
GEOMETRY_LAYER_1
  70
32
  10
550658.719
  20
77536.096
  30
29.903
  0
VERTEX
  8
GEOMETRY_LAYER_1
  70
32
  10
550657.575
  20
77526.105
  30
30.036
  0
VERTEX
  8
GEOMETRY_LAYER_1
  70
32
  10
550656.317
  20
77517.071
  30
30.183
  0
VERTEX
  8
GEOMETRY_LAYER_1
  70
32
  10
550655.313
  20
77509.118
  30
30.043
  0
VERTEX
  8
GEOMETRY_LAYER_1
  70
32
  10
550656.394
  20
77501.537
  30
29.354
  0
VERTEX
  8
GEOMETRY_LAYER_1
  70
32
  10
550653.880
  20
77491.686
  30
28.846
  0
VERTEX
  8
GEOMETRY_LAYER_1
  70
32
  10
550652.173
  20
77489.739
  30
28.775
  0
VERTEX
  8
GEOMETRY_LAYER_1
  70
32
  10
550652.264
  20
77488.331
  30
28.777
  0
VERTEX
  8
GEOMETRY_LAYER_1
  70
32
  10
550666.681
  20
77477.854
  30
24.772
  0
VERTEX
  8
GEOMETRY_LAYER_1
  70
32
  10
550669.938
  20
77478.302
  30
25.145
  0
VERTEX
  8
GEOMETRY_LAYER_1
  70
32
  10
550679.063
  20
77475.887
  30
24.62
  0
VERTEX
  8
GEOMETRY_LAYER_1
  70
32
  10
550679.319
  20
77467.432
  30
24.209
  0
VERTEX
  8
GEOMETRY_LAYER_1
  70
32
  10
550678.270
  20
77457.906
  30
24.011
  0
VERTEX
  8
GEOMETRY_LAYER_1
  70
32
  10
550678.222
  20
77456.651
  30
24.152
  0
VERTEX
  8
GEOMETRY_LAYER_1
  70
32
  10
550676.884
  20
77448.063
  30
23.683
  0
VERTEX
  8
GEOMETRY_LAYER_1
  70
32
  10
550675.201
  20
77439.235
  30
23.304
  0
VERTEX
  8
GEOMETRY_LAYER_1
  70
32
  10
550674.091
  20
77419.671
  30
22.486
  0
SEQEND
  8
GEOMETRY_LAYER_1
  0
POLYLINE
  8
GEOMETRY_LAYER_1
  70
8
  66
1
 62
234
 39
1
  0
VERTEX
  8
GEOMETRY_LAYER_1
  70
32
  10
550486.245
  20
76503.546
  30
71.252
  0
VERTEX
  8
GEOMETRY_LAYER_1
  70
32
  10
550479.379
  20
76509.463
  30
72.369
  0
VERTEX
  8
GEOMETRY_LAYER_1
  70
32
  10
550473.076
  20
76507.786
  30
71.319
  0
VERTEX
  8
GEOMETRY_LAYER_1
  70
32
  10
550466.546
  20
76506.151
  30
70.965
  0
VERTEX
  8
GEOMETRY_LAYER_1
  70
32
  10
550461.660
  20
76503.754
  30
70.81
  0
VERTEX
  8
GEOMETRY_LAYER_1
  70
32
  10
550452.099
  20
76499.315
  30
69.471
  0
VERTEX
  8
GEOMETRY_LAYER_1
  70
32
  10
550443.881
  20
76498.345
  30
68.53
  0
VERTEX
  8
GEOMETRY_LAYER_1
  70
32
  10
550436.044
  20
76496.412
  30
67.635
  0
VERTEX
  8
GEOMETRY_LAYER_1
  70
32
  10
550429.920
  20
76493.127
  30
67.26
  0
VERTEX
  8
GEOMETRY_LAYER_1
  70
32
  10
550425.772
  20
76491.956
  30
66.973
  0
VERTEX
  8
GEOMETRY_LAYER_1
  70
32
  10
550417.227
  20
76493.387
  30
67.006
  0
VERTEX
  8
GEOMETRY_LAYER_1
  70
32
  10
550412.251
  20
76491.196
  30
66.812
  0
VERTEX
  8
GEOMETRY_LAYER_1
  70
32
  10
550410.766
  20
76484.877
  30
66.703
  0
VERTEX
  8
GEOMETRY_LAYER_1
  70
32
  10
550409.199
  20
76479.035
  30
66.361
  0
VERTEX
  8
GEOMETRY_LAYER_1
  70
32
  10
550408.251
  20
76474.327
  30
66.255
  0
VERTEX
  8
GEOMETRY_LAYER_1
  70
32
  10
550406.675
  20
76466.698
  30
65.946
  0
VERTEX
  8
GEOMETRY_LAYER_1
  70
32
  10
550405.069
  20
76460.537
  30
66.115
  0
VERTEX
  8
GEOMETRY_LAYER_1
  70
32
  10
550403.372
  20
76454.563
  30
65.943
  0
VERTEX
  8
GEOMETRY_LAYER_1
  70
32
  10
550401.560
  20
76447.586
  30
65.587
  0
VERTEX
  8
GEOMETRY_LAYER_1
  70
32
  10
550400.486
  20
76440.132
  30
64.806
  0
VERTEX
  8
GEOMETRY_LAYER_1
  70
32
  10
550398.560
  20
76432.564
  30
64.566
  0
VERTEX
  8
GEOMETRY_LAYER_1
  70
32
  10
550396.235
  20
76423.160
  30
64.201
  0
VERTEX
  8
GEOMETRY_LAYER_1
  70
32
  10
550394.215
  20
76415.417
  30
64.113
  0
VERTEX
  8
GEOMETRY_LAYER_1
  70
32
  10
550392.255
  20
76406.292
  30
63.945
  0
VERTEX
  8
GEOMETRY_LAYER_1
  70
32
  10
550390.420
  20
76398.972
  30
63.683
  0
VERTEX
  8
GEOMETRY_LAYER_1
  70
32
  10
550388.327
  20
76388.588
  30
63.67
  0
VERTEX
  8
GEOMETRY_LAYER_1
  70
32
  10
550387.900
  20
76381.208
  30
64.121
  0
VERTEX
  8
GEOMETRY_LAYER_1
  70
32
  10
550395.661
  20
76375.613
  30
64.245
  0
VERTEX
  8
GEOMETRY_LAYER_1
  70
32
  10
550403.035
  20
76378.936
  30
64.526
  0
VERTEX
  8
GEOMETRY_LAYER_1
  70
32
  10
550412.826
  20
76381.124
  30
64.359
  0
VERTEX
  8
GEOMETRY_LAYER_1
  70
32
  10
550422.089
  20
76380.840
  30
64.53
  0
VERTEX
  8
GEOMETRY_LAYER_1
  70
32
  10
550426.490
  20
76379.776
  30
64.282
  0
VERTEX
  8
GEOMETRY_LAYER_1
  70
32
  10
550432.131
  20
76380.096
  30
64.118
  0
VERTEX
  8
GEOMETRY_LAYER_1
  70
32
  10
550440.325
  20
76382.351
  30
63.96
  0
VERTEX
  8
GEOMETRY_LAYER_1
  70
32
  10
550451.638
  20
76383.106
  30
63.857
  0
VERTEX
  8
GEOMETRY_LAYER_1
  70
32
  10
550459.929
  20
76385.247
  30
63.769
  0
VERTEX
  8
GEOMETRY_LAYER_1
  70
32
  10
550461.505
  20
76390.721
  30
64.011
  0
VERTEX
  8
GEOMETRY_LAYER_1
  70
32
  10
550467.703
  20
76400.391
  30
65.412
  0
VERTEX
  8
GEOMETRY_LAYER_1
  70
32
  10
550477.121
  20
76401.836
  30
65.913
  0
VERTEX
  8
GEOMETRY_LAYER_1
  70
32
  10
550478.495
  20
76409.666
  30
65.889
  0
VERTEX
  8
GEOMETRY_LAYER_1
  70
32
  10
550480.699
  20
76419.311
  30
66.216
  0
VERTEX
  8
GEOMETRY_LAYER_1
  70
32
  10
550482.475
  20
76428.725
  30
66.608
  0
VERTEX
  8
GEOMETRY_LAYER_1
  70
32
  10
550484.731
  20
76438.529
  30
66.722
  0
VERTEX
  8
GEOMETRY_LAYER_1
  70
32
  10
550485.599
  20
76445.832
  30
66.173
  0
VERTEX
  8
GEOMETRY_LAYER_1
  70
32
  10
550489.000
  20
76459.673
  30
66.509
  0
VERTEX
  8
GEOMETRY_LAYER_1
  70
32
  10
550489.801
  20
76466.664
  30
67.766
  0
VERTEX
  8
GEOMETRY_LAYER_1
  70
32
  10
550490.507
  20
76469.689
  30
68.318
  0
VERTEX
  8
GEOMETRY_LAYER_1
  70
32
  10
550491.597
  20
76476.944
  30
69.168
  0
VERTEX
  8
GEOMETRY_LAYER_1
  70
32
  10
550494.373
  20
76490.120
  30
69.831
  0
VERTEX
  8
GEOMETRY_LAYER_1
  70
32
  10
550495.094
  20
76494.169
  30
70.292
  0
VERTEX
  8
GEOMETRY_LAYER_1
  70
32
  10
550493.760
  20
76499.687
  30
70.83
  0
VERTEX
  8
GEOMETRY_LAYER_1
  70
32
  10
550486.245
  20
76503.546
  30
71.252
  0
SEQEND
  8
GEOMETRY_LAYER_1
  0
POLYLINE
  8
GEOMETRY_LAYER_1
  70
8
  66
1
 62
234
 39
1
  0
VERTEX
  8
GEOMETRY_LAYER_1
  70
32
  10
550480.340
  20
76513.650
  30
72.369
  0
VERTEX
  8
GEOMETRY_LAYER_1
  70
32
  10
550472.126
  20
76511.465
  30
71.319
  0
VERTEX
  8
GEOMETRY_LAYER_1
  70
32
  10
550465.233
  20
76509.739
  30
70.965
  0
VERTEX
  8
GEOMETRY_LAYER_1
  70
32
  10
550460.022
  20
76507.183
  30
70.81
  0
VERTEX
  8
GEOMETRY_LAYER_1
  70
32
  10
550451.050
  20
76503.018
  30
69.471
  0
VERTEX
  8
GEOMETRY_LAYER_1
  70
32
  10
550443.201
  20
76502.091
  30
68.53
  0
VERTEX
  8
GEOMETRY_LAYER_1
  70
32
  10
550434.669
  20
76499.986
  30
67.635
  0
VERTEX
  8
GEOMETRY_LAYER_1
  70
32
  10
550428.489
  20
76496.672
  30
67.26
  0
VERTEX
  8
GEOMETRY_LAYER_1
  70
32
  10
550425.559
  20
76495.844
  30
66.973
  0
VERTEX
  8
GEOMETRY_LAYER_1
  70
32
  10
550416.735
  20
76497.321
  30
67.006
  0
VERTEX
  8
GEOMETRY_LAYER_1
  70
32
  10
550408.985
  20
76493.911
  30
66.812
  0
VERTEX
  8
GEOMETRY_LAYER_1
  70
32
  10
550407.081
  20
76485.804
  30
66.703
  0
VERTEX
  8
GEOMETRY_LAYER_1
  70
32
  10
550405.498
  20
76479.903
  30
66.361
  0
VERTEX
  8
GEOMETRY_LAYER_1
  70
32
  10
550404.528
  20
76475.087
  30
66.255
  0
VERTEX
  8
GEOMETRY_LAYER_1
  70
32
  10
550402.973
  20
76467.562
  30
65.946
  0
VERTEX
  8
GEOMETRY_LAYER_1
  70
32
  10
550401.402
  20
76461.536
  30
66.115
  0
VERTEX
  8
GEOMETRY_LAYER_1
  70
32
  10
550399.704
  20
76455.560
  30
65.943
  0
VERTEX
  8
GEOMETRY_LAYER_1
  70
32
  10
550397.829
  20
76448.337
  30
65.587
  0
VERTEX
  8
GEOMETRY_LAYER_1
  70
32
  10
550396.753
  20
76440.873
  30
64.806
  0
VERTEX
  8
GEOMETRY_LAYER_1
  70
32
  10
550394.874
  20
76433.489
  30
64.566
  0
VERTEX
  8
GEOMETRY_LAYER_1
  70
32
  10
550392.552
  20
76424.096
  30
64.201
  0
VERTEX
  8
GEOMETRY_LAYER_1
  70
32
  10
550390.517
  20
76416.296
  30
64.113
  0
VERTEX
  8
GEOMETRY_LAYER_1
  70
32
  10
550388.553
  20
76407.153
  30
63.945
  0
VERTEX
  8
GEOMETRY_LAYER_1
  70
32
  10
550386.713
  20
76399.809
  30
63.683
  0
VERTEX
  8
GEOMETRY_LAYER_1
  70
32
  10
550384.549
  20
76389.075
  30
63.67
  0
VERTEX
  8
GEOMETRY_LAYER_1
  70
32
  10
550383.985
  20
76379.345
  30
64.121
  0
VERTEX
  8
GEOMETRY_LAYER_1
  70
32
  10
550395.221
  20
76371.247
  30
64.245
  0
VERTEX
  8
GEOMETRY_LAYER_1
  70
32
  10
550404.242
  20
76375.312
  30
64.526
  0
VERTEX
  8
GEOMETRY_LAYER_1
  70
32
  10
550413.188
  20
76377.311
  30
64.359
  0
VERTEX
  8
GEOMETRY_LAYER_1
  70
32
  10
550421.579
  20
76377.054
  30
64.53
  0
VERTEX
  8
GEOMETRY_LAYER_1
  70
32
  10
550426.144
  20
76375.951
  30
64.282
  0
VERTEX
  8
GEOMETRY_LAYER_1
  70
32
  10
550432.750
  20
76376.325
  30
64.118
  0
VERTEX
  8
GEOMETRY_LAYER_1
  70
32
  10
550440.962
  20
76378.586
  30
63.96
  0
VERTEX
  8
GEOMETRY_LAYER_1
  70
32
  10
550452.244
  20
76379.338
  30
63.857
  0
VERTEX
  8
GEOMETRY_LAYER_1
  70
32
  10
550462.980
  20
76382.109
  30
63.769
  0
VERTEX
  8
GEOMETRY_LAYER_1
  70
32
  10
550465.003
  20
76389.137
  30
64.011
  0
VERTEX
  8
GEOMETRY_LAYER_1
  70
32
  10
550469.976
  20
76396.895
  30
65.412
  0
VERTEX
  8
GEOMETRY_LAYER_1
  70
32
  10
550480.392
  20
76398.493
  30
65.913
  0
VERTEX
  8
GEOMETRY_LAYER_1
  70
32
  10
550482.221
  20
76408.913
  30
65.889
  0
VERTEX
  8
GEOMETRY_LAYER_1
  70
32
  10
550484.419
  20
76418.536
  30
66.216
  0
VERTEX
  8
GEOMETRY_LAYER_1
  70
32
  10
550486.195
  20
76427.946
  30
66.608
  0
VERTEX
  8
GEOMETRY_LAYER_1
  70
32
  10
550488.481
  20
76437.878
  30
66.722
  0
VERTEX
  8
GEOMETRY_LAYER_1
  70
32
  10
550489.345
  20
76445.151
  30
66.173
  0
VERTEX
  8
GEOMETRY_LAYER_1
  70
32
  10
550492.748
  20
76459.001
  30
66.509
  0
VERTEX
  8
GEOMETRY_LAYER_1
  70
32
  10
550493.552
  20
76466.014
  30
67.766
  0
VERTEX
  8
GEOMETRY_LAYER_1
  70
32
  10
550494.242
  20
76468.975
  30
68.318
  0
VERTEX
  8
GEOMETRY_LAYER_1
  70
32
  10
550495.338
  20
76476.269
  30
69.168
  0
VERTEX
  8
GEOMETRY_LAYER_1
  70
32
  10
550498.104
  20
76489.394
  30
69.831
  0
VERTEX
  8
GEOMETRY_LAYER_1
  70
32
  10
550499.211
  20
76501.075
  30
70.292
  0
VERTEX
  8
GEOMETRY_LAYER_1
  70
32
  10
550480.340
  20
76513.650
  30
72.369
  0
SEQEND
  8
GEOMETRY_LAYER_1
  0
POLYLINE
  8
GEOMETRY_LAYER_1
  70
8
  66
1
 62
234
 39
1
  0
VERTEX
  8
GEOMETRY_LAYER_1
  70
32
  10
550942.490
  20
76940.811
  30
7.438
  0
VERTEX
  8
GEOMETRY_LAYER_1
  70
32
  10
550943.176
  20
76931.781
  30
7.069
  0
VERTEX
  8
GEOMETRY_LAYER_1
  70
32
  10
550940.836
  20
76923.325
  30
7.53
  0
VERTEX
  8
GEOMETRY_LAYER_1
  70
32
  10
550937.185
  20
76913.477
  30
7.653
  0
VERTEX
  8
GEOMETRY_LAYER_1
  70
32
  10
550934.964
  20
76904.969
  30
7.866
  0
VERTEX
  8
GEOMETRY_LAYER_1
  70
32
  10
550933.041
  20
76897.873
  30
8.374
  0
VERTEX
  8
GEOMETRY_LAYER_1
  70
32
  10
550930.486
  20
76891.642
  30
8.705
  0
VERTEX
  8
GEOMETRY_LAYER_1
  70
32
  10
550923.213
  20
76886.838
  30
11.761
  0
VERTEX
  8
GEOMETRY_LAYER_1
  70
32
  10
550922.807
  20
76879.407
  30
12.248
  0
VERTEX
  8
GEOMETRY_LAYER_1
  70
32
  10
550920.720
  20
76871.767
  30
12.499
  0
VERTEX
  8
GEOMETRY_LAYER_1
  70
32
  10
550917.809
  20
76864.477
  30
13.442
  0
VERTEX
  8
GEOMETRY_LAYER_1
  70
32
  10
550915.069
  20
76855.655
  30
15.326
  0
VERTEX
  8
GEOMETRY_LAYER_1
  70
32
  10
550911.244
  20
76847.350
  30
16.527
  0
VERTEX
  8
GEOMETRY_LAYER_1
  70
32
  10
550910.332
  20
76837.767
  30
17.363
  0
VERTEX
  8
GEOMETRY_LAYER_1
  70
32
  10
550906.872
  20
76829.332
  30
18.217
  0
VERTEX
  8
GEOMETRY_LAYER_1
  70
32
  10
550904.792
  20
76819.602
  30
18.79
  0
VERTEX
  8
GEOMETRY_LAYER_1
  70
32
  10
550904.503
  20
76810.700
  30
19
  0
VERTEX
  8
GEOMETRY_LAYER_1
  70
32
  10
550908.926
  20
76801.033
  30
19.334
  0
VERTEX
  8
GEOMETRY_LAYER_1
  70
32
  10
550909.708
  20
76793.061
  30
19.289
  0
VERTEX
  8
GEOMETRY_LAYER_1
  70
32
  10
550914.974
  20
76787.174
  30
19.367
  0
VERTEX
  8
GEOMETRY_LAYER_1
  70
32
  10
550919.757
  20
76779.592
  30
20.111
  0
VERTEX
  8
GEOMETRY_LAYER_1
  70
32
  10
550918.562
  20
76773.900
  30
20.227
  0
VERTEX
  8
GEOMETRY_LAYER_1
  70
32
  10
550922.367
  20
76766.005
  30
20.965
  0
VERTEX
  8
GEOMETRY_LAYER_1
  70
32
  10
550922.352
  20
76757.172
  30
21.16
  0
VERTEX
  8
GEOMETRY_LAYER_1
  70
32
  10
550921.257
  20
76750.637
  30
21.563
  0
VERTEX
  8
GEOMETRY_LAYER_1
  70
32
  10
550912.376
  20
76745.395
  30
21.703
  0
VERTEX
  8
GEOMETRY_LAYER_1
  70
32
  10
550905.126
  20
76742.252
  30
22.247
  0
VERTEX
  8
GEOMETRY_LAYER_1
  70
32
  10
550896.668
  20
76741.166
  30
22.369
  0
VERTEX
  8
GEOMETRY_LAYER_1
  70
32
  10
550890.139
  20
76746.448
  30
22.241
  0
VERTEX
  8
GEOMETRY_LAYER_1
  70
32
  10
550890.665
  20
76754.913
  30
21.742
  0
VERTEX
  8
GEOMETRY_LAYER_1
  70
32
  10
550886.132
  20
76760.722
  30
21.449
  0
VERTEX
  8
GEOMETRY_LAYER_1
  70
32
  10
550880.699
  20
76765.964
  30
21.33
  0
VERTEX
  8
GEOMETRY_LAYER_1
  70
32
  10
550873.053
  20
76765.152
  30
21.301
  0
VERTEX
  8
GEOMETRY_LAYER_1
  70
32
  10
550866.436
  20
76770.489
  30
21.086
  0
VERTEX
  8
GEOMETRY_LAYER_1
  70
32
  10
550873.790
  20
76775.434
  30
20.473
  0
VERTEX
  8
GEOMETRY_LAYER_1
  70
32
  10
550875.548
  20
76783.021
  30
19.647
  0
VERTEX
  8
GEOMETRY_LAYER_1
  70
32
  10
550878.239
  20
76791.812
  30
19.035
  0
VERTEX
  8
GEOMETRY_LAYER_1
  70
32
  10
550880.120
  20
76800.906
  30
18.472
  0
VERTEX
  8
GEOMETRY_LAYER_1
  70
32
  10
550882.547
  20
76809.842
  30
18.299
  0
VERTEX
  8
GEOMETRY_LAYER_1
  70
32
  10
550884.281
  20
76818.751
  30
17.921
  0
VERTEX
  8
GEOMETRY_LAYER_1
  70
32
  10
550886.271
  20
76827.480
  30
17.298
  0
VERTEX
  8
GEOMETRY_LAYER_1
  70
32
  10
550887.926
  20
76835.836
  30
16.961
  0
VERTEX
  8
GEOMETRY_LAYER_1
  70
32
  10
550890.746
  20
76845.017
  30
16.086
  0
VERTEX
  8
GEOMETRY_LAYER_1
  70
32
  10
550893.236
  20
76854.374
  30
15.662
  0
VERTEX
  8
GEOMETRY_LAYER_1
  70
32
  10
550894.610
  20
76862.535
  30
15.047
  0
VERTEX
  8
GEOMETRY_LAYER_1
  70
32
  10
550889.809
  20
76867.482
  30
14.009
  0
VERTEX
  8
GEOMETRY_LAYER_1
  70
32
  10
550884.451
  20
76872.017
  30
13.146
  0
VERTEX
  8
GEOMETRY_LAYER_1
  70
32
  10
550878.815
  20
76878.347
  30
12.488
  0
VERTEX
  8
GEOMETRY_LAYER_1
  70
32
  10
550873.419
  20
76884.026
  30
12.207
  0
VERTEX
  8
GEOMETRY_LAYER_1
  70
32
  10
550863.676
  20
76887.615
  30
12.352
  0
VERTEX
  8
GEOMETRY_LAYER_1
  70
32
  10
550869.051
  20
76892.291
  30
12.019
  0
VERTEX
  8
GEOMETRY_LAYER_1
  70
32
  10
550870.237
  20
76900.578
  30
11.122
  0
VERTEX
  8
GEOMETRY_LAYER_1
  70
32
  10
550871.218
  20
76906.297
  30
10.558
  0
VERTEX
  8
GEOMETRY_LAYER_1
  70
32
  10
550874.339
  20
76915.726
  30
9.632
  0
VERTEX
  8
GEOMETRY_LAYER_1
  70
32
  10
550875.393
  20
76925.185
  30
9.642
  0
VERTEX
  8
GEOMETRY_LAYER_1
  70
32
  10
550878.014
  20
76933.944
  30
9.746
  0
VERTEX
  8
GEOMETRY_LAYER_1
  70
32
  10
550878.957
  20
76940.035
  30
10.03
  0
VERTEX
  8
GEOMETRY_LAYER_1
  70
32
  10
550881.911
  20
76951.489
  30
9.394
  0
VERTEX
  8
GEOMETRY_LAYER_1
  70
32
  10
550884.532
  20
76958.865
  30
8.906
  0
VERTEX
  8
GEOMETRY_LAYER_1
  70
32
  10
550886.661
  20
76966.465
  30
8.707
  0
VERTEX
  8
GEOMETRY_LAYER_1
  70
32
  10
550891.704
  20
76971.972
  30
8.538
  0
VERTEX
  8
GEOMETRY_LAYER_1
  70
32
  10
550896.969
  20
76985.810
  30
8.461
  0
VERTEX
  8
GEOMETRY_LAYER_1
  70
32
  10
550894.954
  20
76993.073
  30
8.402
  0
VERTEX
  8
GEOMETRY_LAYER_1
  70
32
  10
550897.710
  20
76995.889
  30
8.565
  0
VERTEX
  8
GEOMETRY_LAYER_1
  70
32
  10
550900.943
  20
77005.308
  30
8.86
  0
VERTEX
  8
GEOMETRY_LAYER_1
  70
32
  10
550903.266
  20
77013.764
  30
8.91
  0
VERTEX
  8
GEOMETRY_LAYER_1
  70
32
  10
550910.574
  20
77014.542
  30
8.676
  0
VERTEX
  8
GEOMETRY_LAYER_1
  70
32
  10
550931.723
  20
77016.396
  30
7.148
  0
VERTEX
  8
GEOMETRY_LAYER_1
  70
32
  10
550939.258
  20
77016.729
  30
7.404
  0
VERTEX
  8
GEOMETRY_LAYER_1
  70
32
  10
550945.510
  20
77014.683
  30
7.421
  0
VERTEX
  8
GEOMETRY_LAYER_1
  70
32
  10
550948.322
  20
77014.715
  30
7.573
  0
VERTEX
  8
GEOMETRY_LAYER_1
  70
32
  10
550949.633
  20
77007.773
  30
7.688
  0
VERTEX
  8
GEOMETRY_LAYER_1
  70
32
  10
550948.286
  20
76998.750
  30
7.718
  0
VERTEX
  8
GEOMETRY_LAYER_1
  70
32
  10
550946.791
  20
76988.957
  30
7.064
  0
VERTEX
  8
GEOMETRY_LAYER_1
  70
32
  10
550946.021
  20
76981.799
  30
7.845
  0
VERTEX
  8
GEOMETRY_LAYER_1
  70
32
  10
550947.822
  20
76977.765
  30
8.649
  0
VERTEX
  8
GEOMETRY_LAYER_1
  70
32
  10
550945.886
  20
76968.856
  30
8.373
  0
VERTEX
  8
GEOMETRY_LAYER_1
  70
32
  10
550945.538
  20
76959.797
  30
8.29
  0
VERTEX
  8
GEOMETRY_LAYER_1
  70
32
  10
550943.899
  20
76950.333
  30
7.915
  0
VERTEX
  8
GEOMETRY_LAYER_1
  70
32
  10
550942.490
  20
76940.811
  30
7.438
  0
SEQEND
  8
GEOMETRY_LAYER_1
  0
POLYLINE
  8
GEOMETRY_LAYER_1
  70
8
  66
1
 62
234
 39
1
  0
VERTEX
  8
GEOMETRY_LAYER_1
  70
32
  10
550945.980
  20
76941.077
  30
7.438
  0
VERTEX
  8
GEOMETRY_LAYER_1
  70
32
  10
550946.712
  20
76931.437
  30
7.069
  0
VERTEX
  8
GEOMETRY_LAYER_1
  70
32
  10
550944.169
  20
76922.248
  30
7.53
  0
VERTEX
  8
GEOMETRY_LAYER_1
  70
32
  10
550940.528
  20
76912.425
  30
7.653
  0
VERTEX
  8
GEOMETRY_LAYER_1
  70
32
  10
550938.347
  20
76904.069
  30
7.866
  0
VERTEX
  8
GEOMETRY_LAYER_1
  70
32
  10
550936.363
  20
76896.747
  30
8.374
  0
VERTEX
  8
GEOMETRY_LAYER_1
  70
32
  10
550933.315
  20
76889.315
  30
8.705
  0
VERTEX
  8
GEOMETRY_LAYER_1
  70
32
  10
550926.612
  20
76884.889
  30
11.761
  0
VERTEX
  8
GEOMETRY_LAYER_1
  70
32
  10
550926.282
  20
76878.845
  30
12.248
  0
VERTEX
  8
GEOMETRY_LAYER_1
  70
32
  10
550924.044
  20
76870.653
  30
12.499
  0
VERTEX
  8
GEOMETRY_LAYER_1
  70
32
  10
550921.111
  20
76863.308
  30
13.442
  0
VERTEX
  8
GEOMETRY_LAYER_1
  70
32
  10
550918.343
  20
76854.398
  30
15.326
  0
VERTEX
  8
GEOMETRY_LAYER_1
  70
32
  10
550914.671
  20
76846.427
  30
16.527
  0
VERTEX
  8
GEOMETRY_LAYER_1
  70
32
  10
550913.767
  20
76836.919
  30
17.363
  0
VERTEX
  8
GEOMETRY_LAYER_1
  70
32
  10
550910.229
  20
76828.294
  30
18.217
  0
VERTEX
  8
GEOMETRY_LAYER_1
  70
32
  10
550908.281
  20
76819.177
  30
18.79
  0
VERTEX
  8
GEOMETRY_LAYER_1
  70
32
  10
550908.028
  20
76811.408
  30
19
  0
VERTEX
  8
GEOMETRY_LAYER_1
  70
32
  10
550912.352
  20
76801.957
  30
19.334
  0
VERTEX
  8
GEOMETRY_LAYER_1
  70
32
  10
550913.080
  20
76794.542
  30
19.289
  0
VERTEX
  8
GEOMETRY_LAYER_1
  70
32
  10
550917.778
  20
76789.289
  30
19.367
  0
VERTEX
  8
GEOMETRY_LAYER_1
  70
32
  10
550923.474
  20
76780.260
  30
20.111
  0
VERTEX
  8
GEOMETRY_LAYER_1
  70
32
  10
550922.232
  20
76774.347
  30
20.227
  0
VERTEX
  8
GEOMETRY_LAYER_1
  70
32
  10
550925.868
  20
76766.802
  30
20.965
  0
VERTEX
  8
GEOMETRY_LAYER_1
  70
32
  10
550925.851
  20
76756.878
  30
21.16
  0
VERTEX
  8
GEOMETRY_LAYER_1
  70
32
  10
550924.440
  20
76748.451
  30
21.563
  0
VERTEX
  8
GEOMETRY_LAYER_1
  70
32
  10
550913.968
  20
76742.270
  30
21.703
  0
VERTEX
  8
GEOMETRY_LAYER_1
  70
32
  10
550906.063
  20
76738.844
  30
22.247
  0
VERTEX
  8
GEOMETRY_LAYER_1
  70
32
  10
550895.630
  20
76737.504
  30
22.369
  0
VERTEX
  8
GEOMETRY_LAYER_1
  70
32
  10
550886.534
  20
76744.863
  30
22.241
  0
VERTEX
  8
GEOMETRY_LAYER_1
  70
32
  10
550887.089
  20
76753.806
  30
21.742
  0
VERTEX
  8
GEOMETRY_LAYER_1
  70
32
  10
550883.525
  20
76758.374
  30
21.449
  0
VERTEX
  8
GEOMETRY_LAYER_1
  70
32
  10
550879.444
  20
76762.311
  30
21.33
  0
VERTEX
  8
GEOMETRY_LAYER_1
  70
32
  10
550871.983
  20
76761.519
  30
21.301
  0
VERTEX
  8
GEOMETRY_LAYER_1
  70
32
  10
550860.544
  20
76770.745
  30
21.086
  0
VERTEX
  8
GEOMETRY_LAYER_1
  70
32
  10
550870.692
  20
76777.569
  30
20.473
  0
VERTEX
  8
GEOMETRY_LAYER_1
  70
32
  10
550872.166
  20
76783.930
  30
19.647
  0
VERTEX
  8
GEOMETRY_LAYER_1
  70
32
  10
550874.844
  20
76792.681
  30
19.035
  0
VERTEX
  8
GEOMETRY_LAYER_1
  70
32
  10
550876.714
  20
76801.721
  30
18.472
  0
VERTEX
  8
GEOMETRY_LAYER_1
  70
32
  10
550879.136
  20
76810.636
  30
18.299
  0
VERTEX
  8
GEOMETRY_LAYER_1
  70
32
  10
550880.856
  20
76819.475
  30
17.921
  0
VERTEX
  8
GEOMETRY_LAYER_1
  70
32
  10
550882.847
  20
76828.210
  30
17.298
  0
VERTEX
  8
GEOMETRY_LAYER_1
  70
32
  10
550884.528
  20
76836.692
  30
16.961
  0
VERTEX
  8
GEOMETRY_LAYER_1
  70
32
  10
550887.380
  20
76845.980
  30
16.086
  0
VERTEX
  8
GEOMETRY_LAYER_1
  70
32
  10
550889.812
  20
76855.116
  30
15.662
  0
VERTEX
  8
GEOMETRY_LAYER_1
  70
32
  10
550890.865
  20
76861.369
  30
15.047
  0
VERTEX
  8
GEOMETRY_LAYER_1
  70
32
  10
550887.417
  20
76864.922
  30
14.009
  0
VERTEX
  8
GEOMETRY_LAYER_1
  70
32
  10
550882.001
  20
76869.505
  30
13.146
  0
VERTEX
  8
GEOMETRY_LAYER_1
  70
32
  10
550876.239
  20
76875.977
  30
12.488
  0
VERTEX
  8
GEOMETRY_LAYER_1
  70
32
  10
550871.444
  20
76881.024
  30
12.207
  0
VERTEX
  8
GEOMETRY_LAYER_1
  70
32
  10
550856.917
  20
76886.375
  30
12.352
  0
VERTEX
  8
GEOMETRY_LAYER_1
  70
32
  10
550865.771
  20
76894.076
  30
12.019
  0
VERTEX
  8
GEOMETRY_LAYER_1
  70
32
  10
550866.779
  20
76901.122
  30
11.122
  0
VERTEX
  8
GEOMETRY_LAYER_1
  70
32
  10
550867.813
  20
76907.147
  30
10.558
  0
VERTEX
  8
GEOMETRY_LAYER_1
  70
32
  10
550870.902
  20
76916.478
  30
9.632
  0
VERTEX
  8
GEOMETRY_LAYER_1
  70
32
  10
550871.950
  20
76925.887
  30
9.642
  0
VERTEX
  8
GEOMETRY_LAYER_1
  70
32
  10
550874.592
  20
76934.718
  30
9.746
  0
VERTEX
  8
GEOMETRY_LAYER_1
  70
32
  10
550875.525
  20
76940.741
  30
10.03
  0
VERTEX
  8
GEOMETRY_LAYER_1
  70
32
  10
550878.560
  20
76952.515
  30
9.394
  0
VERTEX
  8
GEOMETRY_LAYER_1
  70
32
  10
550881.194
  20
76959.925
  30
8.906
  0
VERTEX
  8
GEOMETRY_LAYER_1
  70
32
  10
550883.515
  20
76968.213
  30
8.707
  0
VERTEX
  8
GEOMETRY_LAYER_1
  70
32
  10
550888.670
  20
76973.842
  30
8.538
  0
VERTEX
  8
GEOMETRY_LAYER_1
  70
32
  10
550893.289
  20
76985.981
  30
8.461
  0
VERTEX
  8
GEOMETRY_LAYER_1
  70
32
  10
550891.041
  20
76994.081
  30
8.402
  0
VERTEX
  8
GEOMETRY_LAYER_1
  70
32
  10
550894.657
  20
76997.772
  30
8.565
  0
VERTEX
  8
GEOMETRY_LAYER_1
  70
32
  10
550897.597
  20
77006.341
  30
8.86
  0
VERTEX
  8
GEOMETRY_LAYER_1
  70
32
  10
550900.523
  20
77016.991
  30
8.91
  0
VERTEX
  8
GEOMETRY_LAYER_1
  70
32
  10
550910.236
  20
77018.025
  30
8.676
  0
VERTEX
  8
GEOMETRY_LAYER_1
  70
32
  10
550931.493
  20
77019.890
  30
7.148
  0
VERTEX
  8
GEOMETRY_LAYER_1
  70
32
  10
550939.741
  20
77020.254
  30
7.404
  0
VERTEX
  8
GEOMETRY_LAYER_1
  70
32
  10
550946.049
  20
77018.189
  30
7.421
  0
VERTEX
  8
GEOMETRY_LAYER_1
  70
32
  10
550951.216
  20
77018.247
  30
7.573
  0
VERTEX
  8
GEOMETRY_LAYER_1
  70
32
  10
550953.182
  20
77007.842
  30
7.688
  0
VERTEX
  8
GEOMETRY_LAYER_1
  70
32
  10
550951.747
  20
76998.227
  30
7.718
  0
VERTEX
  8
GEOMETRY_LAYER_1
  70
32
  10
550950.263
  20
76988.506
  30
7.064
  0
VERTEX
  8
GEOMETRY_LAYER_1
  70
32
  10
550949.602
  20
76982.363
  30
7.845
  0
VERTEX
  8
GEOMETRY_LAYER_1
  70
32
  10
550951.486
  20
76978.143
  30
8.649
  0
VERTEX
  8
GEOMETRY_LAYER_1
  70
32
  10
550949.372
  20
76968.414
  30
8.373
  0
VERTEX
  8
GEOMETRY_LAYER_1
  70
32
  10
550949.026
  20
76959.430
  30
8.29
  0
VERTEX
  8
GEOMETRY_LAYER_1
  70
32
  10
550947.347
  20
76949.736
  30
7.915
  0
VERTEX
  8
GEOMETRY_LAYER_1
  70
32
  10
550945.980
  20
76941.077
  30
7.438
  0
SEQEND
  8
GEOMETRY_LAYER_1
  0
POLYLINE
  8
GEOMETRY_LAYER_1
  70
8
  66
1
 62
234
 39
1
  0
VERTEX
  8
GEOMETRY_LAYER_1
  70
32
  10
550578.537
  20
76497.207
  30
61.97
  0
VERTEX
  8
GEOMETRY_LAYER_1
  70
32
  10
550581.766
  20
76504.743
  30
61.402
  0
VERTEX
  8
GEOMETRY_LAYER_1
  70
32
  10
550583.694
  20
76514.732
  30
61.733
  0
VERTEX
  8
GEOMETRY_LAYER_1
  70
32
  10
550585.387
  20
76529.369
  30
62.223
  0
VERTEX
  8
GEOMETRY_LAYER_1
  70
32
  10
550576.261
  20
76528.320
  30
62.333
  0
VERTEX
  8
GEOMETRY_LAYER_1
  70
32
  10
550564.699
  20
76526.105
  30
62.348
  0
VERTEX
  8
GEOMETRY_LAYER_1
  70
32
  10
550562.240
  20
76517.687
  30
62.083
  0
VERTEX
  8
GEOMETRY_LAYER_1
  70
32
  10
550560.452
  20
76509.034
  30
62.068
  0
VERTEX
  8
GEOMETRY_LAYER_1
  70
32
  10
550557.605
  20
76500.986
  30
61.971
  0
VERTEX
  8
GEOMETRY_LAYER_1
  70
32
  10
550559.782
  20
76493.796
  30
61.672
  0
VERTEX
  8
GEOMETRY_LAYER_1
  70
32
  10
550558.939
  20
76487.847
  30
61.778
  0
VERTEX
  8
GEOMETRY_LAYER_1
  70
32
  10
550556.359
  20
76479.241
  30
61.798
  0
VERTEX
  8
GEOMETRY_LAYER_1
  70
32
  10
550553.571
  20
76470.356
  30
61.721
  0
VERTEX
  8
GEOMETRY_LAYER_1
  70
32
  10
550562.011
  20
76454.071
  30
61.77
  0
VERTEX
  8
GEOMETRY_LAYER_1
  70
32
  10
550567.223
  20
76465.402
  30
61.731
  0
VERTEX
  8
GEOMETRY_LAYER_1
  70
32
  10
550578.537
  20
76497.207
  30
61.97
  0
SEQEND
  8
GEOMETRY_LAYER_1
  0
POLYLINE
  8
GEOMETRY_LAYER_1
  70
8
  66
1
 62
234
 39
1
  0
VERTEX
  8
GEOMETRY_LAYER_1
  70
32
  10
550580.664
  20
76487.205
  30
61.751
  0
VERTEX
  8
GEOMETRY_LAYER_1
  70
32
  10
550581.938
  20
76496.258
  30
61.97
  0
VERTEX
  8
GEOMETRY_LAYER_1
  70
32
  10
550585.131
  20
76503.711
  30
61.402
  0
VERTEX
  8
GEOMETRY_LAYER_1
  70
32
  10
550587.156
  20
76514.199
  30
61.733
  0
VERTEX
  8
GEOMETRY_LAYER_1
  70
32
  10
550589.370
  20
76533.350
  30
62.223
  0
VERTEX
  8
GEOMETRY_LAYER_1
  70
32
  10
550575.731
  20
76531.783
  30
62.333
  0
VERTEX
  8
GEOMETRY_LAYER_1
  70
32
  10
550561.939
  20
76529.141
  30
62.348
  0
VERTEX
  8
GEOMETRY_LAYER_1
  70
32
  10
550558.841
  20
76518.533
  30
62.083
  0
VERTEX
  8
GEOMETRY_LAYER_1
  70
32
  10
550557.072
  20
76509.976
  30
62.068
  0
VERTEX
  8
GEOMETRY_LAYER_1
  70
32
  10
550553.922
  20
76501.071
  30
61.971
  0
VERTEX
  8
GEOMETRY_LAYER_1
  70
32
  10
550556.209
  20
76493.521
  30
61.672
  0
VERTEX
  8
GEOMETRY_LAYER_1
  70
32
  10
550555.511
  20
76488.599
  30
61.778
  0
VERTEX
  8
GEOMETRY_LAYER_1
  70
32
  10
550553.013
  20
76480.268
  30
61.798
  0
VERTEX
  8
GEOMETRY_LAYER_1
  70
32
  10
550549.799
  20
76470.028
  30
61.721
  0
VERTEX
  8
GEOMETRY_LAYER_1
  70
32
  10
550562.198
  20
76446.103
  30
61.77
  0
VERTEX
  8
GEOMETRY_LAYER_1
  70
32
  10
550570.369
  20
76463.866
  30
61.731
  0
VERTEX
  8
GEOMETRY_LAYER_1
  70
32
  10
550573.948
  20
76470.782
  30
61.918
  0
VERTEX
  8
GEOMETRY_LAYER_1
  70
32
  10
550580.664
  20
76487.205
  30
61.751
  0
SEQEND
  8
GEOMETRY_LAYER_1
  0
POLYLINE
  8
GEOMETRY_LAYER_1
  70
8
  66
1
 62
234
 39
1
  0
VERTEX
  8
GEOMETRY_LAYER_1
  70
32
  10
551865.243
  20
77870.577
  30
29.145
  0
VERTEX
  8
GEOMETRY_LAYER_1
  70
32
  10
551868.010
  20
77860.432
  30
29.417
  0
VERTEX
  8
GEOMETRY_LAYER_1
  70
32
  10
551873.046
  20
77843.781
  30
29.358
  0
VERTEX
  8
GEOMETRY_LAYER_1
  70
32
  10
551881.832
  20
77830.358
  30
28.891
  0
VERTEX
  8
GEOMETRY_LAYER_1
  70
32
  10
551890.673
  20
77817.365
  30
28.688
  0
VERTEX
  8
GEOMETRY_LAYER_1
  70
32
  10
551896.278
  20
77808.381
  30
28.756
  0
VERTEX
  8
GEOMETRY_LAYER_1
  70
32
  10
551904.501
  20
77793.232
  30
29.265
  0
VERTEX
  8
GEOMETRY_LAYER_1
  70
32
  10
551908.902
  20
77782.860
  30
28.459
  0
VERTEX
  8
GEOMETRY_LAYER_1
  70
32
  10
551916.435
  20
77767.402
  30
27.784
  0
VERTEX
  8
GEOMETRY_LAYER_1
  70
32
  10
551903.223
  20
77764.179
  30
27.626
  0
VERTEX
  8
GEOMETRY_LAYER_1
  70
32
  10
551899.862
  20
77768.032
  30
27.554
  0
VERTEX
  8
GEOMETRY_LAYER_1
  70
32
  10
551890.474
  20
77784.118
  30
28.128
  0
VERTEX
  8
GEOMETRY_LAYER_1
  70
32
  10
551884.494
  20
77794.685
  30
28.239
  0
VERTEX
  8
GEOMETRY_LAYER_1
  70
32
  10
551876.363
  20
77810.939
  30
28.884
  0
VERTEX
  8
GEOMETRY_LAYER_1
  70
32
  10
551861.912
  20
77825.918
  30
29.658
  0
VERTEX
  8
GEOMETRY_LAYER_1
  70
32
  10
551855.677
  20
77838.442
  30
29.572
  0
VERTEX
  8
GEOMETRY_LAYER_1
  70
32
  10
551855.677
  20
77838.442
  30
29.572
  0
VERTEX
  8
GEOMETRY_LAYER_1
  70
32
  10
551855.796
  20
77855.257
  30
29.396
  0
VERTEX
  8
GEOMETRY_LAYER_1
  70
32
  10
551853.398
  20
77873.977
  30
29.313
  0
VERTEX
  8
GEOMETRY_LAYER_1
  70
32
  10
551846.589
  20
77892.609
  30
29.198
  0
VERTEX
  8
GEOMETRY_LAYER_1
  70
32
  10
551841.124
  20
77896.405
  30
29.059
  0
VERTEX
  8
GEOMETRY_LAYER_1
  70
32
  10
551836.129
  20
77913.414
  30
29.302
  0
VERTEX
  8
GEOMETRY_LAYER_1
  70
32
  10
551832.678
  20
77923.213
  30
29.264
  0
VERTEX
  8
GEOMETRY_LAYER_1
  70
32
  10
551831.126
  20
77939.307
  30
28.932
  0
VERTEX
  8
GEOMETRY_LAYER_1
  70
32
  10
551829.792
  20
77948.020
  30
28.55
  0
VERTEX
  8
GEOMETRY_LAYER_1
  70
32
  10
551814.141
  20
77947.097
  30
29.077
  0
VERTEX
  8
GEOMETRY_LAYER_1
  70
32
  10
551813.782
  20
77953.966
  30
28.857
  0
VERTEX
  8
GEOMETRY_LAYER_1
  70
32
  10
551812.391
  20
77962.916
  30
31.004
  0
VERTEX
  8
GEOMETRY_LAYER_1
  70
32
  10
551809.404
  20
77972.426
  30
27.395
  0
VERTEX
  8
GEOMETRY_LAYER_1
  70
32
  10
551807.092
  20
77981.957
  30
27.143
  0
VERTEX
  8
GEOMETRY_LAYER_1
  70
32
  10
551811.520
  20
77989.027
  30
27.108
  0
VERTEX
  8
GEOMETRY_LAYER_1
  70
32
  10
551818.053
  20
77995.560
  30
27.028
  0
VERTEX
  8
GEOMETRY_LAYER_1
  70
32
  10
551829.779
  20
77992.496
  30
26.86
  0
VERTEX
  8
GEOMETRY_LAYER_1
  70
32
  10
551836.602
  20
77981.876
  30
27.144
  0
VERTEX
  8
GEOMETRY_LAYER_1
  70
32
  10
551841.602
  20
77964.300
  30
27.836
  0
VERTEX
  8
GEOMETRY_LAYER_1
  70
32
  10
551845.943
  20
77951.747
  30
28.69
  0
VERTEX
  8
GEOMETRY_LAYER_1
  70
32
  10
551848.242
  20
77941.610
  30
28.859
  0
VERTEX
  8
GEOMETRY_LAYER_1
  70
32
  10
551849.131
  20
77934.616
  30
29.125
  0
VERTEX
  8
GEOMETRY_LAYER_1
  70
32
  10
551852.754
  20
77917.378
  30
29.122
  0
VERTEX
  8
GEOMETRY_LAYER_1
  70
32
  10
551852.754
  20
77917.378
  30
29.122
  0
VERTEX
  8
GEOMETRY_LAYER_1
  70
32
  10
551856.708
  20
77896.915
  30
29.161
  0
VERTEX
  8
GEOMETRY_LAYER_1
  70
32
  10
551863.577
  20
77879.346
  30
29.092
  0
VERTEX
  8
GEOMETRY_LAYER_1
  70
32
  10
551865.243
  20
77870.577
  30
29.145
  0
SEQEND
  8
GEOMETRY_LAYER_1
  0
POLYLINE
  8
GEOMETRY_LAYER_1
  70
8
  66
1
 62
234
 39
1
  0
VERTEX
  8
GEOMETRY_LAYER_1
  70
32
  10
551868.619
  20
77871.498
  30
29.145
  0
VERTEX
  8
GEOMETRY_LAYER_1
  70
32
  10
551871.374
  20
77861.399
  30
29.417
  0
VERTEX
  8
GEOMETRY_LAYER_1
  70
32
  10
551876.250
  20
77845.276
  30
29.358
  0
VERTEX
  8
GEOMETRY_LAYER_1
  70
32
  10
551884.743
  20
77832.302
  30
28.891
  0
VERTEX
  8
GEOMETRY_LAYER_1
  70
32
  10
551893.606
  20
77819.276
  30
28.688
  0
VERTEX
  8
GEOMETRY_LAYER_1
  70
32
  10
551899.304
  20
77810.143
  30
28.756
  0
VERTEX
  8
GEOMETRY_LAYER_1
  70
32
  10
551907.657
  20
77794.754
  30
29.265
  0
VERTEX
  8
GEOMETRY_LAYER_1
  70
32
  10
551912.088
  20
77784.311
  30
28.459
  0
VERTEX
  8
GEOMETRY_LAYER_1
  70
32
  10
551921.483
  20
77765.032
  30
27.784
  0
VERTEX
  8
GEOMETRY_LAYER_1
  70
32
  10
551901.984
  20
77760.273
  30
27.626
  0
VERTEX
  8
GEOMETRY_LAYER_1
  70
32
  10
551897.006
  20
77765.981
  30
27.554
  0
VERTEX
  8
GEOMETRY_LAYER_1
  70
32
  10
551887.439
  20
77782.374
  30
28.128
  0
VERTEX
  8
GEOMETRY_LAYER_1
  70
32
  10
551881.404
  20
77793.040
  30
28.239
  0
VERTEX
  8
GEOMETRY_LAYER_1
  70
32
  10
551873.473
  20
77808.895
  30
28.884
  0
VERTEX
  8
GEOMETRY_LAYER_1
  70
32
  10
551859.019
  20
77823.876
  30
29.658
  0
VERTEX
  8
GEOMETRY_LAYER_1
  70
32
  10
551850.026
  20
77841.942
  30
29.572
  0
VERTEX
  8
GEOMETRY_LAYER_1
  70
32
  10
551852.294
  20
77855.046
  30
29.396
  0
VERTEX
  8
GEOMETRY_LAYER_1
  70
32
  10
551849.976
  20
77873.144
  30
29.313
  0
VERTEX
  8
GEOMETRY_LAYER_1
  70
32
  10
551843.683
  20
77890.367
  30
29.198
  0
VERTEX
  8
GEOMETRY_LAYER_1
  70
32
  10
551838.114
  20
77894.234
  30
29.059
  0
VERTEX
  8
GEOMETRY_LAYER_1
  70
32
  10
551832.797
  20
77912.339
  30
29.302
  0
VERTEX
  8
GEOMETRY_LAYER_1
  70
32
  10
551829.236
  20
77922.453
  30
29.264
  0
VERTEX
  8
GEOMETRY_LAYER_1
  70
32
  10
551827.652
  20
77938.874
  30
28.932
  0
VERTEX
  8
GEOMETRY_LAYER_1
  70
32
  10
551826.815
  20
77944.339
  30
28.55
  0
VERTEX
  8
GEOMETRY_LAYER_1
  70
32
  10
551810.830
  20
77943.396
  30
29.077
  0
VERTEX
  8
GEOMETRY_LAYER_1
  70
32
  10
551810.297
  20
77953.605
  30
28.857
  0
VERTEX
  8
GEOMETRY_LAYER_1
  70
32
  10
551808.973
  20
77962.118
  30
31.004
  0
VERTEX
  8
GEOMETRY_LAYER_1
  70
32
  10
551806.030
  20
77971.487
  30
27.395
  0
VERTEX
  8
GEOMETRY_LAYER_1
  70
32
  10
551803.343
  20
77982.565
  30
27.143
  0
VERTEX
  8
GEOMETRY_LAYER_1
  70
32
  10
551808.764
  20
77991.221
  30
27.108
  0
VERTEX
  8
GEOMETRY_LAYER_1
  70
32
  10
551816.997
  20
77999.454
  30
27.028
  0
VERTEX
  8
GEOMETRY_LAYER_1
  70
32
  10
551831.985
  20
77995.537
  30
26.86
  0
VERTEX
  8
GEOMETRY_LAYER_1
  70
32
  10
551839.827
  20
77983.332
  30
27.144
  0
VERTEX
  8
GEOMETRY_LAYER_1
  70
32
  10
551844.942
  20
77965.351
  30
27.836
  0
VERTEX
  8
GEOMETRY_LAYER_1
  70
32
  10
551849.314
  20
77952.709
  30
28.69
  0
VERTEX
  8
GEOMETRY_LAYER_1
  70
32
  10
551851.692
  20
77942.220
  30
28.859
  0
VERTEX
  8
GEOMETRY_LAYER_1
  70
32
  10
551852.586
  20
77935.198
  30
29.125
  0
VERTEX
  8
GEOMETRY_LAYER_1
  70
32
  10
551856.995
  20
77913.878
  30
29.122
  0
VERTEX
  8
GEOMETRY_LAYER_1
  70
32
  10
551860.084
  20
77897.891
  30
29.161
  0
VERTEX
  8
GEOMETRY_LAYER_1
  70
32
  10
551866.836
  20
77880.621
  30
29.092
  0
VERTEX
  8
GEOMETRY_LAYER_1
  70
32
  10
551868.619
  20
77871.498
  30
29.145
  0
SEQEND
  8
GEOMETRY_LAYER_1
  0
POLYLINE
  8
GEOMETRY_LAYER_1
  70
8
  66
1
 62
234
 39
1
  0
VERTEX
  8
GEOMETRY_LAYER_1
  70
32
  10
550814.158
  20
77604.400
  30
18.925
  0
VERTEX
  8
GEOMETRY_LAYER_1
  70
32
  10
550817.561
  20
77614.118
  30
19.142
  0
VERTEX
  8
GEOMETRY_LAYER_1
  70
32
  10
550815.059
  20
77619.809
  30
19.375
  0
VERTEX
  8
GEOMETRY_LAYER_1
  70
32
  10
550817.376
  20
77627.671
  30
19.527
  0
VERTEX
  8
GEOMETRY_LAYER_1
  70
32
  10
550819.847
  20
77636.410
  30
19.749
  0
VERTEX
  8
GEOMETRY_LAYER_1
  70
32
  10
550822.300
  20
77645.931
  30
20.292
  0
VERTEX
  8
GEOMETRY_LAYER_1
  70
32
  10
550824.765
  20
77654.942
  30
20.631
  0
VERTEX
  8
GEOMETRY_LAYER_1
  70
32
  10
550828.448
  20
77665.807
  30
20.915
  0
VERTEX
  8
GEOMETRY_LAYER_1
  70
32
  10
550821.611
  20
77674.582
  30
21.136
  0
VERTEX
  8
GEOMETRY_LAYER_1
  70
32
  10
550806.276
  20
77679.369
  30
21.684
  0
VERTEX
  8
GEOMETRY_LAYER_1
  70
32
  10
550800.027
  20
77677.054
  30
21.382
  0
VERTEX
  8
GEOMETRY_LAYER_1
  70
32
  10
550791.684
  20
77686.246
  30
21.321
  0
VERTEX
  8
GEOMETRY_LAYER_1
  70
32
  10
550787.242
  20
77671.459
  30
21.187
  0
VERTEX
  8
GEOMETRY_LAYER_1
  70
32
  10
550784.397
  20
77662.491
  30
20.933
  0
VERTEX
  8
GEOMETRY_LAYER_1
  70
32
  10
550781.675
  20
77653.116
  30
20.678
  0
VERTEX
  8
GEOMETRY_LAYER_1
  70
32
  10
550778.740
  20
77643.797
  30
20.124
  0
VERTEX
  8
GEOMETRY_LAYER_1
  70
32
  10
550777.055
  20
77636.435
  30
20.081
  0
VERTEX
  8
GEOMETRY_LAYER_1
  70
32
  10
550769.187
  20
77633.388
  30
19.918
  0
VERTEX
  8
GEOMETRY_LAYER_1
  70
32
  10
550765.894
  20
77623.195
  30
19.761
  0
VERTEX
  8
GEOMETRY_LAYER_1
  70
32
  10
550758.892
  20
77619.034
  30
19.556
  0
VERTEX
  8
GEOMETRY_LAYER_1
  70
32
  10
550755.945
  20
77609.738
  30
19.827
  0
VERTEX
  8
GEOMETRY_LAYER_1
  70
32
  10
550752.515
  20
77601.611
  30
20.065
  0
VERTEX
  8
GEOMETRY_LAYER_1
  70
32
  10
550750.708
  20
77594.160
  30
20.387
  0
VERTEX
  8
GEOMETRY_LAYER_1
  70
32
  10
550746.876
  20
77584.661
  30
20.268
  0
VERTEX
  8
GEOMETRY_LAYER_1
  70
32
  10
550743.569
  20
77574.156
  30
20.269
  0
VERTEX
  8
GEOMETRY_LAYER_1
  70
32
  10
550741.629
  20
77565.015
  30
20.711
  0
VERTEX
  8
GEOMETRY_LAYER_1
  70
32
  10
550738.917
  20
77554.604
  30
20.938
  0
VERTEX
  8
GEOMETRY_LAYER_1
  70
32
  10
550737.120
  20
77545.931
  30
20.897
  0
VERTEX
  8
GEOMETRY_LAYER_1
  70
32
  10
550735.919
  20
77536.098
  30
20.62
  0
VERTEX
  8
GEOMETRY_LAYER_1
  70
32
  10
550734.810
  20
77526.085
  30
20.164
  0
VERTEX
  8
GEOMETRY_LAYER_1
  70
32
  10
550734.582
  20
77516.198
  30
19.381
  0
VERTEX
  8
GEOMETRY_LAYER_1
  70
32
  10
550734.881
  20
77506.677
  30
18.959
  0
VERTEX
  8
GEOMETRY_LAYER_1
  70
32
  10
550734.256
  20
77495.495
  30
18.523
  0
VERTEX
  8
GEOMETRY_LAYER_1
  70
32
  10
550745.894
  20
77490.639
  30
18.376
  0
VERTEX
  8
GEOMETRY_LAYER_1
  70
32
  10
550751.776
  20
77496.833
  30
18.612
  0
VERTEX
  8
GEOMETRY_LAYER_1
  70
32
  10
550753.045
  20
77505.429
  30
18.991
  0
VERTEX
  8
GEOMETRY_LAYER_1
  70
32
  10
550753.751
  20
77515.684
  30
19.445
  0
VERTEX
  8
GEOMETRY_LAYER_1
  70
32
  10
550754.271
  20
77524.723
  30
20.515
  0
VERTEX
  8
GEOMETRY_LAYER_1
  70
32
  10
550755.172
  20
77534.205
  30
20.698
  0
VERTEX
  8
GEOMETRY_LAYER_1
  70
32
  10
550756.140
  20
77542.427
  30
20.967
  0
VERTEX
  8
GEOMETRY_LAYER_1
  70
32
  10
550757.281
  20
77548.065
  30
20.741
  0
VERTEX
  8
GEOMETRY_LAYER_1
  70
32
  10
550764.649
  20
77545.649
  30
18.541
  0
VERTEX
  8
GEOMETRY_LAYER_1
  70
32
  10
550764.003
  20
77538.818
  30
17.509
  0
VERTEX
  8
GEOMETRY_LAYER_1
  70
32
  10
550760.901
  20
77526.953
  30
16.57
  0
VERTEX
  8
GEOMETRY_LAYER_1
  70
32
  10
550777.637
  20
77522.214
  30
16.478
  0
VERTEX
  8
GEOMETRY_LAYER_1
  70
32
  10
550793.201
  20
77520.161
  30
16.345
  0
VERTEX
  8
GEOMETRY_LAYER_1
  70
32
  10
550795.071
  20
77531.038
  30
16.915
  0
VERTEX
  8
GEOMETRY_LAYER_1
  70
32
  10
550797.206
  20
77539.263
  30
17.595
  0
VERTEX
  8
GEOMETRY_LAYER_1
  70
32
  10
550799.109
  20
77548.881
  30
18.314
  0
VERTEX
  8
GEOMETRY_LAYER_1
  70
32
  10
550802.339
  20
77557.521
  30
18.66
  0
VERTEX
  8
GEOMETRY_LAYER_1
  70
32
  10
550805.450
  20
77566.390
  30
18.514
  0
VERTEX
  8
GEOMETRY_LAYER_1
  70
32
  10
550807.787
  20
77575.423
  30
18.601
  0
VERTEX
  8
GEOMETRY_LAYER_1
  70
32
  10
550809.565
  20
77586.058
  30
18.644
  0
VERTEX
  8
GEOMETRY_LAYER_1
  70
32
  10
550811.426
  20
77594.390
  30
18.801
  0
VERTEX
  8
GEOMETRY_LAYER_1
  70
32
  10
550814.158
  20
77604.400
  30
18.925
  0
SEQEND
  8
GEOMETRY_LAYER_1
  0
POLYLINE
  8
GEOMETRY_LAYER_1
  70
8
  66
1
 62
234
 39
1
  0
VERTEX
  8
GEOMETRY_LAYER_1
  70
32
  10
550810.855
  20
77605.557
  30
18.925
  0
VERTEX
  8
GEOMETRY_LAYER_1
  70
32
  10
550813.802
  20
77613.972
  30
19.142
  0
VERTEX
  8
GEOMETRY_LAYER_1
  70
32
  10
550811.340
  20
77619.572
  30
19.375
  0
VERTEX
  8
GEOMETRY_LAYER_1
  70
32
  10
550814.014
  20
77628.642
  30
19.527
  0
VERTEX
  8
GEOMETRY_LAYER_1
  70
32
  10
550816.468
  20
77637.323
  30
19.749
  0
VERTEX
  8
GEOMETRY_LAYER_1
  70
32
  10
550818.917
  20
77646.830
  30
20.292
  0
VERTEX
  8
GEOMETRY_LAYER_1
  70
32
  10
550821.417
  20
77655.967
  30
20.631
  0
VERTEX
  8
GEOMETRY_LAYER_1
  70
32
  10
550824.528
  20
77665.144
  30
20.915
  0
VERTEX
  8
GEOMETRY_LAYER_1
  70
32
  10
550819.523
  20
77671.567
  30
21.136
  0
VERTEX
  8
GEOMETRY_LAYER_1
  70
32
  10
550806.373
  20
77675.672
  30
21.684
  0
VERTEX
  8
GEOMETRY_LAYER_1
  70
32
  10
550799.025
  20
77672.951
  30
21.382
  0
VERTEX
  8
GEOMETRY_LAYER_1
  70
32
  10
550793.255
  20
77679.308
  30
21.321
  0
VERTEX
  8
GEOMETRY_LAYER_1
  70
32
  10
550790.587
  20
77670.426
  30
21.187
  0
VERTEX
  8
GEOMETRY_LAYER_1
  70
32
  10
550787.746
  20
77661.474
  30
20.933
  0
VERTEX
  8
GEOMETRY_LAYER_1
  70
32
  10
550785.026
  20
77652.102
  30
20.678
  0
VERTEX
  8
GEOMETRY_LAYER_1
  70
32
  10
550782.121
  20
77642.879
  30
20.124
  0
VERTEX
  8
GEOMETRY_LAYER_1
  70
32
  10
550780.052
  20
77633.843
  30
20.081
  0
VERTEX
  8
GEOMETRY_LAYER_1
  70
32
  10
550772.006
  20
77630.727
  30
19.918
  0
VERTEX
  8
GEOMETRY_LAYER_1
  70
32
  10
550768.819
  20
77620.861
  30
19.761
  0
VERTEX
  8
GEOMETRY_LAYER_1
  70
32
  10
550761.826
  20
77616.706
  30
19.556
  0
VERTEX
  8
GEOMETRY_LAYER_1
  70
32
  10
550759.233
  20
77608.526
  30
19.827
  0
VERTEX
  8
GEOMETRY_LAYER_1
  70
32
  10
550755.850
  20
77600.511
  30
20.065
  0
VERTEX
  8
GEOMETRY_LAYER_1
  70
32
  10
550754.050
  20
77593.087
  30
20.387
  0
VERTEX
  8
GEOMETRY_LAYER_1
  70
32
  10
550750.174
  20
77583.479
  30
20.268
  0
VERTEX
  8
GEOMETRY_LAYER_1
  70
32
  10
550746.958
  20
77573.265
  30
20.269
  0
VERTEX
  8
GEOMETRY_LAYER_1
  70
32
  10
550745.036
  20
77564.211
  30
20.711
  0
VERTEX
  8
GEOMETRY_LAYER_1
  70
32
  10
550742.327
  20
77553.808
  30
20.938
  0
VERTEX
  8
GEOMETRY_LAYER_1
  70
32
  10
550740.577
  20
77545.363
  30
20.897
  0
VERTEX
  8
GEOMETRY_LAYER_1
  70
32
  10
550739.396
  20
77535.694
  30
20.62
  0
VERTEX
  8
GEOMETRY_LAYER_1
  70
32
  10
550738.306
  20
77525.851
  30
20.164
  0
VERTEX
  8
GEOMETRY_LAYER_1
  70
32
  10
550738.084
  20
77516.213
  30
19.381
  0
VERTEX
  8
GEOMETRY_LAYER_1
  70
32
  10
550738.384
  20
77506.634
  30
18.959
  0
VERTEX
  8
GEOMETRY_LAYER_1
  70
32
  10
550737.889
  20
77497.772
  30
18.523
  0
VERTEX
  8
GEOMETRY_LAYER_1
  70
32
  10
550745.017
  20
77494.798
  30
18.376
  0
VERTEX
  8
GEOMETRY_LAYER_1
  70
32
  10
550748.476
  20
77498.440
  30
18.612
  0
VERTEX
  8
GEOMETRY_LAYER_1
  70
32
  10
550749.563
  20
77505.804
  30
18.991
  0
VERTEX
  8
GEOMETRY_LAYER_1
  70
32
  10
550750.258
  20
77515.905
  30
19.445
  0
VERTEX
  8
GEOMETRY_LAYER_1
  70
32
  10
550750.781
  20
77524.990
  30
20.515
  0
VERTEX
  8
GEOMETRY_LAYER_1
  70
32
  10
550751.692
  20
77534.575
  30
20.698
  0
VERTEX
  8
GEOMETRY_LAYER_1
  70
32
  10
550752.681
  20
77542.979
  30
20.967
  0
VERTEX
  8
GEOMETRY_LAYER_1
  70
32
  10
550754.632
  20
77552.617
  30
20.741
  0
VERTEX
  8
GEOMETRY_LAYER_1
  70
32
  10
550768.397
  20
77548.104
  30
18.541
  0
VERTEX
  8
GEOMETRY_LAYER_1
  70
32
  10
550767.461
  20
77538.207
  30
17.509
  0
VERTEX
  8
GEOMETRY_LAYER_1
  70
32
  10
550765.155
  20
77529.386
  30
16.57
  0
VERTEX
  8
GEOMETRY_LAYER_1
  70
32
  10
550778.347
  20
77525.650
  30
16.478
  0
VERTEX
  8
GEOMETRY_LAYER_1
  70
32
  10
550790.322
  20
77524.071
  30
16.345
  0
VERTEX
  8
GEOMETRY_LAYER_1
  70
32
  10
550791.647
  20
77531.775
  30
16.915
  0
VERTEX
  8
GEOMETRY_LAYER_1
  70
32
  10
550793.793
  20
77540.043
  30
17.595
  0
VERTEX
  8
GEOMETRY_LAYER_1
  70
32
  10
550795.731
  20
77549.839
  30
18.314
  0
VERTEX
  8
GEOMETRY_LAYER_1
  70
32
  10
550799.048
  20
77558.713
  30
18.66
  0
VERTEX
  8
GEOMETRY_LAYER_1
  70
32
  10
550802.099
  20
77567.410
  30
18.514
  0
VERTEX
  8
GEOMETRY_LAYER_1
  70
32
  10
550804.361
  20
77576.151
  30
18.601
  0
VERTEX
  8
GEOMETRY_LAYER_1
  70
32
  10
550806.129
  20
77586.729
  30
18.644
  0
VERTEX
  8
GEOMETRY_LAYER_1
  70
32
  10
550808.011
  20
77595.154
  30
18.801
  0
VERTEX
  8
GEOMETRY_LAYER_1
  70
32
  10
550810.855
  20
77605.557
  30
18.925
  0
SEQEND
  8
GEOMETRY_LAYER_1
  0
POLYLINE
  8
GEOMETRY_LAYER_1
  70
8
  66
1
 62
234
 39
1
  0
VERTEX
  8
GEOMETRY_LAYER_1
  70
32
  10
550757.720
  20
76367.327
  30
49.434
  0
VERTEX
  8
GEOMETRY_LAYER_1
  70
32
  10
550765.287
  20
76372.039
  30
49.534
  0
VERTEX
  8
GEOMETRY_LAYER_1
  70
32
  10
550778.760
  20
76370.595
  30
48.508
  0
VERTEX
  8
GEOMETRY_LAYER_1
  70
32
  10
550793.883
  20
76370.197
  30
48.951
  0
VERTEX
  8
GEOMETRY_LAYER_1
  70
32
  10
550800.803
  20
76364.098
  30
48.706
  0
VERTEX
  8
GEOMETRY_LAYER_1
  70
32
  10
550802.471
  20
76372.065
  30
48.472
  0
VERTEX
  8
GEOMETRY_LAYER_1
  70
32
  10
550804.034
  20
76379.615
  30
48.504
  0
VERTEX
  8
GEOMETRY_LAYER_1
  70
32
  10
550806.325
  20
76388.225
  30
48.262
  0
VERTEX
  8
GEOMETRY_LAYER_1
  70
32
  10
550808.426
  20
76397.119
  30
48.2
  0
VERTEX
  8
GEOMETRY_LAYER_1
  70
32
  10
550810.876
  20
76403.678
  30
48.179
  0
VERTEX
  8
GEOMETRY_LAYER_1
  70
32
  10
550805.701
  20
76418.088
  30
47.494
  0
VERTEX
  8
GEOMETRY_LAYER_1
  70
32
  10
550799.959
  20
76425.740
  30
47.362
  0
VERTEX
  8
GEOMETRY_LAYER_1
  70
32
  10
550800.464
  20
76440.378
  30
49.244
  0
VERTEX
  8
GEOMETRY_LAYER_1
  70
32
  10
550808.239
  20
76440.642
  30
49.147
  0
VERTEX
  8
GEOMETRY_LAYER_1
  70
32
  10
550809.118
  20
76448.241
  30
49.309
  0
VERTEX
  8
GEOMETRY_LAYER_1
  70
32
  10
550802.051
  20
76448.976
  30
49.374
  0
VERTEX
  8
GEOMETRY_LAYER_1
  70
32
  10
550795.300
  20
76450.050
  30
49.604
  0
VERTEX
  8
GEOMETRY_LAYER_1
  70
32
  10
550789.492
  20
76448.531
  30
49.834
  0
VERTEX
  8
GEOMETRY_LAYER_1
  70
32
  10
550780.450
  20
76449.557
  30
50.203
  0
VERTEX
  8
GEOMETRY_LAYER_1
  70
32
  10
550772.157
  20
76447.736
  30
50.439
  0
VERTEX
  8
GEOMETRY_LAYER_1
  70
32
  10
550765.012
  20
76445.501
  30
50.834
  0
VERTEX
  8
GEOMETRY_LAYER_1
  70
32
  10
550763.787
  20
76437.728
  30
50.969
  0
VERTEX
  8
GEOMETRY_LAYER_1
  70
32
  10
550756.852
  20
76433.481
  30
51.189
  0
VERTEX
  8
GEOMETRY_LAYER_1
  70
32
  10
550756.358
  20
76423.158
  30
50.829
  0
VERTEX
  8
GEOMETRY_LAYER_1
  70
32
  10
550753.913
  20
76413.554
  30
50.325
  0
VERTEX
  8
GEOMETRY_LAYER_1
  70
32
  10
550752.679
  20
76404.041
  30
50.374
  0
VERTEX
  8
GEOMETRY_LAYER_1
  70
32
  10
550751.587
  20
76394.792
  30
50.417
  0
VERTEX
  8
GEOMETRY_LAYER_1
  70
32
  10
550746.176
  20
76390.391
  30
50.518
  0
VERTEX
  8
GEOMETRY_LAYER_1
  70
32
  10
550743.767
  20
76381.240
  30
50.349
  0
VERTEX
  8
GEOMETRY_LAYER_1
  70
32
  10
550743.717
  20
76372.159
  30
49.961
  0
VERTEX
  8
GEOMETRY_LAYER_1
  70
32
  10
550757.720
  20
76367.327
  30
49.434
  0
SEQEND
  8
GEOMETRY_LAYER_1
  0
POLYLINE
  8
GEOMETRY_LAYER_1
  70
8
  66
1
 62
234
 39
1
  0
VERTEX
  8
GEOMETRY_LAYER_1
  70
32
  10
551104.482
  20
77034.608
  30
2.005
  0
VERTEX
  8
GEOMETRY_LAYER_1
  70
32
  10
551108.694
  20
77043.849
  30
1.646
  0
VERTEX
  8
GEOMETRY_LAYER_1
  70
32
  10
551110.655
  20
77052.571
  30
1.638
  0
VERTEX
  8
GEOMETRY_LAYER_1
  70
32
  10
551115.098
  20
77063.118
  30
1.394
  0
VERTEX
  8
GEOMETRY_LAYER_1
  70
32
  10
551119.361
  20
77071.042
  30
1.447
  0
VERTEX
  8
GEOMETRY_LAYER_1
  70
32
  10
551122.676
  20
77079.703
  30
1.289
  0
VERTEX
  8
GEOMETRY_LAYER_1
  70
32
  10
551125.116
  20
77088.296
  30
1.201
  0
VERTEX
  8
GEOMETRY_LAYER_1
  70
32
  10
551128.701
  20
77096.173
  30
1.086
  0
VERTEX
  8
GEOMETRY_LAYER_1
  70
32
  10
551131.268
  20
77106.004
  30
0.442
  0
VERTEX
  8
GEOMETRY_LAYER_1
  70
32
  10
551130.662
  20
77112.875
  30
0.469
  0
VERTEX
  8
GEOMETRY_LAYER_1
  70
32
  10
551129.649
  20
77120.794
  30
0.568
  0
VERTEX
  8
GEOMETRY_LAYER_1
  70
32
  10
551133.697
  20
77130.843
  30
0.47
  0
VERTEX
  8
GEOMETRY_LAYER_1
  70
32
  10
551136.871
  20
77140.343
  30
-0.046
  0
VERTEX
  8
GEOMETRY_LAYER_1
  70
32
  10
551139.691
  20
77149.050
  30
-0.267
  0
VERTEX
  8
GEOMETRY_LAYER_1
  70
32
  10
551141.458
  20
77156.928
  30
-0.471
  0
VERTEX
  8
GEOMETRY_LAYER_1
  70
32
  10
551140.055
  20
77164.772
  30
-0.737
  0
VERTEX
  8
GEOMETRY_LAYER_1
  70
32
  10
551141.534
  20
77173.972
  30
-1.135
  0
VERTEX
  8
GEOMETRY_LAYER_1
  70
32
  10
551148.141
  20
77185.287
  30
-1.761
  0
VERTEX
  8
GEOMETRY_LAYER_1
  70
32
  10
551156.797
  20
77176.200
  30
-1.529
  0
VERTEX
  8
GEOMETRY_LAYER_1
  70
32
  10
551163.539
  20
77171.686
  30
-1.135
  0
VERTEX
  8
GEOMETRY_LAYER_1
  70
32
  10
551168.820
  20
77170.236
  30
-0.783
  0
VERTEX
  8
GEOMETRY_LAYER_1
  70
32
  10
551175.110
  20
77165.692
  30
-0.69
  0
VERTEX
  8
GEOMETRY_LAYER_1
  70
32
  10
551185.292
  20
77164.831
  30
-0.601
  0
VERTEX
  8
GEOMETRY_LAYER_1
  70
32
  10
551178.678
  20
77150.457
  30
-0.494
  0
VERTEX
  8
GEOMETRY_LAYER_1
  70
32
  10
551169.898
  20
77147.218
  30
-0.443
  0
VERTEX
  8
GEOMETRY_LAYER_1
  70
32
  10
551167.844
  20
77142.075
  30
-0.581
  0
VERTEX
  8
GEOMETRY_LAYER_1
  70
32
  10
551164.492
  20
77132.186
  30
-0.563
  0
VERTEX
  8
GEOMETRY_LAYER_1
  70
32
  10
551160.862
  20
77123.495
  30
-0.164
  0
VERTEX
  8
GEOMETRY_LAYER_1
  70
32
  10
551158.389
  20
77114.490
  30
0.104
  0
VERTEX
  8
GEOMETRY_LAYER_1
  70
32
  10
551154.309
  20
77105.136
  30
0.489
  0
VERTEX
  8
GEOMETRY_LAYER_1
  70
32
  10
551150.883
  20
77096.982
  30
0.965
  0
VERTEX
  8
GEOMETRY_LAYER_1
  70
32
  10
551147.367
  20
77087.416
  30
1.663
  0
VERTEX
  8
GEOMETRY_LAYER_1
  70
32
  10
551144.432
  20
77079.630
  30
1.923
  0
VERTEX
  8
GEOMETRY_LAYER_1
  70
32
  10
551140.397
  20
77069.613
  30
1.491
  0
VERTEX
  8
GEOMETRY_LAYER_1
  70
32
  10
551135.730
  20
77061.628
  30
1.426
  0
VERTEX
  8
GEOMETRY_LAYER_1
  70
32
  10
551133.803
  20
77053.308
  30
1.121
  0
VERTEX
  8
GEOMETRY_LAYER_1
  70
32
  10
551130.321
  20
77042.771
  30
1.147
  0
VERTEX
  8
GEOMETRY_LAYER_1
  70
32
  10
551097.352
  20
77010.931
  30
2.458
  0
VERTEX
  8
GEOMETRY_LAYER_1
  70
32
  10
551104.482
  20
77034.608
  30
2.005
  0
SEQEND
  8
GEOMETRY_LAYER_1
  0
POLYLINE
  8
GEOMETRY_LAYER_1
  70
8
  66
1
 62
234
 39
1
  0
VERTEX
  8
GEOMETRY_LAYER_1
  70
32
  10
551107.765
  20
77033.372
  30
2.005
  0
VERTEX
  8
GEOMETRY_LAYER_1
  70
32
  10
551112.029
  20
77042.727
  30
1.646
  0
VERTEX
  8
GEOMETRY_LAYER_1
  70
32
  10
551114.002
  20
77051.499
  30
1.638
  0
VERTEX
  8
GEOMETRY_LAYER_1
  70
32
  10
551118.259
  20
77061.606
  30
1.394
  0
VERTEX
  8
GEOMETRY_LAYER_1
  70
32
  10
551122.550
  20
77069.581
  30
1.447
  0
VERTEX
  8
GEOMETRY_LAYER_1
  70
32
  10
551126.000
  20
77078.597
  30
1.289
  0
VERTEX
  8
GEOMETRY_LAYER_1
  70
32
  10
551128.411
  20
77087.086
  30
1.201
  0
VERTEX
  8
GEOMETRY_LAYER_1
  70
32
  10
551132.011
  20
77094.997
  30
1.086
  0
VERTEX
  8
GEOMETRY_LAYER_1
  70
32
  10
551134.808
  20
77105.706
  30
0.442
  0
VERTEX
  8
GEOMETRY_LAYER_1
  70
32
  10
551134.143
  20
77113.251
  30
0.469
  0
VERTEX
  8
GEOMETRY_LAYER_1
  70
32
  10
551133.237
  20
77120.333
  30
0.568
  0
VERTEX
  8
GEOMETRY_LAYER_1
  70
32
  10
551136.983
  20
77129.633
  30
0.47
  0
VERTEX
  8
GEOMETRY_LAYER_1
  70
32
  10
551140.196
  20
77139.249
  30
-0.046
  0
VERTEX
  8
GEOMETRY_LAYER_1
  70
32
  10
551143.070
  20
77148.125
  30
-0.267
  0
VERTEX
  8
GEOMETRY_LAYER_1
  70
32
  10
551145.028
  20
77156.849
  30
-0.471
  0
VERTEX
  8
GEOMETRY_LAYER_1
  70
32
  10
551143.605
  20
77164.804
  30
-0.737
  0
VERTEX
  8
GEOMETRY_LAYER_1
  70
32
  10
551144.886
  20
77172.771
  30
-1.135
  0
VERTEX
  8
GEOMETRY_LAYER_1
  70
32
  10
551148.817
  20
77179.504
  30
-1.761
  0
VERTEX
  8
GEOMETRY_LAYER_1
  70
32
  10
551154.529
  20
77173.507
  30
-1.529
  0
VERTEX
  8
GEOMETRY_LAYER_1
  70
32
  10
551162.064
  20
77168.463
  30
-1.135
  0
VERTEX
  8
GEOMETRY_LAYER_1
  70
32
  10
551167.284
  20
77167.028
  30
-0.783
  0
VERTEX
  8
GEOMETRY_LAYER_1
  70
32
  10
551173.847
  20
77162.287
  30
-0.69
  0
VERTEX
  8
GEOMETRY_LAYER_1
  70
32
  10
551180.028
  20
77161.764
  30
-0.601
  0
VERTEX
  8
GEOMETRY_LAYER_1
  70
32
  10
551176.105
  20
77153.238
  30
-0.494
  0
VERTEX
  8
GEOMETRY_LAYER_1
  70
32
  10
551167.226
  20
77149.962
  30
-0.443
  0
VERTEX
  8
GEOMETRY_LAYER_1
  70
32
  10
551164.559
  20
77143.287
  30
-0.581
  0
VERTEX
  8
GEOMETRY_LAYER_1
  70
32
  10
551161.216
  20
77133.424
  30
-0.563
  0
VERTEX
  8
GEOMETRY_LAYER_1
  70
32
  10
551157.546
  20
77124.638
  30
-0.164
  0
VERTEX
  8
GEOMETRY_LAYER_1
  70
32
  10
551155.081
  20
77115.659
  30
0.104
  0
VERTEX
  8
GEOMETRY_LAYER_1
  70
32
  10
551151.092
  20
77106.514
  30
0.489
  0
VERTEX
  8
GEOMETRY_LAYER_1
  70
32
  10
551147.625
  20
77098.265
  30
0.965
  0
VERTEX
  8
GEOMETRY_LAYER_1
  70
32
  10
551144.086
  20
77088.637
  30
1.663
  0
VERTEX
  8
GEOMETRY_LAYER_1
  70
32
  10
551141.171
  20
77080.901
  30
1.923
  0
VERTEX
  8
GEOMETRY_LAYER_1
  70
32
  10
551137.246
  20
77071.158
  30
1.491
  0
VERTEX
  8
GEOMETRY_LAYER_1
  70
32
  10
551132.440
  20
77062.935
  30
1.426
  0
VERTEX
  8
GEOMETRY_LAYER_1
  70
32
  10
551130.429
  20
77054.254
  30
1.121
  0
VERTEX
  8
GEOMETRY_LAYER_1
  70
32
  10
551127.414
  20
77045.130
  30
1.147
  0
VERTEX
  8
GEOMETRY_LAYER_1
  70
32
  10
551105.044
  20
77024.339
  30
2.458
  0
VERTEX
  8
GEOMETRY_LAYER_1
  70
32
  10
551107.765
  20
77033.372
  30
2.005
  0
SEQEND
  8
GEOMETRY_LAYER_1
  0
POLYLINE
  8
GEOMETRY_LAYER_1
  70
8
  66
1
 62
234
 39
1
  0
VERTEX
  8
GEOMETRY_LAYER_1
  70
32
  10
552205.963
  20
76916.470
  30
-79.705
  0
VERTEX
  8
GEOMETRY_LAYER_1
  70
32
  10
552201.793
  20
76915.846
  30
-79.99
  0
VERTEX
  8
GEOMETRY_LAYER_1
  70
32
  10
552199.710
  20
76915.391
  30
-80.211
  0
VERTEX
  8
GEOMETRY_LAYER_1
  70
32
  10
552199.492
  20
76911.826
  30
-80.364
  0
VERTEX
  8
GEOMETRY_LAYER_1
  70
32
  10
552200.110
  20
76905.844
  30
-80.756
  0
VERTEX
  8
GEOMETRY_LAYER_1
  70
32
  10
552199.883
  20
76891.536
  30
-81.649
  0
VERTEX
  8
GEOMETRY_LAYER_1
  70
32
  10
552200.331
  20
76883.015
  30
-82.429
  0
VERTEX
  8
GEOMETRY_LAYER_1
  70
32
  10
552200.834
  20
76871.366
  30
-83.038
  0
VERTEX
  8
GEOMETRY_LAYER_1
  70
32
  10
552204.179
  20
76856.686
  30
-83.217
  0
VERTEX
  8
GEOMETRY_LAYER_1
  70
32
  10
552205.122
  20
76847.979
  30
-83.643
  0
VERTEX
  8
GEOMETRY_LAYER_1
  70
32
  10
552211.167
  20
76846.381
  30
-83.612
  0
VERTEX
  8
GEOMETRY_LAYER_1
  70
32
  10
552214.761
  20
76844.992
  30
-83.29
  0
VERTEX
  8
GEOMETRY_LAYER_1
  70
32
  10
552218.189
  20
76844.784
  30
-82.726
  0
VERTEX
  8
GEOMETRY_LAYER_1
  70
32
  10
552216.374
  20
76850.030
  30
-82.862
  0
VERTEX
  8
GEOMETRY_LAYER_1
  70
32
  10
552211.196
  20
76861.934
  30
-82.585
  0
VERTEX
  8
GEOMETRY_LAYER_1
  70
32
  10
552209.773
  20
76869.474
  30
-82.363
  0
VERTEX
  8
GEOMETRY_LAYER_1
  70
32
  10
552208.193
  20
76880.644
  30
-82.021
  0
VERTEX
  8
GEOMETRY_LAYER_1
  70
32
  10
552207.511
  20
76887.637
  30
-81.195
  0
VERTEX
  8
GEOMETRY_LAYER_1
  70
32
  10
552206.476
  20
76899.656
  30
-80.324
  0
VERTEX
  8
GEOMETRY_LAYER_1
  70
32
  10
552206.174
  20
76910.413
  30
-80.433
  0
VERTEX
  8
GEOMETRY_LAYER_1
  70
32
  10
552206.253
  20
76915.502
  30
-80.154
  0
VERTEX
  8
GEOMETRY_LAYER_1
  70
32
  10
552205.963
  20
76916.470
  30
-79.705
  0
SEQEND
  8
GEOMETRY_LAYER_1
  0
POLYLINE
  8
GEOMETRY_LAYER_1
  70
8
  66
1
 62
234
 39
1
  0
VERTEX
  8
GEOMETRY_LAYER_1
  70
32
  10
552208.656
  20
76920.716
  30
-79.705
  0
VERTEX
  8
GEOMETRY_LAYER_1
  70
32
  10
552201.105
  20
76919.585
  30
-79.99
  0
VERTEX
  8
GEOMETRY_LAYER_1
  70
32
  10
552196.092
  20
76918.491
  30
-80.211
  0
VERTEX
  8
GEOMETRY_LAYER_1
  70
32
  10
552195.680
  20
76911.746
  30
-80.364
  0
VERTEX
  8
GEOMETRY_LAYER_1
  70
32
  10
552196.306
  20
76905.678
  30
-80.756
  0
VERTEX
  8
GEOMETRY_LAYER_1
  70
32
  10
552196.082
  20
76891.466
  30
-81.649
  0
VERTEX
  8
GEOMETRY_LAYER_1
  70
32
  10
552196.536
  20
76882.833
  30
-82.429
  0
VERTEX
  8
GEOMETRY_LAYER_1
  70
32
  10
552197.052
  20
76870.858
  30
-83.038
  0
VERTEX
  8
GEOMETRY_LAYER_1
  70
32
  10
552200.425
  20
76856.057
  30
-83.217
  0
VERTEX
  8
GEOMETRY_LAYER_1
  70
32
  10
552201.626
  20
76844.974
  30
-83.643
  0
VERTEX
  8
GEOMETRY_LAYER_1
  70
32
  10
552209.993
  20
76842.761
  30
-83.612
  0
VERTEX
  8
GEOMETRY_LAYER_1
  70
32
  10
552213.941
  20
76841.235
  30
-83.29
  0
VERTEX
  8
GEOMETRY_LAYER_1
  70
32
  10
552220.296
  20
76840.849
  30
-82.726
  0
VERTEX
  8
GEOMETRY_LAYER_1
  70
32
  10
552221.981
  20
76843.746
  30
-82.685
  0
VERTEX
  8
GEOMETRY_LAYER_1
  70
32
  10
552219.973
  20
76851.284
  30
-82.862
  0
VERTEX
  8
GEOMETRY_LAYER_1
  70
32
  10
552214.851
  20
76863.058
  30
-82.585
  0
VERTEX
  8
GEOMETRY_LAYER_1
  70
32
  10
552213.523
  20
76870.093
  30
-82.363
  0
VERTEX
  8
GEOMETRY_LAYER_1
  70
32
  10
552211.967
  20
76881.096
  30
-82.021
  0
VERTEX
  8
GEOMETRY_LAYER_1
  70
32
  10
552211.295
  20
76887.984
  30
-81.195
  0
VERTEX
  8
GEOMETRY_LAYER_1
  70
32
  10
552210.272
  20
76899.873
  30
-80.324
  0
VERTEX
  8
GEOMETRY_LAYER_1
  70
32
  10
552209.975
  20
76910.436
  30
-80.433
  0
VERTEX
  8
GEOMETRY_LAYER_1
  70
32
  10
552210.062
  20
76916.030
  30
-80.154
  0
VERTEX
  8
GEOMETRY_LAYER_1
  70
32
  10
552208.656
  20
76920.716
  30
-79.705
  0
SEQEND
  8
GEOMETRY_LAYER_1
  0
POLYLINE
  8
GEOMETRY_LAYER_1
  70
8
  66
1
 62
234
 39
1
  0
VERTEX
  8
GEOMETRY_LAYER_1
  70
32
  10
552206.558
  20
76784.288
  30
-84.958
  0
VERTEX
  8
GEOMETRY_LAYER_1
  70
32
  10
552203.560
  20
76785.803
  30
-84.68
  0
VERTEX
  8
GEOMETRY_LAYER_1
  70
32
  10
552203.526
  20
76791.952
  30
-84.43
  0
VERTEX
  8
GEOMETRY_LAYER_1
  70
32
  10
552203.063
  20
76800.887
  30
-84.064
  0
VERTEX
  8
GEOMETRY_LAYER_1
  70
32
  10
552202.321
  20
76810.880
  30
-83.88
  0
VERTEX
  8
GEOMETRY_LAYER_1
  70
32
  10
552201.541
  20
76816.455
  30
-83.947
  0
VERTEX
  8
GEOMETRY_LAYER_1
  70
32
  10
552211.430
  20
76817.612
  30
-83.247
  0
VERTEX
  8
GEOMETRY_LAYER_1
  70
32
  10
552211.583
  20
76807.380
  30
-83.481
  0
VERTEX
  8
GEOMETRY_LAYER_1
  70
32
  10
552211.737
  20
76797.148
  30
-83.714
  0
VERTEX
  8
GEOMETRY_LAYER_1
  70
32
  10
552211.813
  20
76792.032
  30
-83.831
  0
VERTEX
  8
GEOMETRY_LAYER_1
  70
32
  10
552211.852
  20
76789.474
  30
-83.89
  0
VERTEX
  8
GEOMETRY_LAYER_1
  70
32
  10
552206.558
  20
76784.288
  30
-84.958
  0
SEQEND
  8
GEOMETRY_LAYER_1
  0
POLYLINE
  8
GEOMETRY_LAYER_1
  70
8
  66
1
 62
234
 39
1
  0
VERTEX
  8
GEOMETRY_LAYER_1
  70
32
  10
552207.272
  20
76779.668
  30
-84.958
  0
VERTEX
  8
GEOMETRY_LAYER_1
  70
32
  10
552199.774
  20
76783.459
  30
-84.68
  0
VERTEX
  8
GEOMETRY_LAYER_1
  70
32
  10
552199.727
  20
76791.844
  30
-84.43
  0
VERTEX
  8
GEOMETRY_LAYER_1
  70
32
  10
552199.270
  20
76800.647
  30
-84.064
  0
VERTEX
  8
GEOMETRY_LAYER_1
  70
32
  10
552198.540
  20
76810.476
  30
-83.88
  0
VERTEX
  8
GEOMETRY_LAYER_1
  70
32
  10
552197.239
  20
76819.777
  30
-83.947
  0
VERTEX
  8
GEOMETRY_LAYER_1
  70
32
  10
552215.166
  20
76821.876
  30
-83.247
  0
VERTEX
  8
GEOMETRY_LAYER_1
  70
32
  10
552215.383
  20
76807.437
  30
-83.481
  0
VERTEX
  8
GEOMETRY_LAYER_1
  70
32
  10
552215.536
  20
76797.205
  30
-83.714
  0
VERTEX
  8
GEOMETRY_LAYER_1
  70
32
  10
552215.613
  20
76792.089
  30
-83.831
  0
VERTEX
  8
GEOMETRY_LAYER_1
  70
32
  10
552215.675
  20
76787.900
  30
-83.89
  0
VERTEX
  8
GEOMETRY_LAYER_1
  70
32
  10
552207.272
  20
76779.668
  30
-84.958
  0
SEQEND
  8
GEOMETRY_LAYER_1
  0
POLYLINE
  8
GEOMETRY_LAYER_1
  70
8
  66
1
 62
234
 39
1
  0
VERTEX
  8
GEOMETRY_LAYER_1
  70
32
  10
551981.849
  20
78925.784
  30
-38.499
  0
VERTEX
  8
GEOMETRY_LAYER_1
  70
32
  10
551979.806
  20
78934.910
  30
-38.515
  0
VERTEX
  8
GEOMETRY_LAYER_1
  70
32
  10
551976.324
  20
78945.974
  30
-38.171
  0
VERTEX
  8
GEOMETRY_LAYER_1
  70
32
  10
551974.837
  20
78954.744
  30
-38.051
  0
VERTEX
  8
GEOMETRY_LAYER_1
  70
32
  10
551972.769
  20
78963.762
  30
-38.191
  0
VERTEX
  8
GEOMETRY_LAYER_1
  70
32
  10
551969.487
  20
78973.416
  30
-38.435
  0
VERTEX
  8
GEOMETRY_LAYER_1
  70
32
  10
551968.101
  20
78984.024
  30
-38.274
  0
VERTEX
  8
GEOMETRY_LAYER_1
  70
32
  10
551965.720
  20
78994.821
  30
-38.16
  0
VERTEX
  8
GEOMETRY_LAYER_1
  70
32
  10
551964.179
  20
79002.264
  30
-38.074
  0
VERTEX
  8
GEOMETRY_LAYER_1
  70
32
  10
551963.411
  20
79013.383
  30
-38.084
  0
VERTEX
  8
GEOMETRY_LAYER_1
  70
32
  10
551962.945
  20
79021.927
  30
-38.21
  0
VERTEX
  8
GEOMETRY_LAYER_1
  70
32
  10
551965.776
  20
79028.722
  30
-37.957
  0
VERTEX
  8
GEOMETRY_LAYER_1
  70
32
  10
551963.155
  20
79037.563
  30
-38.208
  0
VERTEX
  8
GEOMETRY_LAYER_1
  70
32
  10
551959.405
  20
79049.666
  30
-37.948
  0
VERTEX
  8
GEOMETRY_LAYER_1
  70
32
  10
551973.124
  20
79059.302
  30
-37.835
  0
VERTEX
  8
GEOMETRY_LAYER_1
  70
32
  10
552022.648
  20
78865.115
  30
-40.589
  0
VERTEX
  8
GEOMETRY_LAYER_1
  70
32
  10
552000.353
  20
78867.086
  30
-40.52
  0
VERTEX
  8
GEOMETRY_LAYER_1
  70
32
  10
551996.648
  20
78876.596
  30
-40.082
  0
VERTEX
  8
GEOMETRY_LAYER_1
  70
32
  10
551997.189
  20
78877.910
  30
-40.106
  0
VERTEX
  8
GEOMETRY_LAYER_1
  70
32
  10
551995.402
  20
78885.939
  30
-39.618
  0
VERTEX
  8
GEOMETRY_LAYER_1
  70
32
  10
551993.005
  20
78895.364
  30
-39.161
  0
VERTEX
  8
GEOMETRY_LAYER_1
  70
32
  10
551986.706
  20
78905.789
  30
-38.956
  0
VERTEX
  8
GEOMETRY_LAYER_1
  70
32
  10
551984.051
  20
78915.292
  30
-38.709
  0
VERTEX
  8
GEOMETRY_LAYER_1
  70
32
  10
551981.849
  20
78925.784
  30
-38.499
  0
SEQEND
  8
GEOMETRY_LAYER_1
  0
POLYLINE
  8
GEOMETRY_LAYER_1
  70
8
  66
1
 62
234
 39
1
  0
VERTEX
  8
GEOMETRY_LAYER_1
  70
32
  10
551985.563
  20
78926.589
  30
-38.499
  0
VERTEX
  8
GEOMETRY_LAYER_1
  70
32
  10
551983.479
  20
78935.897
  30
-38.515
  0
VERTEX
  8
GEOMETRY_LAYER_1
  70
32
  10
551980.027
  20
78946.867
  30
-38.171
  0
VERTEX
  8
GEOMETRY_LAYER_1
  70
32
  10
551978.566
  20
78955.487
  30
-38.051
  0
VERTEX
  8
GEOMETRY_LAYER_1
  70
32
  10
551976.429
  20
78964.801
  30
-38.191
  0
VERTEX
  8
GEOMETRY_LAYER_1
  70
32
  10
551973.206
  20
78974.281
  30
-38.435
  0
VERTEX
  8
GEOMETRY_LAYER_1
  70
32
  10
551971.848
  20
78984.680
  30
-38.274
  0
VERTEX
  8
GEOMETRY_LAYER_1
  70
32
  10
551969.436
  20
78995.615
  30
-38.16
  0
VERTEX
  8
GEOMETRY_LAYER_1
  70
32
  10
551967.952
  20
79002.783
  30
-38.074
  0
VERTEX
  8
GEOMETRY_LAYER_1
  70
32
  10
551967.204
  20
79013.618
  30
-38.084
  0
VERTEX
  8
GEOMETRY_LAYER_1
  70
32
  10
551966.786
  20
79021.267
  30
-38.21
  0
VERTEX
  8
GEOMETRY_LAYER_1
  70
32
  10
551969.803
  20
79028.508
  30
-37.957
  0
VERTEX
  8
GEOMETRY_LAYER_1
  70
32
  10
551966.792
  20
79038.666
  30
-38.208
  0
VERTEX
  8
GEOMETRY_LAYER_1
  70
32
  10
551963.854
  20
79048.147
  30
-37.948
  0
VERTEX
  8
GEOMETRY_LAYER_1
  70
32
  10
551970.803
  20
79053.028
  30
-37.835
  0
VERTEX
  8
GEOMETRY_LAYER_1
  70
32
  10
552017.641
  20
78869.373
  30
-40.589
  0
VERTEX
  8
GEOMETRY_LAYER_1
  70
32
  10
552010.339
  20
78870.017
  30
-40.555
  0
VERTEX
  8
GEOMETRY_LAYER_1
  70
32
  10
552003.038
  20
78870.663
  30
-40.52
  0
VERTEX
  8
GEOMETRY_LAYER_1
  70
32
  10
552000.741
  20
78876.556
  30
-40.082
  0
VERTEX
  8
GEOMETRY_LAYER_1
  70
32
  10
552001.158
  20
78877.569
  30
-40.106
  0
VERTEX
  8
GEOMETRY_LAYER_1
  70
32
  10
551999.099
  20
78886.821
  30
-39.618
  0
VERTEX
  8
GEOMETRY_LAYER_1
  70
32
  10
551996.549
  20
78896.846
  30
-39.161
  0
VERTEX
  8
GEOMETRY_LAYER_1
  70
32
  10
551990.226
  20
78907.310
  30
-38.956
  0
VERTEX
  8
GEOMETRY_LAYER_1
  70
32
  10
551987.745
  20
78916.194
  30
-38.709
  0
VERTEX
  8
GEOMETRY_LAYER_1
  70
32
  10
551985.563
  20
78926.589
  30
-38.499
  0
SEQEND
  8
GEOMETRY_LAYER_1
  0
POLYLINE
  8
GEOMETRY_LAYER_1
  70
8
  66
1
 62
234
 39
1
  0
VERTEX
  8
GEOMETRY_LAYER_1
  70
32
  10
551969.188
  20
79173.509
  30
-34.206
  0
VERTEX
  8
GEOMETRY_LAYER_1
  70
32
  10
551970.990
  20
79163.637
  30
-34.237
  0
VERTEX
  8
GEOMETRY_LAYER_1
  70
32
  10
551973.745
  20
79152.381
  30
-34.106
  0
VERTEX
  8
GEOMETRY_LAYER_1
  70
32
  10
551975.371
  20
79146.016
  30
-34.084
  0
VERTEX
  8
GEOMETRY_LAYER_1
  70
32
  10
551977.822
  20
79132.813
  30
-34.392
  0
VERTEX
  8
GEOMETRY_LAYER_1
  70
32
  10
551980.446
  20
79114.677
  30
-35.026
  0
VERTEX
  8
GEOMETRY_LAYER_1
  70
32
  10
551982.296
  20
79105.490
  30
-34.924
  0
VERTEX
  8
GEOMETRY_LAYER_1
  70
32
  10
551982.454
  20
79096.435
  30
-35.255
  0
VERTEX
  8
GEOMETRY_LAYER_1
  70
32
  10
551977.172
  20
79090.783
  30
-35.635
  0
VERTEX
  8
GEOMETRY_LAYER_1
  70
32
  10
551979.178
  20
79080.842
  30
-36.733
  0
VERTEX
  8
GEOMETRY_LAYER_1
  70
32
  10
551981.820
  20
79069.121
  30
-37.858
  0
VERTEX
  8
GEOMETRY_LAYER_1
  70
32
  10
551981.726
  20
79058.732
  30
-38.836
  0
VERTEX
  8
GEOMETRY_LAYER_1
  70
32
  10
551972.452
  20
79055.001
  30
-39.207
  0
VERTEX
  8
GEOMETRY_LAYER_1
  70
32
  10
551964.337
  20
79058.555
  30
-38.736
  0
VERTEX
  8
GEOMETRY_LAYER_1
  70
32
  10
551959.589
  20
79067.819
  30
-38.249
  0
VERTEX
  8
GEOMETRY_LAYER_1
  70
32
  10
551953.267
  20
79073.737
  30
-37.712
  0
VERTEX
  8
GEOMETRY_LAYER_1
  70
32
  10
551952.379
  20
79082.011
  30
-36.805
  0
VERTEX
  8
GEOMETRY_LAYER_1
  70
32
  10
551949.409
  20
79092.319
  30
-36.144
  0
VERTEX
  8
GEOMETRY_LAYER_1
  70
32
  10
551949.090
  20
79101.495
  30
-35.861
  0
VERTEX
  8
GEOMETRY_LAYER_1
  70
32
  10
551945.673
  20
79112.876
  30
-35.557
  0
VERTEX
  8
GEOMETRY_LAYER_1
  70
32
  10
551943.840
  20
79122.490
  30
-35.175
  0
VERTEX
  8
GEOMETRY_LAYER_1
  70
32
  10
551943.489
  20
79129.337
  30
-34.994
  0
VERTEX
  8
GEOMETRY_LAYER_1
  70
32
  10
551943.177
  20
79143.260
  30
-34.543
  0
VERTEX
  8
GEOMETRY_LAYER_1
  70
32
  10
551940.105
  20
79152.670
  30
-34.287
  0
VERTEX
  8
GEOMETRY_LAYER_1
  70
32
  10
551938.585
  20
79161.203
  30
-34.239
  0
VERTEX
  8
GEOMETRY_LAYER_1
  70
32
  10
551940.827
  20
79177.243
  30
-33.769
  0
VERTEX
  8
GEOMETRY_LAYER_1
  70
32
  10
551969.188
  20
79173.509
  30
-34.206
  0
SEQEND
  8
GEOMETRY_LAYER_1
  0
POLYLINE
  8
GEOMETRY_LAYER_1
  70
8
  66
1
 62
234
 39
1
  0
VERTEX
  8
GEOMETRY_LAYER_1
  70
32
  10
551972.926
  20
79174.192
  30
-34.206
  0
VERTEX
  8
GEOMETRY_LAYER_1
  70
32
  10
551974.708
  20
79164.431
  30
-34.237
  0
VERTEX
  8
GEOMETRY_LAYER_1
  70
32
  10
551977.432
  20
79153.303
  30
-34.106
  0
VERTEX
  8
GEOMETRY_LAYER_1
  70
32
  10
551979.084
  20
79146.834
  30
-34.084
  0
VERTEX
  8
GEOMETRY_LAYER_1
  70
32
  10
551981.572
  20
79133.432
  30
-34.392
  0
VERTEX
  8
GEOMETRY_LAYER_1
  70
32
  10
551984.192
  20
79115.325
  30
-35.026
  0
VERTEX
  8
GEOMETRY_LAYER_1
  70
32
  10
551986.090
  20
79105.901
  30
-34.924
  0
VERTEX
  8
GEOMETRY_LAYER_1
  70
32
  10
551986.281
  20
79094.964
  30
-35.255
  0
VERTEX
  8
GEOMETRY_LAYER_1
  70
32
  10
551981.284
  20
79089.617
  30
-35.635
  0
VERTEX
  8
GEOMETRY_LAYER_1
  70
32
  10
551982.894
  20
79081.636
  30
-36.733
  0
VERTEX
  8
GEOMETRY_LAYER_1
  70
32
  10
551985.624
  20
79069.527
  30
-37.858
  0
VERTEX
  8
GEOMETRY_LAYER_1
  70
32
  10
551985.503
  20
79056.156
  30
-38.836
  0
VERTEX
  8
GEOMETRY_LAYER_1
  70
32
  10
551972.390
  20
79050.880
  30
-39.207
  0
VERTEX
  8
GEOMETRY_LAYER_1
  70
32
  10
551961.572
  20
79055.618
  30
-38.736
  0
VERTEX
  8
GEOMETRY_LAYER_1
  70
32
  10
551956.509
  20
79065.497
  30
-38.249
  0
VERTEX
  8
GEOMETRY_LAYER_1
  70
32
  10
551949.639
  20
79071.927
  30
-37.712
  0
VERTEX
  8
GEOMETRY_LAYER_1
  70
32
  10
551948.636
  20
79081.277
  30
-36.805
  0
VERTEX
  8
GEOMETRY_LAYER_1
  70
32
  10
551945.628
  20
79091.717
  30
-36.144
  0
VERTEX
  8
GEOMETRY_LAYER_1
  70
32
  10
551945.309
  20
79100.873
  30
-35.861
  0
VERTEX
  8
GEOMETRY_LAYER_1
  70
32
  10
551941.978
  20
79111.971
  30
-35.557
  0
VERTEX
  8
GEOMETRY_LAYER_1
  70
32
  10
551940.058
  20
79122.035
  30
-35.175
  0
VERTEX
  8
GEOMETRY_LAYER_1
  70
32
  10
551939.691
  20
79129.197
  30
-34.994
  0
VERTEX
  8
GEOMETRY_LAYER_1
  70
32
  10
551939.391
  20
79142.614
  30
-34.543
  0
VERTEX
  8
GEOMETRY_LAYER_1
  70
32
  10
551936.410
  20
79151.742
  30
-34.287
  0
VERTEX
  8
GEOMETRY_LAYER_1
  70
32
  10
551934.739
  20
79161.130
  30
-34.239
  0
VERTEX
  8
GEOMETRY_LAYER_1
  70
32
  10
551937.585
  20
79181.503
  30
-33.769
  0
VERTEX
  8
GEOMETRY_LAYER_1
  70
32
  10
551969.684
  20
79177.277
  30
-34.206
  0
VERTEX
  8
GEOMETRY_LAYER_1
  70
32
  10
551972.926
  20
79174.192
  30
-34.206
  0
SEQEND
  8
GEOMETRY_LAYER_1
  0
POLYLINE
  8
GEOMETRY_LAYER_1
  70
8
  66
1
 62
234
 39
1
  0
VERTEX
  8
GEOMETRY_LAYER_1
  70
32
  10
552075.048
  20
78970.372
  30
-44.126
  0
VERTEX
  8
GEOMETRY_LAYER_1
  70
32
  10
552073.214
  20
78979.374
  30
-43.624
  0
VERTEX
  8
GEOMETRY_LAYER_1
  70
32
  10
552070.208
  20
78992.456
  30
-43.265
  0
VERTEX
  8
GEOMETRY_LAYER_1
  70
32
  10
552036.451
  20
78981.901
  30
-43.014
  0
VERTEX
  8
GEOMETRY_LAYER_1
  70
32
  10
552040.194
  20
78967.229
  30
-43.764
  0
VERTEX
  8
GEOMETRY_LAYER_1
  70
32
  10
552043.328
  20
78959.624
  30
-44.159
  0
VERTEX
  8
GEOMETRY_LAYER_1
  70
32
  10
552045.262
  20
78951.062
  30
-44.403
  0
VERTEX
  8
GEOMETRY_LAYER_1
  70
32
  10
552046.480
  20
78945.114
  30
-44.744
  0
VERTEX
  8
GEOMETRY_LAYER_1
  70
32
  10
552047.166
  20
78940.526
  30
-44.708
  0
VERTEX
  8
GEOMETRY_LAYER_1
  70
32
  10
552048.256
  20
78936.056
  30
-44.645
  0
VERTEX
  8
GEOMETRY_LAYER_1
  70
32
  10
552049.905
  20
78928.930
  30
-44.165
  0
VERTEX
  8
GEOMETRY_LAYER_1
  70
32
  10
552051.930
  20
78918.488
  30
-44.248
  0
VERTEX
  8
GEOMETRY_LAYER_1
  70
32
  10
552053.587
  20
78911.432
  30
-44.32
  0
VERTEX
  8
GEOMETRY_LAYER_1
  70
32
  10
552054.889
  20
78904.340
  30
-44.444
  0
VERTEX
  8
GEOMETRY_LAYER_1
  70
32
  10
552056.333
  20
78894.224
  30
-44.401
  0
VERTEX
  8
GEOMETRY_LAYER_1
  70
32
  10
552057.724
  20
78886.930
  30
-44.659
  0
VERTEX
  8
GEOMETRY_LAYER_1
  70
32
  10
552059.364
  20
78876.365
  30
-45.016
  0
VERTEX
  8
GEOMETRY_LAYER_1
  70
32
  10
552061.671
  20
78867.540
  30
-45.099
  0
VERTEX
  8
GEOMETRY_LAYER_1
  70
32
  10
552063.085
  20
78860.374
  30
-44.678
  0
VERTEX
  8
GEOMETRY_LAYER_1
  70
32
  10
552064.232
  20
78854.293
  30
-45.005
  0
VERTEX
  8
GEOMETRY_LAYER_1
  70
32
  10
552066.929
  20
78844.370
  30
-44.697
  0
VERTEX
  8
GEOMETRY_LAYER_1
  70
32
  10
552068.187
  20
78835.138
  30
-44.347
  0
VERTEX
  8
GEOMETRY_LAYER_1
  70
32
  10
552069.049
  20
78829.711
  30
-44.595
  0
VERTEX
  8
GEOMETRY_LAYER_1
  70
32
  10
552068.183
  20
78823.506
  30
-44.918
  0
VERTEX
  8
GEOMETRY_LAYER_1
  70
32
  10
552065.467
  20
78819.455
  30
-44.929
  0
VERTEX
  8
GEOMETRY_LAYER_1
  70
32
  10
552063.964
  20
78816.657
  30
-44.974
  0
VERTEX
  8
GEOMETRY_LAYER_1
  70
32
  10
552061.267
  20
78813.056
  30
-44.999
  0
VERTEX
  8
GEOMETRY_LAYER_1
  70
32
  10
552050.655
  20
78803.985
  30
-45.015
  0
VERTEX
  8
GEOMETRY_LAYER_1
  70
32
  10
552054.445
  20
78797.545
  30
-45.102
  0
VERTEX
  8
GEOMETRY_LAYER_1
  70
32
  10
552064.711
  20
78792.109
  30
-45.076
  0
VERTEX
  8
GEOMETRY_LAYER_1
  70
32
  10
552073.297
  20
78796.561
  30
-45.06
  0
VERTEX
  8
GEOMETRY_LAYER_1
  70
32
  10
552080.912
  20
78798.672
  30
-44.96
  0
VERTEX
  8
GEOMETRY_LAYER_1
  70
32
  10
552089.765
  20
78802.526
  30
-44.649
  0
VERTEX
  8
GEOMETRY_LAYER_1
  70
32
  10
552097.585
  20
78807.379
  30
-44.129
  0
VERTEX
  8
GEOMETRY_LAYER_1
  70
32
  10
552103.352
  20
78811.064
  30
-43.658
  0
VERTEX
  8
GEOMETRY_LAYER_1
  70
32
  10
552109.156
  20
78816.815
  30
-43.5
  0
VERTEX
  8
GEOMETRY_LAYER_1
  70
32
  10
552109.278
  20
78823.648
  30
-43.337
  0
VERTEX
  8
GEOMETRY_LAYER_1
  70
32
  10
552103.081
  20
78841.756
  30
-43.326
  0
VERTEX
  8
GEOMETRY_LAYER_1
  70
32
  10
552100.382
  20
78853.661
  30
-43.687
  0
VERTEX
  8
GEOMETRY_LAYER_1
  70
32
  10
552098.305
  20
78862.941
  30
-44.277
  0
VERTEX
  8
GEOMETRY_LAYER_1
  70
32
  10
552096.364
  20
78872.460
  30
-45.122
  0
VERTEX
  8
GEOMETRY_LAYER_1
  70
32
  10
552093.036
  20
78886.014
  30
-45.238
  0
VERTEX
  8
GEOMETRY_LAYER_1
  70
32
  10
552087.891
  20
78898.049
  30
-45.275
  0
VERTEX
  8
GEOMETRY_LAYER_1
  70
32
  10
552083.668
  20
78907.841
  30
-45.135
  0
VERTEX
  8
GEOMETRY_LAYER_1
  70
32
  10
552081.031
  20
78916.030
  30
-44.89
  0
VERTEX
  8
GEOMETRY_LAYER_1
  70
32
  10
552082.583
  20
78928.486
  30
-44.582
  0
VERTEX
  8
GEOMETRY_LAYER_1
  70
32
  10
552081.784
  20
78938.480
  30
-44.579
  0
VERTEX
  8
GEOMETRY_LAYER_1
  70
32
  10
552080.060
  20
78946.638
  30
-44.466
  0
VERTEX
  8
GEOMETRY_LAYER_1
  70
32
  10
552078.388
  20
78954.558
  30
-44.353
  0
VERTEX
  8
GEOMETRY_LAYER_1
  70
32
  10
552076.715
  20
78962.478
  30
-44.239
  0
VERTEX
  8
GEOMETRY_LAYER_1
  70
32
  10
552075.048
  20
78970.372
  30
-44.126
  0
SEQEND
  8
GEOMETRY_LAYER_1
  0
POLYLINE
  8
GEOMETRY_LAYER_1
  70
8
  66
1
 62
234
 39
1
  0
VERTEX
  8
GEOMETRY_LAYER_1
  70
32
  10
552071.324
  20
78969.613
  30
-44.126
  0
VERTEX
  8
GEOMETRY_LAYER_1
  70
32
  10
552069.500
  20
78978.569
  30
-43.624
  0
VERTEX
  8
GEOMETRY_LAYER_1
  70
32
  10
552067.424
  20
78987.604
  30
-43.265
  0
VERTEX
  8
GEOMETRY_LAYER_1
  70
32
  10
552041.023
  20
78979.349
  30
-43.014
  0
VERTEX
  8
GEOMETRY_LAYER_1
  70
32
  10
552043.810
  20
78968.429
  30
-43.764
  0
VERTEX
  8
GEOMETRY_LAYER_1
  70
32
  10
552046.964
  20
78960.775
  30
-44.159
  0
VERTEX
  8
GEOMETRY_LAYER_1
  70
32
  10
552048.977
  20
78951.862
  30
-44.403
  0
VERTEX
  8
GEOMETRY_LAYER_1
  70
32
  10
552050.224
  20
78945.776
  30
-44.744
  0
VERTEX
  8
GEOMETRY_LAYER_1
  70
32
  10
552050.899
  20
78941.258
  30
-44.708
  0
VERTEX
  8
GEOMETRY_LAYER_1
  70
32
  10
552051.953
  20
78936.934
  30
-44.645
  0
VERTEX
  8
GEOMETRY_LAYER_1
  70
32
  10
552053.623
  20
78929.720
  30
-44.165
  0
VERTEX
  8
GEOMETRY_LAYER_1
  70
32
  10
552055.647
  20
78919.285
  30
-44.248
  0
VERTEX
  8
GEOMETRY_LAYER_1
  70
32
  10
552057.307
  20
78912.210
  30
-44.32
  0
VERTEX
  8
GEOMETRY_LAYER_1
  70
32
  10
552058.640
  20
78904.952
  30
-44.444
  0
VERTEX
  8
GEOMETRY_LAYER_1
  70
32
  10
552060.082
  20
78894.849
  30
-44.401
  0
VERTEX
  8
GEOMETRY_LAYER_1
  70
32
  10
552061.469
  20
78887.578
  30
-44.659
  0
VERTEX
  8
GEOMETRY_LAYER_1
  70
32
  10
552063.090
  20
78877.139
  30
-45.016
  0
VERTEX
  8
GEOMETRY_LAYER_1
  70
32
  10
552065.377
  20
78868.389
  30
-45.099
  0
VERTEX
  8
GEOMETRY_LAYER_1
  70
32
  10
552066.816
  20
78861.094
  30
-44.678
  0
VERTEX
  8
GEOMETRY_LAYER_1
  70
32
  10
552067.939
  20
78855.144
  30
-45.005
  0
VERTEX
  8
GEOMETRY_LAYER_1
  70
32
  10
552070.661
  20
78845.129
  30
-44.697
  0
VERTEX
  8
GEOMETRY_LAYER_1
  70
32
  10
552071.947
  20
78835.693
  30
-44.347
  0
VERTEX
  8
GEOMETRY_LAYER_1
  70
32
  10
552072.891
  20
78829.747
  30
-44.595
  0
VERTEX
  8
GEOMETRY_LAYER_1
  70
32
  10
552071.825
  20
78822.117
  30
-44.918
  0
VERTEX
  8
GEOMETRY_LAYER_1
  70
32
  10
552068.727
  20
78817.493
  30
-44.929
  0
VERTEX
  8
GEOMETRY_LAYER_1
  70
32
  10
552067.177
  20
78814.608
  30
-44.974
  0
VERTEX
  8
GEOMETRY_LAYER_1
  70
32
  10
552064.056
  20
78810.442
  30
-44.999
  0
VERTEX
  8
GEOMETRY_LAYER_1
  70
32
  10
552055.545
  20
78803.167
  30
-45.015
  0
VERTEX
  8
GEOMETRY_LAYER_1
  70
32
  10
552057.174
  20
78800.399
  30
-45.102
  0
VERTEX
  8
GEOMETRY_LAYER_1
  70
32
  10
552064.729
  20
78796.399
  30
-45.076
  0
VERTEX
  8
GEOMETRY_LAYER_1
  70
32
  10
552071.900
  20
78800.118
  30
-45.06
  0
VERTEX
  8
GEOMETRY_LAYER_1
  70
32
  10
552079.640
  20
78802.262
  30
-44.96
  0
VERTEX
  8
GEOMETRY_LAYER_1
  70
32
  10
552087.996
  20
78805.900
  30
-44.649
  0
VERTEX
  8
GEOMETRY_LAYER_1
  70
32
  10
552095.560
  20
78810.594
  30
-44.129
  0
VERTEX
  8
GEOMETRY_LAYER_1
  70
32
  10
552100.965
  20
78814.048
  30
-43.658
  0
VERTEX
  8
GEOMETRY_LAYER_1
  70
32
  10
552105.384
  20
78818.427
  30
-43.5
  0
VERTEX
  8
GEOMETRY_LAYER_1
  70
32
  10
552105.467
  20
78823.048
  30
-43.337
  0
VERTEX
  8
GEOMETRY_LAYER_1
  70
32
  10
552099.420
  20
78840.718
  30
-43.326
  0
VERTEX
  8
GEOMETRY_LAYER_1
  70
32
  10
552096.675
  20
78852.826
  30
-43.687
  0
VERTEX
  8
GEOMETRY_LAYER_1
  70
32
  10
552094.588
  20
78862.147
  30
-44.277
  0
VERTEX
  8
GEOMETRY_LAYER_1
  70
32
  10
552092.655
  20
78871.627
  30
-45.122
  0
VERTEX
  8
GEOMETRY_LAYER_1
  70
32
  10
552089.420
  20
78884.806
  30
-45.238
  0
VERTEX
  8
GEOMETRY_LAYER_1
  70
32
  10
552084.399
  20
78896.550
  30
-45.275
  0
VERTEX
  8
GEOMETRY_LAYER_1
  70
32
  10
552080.106
  20
78906.504
  30
-45.135
  0
VERTEX
  8
GEOMETRY_LAYER_1
  70
32
  10
552077.156
  20
78915.665
  30
-44.89
  0
VERTEX
  8
GEOMETRY_LAYER_1
  70
32
  10
552078.764
  20
78928.570
  30
-44.582
  0
VERTEX
  8
GEOMETRY_LAYER_1
  70
32
  10
552078.015
  20
78937.933
  30
-44.579
  0
VERTEX
  8
GEOMETRY_LAYER_1
  70
32
  10
552076.342
  20
78945.853
  30
-44.466
  0
VERTEX
  8
GEOMETRY_LAYER_1
  70
32
  10
552074.670
  20
78953.773
  30
-44.353
  0
VERTEX
  8
GEOMETRY_LAYER_1
  70
32
  10
552072.997
  20
78961.693
  30
-44.239
  0
VERTEX
  8
GEOMETRY_LAYER_1
  70
32
  10
552071.324
  20
78969.613
  30
-44.126
  0
SEQEND
  8
GEOMETRY_LAYER_1
  0
POLYLINE
  8
GEOMETRY_LAYER_1
  70
8
  66
1
 62
234
 39
1
  0
VERTEX
  8
GEOMETRY_LAYER_1
  70
32
  10
552155.619
  20
78466.448
  30
-46.863
  0
VERTEX
  8
GEOMETRY_LAYER_1
  70
32
  10
552155.679
  20
78466.223
  30
-46.817
  0
VERTEX
  8
GEOMETRY_LAYER_1
  70
32
  10
552158.148
  20
78457.732
  30
-47.156
  0
VERTEX
  8
GEOMETRY_LAYER_1
  70
32
  10
552161.198
  20
78450.581
  30
-47.828
  0
VERTEX
  8
GEOMETRY_LAYER_1
  70
32
  10
552168.862
  20
78445.355
  30
-48.222
  0
VERTEX
  8
GEOMETRY_LAYER_1
  70
32
  10
552177.329
  20
78444.439
  30
-49.023
  0
VERTEX
  8
GEOMETRY_LAYER_1
  70
32
  10
552187.174
  20
78442.544
  30
-50.356
  0
VERTEX
  8
GEOMETRY_LAYER_1
  70
32
  10
552201.913
  20
78442.847
  30
-51.132
  0
VERTEX
  8
GEOMETRY_LAYER_1
  70
32
  10
552204.799
  20
78435.680
  30
-51.487
  0
VERTEX
  8
GEOMETRY_LAYER_1
  70
32
  10
552207.979
  20
78427.638
  30
-51.74
  0
VERTEX
  8
GEOMETRY_LAYER_1
  70
32
  10
552210.694
  20
78419.058
  30
-52.347
  0
VERTEX
  8
GEOMETRY_LAYER_1
  70
32
  10
552210.649
  20
78418.839
  30
-52.326
  0
VERTEX
  8
GEOMETRY_LAYER_1
  70
32
  10
552213.324
  20
78409.975
  30
-53.171
  0
VERTEX
  8
GEOMETRY_LAYER_1
  70
32
  10
552214.356
  20
78400.504
  30
-53.919
  0
VERTEX
  8
GEOMETRY_LAYER_1
  70
32
  10
552215.406
  20
78389.795
  30
-54.232
  0
VERTEX
  8
GEOMETRY_LAYER_1
  70
32
  10
552213.997
  20
78374.678
  30
-54.532
  0
VERTEX
  8
GEOMETRY_LAYER_1
  70
32
  10
552214.280
  20
78365.889
  30
-54.798
  0
VERTEX
  8
GEOMETRY_LAYER_1
  70
32
  10
552217.314
  20
78355.390
  30
-54.459
  0
VERTEX
  8
GEOMETRY_LAYER_1
  70
32
  10
552215.382
  20
78340.562
  30
-54.53
  0
VERTEX
  8
GEOMETRY_LAYER_1
  70
32
  10
552213.053
  20
78347.414
  30
-54.537
  0
VERTEX
  8
GEOMETRY_LAYER_1
  70
32
  10
552210.219
  20
78357.336
  30
-54.199
  0
VERTEX
  8
GEOMETRY_LAYER_1
  70
32
  10
552208.168
  20
78365.957
  30
-54.365
  0
VERTEX
  8
GEOMETRY_LAYER_1
  70
32
  10
552200.746
  20
78369.195
  30
-54.512
  0
VERTEX
  8
GEOMETRY_LAYER_1
  70
32
  10
552192.157
  20
78372.328
  30
-54.537
  0
VERTEX
  8
GEOMETRY_LAYER_1
  70
32
  10
552187.775
  20
78380.488
  30
-54.241
  0
VERTEX
  8
GEOMETRY_LAYER_1
  70
32
  10
552184.864
  20
78390.156
  30
-53.508
  0
VERTEX
  8
GEOMETRY_LAYER_1
  70
32
  10
552177.374
  20
78392.720
  30
-53.68
  0
VERTEX
  8
GEOMETRY_LAYER_1
  70
32
  10
552169.111
  20
78395.036
  30
-53.482
  0
VERTEX
  8
GEOMETRY_LAYER_1
  70
32
  10
552159.861
  20
78398.380
  30
-53.134
  0
VERTEX
  8
GEOMETRY_LAYER_1
  70
32
  10
552156.741
  20
78407.005
  30
-51.941
  0
VERTEX
  8
GEOMETRY_LAYER_1
  70
32
  10
552152.139
  20
78425.070
  30
-50.255
  0
VERTEX
  8
GEOMETRY_LAYER_1
  70
32
  10
552149.217
  20
78434.566
  30
-49.324
  0
VERTEX
  8
GEOMETRY_LAYER_1
  70
32
  10
552143.384
  20
78452.932
  30
-47.879
  0
VERTEX
  8
GEOMETRY_LAYER_1
  70
32
  10
552140.341
  20
78461.706
  30
-47.061
  0
VERTEX
  8
GEOMETRY_LAYER_1
  70
32
  10
552155.619
  20
78466.448
  30
-46.863
  0
SEQEND
  8
GEOMETRY_LAYER_1
  0
POLYLINE
  8
GEOMETRY_LAYER_1
  70
8
  66
1
 62
234
 39
1
  0
VERTEX
  8
GEOMETRY_LAYER_1
  70
32
  10
552157.786
  20
78473.655
  30
-46.528
  0
VERTEX
  8
GEOMETRY_LAYER_1
  70
32
  10
552159.303
  20
78467.383
  30
-46.863
  0
VERTEX
  8
GEOMETRY_LAYER_1
  70
32
  10
552159.340
  20
78467.241
  30
-46.817
  0
VERTEX
  8
GEOMETRY_LAYER_1
  70
32
  10
552161.733
  20
78459.012
  30
-47.156
  0
VERTEX
  8
GEOMETRY_LAYER_1
  70
32
  10
552164.257
  20
78453.094
  30
-47.828
  0
VERTEX
  8
GEOMETRY_LAYER_1
  70
32
  10
552170.217
  20
78449.031
  30
-48.222
  0
VERTEX
  8
GEOMETRY_LAYER_1
  70
32
  10
552177.893
  20
78448.200
  30
-49.023
  0
VERTEX
  8
GEOMETRY_LAYER_1
  70
32
  10
552187.498
  20
78446.350
  30
-50.356
  0
VERTEX
  8
GEOMETRY_LAYER_1
  70
32
  10
552204.458
  20
78446.701
  30
-51.132
  0
VERTEX
  8
GEOMETRY_LAYER_1
  70
32
  10
552208.328
  20
78437.089
  30
-51.487
  0
VERTEX
  8
GEOMETRY_LAYER_1
  70
32
  10
552211.562
  20
78428.912
  30
-51.74
  0
VERTEX
  8
GEOMETRY_LAYER_1
  70
32
  10
552214.616
  20
78419.259
  30
-52.347
  0
VERTEX
  8
GEOMETRY_LAYER_1
  70
32
  10
552214.565
  20
78419.012
  30
-52.326
  0
VERTEX
  8
GEOMETRY_LAYER_1
  70
32
  10
552217.064
  20
78410.737
  30
-53.171
  0
VERTEX
  8
GEOMETRY_LAYER_1
  70
32
  10
552218.136
  20
78400.894
  30
-53.919
  0
VERTEX
  8
GEOMETRY_LAYER_1
  70
32
  10
552219.223
  20
78389.803
  30
-54.232
  0
VERTEX
  8
GEOMETRY_LAYER_1
  70
32
  10
552217.803
  20
78374.563
  30
-54.532
  0
VERTEX
  8
GEOMETRY_LAYER_1
  70
32
  10
552218.063
  20
78366.487
  30
-54.798
  0
VERTEX
  8
GEOMETRY_LAYER_1
  70
32
  10
552221.184
  20
78355.684
  30
-54.459
  0
VERTEX
  8
GEOMETRY_LAYER_1
  70
32
  10
552217.041
  20
78323.878
  30
-54.53
  0
VERTEX
  8
GEOMETRY_LAYER_1
  70
32
  10
552209.425
  20
78346.279
  30
-54.537
  0
VERTEX
  8
GEOMETRY_LAYER_1
  70
32
  10
552206.542
  20
78356.374
  30
-54.199
  0
VERTEX
  8
GEOMETRY_LAYER_1
  70
32
  10
552204.910
  20
78363.232
  30
-54.365
  0
VERTEX
  8
GEOMETRY_LAYER_1
  70
32
  10
552199.333
  20
78365.666
  30
-54.512
  0
VERTEX
  8
GEOMETRY_LAYER_1
  70
32
  10
552189.495
  20
78369.255
  30
-54.537
  0
VERTEX
  8
GEOMETRY_LAYER_1
  70
32
  10
552184.246
  20
78379.027
  30
-54.241
  0
VERTEX
  8
GEOMETRY_LAYER_1
  70
32
  10
552181.788
  20
78387.192
  30
-53.508
  0
VERTEX
  8
GEOMETRY_LAYER_1
  70
32
  10
552176.245
  20
78389.091
  30
-53.68
  0
VERTEX
  8
GEOMETRY_LAYER_1
  70
32
  10
552167.951
  20
78391.415
  30
-53.482
  0
VERTEX
  8
GEOMETRY_LAYER_1
  70
32
  10
552156.894
  20
78395.411
  30
-53.134
  0
VERTEX
  8
GEOMETRY_LAYER_1
  70
32
  10
552153.105
  20
78405.886
  30
-51.941
  0
VERTEX
  8
GEOMETRY_LAYER_1
  70
32
  10
552148.479
  20
78424.042
  30
-50.255
  0
VERTEX
  8
GEOMETRY_LAYER_1
  70
32
  10
552145.590
  20
78433.432
  30
-49.324
  0
VERTEX
  8
GEOMETRY_LAYER_1
  70
32
  10
552139.777
  20
78451.734
  30
-47.879
  0
VERTEX
  8
GEOMETRY_LAYER_1
  70
32
  10
552136.674
  20
78460.683
  30
-47.061
  0
VERTEX
  8
GEOMETRY_LAYER_1
  70
32
  10
552135.269
  20
78467.288
  30
-46.753
  0
VERTEX
  8
GEOMETRY_LAYER_1
  70
32
  10
552157.786
  20
78473.655
  30
-46.528
  0
SEQEND
  8
GEOMETRY_LAYER_1
  0
POLYLINE
  8
GEOMETRY_LAYER_1
  70
8
  66
1
 62
234
 39
1
  0
VERTEX
  8
GEOMETRY_LAYER_1
  70
32
  10
551351.534
  20
77382.739
  30
-4.796
  0
VERTEX
  8
GEOMETRY_LAYER_1
  70
32
  10
551339.598
  20
77376.098
  30
-5.027
  0
VERTEX
  8
GEOMETRY_LAYER_1
  70
32
  10
551341.610
  20
77408.955
  30
-4.891
  0
VERTEX
  8
GEOMETRY_LAYER_1
  70
32
  10
551343.962
  20
77455.341
  30
-3.313
  0
VERTEX
  8
GEOMETRY_LAYER_1
  70
32
  10
551357.365
  20
77461.148
  30
-3.075
  0
VERTEX
  8
GEOMETRY_LAYER_1
  70
32
  10
551351.534
  20
77382.739
  30
-4.796
  0
SEQEND
  8
GEOMETRY_LAYER_1
  0
POLYLINE
  8
GEOMETRY_LAYER_1
  70
8
  66
1
 62
234
 39
1
  0
VERTEX
  8
GEOMETRY_LAYER_1
  70
32
  10
551348.183
  20
77384.881
  30
-4.796
  0
VERTEX
  8
GEOMETRY_LAYER_1
  70
32
  10
551343.482
  20
77382.264
  30
-5.027
  0
VERTEX
  8
GEOMETRY_LAYER_1
  70
32
  10
551345.104
  20
77408.760
  30
-4.891
  0
VERTEX
  8
GEOMETRY_LAYER_1
  70
32
  10
551347.347
  20
77452.993
  30
-3.313
  0
VERTEX
  8
GEOMETRY_LAYER_1
  70
32
  10
551353.445
  20
77455.636
  30
-3.075
  0
VERTEX
  8
GEOMETRY_LAYER_1
  70
32
  10
551348.183
  20
77384.881
  30
-4.796
  0
SEQEND
  8
GEOMETRY_LAYER_1
  0
POLYLINE
  8
GEOMETRY_LAYER_1
  70
8
  66
1
 62
234
 39
1
  0
VERTEX
  8
GEOMETRY_LAYER_1
  70
32
  10
550241.164
  20
77012.273
  30
46.521
  0
VERTEX
  8
GEOMETRY_LAYER_1
  70
32
  10
550244.422
  20
77018.869
  30
46.497
  0
VERTEX
  8
GEOMETRY_LAYER_1
  70
32
  10
550248.254
  20
77029.699
  30
46.736
  0
VERTEX
  8
GEOMETRY_LAYER_1
  70
32
  10
550251.327
  20
77037.977
  30
47.018
  0
VERTEX
  8
GEOMETRY_LAYER_1
  70
32
  10
550254.809
  20
77046.007
  30
47.356
  0
VERTEX
  8
GEOMETRY_LAYER_1
  70
32
  10
550249.964
  20
77046.861
  30
47.113
  0
VERTEX
  8
GEOMETRY_LAYER_1
  70
32
  10
550233.245
  20
77035.198
  30
46.537
  0
VERTEX
  8
GEOMETRY_LAYER_1
  70
32
  10
550228.120
  20
77040.372
  30
46.644
  0
VERTEX
  8
GEOMETRY_LAYER_1
  70
32
  10
550220.787
  20
77040.692
  30
46.398
  0
VERTEX
  8
GEOMETRY_LAYER_1
  70
32
  10
550211.836
  20
77037.059
  30
45.992
  0
VERTEX
  8
GEOMETRY_LAYER_1
  70
32
  10
550206.689
  20
77035.209
  30
45.905
  0
VERTEX
  8
GEOMETRY_LAYER_1
  70
32
  10
550206.591
  20
77030.157
  30
45.844
  0
VERTEX
  8
GEOMETRY_LAYER_1
  70
32
  10
550204.954
  20
77021.113
  30
45.69
  0
VERTEX
  8
GEOMETRY_LAYER_1
  70
32
  10
550201.335
  20
77011.796
  30
45.714
  0
VERTEX
  8
GEOMETRY_LAYER_1
  70
32
  10
550195.992
  20
77004.046
  30
45.484
  0
VERTEX
  8
GEOMETRY_LAYER_1
  70
32
  10
550195.499
  20
76995.037
  30
45.423
  0
VERTEX
  8
GEOMETRY_LAYER_1
  70
32
  10
550195.120
  20
76980.119
  30
46.131
  0
VERTEX
  8
GEOMETRY_LAYER_1
  70
32
  10
550200.540
  20
76979.217
  30
46.614
  0
VERTEX
  8
GEOMETRY_LAYER_1
  70
32
  10
550209.666
  20
76979.563
  30
46.671
  0
VERTEX
  8
GEOMETRY_LAYER_1
  70
32
  10
550230.479
  20
76979.117
  30
45.774
  0
VERTEX
  8
GEOMETRY_LAYER_1
  70
32
  10
550231.841
  20
76986.212
  30
45.78
  0
VERTEX
  8
GEOMETRY_LAYER_1
  70
32
  10
550235.143
  20
76994.311
  30
46.341
  0
VERTEX
  8
GEOMETRY_LAYER_1
  70
32
  10
550238.870
  20
77002.488
  30
46.705
  0
VERTEX
  8
GEOMETRY_LAYER_1
  70
32
  10
550241.164
  20
77012.273
  30
46.521
  0
SEQEND
  8
GEOMETRY_LAYER_1
  0
POLYLINE
  8
GEOMETRY_LAYER_1
  70
8
  66
1
 62
234
 39
1
  0
VERTEX
  8
GEOMETRY_LAYER_1
  70
32
  10
550244.302
  20
77010.723
  30
46.521
  0
VERTEX
  8
GEOMETRY_LAYER_1
  70
32
  10
550247.653
  20
77017.506
  30
46.497
  0
VERTEX
  8
GEOMETRY_LAYER_1
  70
32
  10
550251.544
  20
77028.507
  30
46.736
  0
VERTEX
  8
GEOMETRY_LAYER_1
  70
32
  10
550254.575
  20
77036.671
  30
47.018
  0
VERTEX
  8
GEOMETRY_LAYER_1
  70
32
  10
550259.785
  20
77048.683
  30
47.356
  0
VERTEX
  8
GEOMETRY_LAYER_1
  70
32
  10
550249.148
  20
77050.558
  30
47.113
  0
VERTEX
  8
GEOMETRY_LAYER_1
  70
32
  10
550233.658
  20
77039.754
  30
46.537
  0
VERTEX
  8
GEOMETRY_LAYER_1
  70
32
  10
550229.642
  20
77043.808
  30
46.644
  0
VERTEX
  8
GEOMETRY_LAYER_1
  70
32
  10
550220.178
  20
77044.222
  30
46.398
  0
VERTEX
  8
GEOMETRY_LAYER_1
  70
32
  10
550210.585
  20
77040.329
  30
45.992
  0
VERTEX
  8
GEOMETRY_LAYER_1
  70
32
  10
550203.236
  20
77037.686
  30
45.905
  0
VERTEX
  8
GEOMETRY_LAYER_1
  70
32
  10
550203.097
  20
77030.505
  30
45.844
  0
VERTEX
  8
GEOMETRY_LAYER_1
  70
32
  10
550201.570
  20
77022.066
  30
45.69
  0
VERTEX
  8
GEOMETRY_LAYER_1
  70
32
  10
550198.221
  20
77013.445
  30
45.714
  0
VERTEX
  8
GEOMETRY_LAYER_1
  70
32
  10
550192.551
  20
77005.221
  30
45.484
  0
VERTEX
  8
GEOMETRY_LAYER_1
  70
32
  10
550192.002
  20
76995.177
  30
45.423
  0
VERTEX
  8
GEOMETRY_LAYER_1
  70
32
  10
550191.544
  20
76977.167
  30
46.131
  0
VERTEX
  8
GEOMETRY_LAYER_1
  70
32
  10
550200.316
  20
76975.706
  30
46.614
  0
VERTEX
  8
GEOMETRY_LAYER_1
  70
32
  10
550209.695
  20
76976.061
  30
46.671
  0
VERTEX
  8
GEOMETRY_LAYER_1
  70
32
  10
550233.359
  20
76975.555
  30
45.774
  0
VERTEX
  8
GEOMETRY_LAYER_1
  70
32
  10
550235.213
  20
76985.212
  30
45.78
  0
VERTEX
  8
GEOMETRY_LAYER_1
  70
32
  10
550238.358
  20
76992.925
  30
46.341
  0
VERTEX
  8
GEOMETRY_LAYER_1
  70
32
  10
550242.055
  20
77001.037
  30
46.705
  0
VERTEX
  8
GEOMETRY_LAYER_1
  70
32
  10
550244.302
  20
77010.723
  30
46.521
  0
SEQEND
  8
GEOMETRY_LAYER_1
  0
POLYLINE
  8
GEOMETRY_LAYER_1
  70
8
  66
1
 62
234
 39
1
  0
VERTEX
  8
GEOMETRY_LAYER_1
  70
32
  10
551266.088
  20
76301.447
  30
23.223
  0
VERTEX
  8
GEOMETRY_LAYER_1
  70
32
  10
551264.140
  20
76290.807
  30
23.251
  0
VERTEX
  8
GEOMETRY_LAYER_1
  70
32
  10
551262.861
  20
76282.851
  30
23.811
  0
VERTEX
  8
GEOMETRY_LAYER_1
  70
32
  10
551261.129
  20
76272.717
  30
23.143
  0
VERTEX
  8
GEOMETRY_LAYER_1
  70
32
  10
551259.710
  20
76264.618
  30
23.199
  0
VERTEX
  8
GEOMETRY_LAYER_1
  70
32
  10
551258.257
  20
76256.436
  30
23.756
  0
VERTEX
  8
GEOMETRY_LAYER_1
  70
32
  10
551256.900
  20
76248.221
  30
22.341
  0
VERTEX
  8
GEOMETRY_LAYER_1
  70
32
  10
551251.322
  20
76221.645
  30
22.41
  0
VERTEX
  8
GEOMETRY_LAYER_1
  70
32
  10
551248.448
  20
76205.254
  30
24.449
  0
VERTEX
  8
GEOMETRY_LAYER_1
  70
32
  10
551231.749
  20
76199.384
  30
26.78
  0
VERTEX
  8
GEOMETRY_LAYER_1
  70
32
  10
551227.801
  20
76183.847
  30
27.344
  0
VERTEX
  8
GEOMETRY_LAYER_1
  70
32
  10
551214.683
  20
76162.549
  30
27.965
  0
VERTEX
  8
GEOMETRY_LAYER_1
  70
32
  10
551211.351
  20
76151.829
  30
28.639
  0
VERTEX
  8
GEOMETRY_LAYER_1
  70
32
  10
551230.835
  20
76148.794
  30
28.282
  0
VERTEX
  8
GEOMETRY_LAYER_1
  70
32
  10
551238.342
  20
76149.518
  30
28.496
  0
VERTEX
  8
GEOMETRY_LAYER_1
  70
32
  10
551261.941
  20
76174.021
  30
25.977
  0
VERTEX
  8
GEOMETRY_LAYER_1
  70
32
  10
551267.833
  20
76187.355
  30
24.682
  0
VERTEX
  8
GEOMETRY_LAYER_1
  70
32
  10
551270.833
  20
76199.116
  30
24.008
  0
VERTEX
  8
GEOMETRY_LAYER_1
  70
32
  10
551275.340
  20
76214.562
  30
23.132
  0
VERTEX
  8
GEOMETRY_LAYER_1
  70
32
  10
551276.301
  20
76224.904
  30
22.42
  0
VERTEX
  8
GEOMETRY_LAYER_1
  70
32
  10
551276.724
  20
76251.977
  30
24.438
  0
VERTEX
  8
GEOMETRY_LAYER_1
  70
32
  10
551278.812
  20
76269.367
  30
25.974
  0
VERTEX
  8
GEOMETRY_LAYER_1
  70
32
  10
551280.324
  20
76277.390
  30
25.337
  0
VERTEX
  8
GEOMETRY_LAYER_1
  70
32
  10
551282.495
  20
76286.621
  30
23.768
  0
VERTEX
  8
GEOMETRY_LAYER_1
  70
32
  10
551284.397
  20
76296.266
  30
24.52
  0
VERTEX
  8
GEOMETRY_LAYER_1
  70
32
  10
551279.366
  20
76306.142
  30
24.643
  0
VERTEX
  8
GEOMETRY_LAYER_1
  70
32
  10
551266.088
  20
76301.447
  30
23.223
  0
SEQEND
  8
GEOMETRY_LAYER_1
  0
POLYLINE
  8
GEOMETRY_LAYER_1
  70
8
  66
1
 62
234
 39
1
  0
VERTEX
  8
GEOMETRY_LAYER_1
  70
32
  10
551269.166
  20
76298.823
  30
23.223
  0
VERTEX
  8
GEOMETRY_LAYER_1
  70
32
  10
551267.589
  20
76290.214
  30
23.251
  0
VERTEX
  8
GEOMETRY_LAYER_1
  70
32
  10
551266.314
  20
76282.279
  30
23.811
  0
VERTEX
  8
GEOMETRY_LAYER_1
  70
32
  10
551264.577
  20
76272.120
  30
23.143
  0
VERTEX
  8
GEOMETRY_LAYER_1
  70
32
  10
551263.157
  20
76264.011
  30
23.199
  0
VERTEX
  8
GEOMETRY_LAYER_1
  70
32
  10
551261.706
  20
76255.846
  30
23.756
  0
VERTEX
  8
GEOMETRY_LAYER_1
  70
32
  10
551260.341
  20
76247.576
  30
22.341
  0
VERTEX
  8
GEOMETRY_LAYER_1
  70
32
  10
551254.759
  20
76220.983
  30
22.41
  0
VERTEX
  8
GEOMETRY_LAYER_1
  70
32
  10
551251.542
  20
76202.632
  30
24.449
  0
VERTEX
  8
GEOMETRY_LAYER_1
  70
32
  10
551234.679
  20
76196.704
  30
26.78
  0
VERTEX
  8
GEOMETRY_LAYER_1
  70
32
  10
551231.061
  20
76182.467
  30
27.344
  0
VERTEX
  8
GEOMETRY_LAYER_1
  70
32
  10
551217.895
  20
76161.089
  30
27.965
  0
VERTEX
  8
GEOMETRY_LAYER_1
  70
32
  10
551215.897
  20
76154.663
  30
28.639
  0
VERTEX
  8
GEOMETRY_LAYER_1
  70
32
  10
551230.937
  20
76152.320
  30
28.282
  0
VERTEX
  8
GEOMETRY_LAYER_1
  70
32
  10
551236.718
  20
76152.878
  30
28.496
  0
VERTEX
  8
GEOMETRY_LAYER_1
  70
32
  10
551258.990
  20
76176.003
  30
25.977
  0
VERTEX
  8
GEOMETRY_LAYER_1
  70
32
  10
551264.514
  20
76188.503
  30
24.682
  0
VERTEX
  8
GEOMETRY_LAYER_1
  70
32
  10
551267.456
  20
76200.039
  30
24.008
  0
VERTEX
  8
GEOMETRY_LAYER_1
  70
32
  10
551271.886
  20
76215.221
  30
23.132
  0
VERTEX
  8
GEOMETRY_LAYER_1
  70
32
  10
551272.804
  20
76225.094
  30
22.42
  0
VERTEX
  8
GEOMETRY_LAYER_1
  70
32
  10
551273.227
  20
76252.214
  30
24.438
  0
VERTEX
  8
GEOMETRY_LAYER_1
  70
32
  10
551275.351
  20
76269.900
  30
25.974
  0
VERTEX
  8
GEOMETRY_LAYER_1
  70
32
  10
551276.899
  20
76278.114
  30
25.337
  0
VERTEX
  8
GEOMETRY_LAYER_1
  70
32
  10
551279.073
  20
76287.360
  30
23.768
  0
VERTEX
  8
GEOMETRY_LAYER_1
  70
32
  10
551280.729
  20
76295.756
  30
24.52
  0
VERTEX
  8
GEOMETRY_LAYER_1
  70
32
  10
551277.640
  20
76301.819
  30
24.643
  0
VERTEX
  8
GEOMETRY_LAYER_1
  70
32
  10
551269.166
  20
76298.823
  30
23.223
  0
SEQEND
  8
GEOMETRY_LAYER_1
  0
POLYLINE
  8
GEOMETRY_LAYER_1
  70
8
  66
1
 62
234
 39
1
  0
VERTEX
  8
GEOMETRY_LAYER_1
  70
32
  10
551515.825
  20
78089.712
  30
35.213
  0
VERTEX
  8
GEOMETRY_LAYER_1
  70
32
  10
551534.062
  20
78089.463
  30
36.103
  0
VERTEX
  8
GEOMETRY_LAYER_1
  70
32
  10
551540.911
  20
78084.527
  30
35.888
  0
VERTEX
  8
GEOMETRY_LAYER_1
  70
32
  10
551555.147
  20
78074.762
  30
35.358
  0
VERTEX
  8
GEOMETRY_LAYER_1
  70
32
  10
551537.802
  20
78071.019
  30
35.449
  0
VERTEX
  8
GEOMETRY_LAYER_1
  70
32
  10
551529.918
  20
78068.217
  30
34.888
  0
VERTEX
  8
GEOMETRY_LAYER_1
  70
32
  10
551522.179
  20
78064.945
  30
34.753
  0
VERTEX
  8
GEOMETRY_LAYER_1
  70
32
  10
551518.321
  20
78060.734
  30
34.414
  0
VERTEX
  8
GEOMETRY_LAYER_1
  70
32
  10
551511.128
  20
78056.251
  30
34.34
  0
VERTEX
  8
GEOMETRY_LAYER_1
  70
32
  10
551502.793
  20
78052.804
  30
34.486
  0
VERTEX
  8
GEOMETRY_LAYER_1
  70
32
  10
551495.415
  20
78049.846
  30
34.737
  0
VERTEX
  8
GEOMETRY_LAYER_1
  70
32
  10
551486.198
  20
78046.701
  30
35.083
  0
VERTEX
  8
GEOMETRY_LAYER_1
  70
32
  10
551477.435
  20
78043.441
  30
35.473
  0
VERTEX
  8
GEOMETRY_LAYER_1
  70
32
  10
551470.733
  20
78040.963
  30
36.13
  0
VERTEX
  8
GEOMETRY_LAYER_1
  70
32
  10
551448.460
  20
78031.671
  30
36.482
  0
VERTEX
  8
GEOMETRY_LAYER_1
  70
32
  10
551442.866
  20
78025.782
  30
36.901
  0
VERTEX
  8
GEOMETRY_LAYER_1
  70
32
  10
551433.401
  20
78021.156
  30
36.671
  0
VERTEX
  8
GEOMETRY_LAYER_1
  70
32
  10
551424.922
  20
78011.417
  30
35.324
  0
VERTEX
  8
GEOMETRY_LAYER_1
  70
32
  10
551422.532
  20
78004.237
  30
34.986
  0
VERTEX
  8
GEOMETRY_LAYER_1
  70
32
  10
551411.172
  20
77992.014
  30
34.342
  0
VERTEX
  8
GEOMETRY_LAYER_1
  70
32
  10
551408.047
  20
77986.726
  30
33.885
  0
VERTEX
  8
GEOMETRY_LAYER_1
  70
32
  10
551400.927
  20
77979.403
  30
34.198
  0
VERTEX
  8
GEOMETRY_LAYER_1
  70
32
  10
551396.796
  20
77974.708
  30
34.659
  0
VERTEX
  8
GEOMETRY_LAYER_1
  70
32
  10
551393.612
  20
77966.447
  30
34.98
  0
VERTEX
  8
GEOMETRY_LAYER_1
  70
32
  10
551386.426
  20
77955.075
  30
34.339
  0
VERTEX
  8
GEOMETRY_LAYER_1
  70
32
  10
551375.863
  20
77950.011
  30
33.255
  0
VERTEX
  8
GEOMETRY_LAYER_1
  70
32
  10
551367.571
  20
77954.371
  30
33.392
  0
VERTEX
  8
GEOMETRY_LAYER_1
  70
32
  10
551360.031
  20
77961.597
  30
33.953
  0
VERTEX
  8
GEOMETRY_LAYER_1
  70
32
  10
551366.361
  20
77975.648
  30
34.382
  0
VERTEX
  8
GEOMETRY_LAYER_1
  70
32
  10
551370.441
  20
77981.801
  30
34.612
  0
VERTEX
  8
GEOMETRY_LAYER_1
  70
32
  10
551372.581
  20
77988.885
  30
34.3
  0
VERTEX
  8
GEOMETRY_LAYER_1
  70
32
  10
551378.503
  20
78002.148
  30
33.921
  0
VERTEX
  8
GEOMETRY_LAYER_1
  70
32
  10
551382.270
  20
78012.665
  30
34.203
  0
VERTEX
  8
GEOMETRY_LAYER_1
  70
32
  10
551383.924
  20
78024.014
  30
34.673
  0
VERTEX
  8
GEOMETRY_LAYER_1
  70
32
  10
551389.712
  20
78034.245
  30
34.946
  0
VERTEX
  8
GEOMETRY_LAYER_1
  70
32
  10
551393.510
  20
78040.622
  30
35.065
  0
VERTEX
  8
GEOMETRY_LAYER_1
  70
32
  10
551397.314
  20
78050.356
  30
35.521
  0
VERTEX
  8
GEOMETRY_LAYER_1
  70
32
  10
551404.289
  20
78053.882
  30
35.645
  0
VERTEX
  8
GEOMETRY_LAYER_1
  70
32
  10
551414.170
  20
78057.138
  30
35.95
  0
VERTEX
  8
GEOMETRY_LAYER_1
  70
32
  10
551422.014
  20
78059.617
  30
36.114
  0
VERTEX
  8
GEOMETRY_LAYER_1
  70
32
  10
551438.257
  20
78065.052
  30
36.704
  0
VERTEX
  8
GEOMETRY_LAYER_1
  70
32
  10
551448.252
  20
78069.425
  30
36.533
  0
VERTEX
  8
GEOMETRY_LAYER_1
  70
32
  10
551456.347
  20
78071.315
  30
36.048
  0
VERTEX
  8
GEOMETRY_LAYER_1
  70
32
  10
551465.879
  20
78074.318
  30
35.934
  0
VERTEX
  8
GEOMETRY_LAYER_1
  70
32
  10
551478.026
  20
78078.037
  30
35.212
  0
VERTEX
  8
GEOMETRY_LAYER_1
  70
32
  10
551482.177
  20
78079.709
  30
35.174
  0
VERTEX
  8
GEOMETRY_LAYER_1
  70
32
  10
551489.851
  20
78082.299
  30
34.786
  0
VERTEX
  8
GEOMETRY_LAYER_1
  70
32
  10
551499.246
  20
78085.301
  30
34.568
  0
VERTEX
  8
GEOMETRY_LAYER_1
  70
32
  10
551507.180
  20
78087.232
  30
34.505
  0
VERTEX
  8
GEOMETRY_LAYER_1
  70
32
  10
551515.825
  20
78089.712
  30
35.213
  0
SEQEND
  8
GEOMETRY_LAYER_1
  0
POLYLINE
  8
GEOMETRY_LAYER_1
  70
8
  66
1
 62
234
 39
1
  0
VERTEX
  8
GEOMETRY_LAYER_1
  70
32
  10
551516.294
  20
78086.205
  30
35.213
  0
VERTEX
  8
GEOMETRY_LAYER_1
  70
32
  10
551532.911
  20
78085.978
  30
36.103
  0
VERTEX
  8
GEOMETRY_LAYER_1
  70
32
  10
551538.897
  20
78081.664
  30
35.888
  0
VERTEX
  8
GEOMETRY_LAYER_1
  70
32
  10
551546.469
  20
78076.470
  30
35.358
  0
VERTEX
  8
GEOMETRY_LAYER_1
  70
32
  10
551536.843
  20
78074.393
  30
35.449
  0
VERTEX
  8
GEOMETRY_LAYER_1
  70
32
  10
551528.649
  20
78071.480
  30
34.888
  0
VERTEX
  8
GEOMETRY_LAYER_1
  70
32
  10
551520.114
  20
78067.872
  30
34.753
  0
VERTEX
  8
GEOMETRY_LAYER_1
  70
32
  10
551516.063
  20
78063.451
  30
34.414
  0
VERTEX
  8
GEOMETRY_LAYER_1
  70
32
  10
551509.523
  20
78059.375
  30
34.34
  0
VERTEX
  8
GEOMETRY_LAYER_1
  70
32
  10
551501.473
  20
78056.046
  30
34.486
  0
VERTEX
  8
GEOMETRY_LAYER_1
  70
32
  10
551494.198
  20
78053.130
  30
34.737
  0
VERTEX
  8
GEOMETRY_LAYER_1
  70
32
  10
551485.023
  20
78049.998
  30
35.083
  0
VERTEX
  8
GEOMETRY_LAYER_1
  70
32
  10
551476.217
  20
78046.722
  30
35.473
  0
VERTEX
  8
GEOMETRY_LAYER_1
  70
32
  10
551469.451
  20
78044.220
  30
36.13
  0
VERTEX
  8
GEOMETRY_LAYER_1
  70
32
  10
551446.431
  20
78034.617
  30
36.482
  0
VERTEX
  8
GEOMETRY_LAYER_1
  70
32
  10
551440.762
  20
78028.649
  30
36.901
  0
VERTEX
  8
GEOMETRY_LAYER_1
  70
32
  10
551431.227
  20
78023.989
  30
36.671
  0
VERTEX
  8
GEOMETRY_LAYER_1
  70
32
  10
551421.822
  20
78013.186
  30
35.324
  0
VERTEX
  8
GEOMETRY_LAYER_1
  70
32
  10
551419.451
  20
78006.063
  30
34.986
  0
VERTEX
  8
GEOMETRY_LAYER_1
  70
32
  10
551408.351
  20
77994.121
  30
34.342
  0
VERTEX
  8
GEOMETRY_LAYER_1
  70
32
  10
551405.246
  20
77988.867
  30
33.885
  0
VERTEX
  8
GEOMETRY_LAYER_1
  70
32
  10
551398.357
  20
77981.780
  30
34.198
  0
VERTEX
  8
GEOMETRY_LAYER_1
  70
32
  10
551393.755
  20
77976.551
  30
34.659
  0
VERTEX
  8
GEOMETRY_LAYER_1
  70
32
  10
551390.470
  20
77968.026
  30
34.98
  0
VERTEX
  8
GEOMETRY_LAYER_1
  70
32
  10
551384.005
  20
77957.796
  30
34.339
  0
VERTEX
  8
GEOMETRY_LAYER_1
  70
32
  10
551375.936
  20
77953.927
  30
33.255
  0
VERTEX
  8
GEOMETRY_LAYER_1
  70
32
  10
551369.636
  20
77957.239
  30
33.392
  0
VERTEX
  8
GEOMETRY_LAYER_1
  70
32
  10
551364.237
  20
77962.414
  30
33.953
  0
VERTEX
  8
GEOMETRY_LAYER_1
  70
32
  10
551369.435
  20
77973.951
  30
34.382
  0
VERTEX
  8
GEOMETRY_LAYER_1
  70
32
  10
551373.643
  20
77980.296
  30
34.612
  0
VERTEX
  8
GEOMETRY_LAYER_1
  70
32
  10
551375.867
  20
77987.661
  30
34.3
  0
VERTEX
  8
GEOMETRY_LAYER_1
  70
32
  10
551381.753
  20
78000.843
  30
33.921
  0
VERTEX
  8
GEOMETRY_LAYER_1
  70
32
  10
551385.683
  20
78011.814
  30
34.203
  0
VERTEX
  8
GEOMETRY_LAYER_1
  70
32
  10
551387.293
  20
78022.861
  30
34.673
  0
VERTEX
  8
GEOMETRY_LAYER_1
  70
32
  10
551392.739
  20
78032.487
  30
34.946
  0
VERTEX
  8
GEOMETRY_LAYER_1
  70
32
  10
551396.665
  20
78039.079
  30
35.065
  0
VERTEX
  8
GEOMETRY_LAYER_1
  70
32
  10
551400.087
  20
78047.836
  30
35.521
  0
VERTEX
  8
GEOMETRY_LAYER_1
  70
32
  10
551405.634
  20
78050.639
  30
35.645
  0
VERTEX
  8
GEOMETRY_LAYER_1
  70
32
  10
551415.246
  20
78053.807
  30
35.95
  0
VERTEX
  8
GEOMETRY_LAYER_1
  70
32
  10
551423.097
  20
78056.289
  30
36.114
  0
VERTEX
  8
GEOMETRY_LAYER_1
  70
32
  10
551439.516
  20
78061.783
  30
36.704
  0
VERTEX
  8
GEOMETRY_LAYER_1
  70
32
  10
551449.361
  20
78066.090
  30
36.533
  0
VERTEX
  8
GEOMETRY_LAYER_1
  70
32
  10
551457.272
  20
78067.937
  30
36.048
  0
VERTEX
  8
GEOMETRY_LAYER_1
  70
32
  10
551466.917
  20
78070.975
  30
35.934
  0
VERTEX
  8
GEOMETRY_LAYER_1
  70
32
  10
551479.194
  20
78074.734
  30
35.212
  0
VERTEX
  8
GEOMETRY_LAYER_1
  70
32
  10
551483.391
  20
78076.425
  30
35.174
  0
VERTEX
  8
GEOMETRY_LAYER_1
  70
32
  10
551490.943
  20
78078.973
  30
34.786
  0
VERTEX
  8
GEOMETRY_LAYER_1
  70
32
  10
551500.194
  20
78081.929
  30
34.568
  0
VERTEX
  8
GEOMETRY_LAYER_1
  70
32
  10
551508.077
  20
78083.848
  30
34.505
  0
VERTEX
  8
GEOMETRY_LAYER_1
  70
32
  10
551516.294
  20
78086.205
  30
35.213
  0
SEQEND
  8
GEOMETRY_LAYER_1
  0
POLYLINE
  8
GEOMETRY_LAYER_1
  70
8
  66
1
 62
234
 39
1
  0
VERTEX
  8
GEOMETRY_LAYER_1
  70
32
  10
550230.799
  20
76428.370
  30
59.348
  0
VERTEX
  8
GEOMETRY_LAYER_1
  70
32
  10
550236.267
  20
76453.525
  30
61.441
  0
VERTEX
  8
GEOMETRY_LAYER_1
  70
32
  10
550226.391
  20
76471.885
  30
61.324
  0
VERTEX
  8
GEOMETRY_LAYER_1
  70
32
  10
550228.657
  20
76482.433
  30
61.535
  0
VERTEX
  8
GEOMETRY_LAYER_1
  70
32
  10
550231.202
  20
76499.004
  30
61.728
  0
VERTEX
  8
GEOMETRY_LAYER_1
  70
32
  10
550214.918
  20
76503.185
  30
61.573
  0
VERTEX
  8
GEOMETRY_LAYER_1
  70
32
  10
550210.743
  20
76492.368
  30
61.587
  0
VERTEX
  8
GEOMETRY_LAYER_1
  70
32
  10
550208.089
  20
76482.337
  30
61.25
  0
VERTEX
  8
GEOMETRY_LAYER_1
  70
32
  10
550206.466
  20
76472.862
  30
60.86
  0
VERTEX
  8
GEOMETRY_LAYER_1
  70
32
  10
550204.902
  20
76464.606
  30
60.486
  0
VERTEX
  8
GEOMETRY_LAYER_1
  70
32
  10
550202.153
  20
76454.931
  30
60.066
  0
VERTEX
  8
GEOMETRY_LAYER_1
  70
32
  10
550200.349
  20
76446.843
  30
60.178
  0
VERTEX
  8
GEOMETRY_LAYER_1
  70
32
  10
550197.697
  20
76439.048
  30
59.946
  0
VERTEX
  8
GEOMETRY_LAYER_1
  70
32
  10
550195.675
  20
76429.398
  30
59.329
  0
VERTEX
  8
GEOMETRY_LAYER_1
  70
32
  10
550193.458
  20
76421.742
  30
58.829
  0
VERTEX
  8
GEOMETRY_LAYER_1
  70
32
  10
550192.447
  20
76415.266
  30
57.985
  0
VERTEX
  8
GEOMETRY_LAYER_1
  70
32
  10
550197.087
  20
76410.955
  30
57.729
  0
VERTEX
  8
GEOMETRY_LAYER_1
  70
32
  10
550202.766
  20
76407.600
  30
57.808
  0
VERTEX
  8
GEOMETRY_LAYER_1
  70
32
  10
550210.936
  20
76403.110
  30
57.414
  0
VERTEX
  8
GEOMETRY_LAYER_1
  70
32
  10
550218.973
  20
76403.993
  30
57.236
  0
VERTEX
  8
GEOMETRY_LAYER_1
  70
32
  10
550221.294
  20
76413.016
  30
57.789
  0
VERTEX
  8
GEOMETRY_LAYER_1
  70
32
  10
550223.995
  20
76423.706
  30
58.569
  0
VERTEX
  8
GEOMETRY_LAYER_1
  70
32
  10
550230.799
  20
76428.370
  30
59.348
  0
SEQEND
  8
GEOMETRY_LAYER_1
  0
POLYLINE
  8
GEOMETRY_LAYER_1
  70
8
  66
1
 62
234
 39
1
  0
VERTEX
  8
GEOMETRY_LAYER_1
  70
32
  10
550233.924
  20
76426.269
  30
59.348
  0
VERTEX
  8
GEOMETRY_LAYER_1
  70
32
  10
550239.962
  20
76454.046
  30
61.441
  0
VERTEX
  8
GEOMETRY_LAYER_1
  70
32
  10
550230.084
  20
76472.409
  30
61.324
  0
VERTEX
  8
GEOMETRY_LAYER_1
  70
32
  10
550232.101
  20
76481.800
  30
61.535
  0
VERTEX
  8
GEOMETRY_LAYER_1
  70
32
  10
550235.142
  20
76501.605
  30
61.728
  0
VERTEX
  8
GEOMETRY_LAYER_1
  70
32
  10
550212.774
  20
76507.350
  30
61.573
  0
VERTEX
  8
GEOMETRY_LAYER_1
  70
32
  10
550207.408
  20
76493.449
  30
61.587
  0
VERTEX
  8
GEOMETRY_LAYER_1
  70
32
  10
550204.665
  20
76483.082
  30
61.25
  0
VERTEX
  8
GEOMETRY_LAYER_1
  70
32
  10
550203.021
  20
76473.483
  30
60.86
  0
VERTEX
  8
GEOMETRY_LAYER_1
  70
32
  10
550201.493
  20
76465.412
  30
60.486
  0
VERTEX
  8
GEOMETRY_LAYER_1
  70
32
  10
550198.759
  20
76455.791
  30
60.066
  0
VERTEX
  8
GEOMETRY_LAYER_1
  70
32
  10
550196.974
  20
76447.790
  30
60.178
  0
VERTEX
  8
GEOMETRY_LAYER_1
  70
32
  10
550194.315
  20
76439.974
  30
59.946
  0
VERTEX
  8
GEOMETRY_LAYER_1
  70
32
  10
550192.276
  20
76430.245
  30
59.329
  0
VERTEX
  8
GEOMETRY_LAYER_1
  70
32
  10
550190.034
  20
76422.502
  30
58.829
  0
VERTEX
  8
GEOMETRY_LAYER_1
  70
32
  10
550188.702
  20
76413.969
  30
57.985
  0
VERTEX
  8
GEOMETRY_LAYER_1
  70
32
  10
550194.981
  20
76408.134
  30
57.729
  0
VERTEX
  8
GEOMETRY_LAYER_1
  70
32
  10
550201.033
  20
76404.559
  30
57.808
  0
VERTEX
  8
GEOMETRY_LAYER_1
  70
32
  10
550210.219
  20
76399.511
  30
57.414
  0
VERTEX
  8
GEOMETRY_LAYER_1
  70
32
  10
550221.760
  20
76400.778
  30
57.236
  0
VERTEX
  8
GEOMETRY_LAYER_1
  70
32
  10
550224.685
  20
76412.152
  30
57.789
  0
VERTEX
  8
GEOMETRY_LAYER_1
  70
32
  10
550227.065
  20
76421.567
  30
58.569
  0
VERTEX
  8
GEOMETRY_LAYER_1
  70
32
  10
550233.924
  20
76426.269
  30
59.348
  0
SEQEND
  8
GEOMETRY_LAYER_1
  0
POLYLINE
  8
GEOMETRY_LAYER_1
  70
8
  66
1
 62
234
 39
1
  0
VERTEX
  8
GEOMETRY_LAYER_1
  70
32
  10
551366.740
  20
77446.583
  30
-6.327
  0
VERTEX
  8
GEOMETRY_LAYER_1
  70
32
  10
551375.328
  20
77449.764
  30
-6.717
  0
VERTEX
  8
GEOMETRY_LAYER_1
  70
32
  10
551375.930
  20
77441.202
  30
-7.199
  0
VERTEX
  8
GEOMETRY_LAYER_1
  70
32
  10
551376.246
  20
77431.749
  30
-7.231
  0
VERTEX
  8
GEOMETRY_LAYER_1
  70
32
  10
551378.648
  20
77416.197
  30
-8.266
  0
VERTEX
  8
GEOMETRY_LAYER_1
  70
32
  10
551380.200
  20
77407.978
  30
-8.421
  0
VERTEX
  8
GEOMETRY_LAYER_1
  70
32
  10
551376.887
  20
77391.454
  30
-7.983
  0
VERTEX
  8
GEOMETRY_LAYER_1
  70
32
  10
551377.168
  20
77384.867
  30
-7.587
  0
VERTEX
  8
GEOMETRY_LAYER_1
  70
32
  10
551376.859
  20
77375.846
  30
-7.825
  0
VERTEX
  8
GEOMETRY_LAYER_1
  70
32
  10
551376.422
  20
77365.907
  30
-8.046
  0
VERTEX
  8
GEOMETRY_LAYER_1
  70
32
  10
551376.559
  20
77355.258
  30
-9.098
  0
VERTEX
  8
GEOMETRY_LAYER_1
  70
32
  10
551376.851
  20
77346.500
  30
-9.773
  0
VERTEX
  8
GEOMETRY_LAYER_1
  70
32
  10
551378.179
  20
77336.046
  30
-10.934
  0
VERTEX
  8
GEOMETRY_LAYER_1
  70
32
  10
551378.526
  20
77327.015
  30
-11.562
  0
VERTEX
  8
GEOMETRY_LAYER_1
  70
32
  10
551380.475
  20
77313.332
  30
-16.853
  0
VERTEX
  8
GEOMETRY_LAYER_1
  70
32
  10
551377.996
  20
77305.078
  30
-12.197
  0
VERTEX
  8
GEOMETRY_LAYER_1
  70
32
  10
551377.845
  20
77298.282
  30
-12.033
  0
VERTEX
  8
GEOMETRY_LAYER_1
  70
32
  10
551374.714
  20
77286.116
  30
-11.792
  0
VERTEX
  8
GEOMETRY_LAYER_1
  70
32
  10
551372.439
  20
77282.082
  30
-11.486
  0
VERTEX
  8
GEOMETRY_LAYER_1
  70
32
  10
551365.921
  20
77283.414
  30
-11.389
  0
VERTEX
  8
GEOMETRY_LAYER_1
  70
32
  10
551367.876
  20
77293.911
  30
-12.149
  0
VERTEX
  8
GEOMETRY_LAYER_1
  70
32
  10
551367.973
  20
77305.145
  30
-12.392
  0
VERTEX
  8
GEOMETRY_LAYER_1
  70
32
  10
551364.505
  20
77316.690
  30
-12.12
  0
VERTEX
  8
GEOMETRY_LAYER_1
  70
32
  10
551359.674
  20
77326.852
  30
-11.51
  0
VERTEX
  8
GEOMETRY_LAYER_1
  70
32
  10
551356.039
  20
77333.430
  30
-11.107
  0
VERTEX
  8
GEOMETRY_LAYER_1
  70
32
  10
551355.744
  20
77341.406
  30
-10.461
  0
VERTEX
  8
GEOMETRY_LAYER_1
  70
32
  10
551355.181
  20
77351.604
  30
-9.272
  0
VERTEX
  8
GEOMETRY_LAYER_1
  70
32
  10
551354.156
  20
77359.227
  30
-8.297
  0
VERTEX
  8
GEOMETRY_LAYER_1
  70
32
  10
551353.665
  20
77371.619
  30
-6.934
  0
VERTEX
  8
GEOMETRY_LAYER_1
  70
32
  10
551353.887
  20
77379.832
  30
-6.744
  0
VERTEX
  8
GEOMETRY_LAYER_1
  70
32
  10
551353.969
  20
77388.553
  30
-6.72
  0
VERTEX
  8
GEOMETRY_LAYER_1
  70
32
  10
551354.656
  20
77398.933
  30
-7.122
  0
VERTEX
  8
GEOMETRY_LAYER_1
  70
32
  10
551355.806
  20
77407.887
  30
-7.377
  0
VERTEX
  8
GEOMETRY_LAYER_1
  70
32
  10
551357.179
  20
77413.874
  30
-7.77
  0
VERTEX
  8
GEOMETRY_LAYER_1
  70
32
  10
551359.721
  20
77422.585
  30
-7.738
  0
VERTEX
  8
GEOMETRY_LAYER_1
  70
32
  10
551361.037
  20
77431.148
  30
-7.297
  0
VERTEX
  8
GEOMETRY_LAYER_1
  70
32
  10
551362.505
  20
77441.815
  30
-6.493
  0
VERTEX
  8
GEOMETRY_LAYER_1
  70
32
  10
551366.740
  20
77446.583
  30
-6.327
  0
SEQEND
  8
GEOMETRY_LAYER_1
  0
POLYLINE
  8
GEOMETRY_LAYER_1
  70
8
  66
1
 62
234
 39
1
  0
VERTEX
  8
GEOMETRY_LAYER_1
  70
32
  10
551364.704
  20
77449.561
  30
-6.327
  0
VERTEX
  8
GEOMETRY_LAYER_1
  70
32
  10
551378.491
  20
77454.668
  30
-6.717
  0
VERTEX
  8
GEOMETRY_LAYER_1
  70
32
  10
551379.426
  20
77441.384
  30
-7.199
  0
VERTEX
  8
GEOMETRY_LAYER_1
  70
32
  10
551379.737
  20
77432.075
  30
-7.231
  0
VERTEX
  8
GEOMETRY_LAYER_1
  70
32
  10
551382.098
  20
77416.789
  30
-8.266
  0
VERTEX
  8
GEOMETRY_LAYER_1
  70
32
  10
551383.766
  20
77407.959
  30
-8.421
  0
VERTEX
  8
GEOMETRY_LAYER_1
  70
32
  10
551380.402
  20
77391.181
  30
-7.983
  0
VERTEX
  8
GEOMETRY_LAYER_1
  70
32
  10
551380.670
  20
77384.883
  30
-7.587
  0
VERTEX
  8
GEOMETRY_LAYER_1
  70
32
  10
551380.357
  20
77375.709
  30
-7.825
  0
VERTEX
  8
GEOMETRY_LAYER_1
  70
32
  10
551379.923
  20
77365.852
  30
-8.046
  0
VERTEX
  8
GEOMETRY_LAYER_1
  70
32
  10
551380.058
  20
77355.338
  30
-9.098
  0
VERTEX
  8
GEOMETRY_LAYER_1
  70
32
  10
551380.343
  20
77346.779
  30
-9.773
  0
VERTEX
  8
GEOMETRY_LAYER_1
  70
32
  10
551381.670
  20
77336.334
  30
-10.934
  0
VERTEX
  8
GEOMETRY_LAYER_1
  70
32
  10
551382.017
  20
77327.331
  30
-11.562
  0
VERTEX
  8
GEOMETRY_LAYER_1
  70
32
  10
551384.048
  20
77313.062
  30
-16.853
  0
VERTEX
  8
GEOMETRY_LAYER_1
  70
32
  10
551381.485
  20
77304.525
  30
-12.197
  0
VERTEX
  8
GEOMETRY_LAYER_1
  70
32
  10
551381.335
  20
77297.801
  30
-12.033
  0
VERTEX
  8
GEOMETRY_LAYER_1
  70
32
  10
551377.989
  20
77284.799
  30
-11.792
  0
VERTEX
  8
GEOMETRY_LAYER_1
  70
32
  10
551374.236
  20
77278.142
  30
-11.486
  0
VERTEX
  8
GEOMETRY_LAYER_1
  70
32
  10
551361.850
  20
77280.673
  30
-11.389
  0
VERTEX
  8
GEOMETRY_LAYER_1
  70
32
  10
551364.379
  20
77294.250
  30
-12.149
  0
VERTEX
  8
GEOMETRY_LAYER_1
  70
32
  10
551364.469
  20
77304.645
  30
-12.392
  0
VERTEX
  8
GEOMETRY_LAYER_1
  70
32
  10
551361.230
  20
77315.429
  30
-12.12
  0
VERTEX
  8
GEOMETRY_LAYER_1
  70
32
  10
551356.559
  20
77325.253
  30
-11.51
  0
VERTEX
  8
GEOMETRY_LAYER_1
  70
32
  10
551352.573
  20
77332.468
  30
-11.107
  0
VERTEX
  8
GEOMETRY_LAYER_1
  70
32
  10
551352.248
  20
77341.245
  30
-10.461
  0
VERTEX
  8
GEOMETRY_LAYER_1
  70
32
  10
551351.694
  20
77351.274
  30
-9.272
  0
VERTEX
  8
GEOMETRY_LAYER_1
  70
32
  10
551350.666
  20
77358.925
  30
-8.297
  0
VERTEX
  8
GEOMETRY_LAYER_1
  70
32
  10
551350.163
  20
77371.597
  30
-6.934
  0
VERTEX
  8
GEOMETRY_LAYER_1
  70
32
  10
551350.387
  20
77379.895
  30
-6.744
  0
VERTEX
  8
GEOMETRY_LAYER_1
  70
32
  10
551350.470
  20
77388.685
  30
-6.72
  0
VERTEX
  8
GEOMETRY_LAYER_1
  70
32
  10
551351.170
  20
77399.272
  30
-7.122
  0
VERTEX
  8
GEOMETRY_LAYER_1
  70
32
  10
551352.356
  20
77408.502
  30
-7.377
  0
VERTEX
  8
GEOMETRY_LAYER_1
  70
32
  10
551353.790
  20
77414.756
  30
-7.77
  0
VERTEX
  8
GEOMETRY_LAYER_1
  70
32
  10
551356.296
  20
77423.345
  30
-7.738
  0
VERTEX
  8
GEOMETRY_LAYER_1
  70
32
  10
551357.574
  20
77431.652
  30
-7.297
  0
VERTEX
  8
GEOMETRY_LAYER_1
  70
32
  10
551359.183
  20
77443.346
  30
-6.493
  0
VERTEX
  8
GEOMETRY_LAYER_1
  70
32
  10
551364.704
  20
77449.561
  30
-6.327
  0
SEQEND
  8
GEOMETRY_LAYER_1
  0
POLYLINE
  8
GEOMETRY_LAYER_1
  70
8
  66
1
 62
1
 39
1
  0
VERTEX
  8
GEOMETRY_LAYER_1
  70
32
  10
550774.291
  20
77090.449
  30
16.721
  0
VERTEX
  8
GEOMETRY_LAYER_1
  70
32
  10
550776.844
  20
77097.982
  30
16.664
  0
VERTEX
  8
GEOMETRY_LAYER_1
  70
32
  10
550778.630
  20
77110.900
  30
15.931
  0
VERTEX
  8
GEOMETRY_LAYER_1
  70
32
  10
550781.384
  20
77119.274
  30
16.12
  0
VERTEX
  8
GEOMETRY_LAYER_1
  70
32
  10
550782.002
  20
77130.153
  30
15.733
  0
VERTEX
  8
GEOMETRY_LAYER_1
  70
32
  10
550782.622
  20
77131.696
  30
15.867
  0
VERTEX
  8
GEOMETRY_LAYER_1
  70
32
  10
550780.436
  20
77131.494
  30
15.519
  0
VERTEX
  8
GEOMETRY_LAYER_1
  70
32
  10
550777.886
  20
77134.191
  30
15.7
  0
VERTEX
  8
GEOMETRY_LAYER_1
  70
32
  10
550777.143
  20
77131.787
  30
15.547
  0
VERTEX
  8
GEOMETRY_LAYER_1
  70
32
  10
550773.840
  20
77123.586
  30
15.746
  0
VERTEX
  8
GEOMETRY_LAYER_1
  70
32
  10
550771.053
  20
77114.312
  30
15.814
  0
VERTEX
  8
GEOMETRY_LAYER_1
  70
32
  10
550767.773
  20
77106.096
  30
16.08
  0
VERTEX
  8
GEOMETRY_LAYER_1
  70
32
  10
550764.641
  20
77095.534
  30
16.183
  0
VERTEX
  8
GEOMETRY_LAYER_1
  70
32
  10
550740.851
  20
77093.717
  30
15.914
  0
VERTEX
  8
GEOMETRY_LAYER_1
  70
32
  10
550731.784
  20
77099.326
  30
15.602
  0
VERTEX
  8
GEOMETRY_LAYER_1
  70
32
  10
550727.034
  20
77101.422
  30
15.204
  0
VERTEX
  8
GEOMETRY_LAYER_1
  70
32
  10
550727.048
  20
77101.362
  30
15.487
  0
VERTEX
  8
GEOMETRY_LAYER_1
  70
32
  10
550726.029
  20
77091.794
  30
16.568
  0
VERTEX
  8
GEOMETRY_LAYER_1
  70
32
  10
550719.570
  20
77083.387
  30
18.453
  0
VERTEX
  8
GEOMETRY_LAYER_1
  70
32
  10
550714.554
  20
77081.030
  30
18.972
  0
VERTEX
  8
GEOMETRY_LAYER_1
  70
32
  10
550710.326
  20
77062.939
  30
19.156
  0
VERTEX
  8
GEOMETRY_LAYER_1
  70
32
  10
550710.317
  20
77057.811
  30
19.346
  0
VERTEX
  8
GEOMETRY_LAYER_1
  70
32
  10
550711.085
  20
77049.532
  30
19.999
  0
VERTEX
  8
GEOMETRY_LAYER_1
  70
32
  10
550707.608
  20
77040.029
  30
20.618
  0
VERTEX
  8
GEOMETRY_LAYER_1
  70
32
  10
550703.694
  20
77031.617
  30
21.164
  0
VERTEX
  8
GEOMETRY_LAYER_1
  70
32
  10
550700.823
  20
77023.539
  30
21.68
  0
VERTEX
  8
GEOMETRY_LAYER_1
  70
32
  10
550698.886
  20
77014.296
  30
22.635
  0
VERTEX
  8
GEOMETRY_LAYER_1
  70
32
  10
550695.119
  20
77005.668
  30
22.908
  0
VERTEX
  8
GEOMETRY_LAYER_1
  70
32
  10
550692.405
  20
77001.114
  30
23.268
  0
VERTEX
  8
GEOMETRY_LAYER_1
  70
32
  10
550707.942
  20
76997.002
  30
23.985
  0
VERTEX
  8
GEOMETRY_LAYER_1
  70
32
  10
550711.945
  20
77008.766
  30
23.392
  0
VERTEX
  8
GEOMETRY_LAYER_1
  70
32
  10
550714.139
  20
77016.349
  30
22.827
  0
VERTEX
  8
GEOMETRY_LAYER_1
  70
32
  10
550719.097
  20
77029.630
  30
21.847
  0
VERTEX
  8
GEOMETRY_LAYER_1
  70
32
  10
550743.509
  20
77028.722
  30
18.925
  0
VERTEX
  8
GEOMETRY_LAYER_1
  70
32
  10
550749.520
  20
77022.592
  30
19.338
  0
VERTEX
  8
GEOMETRY_LAYER_1
  70
32
  10
550755.386
  20
77020.011
  30
18.988
  0
VERTEX
  8
GEOMETRY_LAYER_1
  70
32
  10
550757.648
  20
77019.118
  30
18.909
  0
VERTEX
  8
GEOMETRY_LAYER_1
  70
32
  10
550759.232
  20
77021.647
  30
18.781
  0
VERTEX
  8
GEOMETRY_LAYER_1
  70
32
  10
550755.213
  20
77026.162
  30
18.732
  0
VERTEX
  8
GEOMETRY_LAYER_1
  70
32
  10
550749.935
  20
77034.795
  30
18.064
  0
VERTEX
  8
GEOMETRY_LAYER_1
  70
32
  10
550753.454
  20
77045.074
  30
17.712
  0
VERTEX
  8
GEOMETRY_LAYER_1
  70
32
  10
550756.836
  20
77053.922
  30
17.505
  0
VERTEX
  8
GEOMETRY_LAYER_1
  70
32
  10
550759.204
  20
77061.724
  30
17.734
  0
VERTEX
  8
GEOMETRY_LAYER_1
  70
32
  10
550763.115
  20
77069.873
  30
17.685
  0
VERTEX
  8
GEOMETRY_LAYER_1
  70
32
  10
550774.291
  20
77090.449
  30
16.721
  0
SEQEND
  8
GEOMETRY_LAYER_1
  0
POLYLINE
  8
GEOMETRY_LAYER_1
  70
8
  66
1
 62
1
 39
1
  0
VERTEX
  8
GEOMETRY_LAYER_1
  70
32
  10
550772.928
  20
77079.532
  30
16.992
  0
VERTEX
  8
GEOMETRY_LAYER_1
  70
32
  10
550777.538
  20
77089.124
  30
16.721
  0
VERTEX
  8
GEOMETRY_LAYER_1
  70
32
  10
550780.266
  20
77097.174
  30
16.664
  0
VERTEX
  8
GEOMETRY_LAYER_1
  70
32
  10
550782.054
  20
77110.107
  30
15.931
  0
VERTEX
  8
GEOMETRY_LAYER_1
  70
32
  10
550784.853
  20
77118.617
  30
16.12
  0
VERTEX
  8
GEOMETRY_LAYER_1
  70
32
  10
550785.464
  20
77129.381
  30
15.733
  0
VERTEX
  8
GEOMETRY_LAYER_1
  70
32
  10
550788.006
  20
77135.710
  30
15.867
  0
VERTEX
  8
GEOMETRY_LAYER_1
  70
32
  10
550781.809
  20
77135.137
  30
15.519
  0
VERTEX
  8
GEOMETRY_LAYER_1
  70
32
  10
550776.311
  20
77140.952
  30
15.7
  0
VERTEX
  8
GEOMETRY_LAYER_1
  70
32
  10
550773.842
  20
77132.959
  30
15.547
  0
VERTEX
  8
GEOMETRY_LAYER_1
  70
32
  10
550770.534
  20
77124.746
  30
15.746
  0
VERTEX
  8
GEOMETRY_LAYER_1
  70
32
  10
550767.745
  20
77115.467
  30
15.814
  0
VERTEX
  8
GEOMETRY_LAYER_1
  70
32
  10
550764.463
  20
77107.244
  30
16.08
  0
VERTEX
  8
GEOMETRY_LAYER_1
  70
32
  10
550761.971
  20
77098.840
  30
16.183
  0
VERTEX
  8
GEOMETRY_LAYER_1
  70
32
  10
550741.722
  20
77097.293
  30
15.914
  0
VERTEX
  8
GEOMETRY_LAYER_1
  70
32
  10
550733.419
  20
77102.431
  30
15.602
  0
VERTEX
  8
GEOMETRY_LAYER_1
  70
32
  10
550722.076
  20
77107.434
  30
15.204
  0
VERTEX
  8
GEOMETRY_LAYER_1
  70
32
  10
550723.506
  20
77101.153
  30
15.487
  0
VERTEX
  8
GEOMETRY_LAYER_1
  70
32
  10
550722.653
  20
77093.145
  30
16.568
  0
VERTEX
  8
GEOMETRY_LAYER_1
  70
32
  10
550717.312
  20
77086.193
  30
18.453
  0
VERTEX
  8
GEOMETRY_LAYER_1
  70
32
  10
550711.532
  20
77083.477
  30
18.972
  0
VERTEX
  8
GEOMETRY_LAYER_1
  70
32
  10
550706.827
  20
77063.347
  30
19.156
  0
VERTEX
  8
GEOMETRY_LAYER_1
  70
32
  10
550706.817
  20
77057.652
  30
19.346
  0
VERTEX
  8
GEOMETRY_LAYER_1
  70
32
  10
550707.527
  20
77049.994
  30
19.999
  0
VERTEX
  8
GEOMETRY_LAYER_1
  70
32
  10
550704.372
  20
77041.371
  30
20.618
  0
VERTEX
  8
GEOMETRY_LAYER_1
  70
32
  10
550700.451
  20
77032.944
  30
21.164
  0
VERTEX
  8
GEOMETRY_LAYER_1
  70
32
  10
550697.446
  20
77024.488
  30
21.68
  0
VERTEX
  8
GEOMETRY_LAYER_1
  70
32
  10
550695.534
  20
77015.366
  30
22.635
  0
VERTEX
  8
GEOMETRY_LAYER_1
  70
32
  10
550692.000
  20
77007.270
  30
22.908
  0
VERTEX
  8
GEOMETRY_LAYER_1
  70
32
  10
550687.021
  20
76998.918
  30
23.268
  0
VERTEX
  8
GEOMETRY_LAYER_1
  70
32
  10
550710.203
  20
76992.783
  30
23.985
  0
VERTEX
  8
GEOMETRY_LAYER_1
  70
32
  10
550715.285
  20
77007.716
  30
23.392
  0
VERTEX
  8
GEOMETRY_LAYER_1
  70
32
  10
550717.464
  20
77015.250
  30
22.827
  0
VERTEX
  8
GEOMETRY_LAYER_1
  70
32
  10
550721.492
  20
77026.038
  30
21.847
  0
VERTEX
  8
GEOMETRY_LAYER_1
  70
32
  10
550741.986
  20
77025.276
  30
18.925
  0
VERTEX
  8
GEOMETRY_LAYER_1
  70
32
  10
550747.493
  20
77019.659
  30
19.338
  0
VERTEX
  8
GEOMETRY_LAYER_1
  70
32
  10
550754.038
  20
77016.780
  30
18.988
  0
VERTEX
  8
GEOMETRY_LAYER_1
  70
32
  10
550759.069
  20
77014.794
  30
18.909
  0
VERTEX
  8
GEOMETRY_LAYER_1
  70
32
  10
550763.592
  20
77022.015
  30
18.781
  0
VERTEX
  8
GEOMETRY_LAYER_1
  70
32
  10
550758.036
  20
77028.255
  30
18.732
  0
VERTEX
  8
GEOMETRY_LAYER_1
  70
32
  10
550753.779
  20
77035.217
  30
18.064
  0
VERTEX
  8
GEOMETRY_LAYER_1
  70
32
  10
550756.745
  20
77043.882
  30
17.712
  0
VERTEX
  8
GEOMETRY_LAYER_1
  70
32
  10
550760.149
  20
77052.787
  30
17.505
  0
VERTEX
  8
GEOMETRY_LAYER_1
  70
32
  10
550762.475
  20
77060.450
  30
17.734
  0
VERTEX
  8
GEOMETRY_LAYER_1
  70
32
  10
550766.203
  20
77068.218
  30
17.685
  0
VERTEX
  8
GEOMETRY_LAYER_1
  70
32
  10
550772.928
  20
77079.532
  30
16.992
  0
SEQEND
  8
GEOMETRY_LAYER_1
  0
POLYLINE
  8
GEOMETRY_LAYER_1
  70
8
  66
1
 62
1
 39
1
  0
VERTEX
  8
GEOMETRY_LAYER_1
  70
32
  10
551098.426
  20
77287.628
  30
-0.724
  0
VERTEX
  8
GEOMETRY_LAYER_1
  70
32
  10
551099.462
  20
77287.126
  30
-1.569
  0
VERTEX
  8
GEOMETRY_LAYER_1
  70
32
  10
551105.899
  20
77281.323
  30
-1.177
  0
VERTEX
  8
GEOMETRY_LAYER_1
  70
32
  10
551113.157
  20
77283.245
  30
-1.721
  0
VERTEX
  8
GEOMETRY_LAYER_1
  70
32
  10
551121.449
  20
77273.847
  30
-1.209
  0
VERTEX
  8
GEOMETRY_LAYER_1
  70
32
  10
551121.744
  20
77291.207
  30
-2.004
  0
VERTEX
  8
GEOMETRY_LAYER_1
  70
32
  10
551120.233
  20
77297.349
  30
-2.251
  0
VERTEX
  8
GEOMETRY_LAYER_1
  70
32
  10
551122.025
  20
77307.767
  30
-2.212
  0
VERTEX
  8
GEOMETRY_LAYER_1
  70
32
  10
551126.855
  20
77311.697
  30
-2.326
  0
VERTEX
  8
GEOMETRY_LAYER_1
  70
32
  10
551129.639
  20
77321.410
  30
-2.244
  0
VERTEX
  8
GEOMETRY_LAYER_1
  70
32
  10
551131.652
  20
77332.381
  30
-1.954
  0
VERTEX
  8
GEOMETRY_LAYER_1
  70
32
  10
551134.782
  20
77341.443
  30
-1.451
  0
VERTEX
  8
GEOMETRY_LAYER_1
  70
32
  10
551137.094
  20
77350.773
  30
-0.428
  0
VERTEX
  8
GEOMETRY_LAYER_1
  70
32
  10
551139.675
  20
77358.525
  30
-0.224
  0
VERTEX
  8
GEOMETRY_LAYER_1
  70
32
  10
551142.997
  20
77367.432
  30
-0.16
  0
VERTEX
  8
GEOMETRY_LAYER_1
  70
32
  10
551145.500
  20
77375.037
  30
-0.34
  0
VERTEX
  8
GEOMETRY_LAYER_1
  70
32
  10
551147.362
  20
77385.331
  30
-0.081
  0
VERTEX
  8
GEOMETRY_LAYER_1
  70
32
  10
551142.200
  20
77392.106
  30
0.251
  0
VERTEX
  8
GEOMETRY_LAYER_1
  70
32
  10
551135.764
  20
77398.925
  30
0.194
  0
VERTEX
  8
GEOMETRY_LAYER_1
  70
32
  10
551130.006
  20
77404.618
  30
0.454
  0
VERTEX
  8
GEOMETRY_LAYER_1
  70
32
  10
551127.438
  20
77396.623
  30
0.34
  0
VERTEX
  8
GEOMETRY_LAYER_1
  70
32
  10
551125.040
  20
77386.378
  30
0.063
  0
VERTEX
  8
GEOMETRY_LAYER_1
  70
32
  10
551122.893
  20
77376.694
  30
0.474
  0
VERTEX
  8
GEOMETRY_LAYER_1
  70
32
  10
551120.977
  20
77367.367
  30
0.258
  0
VERTEX
  8
GEOMETRY_LAYER_1
  70
32
  10
551113.707
  20
77363.713
  30
0.332
  0
VERTEX
  8
GEOMETRY_LAYER_1
  70
32
  10
551111.778
  20
77353.857
  30
-0.513
  0
VERTEX
  8
GEOMETRY_LAYER_1
  70
32
  10
551114.085
  20
77339.582
  30
-1.184
  0
VERTEX
  8
GEOMETRY_LAYER_1
  70
32
  10
551111.868
  20
77330.167
  30
-1.447
  0
VERTEX
  8
GEOMETRY_LAYER_1
  70
32
  10
551109.724
  20
77320.991
  30
-1.638
  0
VERTEX
  8
GEOMETRY_LAYER_1
  70
32
  10
551107.561
  20
77311.037
  30
-1.649
  0
VERTEX
  8
GEOMETRY_LAYER_1
  70
32
  10
551105.463
  20
77300.927
  30
-1.49
  0
VERTEX
  8
GEOMETRY_LAYER_1
  70
32
  10
551101.652
  20
77296.723
  30
-1.228
  0
VERTEX
  8
GEOMETRY_LAYER_1
  70
32
  10
551098.426
  20
77287.628
  30
-0.724
  0
SEQEND
  8
GEOMETRY_LAYER_1
  0
POLYLINE
  8
GEOMETRY_LAYER_1
  70
8
  66
1
 62
1
 39
1
  0
VERTEX
  8
GEOMETRY_LAYER_1
  70
32
  10
551094.080
  20
77285.846
  30
-0.724
  0
VERTEX
  8
GEOMETRY_LAYER_1
  70
32
  10
551097.488
  20
77284.193
  30
-1.569
  0
VERTEX
  8
GEOMETRY_LAYER_1
  70
32
  10
551104.963
  20
77277.455
  30
-1.177
  0
VERTEX
  8
GEOMETRY_LAYER_1
  70
32
  10
551111.963
  20
77279.308
  30
-1.721
  0
VERTEX
  8
GEOMETRY_LAYER_1
  70
32
  10
551124.795
  20
77264.765
  30
-1.209
  0
VERTEX
  8
GEOMETRY_LAYER_1
  70
32
  10
551125.251
  20
77291.602
  30
-2.004
  0
VERTEX
  8
GEOMETRY_LAYER_1
  70
32
  10
551123.806
  20
77297.475
  30
-2.251
  0
VERTEX
  8
GEOMETRY_LAYER_1
  70
32
  10
551125.252
  20
77305.881
  30
-2.212
  0
VERTEX
  8
GEOMETRY_LAYER_1
  70
32
  10
551129.917
  20
77309.676
  30
-2.326
  0
VERTEX
  8
GEOMETRY_LAYER_1
  70
32
  10
551133.051
  20
77320.610
  30
-2.244
  0
VERTEX
  8
GEOMETRY_LAYER_1
  70
32
  10
551135.047
  20
77331.489
  30
-1.954
  0
VERTEX
  8
GEOMETRY_LAYER_1
  70
32
  10
551138.141
  20
77340.449
  30
-1.451
  0
VERTEX
  8
GEOMETRY_LAYER_1
  70
32
  10
551140.458
  20
77349.798
  30
-0.428
  0
VERTEX
  8
GEOMETRY_LAYER_1
  70
32
  10
551142.976
  20
77357.360
  30
-0.224
  0
VERTEX
  8
GEOMETRY_LAYER_1
  70
32
  10
551146.300
  20
77366.273
  30
-0.16
  0
VERTEX
  8
GEOMETRY_LAYER_1
  70
32
  10
551148.901
  20
77374.175
  30
-0.34
  0
VERTEX
  8
GEOMETRY_LAYER_1
  70
32
  10
551151.080
  20
77386.225
  30
-0.081
  0
VERTEX
  8
GEOMETRY_LAYER_1
  70
32
  10
551144.872
  20
77394.374
  30
0.251
  0
VERTEX
  8
GEOMETRY_LAYER_1
  70
32
  10
551138.268
  20
77401.371
  30
0.194
  0
VERTEX
  8
GEOMETRY_LAYER_1
  70
32
  10
551128.416
  20
77411.112
  30
0.454
  0
VERTEX
  8
GEOMETRY_LAYER_1
  70
32
  10
551124.062
  20
77397.558
  30
0.34
  0
VERTEX
  8
GEOMETRY_LAYER_1
  70
32
  10
551121.627
  20
77387.156
  30
0.063
  0
VERTEX
  8
GEOMETRY_LAYER_1
  70
32
  10
551119.470
  20
77377.425
  30
0.474
  0
VERTEX
  8
GEOMETRY_LAYER_1
  70
32
  10
551117.890
  20
77369.732
  30
0.258
  0
VERTEX
  8
GEOMETRY_LAYER_1
  70
32
  10
551110.602
  20
77366.069
  30
0.332
  0
VERTEX
  8
GEOMETRY_LAYER_1
  70
32
  10
551108.223
  20
77353.916
  30
-0.513
  0
VERTEX
  8
GEOMETRY_LAYER_1
  70
32
  10
551110.519
  20
77339.709
  30
-1.184
  0
VERTEX
  8
GEOMETRY_LAYER_1
  70
32
  10
551108.460
  20
77330.967
  30
-1.447
  0
VERTEX
  8
GEOMETRY_LAYER_1
  70
32
  10
551106.310
  20
77321.761
  30
-1.638
  0
VERTEX
  8
GEOMETRY_LAYER_1
  70
32
  10
551104.137
  20
77311.764
  30
-1.649
  0
VERTEX
  8
GEOMETRY_LAYER_1
  70
32
  10
551102.230
  20
77302.571
  30
-1.49
  0
VERTEX
  8
GEOMETRY_LAYER_1
  70
32
  10
551098.588
  20
77298.555
  30
-1.228
  0
VERTEX
  8
GEOMETRY_LAYER_1
  70
32
  10
551094.080
  20
77285.846
  30
-0.724
  0
SEQEND
  8
GEOMETRY_LAYER_1
  0
POLYLINE
  8
GEOMETRY_LAYER_1
  70
8
  66
1
 62
1
 39
1
  0
VERTEX
  8
GEOMETRY_LAYER_1
  70
32
  10
550731.454
  20
78026.544
  30
40.307
  0
VERTEX
  8
GEOMETRY_LAYER_1
  70
32
  10
550734.491
  20
78033.850
  30
40.252
  0
VERTEX
  8
GEOMETRY_LAYER_1
  70
32
  10
550737.156
  20
78043.765
  30
40.513
  0
VERTEX
  8
GEOMETRY_LAYER_1
  70
32
  10
550742.137
  20
78059.210
  30
40.06
  0
VERTEX
  8
GEOMETRY_LAYER_1
  70
32
  10
550732.024
  20
78056.904
  30
39.998
  0
VERTEX
  8
GEOMETRY_LAYER_1
  70
32
  10
550722.573
  20
78063.557
  30
40.272
  0
VERTEX
  8
GEOMETRY_LAYER_1
  70
32
  10
550717.200
  20
78051.189
  30
40.025
  0
VERTEX
  8
GEOMETRY_LAYER_1
  70
32
  10
550714.085
  20
78041.243
  30
40.159
  0
VERTEX
  8
GEOMETRY_LAYER_1
  70
32
  10
550711.738
  20
78031.543
  30
40.354
  0
VERTEX
  8
GEOMETRY_LAYER_1
  70
32
  10
550709.518
  20
78023.403
  30
40.256
  0
VERTEX
  8
GEOMETRY_LAYER_1
  70
32
  10
550706.445
  20
78013.974
  30
40.15
  0
VERTEX
  8
GEOMETRY_LAYER_1
  70
32
  10
550704.011
  20
78005.185
  30
39.962
  0
VERTEX
  8
GEOMETRY_LAYER_1
  70
32
  10
550701.379
  20
77995.292
  30
39.499
  0
VERTEX
  8
GEOMETRY_LAYER_1
  70
32
  10
550699.144
  20
77986.766
  30
39.418
  0
VERTEX
  8
GEOMETRY_LAYER_1
  70
32
  10
550696.760
  20
77977.895
  30
39.225
  0
VERTEX
  8
GEOMETRY_LAYER_1
  70
32
  10
550694.512
  20
77968.307
  30
39.137
  0
VERTEX
  8
GEOMETRY_LAYER_1
  70
32
  10
550691.581
  20
77959.974
  30
39.193
  0
VERTEX
  8
GEOMETRY_LAYER_1
  70
32
  10
550688.604
  20
77954.993
  30
39.323
  0
VERTEX
  8
GEOMETRY_LAYER_1
  70
32
  10
550682.829
  20
77935.910
  30
38.78
  0
VERTEX
  8
GEOMETRY_LAYER_1
  70
32
  10
550680.268
  20
77927.383
  30
38.575
  0
VERTEX
  8
GEOMETRY_LAYER_1
  70
32
  10
550677.438
  20
77918.488
  30
38.578
  0
VERTEX
  8
GEOMETRY_LAYER_1
  70
32
  10
550674.187
  20
77909.467
  30
38.567
  0
VERTEX
  8
GEOMETRY_LAYER_1
  70
32
  10
550670.556
  20
77900.183
  30
38.529
  0
VERTEX
  8
GEOMETRY_LAYER_1
  70
32
  10
550669.139
  20
77891.942
  30
38.418
  0
VERTEX
  8
GEOMETRY_LAYER_1
  70
32
  10
550666.242
  20
77882.174
  30
38.063
  0
VERTEX
  8
GEOMETRY_LAYER_1
  70
32
  10
550663.823
  20
77873.477
  30
37.463
  0
VERTEX
  8
GEOMETRY_LAYER_1
  70
32
  10
550661.984
  20
77865.040
  30
37.434
  0
VERTEX
  8
GEOMETRY_LAYER_1
  70
32
  10
550657.130
  20
77850.819
  30
37.876
  0
VERTEX
  8
GEOMETRY_LAYER_1
  70
32
  10
550664.915
  20
77849.862
  30
37.864
  0
VERTEX
  8
GEOMETRY_LAYER_1
  70
32
  10
550671.028
  20
77844.926
  30
38.033
  0
VERTEX
  8
GEOMETRY_LAYER_1
  70
32
  10
550683.065
  20
77839.304
  30
38.234
  0
VERTEX
  8
GEOMETRY_LAYER_1
  70
32
  10
550687.285
  20
77850.953
  30
37.893
  0
VERTEX
  8
GEOMETRY_LAYER_1
  70
32
  10
550689.980
  20
77860.279
  30
37.231
  0
VERTEX
  8
GEOMETRY_LAYER_1
  70
32
  10
550692.427
  20
77869.460
  30
37.381
  0
VERTEX
  8
GEOMETRY_LAYER_1
  70
32
  10
550695.052
  20
77877.984
  30
37.729
  0
VERTEX
  8
GEOMETRY_LAYER_1
  70
32
  10
550698.010
  20
77887.577
  30
37.841
  0
VERTEX
  8
GEOMETRY_LAYER_1
  70
32
  10
550700.073
  20
77896.777
  30
37.808
  0
VERTEX
  8
GEOMETRY_LAYER_1
  70
32
  10
550702.709
  20
77906.023
  30
38.264
  0
VERTEX
  8
GEOMETRY_LAYER_1
  70
32
  10
550704.742
  20
77915.620
  30
38.395
  0
VERTEX
  8
GEOMETRY_LAYER_1
  70
32
  10
550706.787
  20
77923.664
  30
38.658
  0
VERTEX
  8
GEOMETRY_LAYER_1
  70
32
  10
550709.400
  20
77933.839
  30
38.81
  0
VERTEX
  8
GEOMETRY_LAYER_1
  70
32
  10
550711.149
  20
77943.169
  30
38.806
  0
VERTEX
  8
GEOMETRY_LAYER_1
  70
32
  10
550714.851
  20
77951.520
  30
39.235
  0
VERTEX
  8
GEOMETRY_LAYER_1
  70
32
  10
550717.248
  20
77961.276
  30
39.05
  0
VERTEX
  8
GEOMETRY_LAYER_1
  70
32
  10
550719.242
  20
77970.423
  30
39.063
  0
VERTEX
  8
GEOMETRY_LAYER_1
  70
32
  10
550721.211
  20
77980.009
  30
39.4
  0
VERTEX
  8
GEOMETRY_LAYER_1
  70
32
  10
550722.191
  20
77987.958
  30
39.516
  0
VERTEX
  8
GEOMETRY_LAYER_1
  70
32
  10
550724.986
  20
77997.689
  30
40.178
  0
VERTEX
  8
GEOMETRY_LAYER_1
  70
32
  10
550726.765
  20
78007.355
  30
40.449
  0
VERTEX
  8
GEOMETRY_LAYER_1
  70
32
  10
550731.454
  20
78026.544
  30
40.307
  0
SEQEND
  8
GEOMETRY_LAYER_1
  0
POLYLINE
  8
GEOMETRY_LAYER_1
  70
8
  66
1
 62
1
 39
1
  0
VERTEX
  8
GEOMETRY_LAYER_1
  70
32
  10
550731.171
  20
78034.981
  30
40.252
  0
VERTEX
  8
GEOMETRY_LAYER_1
  70
32
  10
550733.798
  20
78044.758
  30
40.513
  0
VERTEX
  8
GEOMETRY_LAYER_1
  70
32
  10
550736.918
  20
78054.429
  30
40.06
  0
VERTEX
  8
GEOMETRY_LAYER_1
  70
32
  10
550731.283
  20
78053.145
  30
39.998
  0
VERTEX
  8
GEOMETRY_LAYER_1
  70
32
  10
550724.072
  20
78058.222
  30
40.272
  0
VERTEX
  8
GEOMETRY_LAYER_1
  70
32
  10
550720.484
  20
78049.966
  30
40.025
  0
VERTEX
  8
GEOMETRY_LAYER_1
  70
32
  10
550717.459
  20
78040.307
  30
40.159
  0
VERTEX
  8
GEOMETRY_LAYER_1
  70
32
  10
550715.128
  20
78030.670
  30
40.354
  0
VERTEX
  8
GEOMETRY_LAYER_1
  70
32
  10
550712.872
  20
78022.400
  30
40.256
  0
VERTEX
  8
GEOMETRY_LAYER_1
  70
32
  10
550709.797
  20
78012.965
  30
40.15
  0
VERTEX
  8
GEOMETRY_LAYER_1
  70
32
  10
550707.388
  20
78004.268
  30
39.962
  0
VERTEX
  8
GEOMETRY_LAYER_1
  70
32
  10
550704.763
  20
77994.398
  30
39.499
  0
VERTEX
  8
GEOMETRY_LAYER_1
  70
32
  10
550702.527
  20
77985.869
  30
39.418
  0
VERTEX
  8
GEOMETRY_LAYER_1
  70
32
  10
550700.155
  20
77977.041
  30
39.225
  0
VERTEX
  8
GEOMETRY_LAYER_1
  70
32
  10
550697.876
  20
77967.325
  30
39.137
  0
VERTEX
  8
GEOMETRY_LAYER_1
  70
32
  10
550694.766
  20
77958.480
  30
39.193
  0
VERTEX
  8
GEOMETRY_LAYER_1
  70
32
  10
550691.829
  20
77953.567
  30
39.323
  0
VERTEX
  8
GEOMETRY_LAYER_1
  70
32
  10
550686.180
  20
77934.899
  30
38.78
  0
VERTEX
  8
GEOMETRY_LAYER_1
  70
32
  10
550683.612
  20
77926.348
  30
38.575
  0
VERTEX
  8
GEOMETRY_LAYER_1
  70
32
  10
550680.753
  20
77917.363
  30
38.578
  0
VERTEX
  8
GEOMETRY_LAYER_1
  70
32
  10
550677.463
  20
77908.236
  30
38.567
  0
VERTEX
  8
GEOMETRY_LAYER_1
  70
32
  10
550673.945
  20
77899.240
  30
38.529
  0
VERTEX
  8
GEOMETRY_LAYER_1
  70
32
  10
550672.553
  20
77891.145
  30
38.418
  0
VERTEX
  8
GEOMETRY_LAYER_1
  70
32
  10
550669.606
  20
77881.207
  30
38.063
  0
VERTEX
  8
GEOMETRY_LAYER_1
  70
32
  10
550667.221
  20
77872.635
  30
37.463
  0
VERTEX
  8
GEOMETRY_LAYER_1
  70
32
  10
550665.361
  20
77864.098
  30
37.434
  0
VERTEX
  8
GEOMETRY_LAYER_1
  70
32
  10
550661.834
  20
77853.766
  30
37.876
  0
VERTEX
  8
GEOMETRY_LAYER_1
  70
32
  10
550666.336
  20
77853.214
  30
37.864
  0
VERTEX
  8
GEOMETRY_LAYER_1
  70
32
  10
550672.895
  20
77847.917
  30
38.033
  0
VERTEX
  8
GEOMETRY_LAYER_1
  70
32
  10
550681.078
  20
77844.095
  30
38.234
  0
VERTEX
  8
GEOMETRY_LAYER_1
  70
32
  10
550683.955
  20
77852.036
  30
37.893
  0
VERTEX
  8
GEOMETRY_LAYER_1
  70
32
  10
550686.607
  20
77861.216
  30
37.231
  0
VERTEX
  8
GEOMETRY_LAYER_1
  70
32
  10
550689.063
  20
77870.426
  30
37.381
  0
VERTEX
  8
GEOMETRY_LAYER_1
  70
32
  10
550691.707
  20
77879.014
  30
37.729
  0
VERTEX
  8
GEOMETRY_LAYER_1
  70
32
  10
550694.625
  20
77888.476
  30
37.841
  0
VERTEX
  8
GEOMETRY_LAYER_1
  70
32
  10
550696.680
  20
77897.640
  30
37.808
  0
VERTEX
  8
GEOMETRY_LAYER_1
  70
32
  10
550699.310
  20
77906.867
  30
38.264
  0
VERTEX
  8
GEOMETRY_LAYER_1
  70
32
  10
550701.333
  20
77916.414
  30
38.395
  0
VERTEX
  8
GEOMETRY_LAYER_1
  70
32
  10
550703.396
  20
77924.530
  30
38.658
  0
VERTEX
  8
GEOMETRY_LAYER_1
  70
32
  10
550705.981
  20
77934.597
  30
38.81
  0
VERTEX
  8
GEOMETRY_LAYER_1
  70
32
  10
550707.784
  20
77944.215
  30
38.806
  0
VERTEX
  8
GEOMETRY_LAYER_1
  70
32
  10
550711.526
  20
77952.655
  30
39.235
  0
VERTEX
  8
GEOMETRY_LAYER_1
  70
32
  10
550713.838
  20
77962.067
  30
39.05
  0
VERTEX
  8
GEOMETRY_LAYER_1
  70
32
  10
550715.818
  20
77971.147
  30
39.063
  0
VERTEX
  8
GEOMETRY_LAYER_1
  70
32
  10
550717.754
  20
77980.576
  30
39.4
  0
VERTEX
  8
GEOMETRY_LAYER_1
  70
32
  10
550718.751
  20
77988.660
  30
39.516
  0
VERTEX
  8
GEOMETRY_LAYER_1
  70
32
  10
550721.575
  20
77998.491
  30
40.178
  0
VERTEX
  8
GEOMETRY_LAYER_1
  70
32
  10
550731.171
  20
78034.981
  30
40.252
  0
SEQEND
  8
GEOMETRY_LAYER_1
  0
POLYLINE
  8
GEOMETRY_LAYER_1
  70
8
  66
1
 62
20
 39
1
  0
VERTEX
  8
GEOMETRY_LAYER_1
  70
32
  10
552038.296
  20
78484.378
  30
-41.788
  0
VERTEX
  8
GEOMETRY_LAYER_1
  70
32
  10
552043.217
  20
78476.542
  30
-41.636
  0
VERTEX
  8
GEOMETRY_LAYER_1
  70
32
  10
552048.032
  20
78469.182
  30
-41.379
  0
VERTEX
  8
GEOMETRY_LAYER_1
  70
32
  10
552053.819
  20
78461.184
  30
-41.643
  0
VERTEX
  8
GEOMETRY_LAYER_1
  70
32
  10
552058.790
  20
78453.558
  30
-41.287
  0
VERTEX
  8
GEOMETRY_LAYER_1
  70
32
  10
552063.914
  20
78445.969
  30
-41.451
  0
VERTEX
  8
GEOMETRY_LAYER_1
  70
32
  10
552068.660
  20
78438.714
  30
-41.577
  0
VERTEX
  8
GEOMETRY_LAYER_1
  70
32
  10
552073.966
  20
78429.797
  30
-42.074
  0
VERTEX
  8
GEOMETRY_LAYER_1
  70
32
  10
552078.072
  20
78422.202
  30
-41.997
  0
VERTEX
  8
GEOMETRY_LAYER_1
  70
32
  10
552083.257
  20
78413.188
  30
-42.313
  0
VERTEX
  8
GEOMETRY_LAYER_1
  70
32
  10
552087.948
  20
78405.027
  30
-43.152
  0
VERTEX
  8
GEOMETRY_LAYER_1
  70
32
  10
552086.812
  20
78400.551
  30
-42.71
  0
VERTEX
  8
GEOMETRY_LAYER_1
  70
32
  10
552078.505
  20
78398.711
  30
-42.067
  0
VERTEX
  8
GEOMETRY_LAYER_1
  70
32
  10
552069.498
  20
78399.159
  30
-41.472
  0
VERTEX
  8
GEOMETRY_LAYER_1
  70
32
  10
552064.846
  20
78405.897
  30
-41.521
  0
VERTEX
  8
GEOMETRY_LAYER_1
  70
32
  10
552060.012
  20
78412.559
  30
-42.03
  0
VERTEX
  8
GEOMETRY_LAYER_1
  70
32
  10
552053.632
  20
78420.743
  30
-41.978
  0
VERTEX
  8
GEOMETRY_LAYER_1
  70
32
  10
552048.456
  20
78428.205
  30
-41.479
  0
VERTEX
  8
GEOMETRY_LAYER_1
  70
32
  10
552042.744
  20
78435.995
  30
-41.649
  0
VERTEX
  8
GEOMETRY_LAYER_1
  70
32
  10
552038.156
  20
78443.039
  30
-41.633
  0
VERTEX
  8
GEOMETRY_LAYER_1
  70
32
  10
552032.362
  20
78451.748
  30
-41.835
  0
VERTEX
  8
GEOMETRY_LAYER_1
  70
32
  10
552027.678
  20
78459.248
  30
-41.719
  0
VERTEX
  8
GEOMETRY_LAYER_1
  70
32
  10
552022.792
  20
78466.926
  30
-41.399
  0
VERTEX
  8
GEOMETRY_LAYER_1
  70
32
  10
552017.025
  20
78475.263
  30
-41.435
  0
VERTEX
  8
GEOMETRY_LAYER_1
  70
32
  10
552013.045
  20
78482.647
  30
-39.18
  0
VERTEX
  8
GEOMETRY_LAYER_1
  70
32
  10
552007.713
  20
78490.541
  30
-38.824
  0
VERTEX
  8
GEOMETRY_LAYER_1
  70
32
  10
552001.479
  20
78498.799
  30
-40.187
  0
VERTEX
  8
GEOMETRY_LAYER_1
  70
32
  10
551997.413
  20
78505.541
  30
-39.696
  0
VERTEX
  8
GEOMETRY_LAYER_1
  70
32
  10
551991.594
  20
78514.022
  30
-39.095
  0
VERTEX
  8
GEOMETRY_LAYER_1
  70
32
  10
551986.308
  20
78521.705
  30
-38.54
  0
VERTEX
  8
GEOMETRY_LAYER_1
  70
32
  10
551980.793
  20
78530.180
  30
-38.502
  0
VERTEX
  8
GEOMETRY_LAYER_1
  70
32
  10
551976.075
  20
78538.029
  30
-37.927
  0
VERTEX
  8
GEOMETRY_LAYER_1
  70
32
  10
551970.726
  20
78545.641
  30
-37.488
  0
VERTEX
  8
GEOMETRY_LAYER_1
  70
32
  10
551967.199
  20
78552.314
  30
-37.347
  0
VERTEX
  8
GEOMETRY_LAYER_1
  70
32
  10
551965.480
  20
78554.943
  30
-37.244
  0
VERTEX
  8
GEOMETRY_LAYER_1
  70
32
  10
551961.814
  20
78564.635
  30
-36.615
  0
VERTEX
  8
GEOMETRY_LAYER_1
  70
32
  10
551964.058
  20
78571.615
  30
-36.685
  0
VERTEX
  8
GEOMETRY_LAYER_1
  70
32
  10
551972.475
  20
78570.913
  30
-36.669
  0
VERTEX
  8
GEOMETRY_LAYER_1
  70
32
  10
551977.477
  20
78577.126
  30
-33.177
  0
VERTEX
  8
GEOMETRY_LAYER_1
  70
32
  10
551981.231
  20
78571.161
  30
-34.095
  0
VERTEX
  8
GEOMETRY_LAYER_1
  70
32
  10
551985.416
  20
78562.564
  30
-37.163
  0
VERTEX
  8
GEOMETRY_LAYER_1
  70
32
  10
551989.655
  20
78554.924
  30
-37.253
  0
VERTEX
  8
GEOMETRY_LAYER_1
  70
32
  10
551995.074
  20
78547.514
  30
-37.573
  0
VERTEX
  8
GEOMETRY_LAYER_1
  70
32
  10
552001.681
  20
78539.571
  30
-38.058
  0
VERTEX
  8
GEOMETRY_LAYER_1
  70
32
  10
552007.840
  20
78531.651
  30
-38.517
  0
VERTEX
  8
GEOMETRY_LAYER_1
  70
32
  10
552012.600
  20
78523.883
  30
-38.969
  0
VERTEX
  8
GEOMETRY_LAYER_1
  70
32
  10
552017.505
  20
78516.317
  30
-39.624
  0
VERTEX
  8
GEOMETRY_LAYER_1
  70
32
  10
552023.123
  20
78507.922
  30
-40.419
  0
VERTEX
  8
GEOMETRY_LAYER_1
  70
32
  10
552027.829
  20
78500.228
  30
-40.929
  0
VERTEX
  8
GEOMETRY_LAYER_1
  70
32
  10
552032.704
  20
78492.866
  30
-41.336
  0
VERTEX
  8
GEOMETRY_LAYER_1
  70
32
  10
552038.296
  20
78484.378
  30
-41.788
  0
SEQEND
  8
GEOMETRY_LAYER_1
  0
POLYLINE
  8
GEOMETRY_LAYER_1
  70
8
  66
1
 62
20
 39
1
  0
VERTEX
  8
GEOMETRY_LAYER_1
  70
32
  10
552014.029
  20
78663.284
  30
-40.296
  0
VERTEX
  8
GEOMETRY_LAYER_1
  70
32
  10
552014.889
  20
78654.280
  30
-40.173
  0
VERTEX
  8
GEOMETRY_LAYER_1
  70
32
  10
552021.400
  20
78647.714
  30
-40.569
  0
VERTEX
  8
GEOMETRY_LAYER_1
  70
32
  10
552033.175
  20
78635.986
  30
-41.086
  0
VERTEX
  8
GEOMETRY_LAYER_1
  70
32
  10
552042.020
  20
78631.624
  30
-41.678
  0
VERTEX
  8
GEOMETRY_LAYER_1
  70
32
  10
552050.135
  20
78626.683
  30
-41.554
  0
VERTEX
  8
GEOMETRY_LAYER_1
  70
32
  10
552051.384
  20
78619.972
  30
-41.606
  0
VERTEX
  8
GEOMETRY_LAYER_1
  70
32
  10
552052.344
  20
78611.484
  30
-42.037
  0
VERTEX
  8
GEOMETRY_LAYER_1
  70
32
  10
552046.999
  20
78604.568
  30
-41.92
  0
VERTEX
  8
GEOMETRY_LAYER_1
  70
32
  10
552039.598
  20
78599.078
  30
-41.839
  0
VERTEX
  8
GEOMETRY_LAYER_1
  70
32
  10
552029.637
  20
78600.581
  30
-41.695
  0
VERTEX
  8
GEOMETRY_LAYER_1
  70
32
  10
552021.355
  20
78595.275
  30
-40.848
  0
VERTEX
  8
GEOMETRY_LAYER_1
  70
32
  10
552014.928
  20
78599.793
  30
-40.113
  0
VERTEX
  8
GEOMETRY_LAYER_1
  70
32
  10
552005.485
  20
78611.958
  30
-39.99
  0
VERTEX
  8
GEOMETRY_LAYER_1
  70
32
  10
552004.610
  20
78622.712
  30
-40.518
  0
VERTEX
  8
GEOMETRY_LAYER_1
  70
32
  10
552003.233
  20
78630.742
  30
-40.4
  0
VERTEX
  8
GEOMETRY_LAYER_1
  70
32
  10
552002.560
  20
78640.180
  30
-40.472
  0
VERTEX
  8
GEOMETRY_LAYER_1
  70
32
  10
551999.715
  20
78670.339
  30
-40.651
  0
VERTEX
  8
GEOMETRY_LAYER_1
  70
32
  10
551999.316
  20
78678.417
  30
-40.175
  0
VERTEX
  8
GEOMETRY_LAYER_1
  70
32
  10
551998.184
  20
78688.085
  30
-39.956
  0
VERTEX
  8
GEOMETRY_LAYER_1
  70
32
  10
551997.976
  20
78688.956
  30
-40.032
  0
VERTEX
  8
GEOMETRY_LAYER_1
  70
32
  10
551997.520
  20
78695.695
  30
-40.076
  0
VERTEX
  8
GEOMETRY_LAYER_1
  70
32
  10
552002.995
  20
78703.384
  30
-40.723
  0
VERTEX
  8
GEOMETRY_LAYER_1
  70
32
  10
552003.318
  20
78712.355
  30
-41.012
  0
VERTEX
  8
GEOMETRY_LAYER_1
  70
32
  10
552000.649
  20
78721.900
  30
-41.338
  0
VERTEX
  8
GEOMETRY_LAYER_1
  70
32
  10
551998.147
  20
78730.562
  30
-41.484
  0
VERTEX
  8
GEOMETRY_LAYER_1
  70
32
  10
552006.414
  20
78729.310
  30
-41.635
  0
VERTEX
  8
GEOMETRY_LAYER_1
  70
32
  10
552012.034
  20
78735.675
  30
-41.977
  0
VERTEX
  8
GEOMETRY_LAYER_1
  70
32
  10
552014.705
  20
78725.110
  30
-41.594
  0
VERTEX
  8
GEOMETRY_LAYER_1
  70
32
  10
552013.245
  20
78716.456
  30
-41.559
  0
VERTEX
  8
GEOMETRY_LAYER_1
  70
32
  10
552011.036
  20
78710.286
  30
-40.936
  0
VERTEX
  8
GEOMETRY_LAYER_1
  70
32
  10
552009.993
  20
78700.746
  30
-40.919
  0
VERTEX
  8
GEOMETRY_LAYER_1
  70
32
  10
552011.110
  20
78690.671
  30
-40.876
  0
VERTEX
  8
GEOMETRY_LAYER_1
  70
32
  10
552011.707
  20
78682.337
  30
-40.489
  0
VERTEX
  8
GEOMETRY_LAYER_1
  70
32
  10
552013.345
  20
78673.183
  30
-40.822
  0
VERTEX
  8
GEOMETRY_LAYER_1
  70
32
  10
552014.029
  20
78663.284
  30
-40.296
  0
SEQEND
  8
GEOMETRY_LAYER_1
  0
POLYLINE
  8
GEOMETRY_LAYER_1
  70
8
  66
1
 62
20
 39
1
  0
VERTEX
  8
GEOMETRY_LAYER_1
  70
32
  10
551984.732
  20
78573.107
  30
-34.095
  0
VERTEX
  8
GEOMETRY_LAYER_1
  70
32
  10
551988.965
  20
78564.411
  30
-37.163
  0
VERTEX
  8
GEOMETRY_LAYER_1
  70
32
  10
551993.031
  20
78557.085
  30
-37.253
  0
VERTEX
  8
GEOMETRY_LAYER_1
  70
32
  10
551998.229
  20
78549.975
  30
-37.573
  0
VERTEX
  8
GEOMETRY_LAYER_1
  70
32
  10
552004.798
  20
78542.078
  30
-38.058
  0
VERTEX
  8
GEOMETRY_LAYER_1
  70
32
  10
552011.134
  20
78533.930
  30
-38.517
  0
VERTEX
  8
GEOMETRY_LAYER_1
  70
32
  10
552015.984
  20
78526.017
  30
-38.969
  0
VERTEX
  8
GEOMETRY_LAYER_1
  70
32
  10
552020.845
  20
78518.517
  30
-39.624
  0
VERTEX
  8
GEOMETRY_LAYER_1
  70
32
  10
552026.492
  20
78510.079
  30
-40.419
  0
VERTEX
  8
GEOMETRY_LAYER_1
  70
32
  10
552031.204
  20
78502.377
  30
-40.929
  0
VERTEX
  8
GEOMETRY_LAYER_1
  70
32
  10
552036.039
  20
78495.074
  30
-41.336
  0
VERTEX
  8
GEOMETRY_LAYER_1
  70
32
  10
552041.683
  20
78486.506
  30
-41.788
  0
VERTEX
  8
GEOMETRY_LAYER_1
  70
32
  10
552046.584
  20
78478.701
  30
-41.636
  0
VERTEX
  8
GEOMETRY_LAYER_1
  70
32
  10
552051.327
  20
78471.451
  30
-41.379
  0
VERTEX
  8
GEOMETRY_LAYER_1
  70
32
  10
552057.117
  20
78463.450
  30
-41.643
  0
VERTEX
  8
GEOMETRY_LAYER_1
  70
32
  10
552062.123
  20
78455.769
  30
-41.287
  0
VERTEX
  8
GEOMETRY_LAYER_1
  70
32
  10
552067.245
  20
78448.184
  30
-41.451
  0
VERTEX
  8
GEOMETRY_LAYER_1
  70
32
  10
552072.054
  20
78440.833
  30
-41.577
  0
VERTEX
  8
GEOMETRY_LAYER_1
  70
32
  10
552077.445
  20
78431.771
  30
-42.074
  0
VERTEX
  8
GEOMETRY_LAYER_1
  70
32
  10
552081.565
  20
78424.150
  30
-41.997
  0
VERTEX
  8
GEOMETRY_LAYER_1
  70
32
  10
552086.724
  20
78415.181
  30
-42.313
  0
VERTEX
  8
GEOMETRY_LAYER_1
  70
32
  10
552092.224
  20
78405.614
  30
-43.152
  0
VERTEX
  8
GEOMETRY_LAYER_1
  70
32
  10
552090.083
  20
78397.179
  30
-42.71
  0
VERTEX
  8
GEOMETRY_LAYER_1
  70
32
  10
552078.844
  20
78394.689
  30
-42.067
  0
VERTEX
  8
GEOMETRY_LAYER_1
  70
32
  10
552067.328
  20
78395.262
  30
-41.472
  0
VERTEX
  8
GEOMETRY_LAYER_1
  70
32
  10
552061.581
  20
78403.586
  30
-41.521
  0
VERTEX
  8
GEOMETRY_LAYER_1
  70
32
  10
552056.815
  20
78410.154
  30
-42.03
  0
VERTEX
  8
GEOMETRY_LAYER_1
  70
32
  10
552050.409
  20
78418.372
  30
-41.978
  0
VERTEX
  8
GEOMETRY_LAYER_1
  70
32
  10
552045.199
  20
78425.882
  30
-41.479
  0
VERTEX
  8
GEOMETRY_LAYER_1
  70
32
  10
552039.453
  20
78433.719
  30
-41.649
  0
VERTEX
  8
GEOMETRY_LAYER_1
  70
32
  10
552034.815
  20
78440.840
  30
-41.633
  0
VERTEX
  8
GEOMETRY_LAYER_1
  70
32
  10
552028.999
  20
78449.580
  30
-41.835
  0
VERTEX
  8
GEOMETRY_LAYER_1
  70
32
  10
552024.294
  20
78457.115
  30
-41.719
  0
VERTEX
  8
GEOMETRY_LAYER_1
  70
32
  10
552019.458
  20
78464.715
  30
-41.399
  0
VERTEX
  8
GEOMETRY_LAYER_1
  70
32
  10
552013.609
  20
78473.170
  30
-41.435
  0
VERTEX
  8
GEOMETRY_LAYER_1
  70
32
  10
552009.618
  20
78480.573
  30
-39.18
  0
VERTEX
  8
GEOMETRY_LAYER_1
  70
32
  10
552004.457
  20
78488.215
  30
-38.824
  0
VERTEX
  8
GEOMETRY_LAYER_1
  70
32
  10
551998.161
  20
78496.555
  30
-40.187
  0
VERTEX
  8
GEOMETRY_LAYER_1
  70
32
  10
551994.048
  20
78503.375
  30
-39.696
  0
VERTEX
  8
GEOMETRY_LAYER_1
  70
32
  10
551988.297
  20
78511.757
  30
-39.095
  0
VERTEX
  8
GEOMETRY_LAYER_1
  70
32
  10
551982.983
  20
78519.480
  30
-38.54
  0
VERTEX
  8
GEOMETRY_LAYER_1
  70
32
  10
551977.401
  20
78528.058
  30
-38.502
  0
VERTEX
  8
GEOMETRY_LAYER_1
  70
32
  10
551972.720
  20
78535.845
  30
-37.927
  0
VERTEX
  8
GEOMETRY_LAYER_1
  70
32
  10
551967.308
  20
78543.549
  30
-37.488
  0
VERTEX
  8
GEOMETRY_LAYER_1
  70
32
  10
551963.749
  20
78550.280
  30
-37.347
  0
VERTEX
  8
GEOMETRY_LAYER_1
  70
32
  10
551961.893
  20
78553.120
  30
-37.244
  0
VERTEX
  8
GEOMETRY_LAYER_1
  70
32
  10
551957.578
  20
78564.529
  30
-36.615
  0
VERTEX
  8
GEOMETRY_LAYER_1
  70
32
  10
551961.223
  20
78575.865
  30
-36.685
  0
VERTEX
  8
GEOMETRY_LAYER_1
  70
32
  10
551970.691
  20
78575.076
  30
-36.669
  0
VERTEX
  8
GEOMETRY_LAYER_1
  70
32
  10
551977.876
  20
78584.001
  30
-33.177
  0
VERTEX
  8
GEOMETRY_LAYER_1
  70
32
  10
552001.595
  20
78610.446
  30
-39.99
  0
VERTEX
  8
GEOMETRY_LAYER_1
  70
32
  10
552000.637
  20
78622.211
  30
-40.518
  0
VERTEX
  8
GEOMETRY_LAYER_1
  70
32
  10
551999.257
  20
78630.260
  30
-40.4
  0
VERTEX
  8
GEOMETRY_LAYER_1
  70
32
  10
551998.555
  20
78640.101
  30
-40.472
  0
VERTEX
  8
GEOMETRY_LAYER_1
  70
32
  10
551995.802
  20
78668.473
  30
-40.651
  0
VERTEX
  8
GEOMETRY_LAYER_1
  70
32
  10
551995.327
  20
78678.086
  30
-40.175
  0
VERTEX
  8
GEOMETRY_LAYER_1
  70
32
  10
551994.238
  20
78687.385
  30
-39.956
  0
VERTEX
  8
GEOMETRY_LAYER_1
  70
32
  10
551994.007
  20
78688.352
  30
-40.032
  0
VERTEX
  8
GEOMETRY_LAYER_1
  70
32
  10
551993.432
  20
78696.850
  30
-40.076
  0
VERTEX
  8
GEOMETRY_LAYER_1
  70
32
  10
551999.040
  20
78704.727
  30
-40.723
  0
VERTEX
  8
GEOMETRY_LAYER_1
  70
32
  10
551999.298
  20
78711.877
  30
-41.012
  0
VERTEX
  8
GEOMETRY_LAYER_1
  70
32
  10
551996.801
  20
78720.806
  30
-41.338
  0
VERTEX
  8
GEOMETRY_LAYER_1
  70
32
  10
551992.571
  20
78735.452
  30
-41.484
  0
VERTEX
  8
GEOMETRY_LAYER_1
  70
32
  10
552004.858
  20
78733.591
  30
-41.635
  0
VERTEX
  8
GEOMETRY_LAYER_1
  70
32
  10
552014.053
  20
78744.007
  30
-41.977
  0
VERTEX
  8
GEOMETRY_LAYER_1
  70
32
  10
552018.789
  20
78725.274
  30
-41.594
  0
VERTEX
  8
GEOMETRY_LAYER_1
  70
32
  10
552017.130
  20
78715.441
  30
-41.559
  0
VERTEX
  8
GEOMETRY_LAYER_1
  70
32
  10
552014.961
  20
78709.382
  30
-40.936
  0
VERTEX
  8
GEOMETRY_LAYER_1
  70
32
  10
552014.017
  20
78700.749
  30
-40.919
  0
VERTEX
  8
GEOMETRY_LAYER_1
  70
32
  10
552015.094
  20
78691.034
  30
-40.876
  0
VERTEX
  8
GEOMETRY_LAYER_1
  70
32
  10
552015.681
  20
78682.834
  30
-40.489
  0
VERTEX
  8
GEOMETRY_LAYER_1
  70
32
  10
552017.282
  20
78673.887
  30
-40.822
  0
VERTEX
  8
GEOMETRY_LAYER_1
  70
32
  10
552018.011
  20
78663.664
  30
-40.296
  0
VERTEX
  8
GEOMETRY_LAYER_1
  70
32
  10
552018.735
  20
78656.082
  30
-40.173
  0
VERTEX
  8
GEOMETRY_LAYER_1
  70
32
  10
552024.231
  20
78650.539
  30
-40.569
  0
VERTEX
  8
GEOMETRY_LAYER_1
  70
32
  10
552035.532
  20
78639.283
  30
-41.086
  0
VERTEX
  8
GEOMETRY_LAYER_1
  70
32
  10
552043.948
  20
78635.132
  30
-41.678
  0
VERTEX
  8
GEOMETRY_LAYER_1
  70
32
  10
552053.740
  20
78629.171
  30
-41.554
  0
VERTEX
  8
GEOMETRY_LAYER_1
  70
32
  10
552055.342
  20
78620.563
  30
-41.606
  0
VERTEX
  8
GEOMETRY_LAYER_1
  70
32
  10
552056.501
  20
78610.322
  30
-42.037
  0
VERTEX
  8
GEOMETRY_LAYER_1
  70
32
  10
552049.826
  20
78601.684
  30
-41.92
  0
VERTEX
  8
GEOMETRY_LAYER_1
  70
32
  10
552040.645
  20
78594.875
  30
-41.839
  0
VERTEX
  8
GEOMETRY_LAYER_1
  70
32
  10
552030.528
  20
78596.401
  30
-41.695
  0
VERTEX
  8
GEOMETRY_LAYER_1
  70
32
  10
552021.251
  20
78590.458
  30
-40.848
  0
VERTEX
  8
GEOMETRY_LAYER_1
  70
32
  10
552012.136
  20
78596.866
  30
-40.113
  0
VERTEX
  8
GEOMETRY_LAYER_1
  70
32
  10
551984.732
  20
78573.107
  30
-34.095
  0
SEQEND
  8
GEOMETRY_LAYER_1
  0
POLYLINE
  8
GEOMETRY_LAYER_1
  70
8
  66
1
 62
3
 39
1
  0
VERTEX
  8
GEOMETRY_LAYER_1
  70
32
  10
552213.241
  20
78572.862
  30
-43.603
  0
VERTEX
  8
GEOMETRY_LAYER_1
  70
32
  10
552212.020
  20
78581.828
  30
-44.632
  0
VERTEX
  8
GEOMETRY_LAYER_1
  70
32
  10
552210.842
  20
78591.070
  30
-45.38
  0
VERTEX
  8
GEOMETRY_LAYER_1
  70
32
  10
552209.796
  20
78601.206
  30
-46.131
  0
VERTEX
  8
GEOMETRY_LAYER_1
  70
32
  10
552205.498
  20
78612.581
  30
-46.431
  0
VERTEX
  8
GEOMETRY_LAYER_1
  70
32
  10
552192.659
  20
78614.182
  30
-46.795
  0
VERTEX
  8
GEOMETRY_LAYER_1
  70
32
  10
552184.417
  20
78611.032
  30
-46.91
  0
VERTEX
  8
GEOMETRY_LAYER_1
  70
32
  10
552175.156
  20
78608.677
  30
-47.34
  0
VERTEX
  8
GEOMETRY_LAYER_1
  70
32
  10
552175.458
  20
78598.127
  30
-46.952
  0
VERTEX
  8
GEOMETRY_LAYER_1
  70
32
  10
552177.067
  20
78588.350
  30
-46.312
  0
VERTEX
  8
GEOMETRY_LAYER_1
  70
32
  10
552183.159
  20
78578.344
  30
-45.124
  0
VERTEX
  8
GEOMETRY_LAYER_1
  70
32
  10
552186.830
  20
78574.562
  30
-44.711
  0
VERTEX
  8
GEOMETRY_LAYER_1
  70
32
  10
552188.416
  20
78565.467
  30
-44.223
  0
VERTEX
  8
GEOMETRY_LAYER_1
  70
32
  10
552188.889
  20
78556.614
  30
-44.456
  0
VERTEX
  8
GEOMETRY_LAYER_1
  70
32
  10
552190.755
  20
78546.628
  30
-44.543
  0
VERTEX
  8
GEOMETRY_LAYER_1
  70
32
  10
552193.583
  20
78539.094
  30
-44.716
  0
VERTEX
  8
GEOMETRY_LAYER_1
  70
32
  10
552194.328
  20
78528.020
  30
-44.185
  0
VERTEX
  8
GEOMETRY_LAYER_1
  70
32
  10
552194.849
  20
78518.983
  30
-43.433
  0
VERTEX
  8
GEOMETRY_LAYER_1
  70
32
  10
552196.642
  20
78508.722
  30
-42.886
  0
VERTEX
  8
GEOMETRY_LAYER_1
  70
32
  10
552196.614
  20
78498.422
  30
-43
  0
VERTEX
  8
GEOMETRY_LAYER_1
  70
32
  10
552201.658
  20
78488.883
  30
-43.095
  0
VERTEX
  8
GEOMETRY_LAYER_1
  70
32
  10
552212.187
  20
78494.918
  30
-42.54
  0
VERTEX
  8
GEOMETRY_LAYER_1
  70
32
  10
552219.539
  20
78496.815
  30
-42.01
  0
VERTEX
  8
GEOMETRY_LAYER_1
  70
32
  10
552229.135
  20
78497.521
  30
-41.952
  0
VERTEX
  8
GEOMETRY_LAYER_1
  70
32
  10
552237.127
  20
78506.578
  30
-42.091
  0
VERTEX
  8
GEOMETRY_LAYER_1
  70
32
  10
552237.448
  20
78517.558
  30
-41.964
  0
VERTEX
  8
GEOMETRY_LAYER_1
  70
32
  10
552236.275
  20
78527.221
  30
-42.131
  0
VERTEX
  8
GEOMETRY_LAYER_1
  70
32
  10
552232.322
  20
78538.703
  30
-42.192
  0
VERTEX
  8
GEOMETRY_LAYER_1
  70
32
  10
552225.152
  20
78543.048
  30
-42.586
  0
VERTEX
  8
GEOMETRY_LAYER_1
  70
32
  10
552224.063
  20
78550.053
  30
-42.531
  0
VERTEX
  8
GEOMETRY_LAYER_1
  70
32
  10
552222.900
  20
78559.678
  30
-42.437
  0
VERTEX
  8
GEOMETRY_LAYER_1
  70
32
  10
552214.751
  20
78569.040
  30
-43.119
  0
VERTEX
  8
GEOMETRY_LAYER_1
  70
32
  10
552213.241
  20
78572.862
  30
-43.603
  0
SEQEND
  8
GEOMETRY_LAYER_1
  0
POLYLINE
  8
GEOMETRY_LAYER_1
  70
8
  66
1
 62
3
 39
1
  0
VERTEX
  8
GEOMETRY_LAYER_1
  70
32
  10
552209.278
  20
78572.322
  30
-43.603
  0
VERTEX
  8
GEOMETRY_LAYER_1
  70
32
  10
552208.054
  20
78581.305
  30
-44.632
  0
VERTEX
  8
GEOMETRY_LAYER_1
  70
32
  10
552206.868
  20
78590.612
  30
-45.38
  0
VERTEX
  8
GEOMETRY_LAYER_1
  70
32
  10
552205.871
  20
78600.278
  30
-46.131
  0
VERTEX
  8
GEOMETRY_LAYER_1
  70
32
  10
552202.609
  20
78608.910
  30
-46.431
  0
VERTEX
  8
GEOMETRY_LAYER_1
  70
32
  10
552193.155
  20
78610.090
  30
-46.795
  0
VERTEX
  8
GEOMETRY_LAYER_1
  70
32
  10
552185.628
  20
78607.213
  30
-46.91
  0
VERTEX
  8
GEOMETRY_LAYER_1
  70
32
  10
552179.246
  20
78605.590
  30
-47.34
  0
VERTEX
  8
GEOMETRY_LAYER_1
  70
32
  10
552179.449
  20
78598.510
  30
-46.952
  0
VERTEX
  8
GEOMETRY_LAYER_1
  70
32
  10
552180.888
  20
78589.767
  30
-46.312
  0
VERTEX
  8
GEOMETRY_LAYER_1
  70
32
  10
552186.342
  20
78580.808
  30
-45.124
  0
VERTEX
  8
GEOMETRY_LAYER_1
  70
32
  10
552190.559
  20
78576.464
  30
-44.711
  0
VERTEX
  8
GEOMETRY_LAYER_1
  70
32
  10
552192.398
  20
78565.919
  30
-44.223
  0
VERTEX
  8
GEOMETRY_LAYER_1
  70
32
  10
552192.869
  20
78557.090
  30
-44.456
  0
VERTEX
  8
GEOMETRY_LAYER_1
  70
32
  10
552194.623
  20
78547.706
  30
-44.543
  0
VERTEX
  8
GEOMETRY_LAYER_1
  70
32
  10
552197.535
  20
78539.950
  30
-44.716
  0
VERTEX
  8
GEOMETRY_LAYER_1
  70
32
  10
552198.320
  20
78528.270
  30
-44.185
  0
VERTEX
  8
GEOMETRY_LAYER_1
  70
32
  10
552198.829
  20
78519.444
  30
-43.433
  0
VERTEX
  8
GEOMETRY_LAYER_1
  70
32
  10
552200.643
  20
78509.064
  30
-42.886
  0
VERTEX
  8
GEOMETRY_LAYER_1
  70
32
  10
552200.617
  20
78499.409
  30
-43
  0
VERTEX
  8
GEOMETRY_LAYER_1
  70
32
  10
552203.260
  20
78494.411
  30
-43.095
  0
VERTEX
  8
GEOMETRY_LAYER_1
  70
32
  10
552210.666
  20
78498.656
  30
-42.54
  0
VERTEX
  8
GEOMETRY_LAYER_1
  70
32
  10
552218.887
  20
78500.778
  30
-42.01
  0
VERTEX
  8
GEOMETRY_LAYER_1
  70
32
  10
552227.215
  20
78501.391
  30
-41.952
  0
VERTEX
  8
GEOMETRY_LAYER_1
  70
32
  10
552233.171
  20
78508.140
  30
-42.091
  0
VERTEX
  8
GEOMETRY_LAYER_1
  70
32
  10
552233.441
  20
78517.375
  30
-41.964
  0
VERTEX
  8
GEOMETRY_LAYER_1
  70
32
  10
552232.355
  20
78526.319
  30
-42.131
  0
VERTEX
  8
GEOMETRY_LAYER_1
  70
32
  10
552229.011
  20
78536.032
  30
-42.192
  0
VERTEX
  8
GEOMETRY_LAYER_1
  70
32
  10
552221.486
  20
78540.592
  30
-42.586
  0
VERTEX
  8
GEOMETRY_LAYER_1
  70
32
  10
552220.100
  20
78549.506
  30
-42.531
  0
VERTEX
  8
GEOMETRY_LAYER_1
  70
32
  10
552219.076
  20
78557.979
  30
-42.437
  0
VERTEX
  8
GEOMETRY_LAYER_1
  70
32
  10
552211.734
  20
78566.414
  30
-43.119
  0
VERTEX
  8
GEOMETRY_LAYER_1
  70
32
  10
552209.278
  20
78572.322
  30
-43.603
  0
SEQEND
  8
GEOMETRY_LAYER_1
  0
POLYLINE
  8
GEOMETRY_LAYER_1
  70
8
  66
1
 62
3
 39
1
  0
VERTEX
  8
GEOMETRY_LAYER_1
  70
32
  10
552169.871
  20
78922.373
  30
-35.16
  0
VERTEX
  8
GEOMETRY_LAYER_1
  70
32
  10
552165.804
  20
78930.550
  30
-35.332
  0
VERTEX
  8
GEOMETRY_LAYER_1
  70
32
  10
552161.568
  20
78944.023
  30
-35.109
  0
VERTEX
  8
GEOMETRY_LAYER_1
  70
32
  10
552146.070
  20
78941.651
  30
-35.714
  0
VERTEX
  8
GEOMETRY_LAYER_1
  70
32
  10
552149.365
  20
78922.295
  30
-36.199
  0
VERTEX
  8
GEOMETRY_LAYER_1
  70
32
  10
552149.565
  20
78914.443
  30
-36.472
  0
VERTEX
  8
GEOMETRY_LAYER_1
  70
32
  10
552151.784
  20
78904.271
  30
-36.64
  0
VERTEX
  8
GEOMETRY_LAYER_1
  70
32
  10
552152.924
  20
78896.847
  30
-36.654
  0
VERTEX
  8
GEOMETRY_LAYER_1
  70
32
  10
552154.114
  20
78887.658
  30
-36.627
  0
VERTEX
  8
GEOMETRY_LAYER_1
  70
32
  10
552156.954
  20
78878.143
  30
-37.133
  0
VERTEX
  8
GEOMETRY_LAYER_1
  70
32
  10
552157.375
  20
78870.738
  30
-37.001
  0
VERTEX
  8
GEOMETRY_LAYER_1
  70
32
  10
552155.103
  20
78858.846
  30
-36.813
  0
VERTEX
  8
GEOMETRY_LAYER_1
  70
32
  10
552169.894
  20
78857.332
  30
-36.844
  0
VERTEX
  8
GEOMETRY_LAYER_1
  70
32
  10
552181.989
  20
78861.187
  30
-36.391
  0
VERTEX
  8
GEOMETRY_LAYER_1
  70
32
  10
552189.048
  20
78871.205
  30
-35.987
  0
VERTEX
  8
GEOMETRY_LAYER_1
  70
32
  10
552187.661
  20
78882.738
  30
-35.953
  0
VERTEX
  8
GEOMETRY_LAYER_1
  70
32
  10
552182.524
  20
78893.618
  30
-35.862
  0
VERTEX
  8
GEOMETRY_LAYER_1
  70
32
  10
552179.850
  20
78902.547
  30
-35.647
  0
VERTEX
  8
GEOMETRY_LAYER_1
  70
32
  10
552169.871
  20
78922.373
  30
-35.16
  0
SEQEND
  8
GEOMETRY_LAYER_1
  0
POLYLINE
  8
GEOMETRY_LAYER_1
  70
8
  66
1
 62
3
 39
1
  0
VERTEX
  8
GEOMETRY_LAYER_1
  70
32
  10
552162.082
  20
78929.050
  30
-35.332
  0
VERTEX
  8
GEOMETRY_LAYER_1
  70
32
  10
552158.781
  20
78939.550
  30
-35.109
  0
VERTEX
  8
GEOMETRY_LAYER_1
  70
32
  10
552150.696
  20
78938.312
  30
-35.714
  0
VERTEX
  8
GEOMETRY_LAYER_1
  70
32
  10
552153.357
  20
78922.682
  30
-36.199
  0
VERTEX
  8
GEOMETRY_LAYER_1
  70
32
  10
552153.554
  20
78914.924
  30
-36.472
  0
VERTEX
  8
GEOMETRY_LAYER_1
  70
32
  10
552155.719
  20
78905.002
  30
-36.64
  0
VERTEX
  8
GEOMETRY_LAYER_1
  70
32
  10
552156.884
  20
78897.408
  30
-36.654
  0
VERTEX
  8
GEOMETRY_LAYER_1
  70
32
  10
552158.039
  20
78888.492
  30
-36.627
  0
VERTEX
  8
GEOMETRY_LAYER_1
  70
32
  10
552160.921
  20
78878.839
  30
-37.133
  0
VERTEX
  8
GEOMETRY_LAYER_1
  70
32
  10
552161.396
  20
78870.472
  30
-37.001
  0
VERTEX
  8
GEOMETRY_LAYER_1
  70
32
  10
552159.851
  20
78862.381
  30
-36.813
  0
VERTEX
  8
GEOMETRY_LAYER_1
  70
32
  10
552169.473
  20
78861.396
  30
-36.844
  0
VERTEX
  8
GEOMETRY_LAYER_1
  70
32
  10
552179.494
  20
78864.590
  30
-36.391
  0
VERTEX
  8
GEOMETRY_LAYER_1
  70
32
  10
552184.893
  20
78872.253
  30
-35.987
  0
VERTEX
  8
GEOMETRY_LAYER_1
  70
32
  10
552183.767
  20
78881.616
  30
-35.953
  0
VERTEX
  8
GEOMETRY_LAYER_1
  70
32
  10
552178.778
  20
78892.182
  30
-35.862
  0
VERTEX
  8
GEOMETRY_LAYER_1
  70
32
  10
552162.082
  20
78929.050
  30
-35.332
  0
SEQEND
  8
GEOMETRY_LAYER_1
  0
POLYLINE
  8
GEOMETRY_LAYER_1
  70
8
  66
1
 62
3
 39
1
  0
VERTEX
  8
GEOMETRY_LAYER_1
  70
32
  10
551692.013
  20
78399.880
  30
35.022
  0
VERTEX
  8
GEOMETRY_LAYER_1
  70
32
  10
551688.614
  20
78408.255
  30
37.742
  0
VERTEX
  8
GEOMETRY_LAYER_1
  70
32
  10
551685.080
  20
78414.832
  30
37.84
  0
VERTEX
  8
GEOMETRY_LAYER_1
  70
32
  10
551680.344
  20
78423.671
  30
38.56
  0
VERTEX
  8
GEOMETRY_LAYER_1
  70
32
  10
551675.510
  20
78434.509
  30
39.385
  0
VERTEX
  8
GEOMETRY_LAYER_1
  70
32
  10
551652.791
  20
78434.376
  30
39.94
  0
VERTEX
  8
GEOMETRY_LAYER_1
  70
32
  10
551655.876
  20
78424.747
  30
39.498
  0
VERTEX
  8
GEOMETRY_LAYER_1
  70
32
  10
551658.961
  20
78415.119
  30
39.057
  0
VERTEX
  8
GEOMETRY_LAYER_1
  70
32
  10
551661.486
  20
78405.863
  30
37.975
  0
VERTEX
  8
GEOMETRY_LAYER_1
  70
32
  10
551665.377
  20
78395.566
  30
36.483
  0
VERTEX
  8
GEOMETRY_LAYER_1
  70
32
  10
551667.530
  20
78390.463
  30
36.007
  0
VERTEX
  8
GEOMETRY_LAYER_1
  70
32
  10
551668.281
  20
78386.986
  30
35.544
  0
VERTEX
  8
GEOMETRY_LAYER_1
  70
32
  10
551672.636
  20
78377.534
  30
34.704
  0
VERTEX
  8
GEOMETRY_LAYER_1
  70
32
  10
551677.323
  20
78367.791
  30
33.804
  0
VERTEX
  8
GEOMETRY_LAYER_1
  70
32
  10
551679.853
  20
78358.500
  30
32.818
  0
VERTEX
  8
GEOMETRY_LAYER_1
  70
32
  10
551682.144
  20
78349.884
  30
31.104
  0
VERTEX
  8
GEOMETRY_LAYER_1
  70
32
  10
551685.921
  20
78340.097
  30
31.209
  0
VERTEX
  8
GEOMETRY_LAYER_1
  70
32
  10
551690.366
  20
78329.032
  30
31.028
  0
VERTEX
  8
GEOMETRY_LAYER_1
  70
32
  10
551694.241
  20
78319.872
  30
30.672
  0
VERTEX
  8
GEOMETRY_LAYER_1
  70
32
  10
551699.263
  20
78308.410
  30
30.593
  0
VERTEX
  8
GEOMETRY_LAYER_1
  70
32
  10
551704.813
  20
78306.466
  30
30.157
  0
VERTEX
  8
GEOMETRY_LAYER_1
  70
32
  10
551709.811
  20
78295.001
  30
30.21
  0
VERTEX
  8
GEOMETRY_LAYER_1
  70
32
  10
551730.352
  20
78301.371
  30
29.085
  0
VERTEX
  8
GEOMETRY_LAYER_1
  70
32
  10
551724.562
  20
78314.507
  30
29.383
  0
VERTEX
  8
GEOMETRY_LAYER_1
  70
32
  10
551720.213
  20
78325.025
  30
29.754
  0
VERTEX
  8
GEOMETRY_LAYER_1
  70
32
  10
551717.426
  20
78333.368
  30
30.07
  0
VERTEX
  8
GEOMETRY_LAYER_1
  70
32
  10
551713.302
  20
78344.065
  30
30.976
  0
VERTEX
  8
GEOMETRY_LAYER_1
  70
32
  10
551710.244
  20
78352.705
  30
31.218
  0
VERTEX
  8
GEOMETRY_LAYER_1
  70
32
  10
551705.687
  20
78364.499
  30
32.169
  0
VERTEX
  8
GEOMETRY_LAYER_1
  70
32
  10
551701.129
  20
78376.292
  30
33.12
  0
VERTEX
  8
GEOMETRY_LAYER_1
  70
32
  10
551696.571
  20
78388.086
  30
34.071
  0
VERTEX
  8
GEOMETRY_LAYER_1
  70
32
  10
551692.013
  20
78399.880
  30
35.022
  0
SEQEND
  8
GEOMETRY_LAYER_1
  0
POLYLINE
  8
GEOMETRY_LAYER_1
  70
8
  66
1
 62
3
 39
1
  0
VERTEX
  8
GEOMETRY_LAYER_1
  70
32
  10
551684.989
  20
78406.550
  30
37.742
  0
VERTEX
  8
GEOMETRY_LAYER_1
  70
32
  10
551681.556
  20
78412.941
  30
37.84
  0
VERTEX
  8
GEOMETRY_LAYER_1
  70
32
  10
551676.750
  20
78421.909
  30
38.56
  0
VERTEX
  8
GEOMETRY_LAYER_1
  70
32
  10
551672.921
  20
78430.495
  30
39.385
  0
VERTEX
  8
GEOMETRY_LAYER_1
  70
32
  10
551658.263
  20
78430.408
  30
39.94
  0
VERTEX
  8
GEOMETRY_LAYER_1
  70
32
  10
551659.686
  20
78425.967
  30
39.498
  0
VERTEX
  8
GEOMETRY_LAYER_1
  70
32
  10
551662.797
  20
78416.257
  30
39.057
  0
VERTEX
  8
GEOMETRY_LAYER_1
  70
32
  10
551665.295
  20
78407.099
  30
37.975
  0
VERTEX
  8
GEOMETRY_LAYER_1
  70
32
  10
551669.092
  20
78397.050
  30
36.483
  0
VERTEX
  8
GEOMETRY_LAYER_1
  70
32
  10
551671.360
  20
78391.674
  30
36.007
  0
VERTEX
  8
GEOMETRY_LAYER_1
  70
32
  10
551672.098
  20
78388.260
  30
35.544
  0
VERTEX
  8
GEOMETRY_LAYER_1
  70
32
  10
551676.255
  20
78379.238
  30
34.704
  0
VERTEX
  8
GEOMETRY_LAYER_1
  70
32
  10
551681.087
  20
78369.195
  30
33.804
  0
VERTEX
  8
GEOMETRY_LAYER_1
  70
32
  10
551683.715
  20
78359.540
  30
32.818
  0
VERTEX
  8
GEOMETRY_LAYER_1
  70
32
  10
551685.954
  20
78351.122
  30
31.104
  0
VERTEX
  8
GEOMETRY_LAYER_1
  70
32
  10
551689.643
  20
78341.563
  30
31.209
  0
VERTEX
  8
GEOMETRY_LAYER_1
  70
32
  10
551694.064
  20
78330.557
  30
31.028
  0
VERTEX
  8
GEOMETRY_LAYER_1
  70
32
  10
551697.914
  20
78321.453
  30
30.672
  0
VERTEX
  8
GEOMETRY_LAYER_1
  70
32
  10
551702.229
  20
78311.609
  30
30.593
  0
VERTEX
  8
GEOMETRY_LAYER_1
  70
32
  10
551707.783
  20
78309.663
  30
30.157
  0
VERTEX
  8
GEOMETRY_LAYER_1
  70
32
  10
551712.046
  20
78299.883
  30
30.21
  0
VERTEX
  8
GEOMETRY_LAYER_1
  70
32
  10
551724.882
  20
78303.863
  30
29.085
  0
VERTEX
  8
GEOMETRY_LAYER_1
  70
32
  10
551720.883
  20
78312.936
  30
29.383
  0
VERTEX
  8
GEOMETRY_LAYER_1
  70
32
  10
551716.463
  20
78323.626
  30
29.754
  0
VERTEX
  8
GEOMETRY_LAYER_1
  70
32
  10
551713.661
  20
78332.014
  30
30.07
  0
VERTEX
  8
GEOMETRY_LAYER_1
  70
32
  10
551709.550
  20
78342.677
  30
30.976
  0
VERTEX
  8
GEOMETRY_LAYER_1
  70
32
  10
551706.493
  20
78351.317
  30
31.218
  0
VERTEX
  8
GEOMETRY_LAYER_1
  70
32
  10
551701.955
  20
78363.056
  30
32.169
  0
VERTEX
  8
GEOMETRY_LAYER_1
  70
32
  10
551697.398
  20
78374.850
  30
33.12
  0
VERTEX
  8
GEOMETRY_LAYER_1
  70
32
  10
551692.840
  20
78386.644
  30
34.071
  0
VERTEX
  8
GEOMETRY_LAYER_1
  70
32
  10
551684.989
  20
78406.550
  30
37.742
  0
SEQEND
  8
GEOMETRY_LAYER_1
  0
POLYLINE
  8
GEOMETRY_LAYER_1
  70
8
  66
1
 62
1
 39
1
  0
VERTEX
  8
GEOMETRY_LAYER_1
  70
32
  10
550738.816
  20
76424.622
  30
52.867
  0
VERTEX
  8
GEOMETRY_LAYER_1
  70
32
  10
550738.883
  20
76433.322
  30
53.834
  0
VERTEX
  8
GEOMETRY_LAYER_1
  70
32
  10
550735.952
  20
76442.329
  30
54.802
  0
VERTEX
  8
GEOMETRY_LAYER_1
  70
32
  10
550736.024
  20
76451.639
  30
55.769
  0
VERTEX
  8
GEOMETRY_LAYER_1
  70
32
  10
550736.093
  20
76460.622
  30
56.736
  0
VERTEX
  8
GEOMETRY_LAYER_1
  70
32
  10
550736.161
  20
76469.451
  30
57.703
  0
VERTEX
  8
GEOMETRY_LAYER_1
  70
32
  10
550735.089
  20
76476.661
  30
58.015
  0
VERTEX
  8
GEOMETRY_LAYER_1
  70
32
  10
550734.815
  20
76483.484
  30
58.371
  0
VERTEX
  8
GEOMETRY_LAYER_1
  70
32
  10
550737.861
  20
76490.215
  30
59.229
  0
VERTEX
  8
GEOMETRY_LAYER_1
  70
32
  10
550745.090
  20
76503.436
  30
60.409
  0
VERTEX
  8
GEOMETRY_LAYER_1
  70
32
  10
550750.251
  20
76512.631
  30
60.678
  0
VERTEX
  8
GEOMETRY_LAYER_1
  70
32
  10
550758.142
  20
76524.969
  30
61.853
  0
VERTEX
  8
GEOMETRY_LAYER_1
  70
32
  10
550752.632
  20
76533.934
  30
61.583
  0
VERTEX
  8
GEOMETRY_LAYER_1
  70
32
  10
550743.830
  20
76541.032
  30
61.438
  0
VERTEX
  8
GEOMETRY_LAYER_1
  70
32
  10
550735.585
  20
76544.992
  30
61.598
  0
VERTEX
  8
GEOMETRY_LAYER_1
  70
32
  10
550726.875
  20
76543.246
  30
61.432
  0
VERTEX
  8
GEOMETRY_LAYER_1
  70
32
  10
550718.627
  20
76540.612
  30
61.359
  0
VERTEX
  8
GEOMETRY_LAYER_1
  70
32
  10
550709.510
  20
76535.658
  30
61.351
  0
VERTEX
  8
GEOMETRY_LAYER_1
  70
32
  10
550707.164
  20
76524.530
  30
60.848
  0
VERTEX
  8
GEOMETRY_LAYER_1
  70
32
  10
550705.744
  20
76515.642
  30
60.073
  0
VERTEX
  8
GEOMETRY_LAYER_1
  70
32
  10
550705.375
  20
76507.684
  30
59.357
  0
VERTEX
  8
GEOMETRY_LAYER_1
  70
32
  10
550704.068
  20
76498.635
  30
58.569
  0
VERTEX
  8
GEOMETRY_LAYER_1
  70
32
  10
550703.390
  20
76489.570
  30
57.884
  0
VERTEX
  8
GEOMETRY_LAYER_1
  70
32
  10
550702.687
  20
76480.768
  30
57.655
  0
VERTEX
  8
GEOMETRY_LAYER_1
  70
32
  10
550698.322
  20
76472.687
  30
57.079
  0
VERTEX
  8
GEOMETRY_LAYER_1
  70
32
  10
550697.358
  20
76463.822
  30
56.485
  0
VERTEX
  8
GEOMETRY_LAYER_1
  70
32
  10
550696.706
  20
76455.827
  30
55.854
  0
VERTEX
  8
GEOMETRY_LAYER_1
  70
32
  10
550695.486
  20
76447.217
  30
55.223
  0
VERTEX
  8
GEOMETRY_LAYER_1
  70
32
  10
550694.387
  20
76438.211
  30
54.499
  0
VERTEX
  8
GEOMETRY_LAYER_1
  70
32
  10
550696.876
  20
76429.070
  30
53.843
  0
VERTEX
  8
GEOMETRY_LAYER_1
  70
32
  10
550695.853
  20
76420.634
  30
53.139
  0
VERTEX
  8
GEOMETRY_LAYER_1
  70
32
  10
550694.757
  20
76412.339
  30
52.264
  0
VERTEX
  8
GEOMETRY_LAYER_1
  70
32
  10
550691.265
  20
76403.642
  30
51.454
  0
VERTEX
  8
GEOMETRY_LAYER_1
  70
32
  10
550696.781
  20
76389.651
  30
51.168
  0
VERTEX
  8
GEOMETRY_LAYER_1
  70
32
  10
550706.004
  20
76386.175
  30
51.206
  0
VERTEX
  8
GEOMETRY_LAYER_1
  70
32
  10
550710.493
  20
76387.259
  30
51.473
  0
VERTEX
  8
GEOMETRY_LAYER_1
  70
32
  10
550715.732
  20
76388.524
  30
51.741
  0
VERTEX
  8
GEOMETRY_LAYER_1
  70
32
  10
550726.313
  20
76392.242
  30
51.889
  0
VERTEX
  8
GEOMETRY_LAYER_1
  70
32
  10
550735.346
  20
76395.416
  30
52.036
  0
VERTEX
  8
GEOMETRY_LAYER_1
  70
32
  10
550738.816
  20
76424.622
  30
52.867
  0
SEQEND
  8
GEOMETRY_LAYER_1
  0
POLYLINE
  8
GEOMETRY_LAYER_1
  70
8
  66
1
 62
1
 39
1
  0
VERTEX
  8
GEOMETRY_LAYER_1
  70
32
  10
550742.005
  20
76415.552
  30
52.537
  0
VERTEX
  8
GEOMETRY_LAYER_1
  70
32
  10
550742.814
  20
76424.425
  30
52.867
  0
VERTEX
  8
GEOMETRY_LAYER_1
  70
32
  10
550742.887
  20
76433.941
  30
53.834
  0
VERTEX
  8
GEOMETRY_LAYER_1
  70
32
  10
550739.957
  20
76442.949
  30
54.802
  0
VERTEX
  8
GEOMETRY_LAYER_1
  70
32
  10
550740.023
  20
76451.607
  30
55.769
  0
VERTEX
  8
GEOMETRY_LAYER_1
  70
32
  10
550740.093
  20
76460.592
  30
56.736
  0
VERTEX
  8
GEOMETRY_LAYER_1
  70
32
  10
550740.163
  20
76469.731
  30
57.703
  0
VERTEX
  8
GEOMETRY_LAYER_1
  70
32
  10
550739.077
  20
76477.036
  30
58.015
  0
VERTEX
  8
GEOMETRY_LAYER_1
  70
32
  10
550738.850
  20
76482.698
  30
58.371
  0
VERTEX
  8
GEOMETRY_LAYER_1
  70
32
  10
550741.443
  20
76488.428
  30
59.229
  0
VERTEX
  8
GEOMETRY_LAYER_1
  70
32
  10
550748.589
  20
76501.498
  30
60.409
  0
VERTEX
  8
GEOMETRY_LAYER_1
  70
32
  10
550753.682
  20
76510.572
  30
60.678
  0
VERTEX
  8
GEOMETRY_LAYER_1
  70
32
  10
550762.863
  20
76524.926
  30
61.853
  0
VERTEX
  8
GEOMETRY_LAYER_1
  70
32
  10
550755.679
  20
76536.616
  30
61.583
  0
VERTEX
  8
GEOMETRY_LAYER_1
  70
32
  10
550745.980
  20
76544.437
  30
61.438
  0
VERTEX
  8
GEOMETRY_LAYER_1
  70
32
  10
550736.111
  20
76549.178
  30
61.598
  0
VERTEX
  8
GEOMETRY_LAYER_1
  70
32
  10
550725.870
  20
76547.124
  30
61.432
  0
VERTEX
  8
GEOMETRY_LAYER_1
  70
32
  10
550717.049
  20
76544.308
  30
61.359
  0
VERTEX
  8
GEOMETRY_LAYER_1
  70
32
  10
550705.977
  20
76538.290
  30
61.351
  0
VERTEX
  8
GEOMETRY_LAYER_1
  70
32
  10
550703.229
  20
76525.259
  30
60.848
  0
VERTEX
  8
GEOMETRY_LAYER_1
  70
32
  10
550701.759
  20
76516.052
  30
60.073
  0
VERTEX
  8
GEOMETRY_LAYER_1
  70
32
  10
550701.389
  20
76508.064
  30
59.357
  0
VERTEX
  8
GEOMETRY_LAYER_1
  70
32
  10
550700.089
  20
76499.070
  30
58.569
  0
VERTEX
  8
GEOMETRY_LAYER_1
  70
32
  10
550699.402
  20
76489.879
  30
57.884
  0
VERTEX
  8
GEOMETRY_LAYER_1
  70
32
  10
550698.767
  20
76481.928
  30
57.655
  0
VERTEX
  8
GEOMETRY_LAYER_1
  70
32
  10
550694.430
  20
76473.898
  30
57.079
  0
VERTEX
  8
GEOMETRY_LAYER_1
  70
32
  10
550693.375
  20
76464.201
  30
56.485
  0
VERTEX
  8
GEOMETRY_LAYER_1
  70
32
  10
550692.729
  20
76456.270
  30
55.854
  0
VERTEX
  8
GEOMETRY_LAYER_1
  70
32
  10
550691.520
  20
76447.740
  30
55.223
  0
VERTEX
  8
GEOMETRY_LAYER_1
  70
32
  10
550690.321
  20
76437.917
  30
54.499
  0
VERTEX
  8
GEOMETRY_LAYER_1
  70
32
  10
550692.811
  20
76428.774
  30
53.843
  0
VERTEX
  8
GEOMETRY_LAYER_1
  70
32
  10
550691.884
  20
76421.136
  30
53.139
  0
VERTEX
  8
GEOMETRY_LAYER_1
  70
32
  10
550690.858
  20
76413.362
  30
52.264
  0
VERTEX
  8
GEOMETRY_LAYER_1
  70
32
  10
550686.960
  20
76403.655
  30
51.454
  0
VERTEX
  8
GEOMETRY_LAYER_1
  70
32
  10
550693.710
  20
76386.534
  30
51.168
  0
VERTEX
  8
GEOMETRY_LAYER_1
  70
32
  10
550705.746
  20
76381.997
  30
51.206
  0
VERTEX
  8
GEOMETRY_LAYER_1
  70
32
  10
550711.432
  20
76383.370
  30
51.473
  0
VERTEX
  8
GEOMETRY_LAYER_1
  70
32
  10
550716.868
  20
76384.684
  30
51.741
  0
VERTEX
  8
GEOMETRY_LAYER_1
  70
32
  10
550727.639
  20
76388.469
  30
51.889
  0
VERTEX
  8
GEOMETRY_LAYER_1
  70
32
  10
550738.927
  20
76392.435
  30
52.036
  0
VERTEX
  8
GEOMETRY_LAYER_1
  70
32
  10
550740.055
  20
76399.629
  30
52.184
  0
VERTEX
  8
GEOMETRY_LAYER_1
  70
32
  10
550742.005
  20
76415.552
  30
52.537
  0
SEQEND
  8
GEOMETRY_LAYER_1
  0
POLYLINE
  8
GEOMETRY_LAYER_1
  70
8
  66
1
 62
1
 39
1
  0
VERTEX
  8
GEOMETRY_LAYER_1
  70
32
  10
550725.875
  20
78350.228
  30
62.461
  0
VERTEX
  8
GEOMETRY_LAYER_1
  70
32
  10
550732.179
  20
78345.100
  30
63.055
  0
VERTEX
  8
GEOMETRY_LAYER_1
  70
32
  10
550739.784
  20
78339.299
  30
63.707
  0
VERTEX
  8
GEOMETRY_LAYER_1
  70
32
  10
550745.908
  20
78334.403
  30
64.236
  0
VERTEX
  8
GEOMETRY_LAYER_1
  70
32
  10
550755.408
  20
78326.876
  30
65.3
  0
VERTEX
  8
GEOMETRY_LAYER_1
  70
32
  10
550762.647
  20
78321.279
  30
66.004
  0
VERTEX
  8
GEOMETRY_LAYER_1
  70
32
  10
550770.025
  20
78315.688
  30
66.865
  0
VERTEX
  8
GEOMETRY_LAYER_1
  70
32
  10
550778.396
  20
78309.046
  30
67.658
  0
VERTEX
  8
GEOMETRY_LAYER_1
  70
32
  10
550784.740
  20
78304.888
  30
68.412
  0
VERTEX
  8
GEOMETRY_LAYER_1
  70
32
  10
550782.495
  20
78291.438
  30
68.642
  0
VERTEX
  8
GEOMETRY_LAYER_1
  70
32
  10
550760.159
  20
78284.365
  30
66.679
  0
VERTEX
  8
GEOMETRY_LAYER_1
  70
32
  10
550753.987
  20
78292.143
  30
66.01
  0
VERTEX
  8
GEOMETRY_LAYER_1
  70
32
  10
550748.392
  20
78298.442
  30
65.549
  0
VERTEX
  8
GEOMETRY_LAYER_1
  70
32
  10
550743.174
  20
78299.280
  30
65.245
  0
VERTEX
  8
GEOMETRY_LAYER_1
  70
32
  10
550737.171
  20
78303.574
  30
64.549
  0
VERTEX
  8
GEOMETRY_LAYER_1
  70
32
  10
550728.540
  20
78309.403
  30
63.561
  0
VERTEX
  8
GEOMETRY_LAYER_1
  70
32
  10
550716.992
  20
78315.568
  30
62.446
  0
VERTEX
  8
GEOMETRY_LAYER_1
  70
32
  10
550709.868
  20
78315.117
  30
62.028
  0
VERTEX
  8
GEOMETRY_LAYER_1
  70
32
  10
550704.809
  20
78317.552
  30
61.688
  0
VERTEX
  8
GEOMETRY_LAYER_1
  70
32
  10
550696.750
  20
78323.639
  30
61.524
  0
VERTEX
  8
GEOMETRY_LAYER_1
  70
32
  10
550689.751
  20
78328.339
  30
61.022
  0
VERTEX
  8
GEOMETRY_LAYER_1
  70
32
  10
550681.761
  20
78334.569
  30
60.193
  0
VERTEX
  8
GEOMETRY_LAYER_1
  70
32
  10
550679.612
  20
78340.726
  30
59.253
  0
VERTEX
  8
GEOMETRY_LAYER_1
  70
32
  10
550673.750
  20
78347.233
  30
58.664
  0
VERTEX
  8
GEOMETRY_LAYER_1
  70
32
  10
550667.424
  20
78348.965
  30
58.139
  0
VERTEX
  8
GEOMETRY_LAYER_1
  70
32
  10
550660.286
  20
78351.031
  30
57.708
  0
VERTEX
  8
GEOMETRY_LAYER_1
  70
32
  10
550651.556
  20
78355.737
  30
56.873
  0
VERTEX
  8
GEOMETRY_LAYER_1
  70
32
  10
550643.372
  20
78360.927
  30
56.054
  0
VERTEX
  8
GEOMETRY_LAYER_1
  70
32
  10
550643.348
  20
78367.132
  30
55.515
  0
VERTEX
  8
GEOMETRY_LAYER_1
  70
32
  10
550647.533
  20
78372.448
  30
55.963
  0
VERTEX
  8
GEOMETRY_LAYER_1
  70
32
  10
550651.400
  20
78380.208
  30
56.447
  0
VERTEX
  8
GEOMETRY_LAYER_1
  70
32
  10
550658.392
  20
78387.312
  30
56.909
  0
VERTEX
  8
GEOMETRY_LAYER_1
  70
32
  10
550665.388
  20
78381.870
  30
57.529
  0
VERTEX
  8
GEOMETRY_LAYER_1
  70
32
  10
550673.169
  20
78376.453
  30
58.243
  0
VERTEX
  8
GEOMETRY_LAYER_1
  70
32
  10
550681.109
  20
78378.255
  30
58.58
  0
VERTEX
  8
GEOMETRY_LAYER_1
  70
32
  10
550688.290
  20
78373.212
  30
59.153
  0
VERTEX
  8
GEOMETRY_LAYER_1
  70
32
  10
550695.657
  20
78368.070
  30
59.87
  0
VERTEX
  8
GEOMETRY_LAYER_1
  70
32
  10
550702.547
  20
78367.011
  30
60.172
  0
VERTEX
  8
GEOMETRY_LAYER_1
  70
32
  10
550709.416
  20
78362.478
  30
60.878
  0
VERTEX
  8
GEOMETRY_LAYER_1
  70
32
  10
550718.035
  20
78356.104
  30
61.602
  0
VERTEX
  8
GEOMETRY_LAYER_1
  70
32
  10
550725.875
  20
78350.228
  30
62.461
  0
SEQEND
  8
GEOMETRY_LAYER_1
  0
POLYLINE
  8
GEOMETRY_LAYER_1
  70
8
  66
1
 62
1
 39
1
  0
VERTEX
  8
GEOMETRY_LAYER_1
  70
32
  10
550728.084
  20
78352.943
  30
62.461
  0
VERTEX
  8
GEOMETRY_LAYER_1
  70
32
  10
550734.345
  20
78347.849
  30
63.055
  0
VERTEX
  8
GEOMETRY_LAYER_1
  70
32
  10
550741.939
  20
78342.057
  30
63.707
  0
VERTEX
  8
GEOMETRY_LAYER_1
  70
32
  10
550748.088
  20
78337.141
  30
64.236
  0
VERTEX
  8
GEOMETRY_LAYER_1
  70
32
  10
550757.566
  20
78329.632
  30
65.3
  0
VERTEX
  8
GEOMETRY_LAYER_1
  70
32
  10
550764.775
  20
78324.058
  30
66.004
  0
VERTEX
  8
GEOMETRY_LAYER_1
  70
32
  10
550772.170
  20
78318.454
  30
66.865
  0
VERTEX
  8
GEOMETRY_LAYER_1
  70
32
  10
550780.448
  20
78311.886
  30
67.658
  0
VERTEX
  8
GEOMETRY_LAYER_1
  70
32
  10
550787.886
  20
78307.011
  30
68.412
  0
VERTEX
  8
GEOMETRY_LAYER_1
  70
32
  10
550785.377
  20
78289.444
  30
68.642
  0
VERTEX
  8
GEOMETRY_LAYER_1
  70
32
  10
550759.254
  20
78280.484
  30
66.679
  0
VERTEX
  8
GEOMETRY_LAYER_1
  70
32
  10
550751.306
  20
78289.891
  30
66.01
  0
VERTEX
  8
GEOMETRY_LAYER_1
  70
32
  10
550746.605
  20
78295.184
  30
65.549
  0
VERTEX
  8
GEOMETRY_LAYER_1
  70
32
  10
550741.807
  20
78295.955
  30
65.245
  0
VERTEX
  8
GEOMETRY_LAYER_1
  70
32
  10
550735.173
  20
78300.700
  30
64.549
  0
VERTEX
  8
GEOMETRY_LAYER_1
  70
32
  10
550726.732
  20
78306.401
  30
63.561
  0
VERTEX
  8
GEOMETRY_LAYER_1
  70
32
  10
550716.221
  20
78312.012
  30
62.446
  0
VERTEX
  8
GEOMETRY_LAYER_1
  70
32
  10
550709.175
  20
78311.566
  30
62.028
  0
VERTEX
  8
GEOMETRY_LAYER_1
  70
32
  10
550702.978
  20
78314.550
  30
61.688
  0
VERTEX
  8
GEOMETRY_LAYER_1
  70
32
  10
550694.719
  20
78320.788
  30
61.524
  0
VERTEX
  8
GEOMETRY_LAYER_1
  70
32
  10
550687.697
  20
78325.503
  30
61.022
  0
VERTEX
  8
GEOMETRY_LAYER_1
  70
32
  10
550678.796
  20
78332.442
  30
60.193
  0
VERTEX
  8
GEOMETRY_LAYER_1
  70
32
  10
550676.540
  20
78338.907
  30
59.253
  0
VERTEX
  8
GEOMETRY_LAYER_1
  70
32
  10
550671.837
  20
78344.128
  30
58.664
  0
VERTEX
  8
GEOMETRY_LAYER_1
  70
32
  10
550666.476
  20
78345.595
  30
58.139
  0
VERTEX
  8
GEOMETRY_LAYER_1
  70
32
  10
550658.954
  20
78347.773
  30
57.708
  0
VERTEX
  8
GEOMETRY_LAYER_1
  70
32
  10
550649.786
  20
78352.715
  30
56.873
  0
VERTEX
  8
GEOMETRY_LAYER_1
  70
32
  10
550639.880
  20
78358.999
  30
56.054
  0
VERTEX
  8
GEOMETRY_LAYER_1
  70
32
  10
550639.844
  20
78368.339
  30
55.515
  0
VERTEX
  8
GEOMETRY_LAYER_1
  70
32
  10
550644.561
  20
78374.331
  30
55.963
  0
VERTEX
  8
GEOMETRY_LAYER_1
  70
32
  10
550648.516
  20
78382.266
  30
56.447
  0
VERTEX
  8
GEOMETRY_LAYER_1
  70
32
  10
550658.083
  20
78391.987
  30
56.909
  0
VERTEX
  8
GEOMETRY_LAYER_1
  70
32
  10
550667.464
  20
78384.689
  30
57.529
  0
VERTEX
  8
GEOMETRY_LAYER_1
  70
32
  10
550673.901
  20
78380.208
  30
58.243
  0
VERTEX
  8
GEOMETRY_LAYER_1
  70
32
  10
550681.850
  20
78382.012
  30
58.58
  0
VERTEX
  8
GEOMETRY_LAYER_1
  70
32
  10
550690.298
  20
78376.079
  30
59.153
  0
VERTEX
  8
GEOMETRY_LAYER_1
  70
32
  10
550696.993
  20
78371.406
  30
59.87
  0
VERTEX
  8
GEOMETRY_LAYER_1
  70
32
  10
550703.836
  20
78370.355
  30
60.172
  0
VERTEX
  8
GEOMETRY_LAYER_1
  70
32
  10
550711.422
  20
78365.347
  30
60.878
  0
VERTEX
  8
GEOMETRY_LAYER_1
  70
32
  10
550720.116
  20
78358.918
  30
61.602
  0
VERTEX
  8
GEOMETRY_LAYER_1
  70
32
  10
550728.084
  20
78352.943
  30
62.461
  0
SEQEND
  8
GEOMETRY_LAYER_1
  0
POLYLINE
  8
GEOMETRY_LAYER_1
  70
8
  66
1
 62
3
 39
1
  0
VERTEX
  8
GEOMETRY_LAYER_1
  70
32
  10
550390.384
  20
76493.627
  30
67.804
  0
VERTEX
  8
GEOMETRY_LAYER_1
  70
32
  10
550392.724
  20
76486.807
  30
67.039
  0
VERTEX
  8
GEOMETRY_LAYER_1
  70
32
  10
550394.126
  20
76478.175
  30
65.785
  0
VERTEX
  8
GEOMETRY_LAYER_1
  70
32
  10
550393.643
  20
76470.251
  30
64.822
  0
VERTEX
  8
GEOMETRY_LAYER_1
  70
32
  10
550391.024
  20
76461.379
  30
64.233
  0
VERTEX
  8
GEOMETRY_LAYER_1
  70
32
  10
550382.437
  20
76428.079
  30
62.499
  0
VERTEX
  8
GEOMETRY_LAYER_1
  70
32
  10
550382.485
  20
76419.510
  30
62.571
  0
VERTEX
  8
GEOMETRY_LAYER_1
  70
32
  10
550380.557
  20
76411.471
  30
62.754
  0
VERTEX
  8
GEOMETRY_LAYER_1
  70
32
  10
550378.992
  20
76402.331
  30
62.711
  0
VERTEX
  8
GEOMETRY_LAYER_1
  70
32
  10
550376.634
  20
76394.496
  30
62.467
  0
VERTEX
  8
GEOMETRY_LAYER_1
  70
32
  10
550374.094
  20
76385.816
  30
62.349
  0
VERTEX
  8
GEOMETRY_LAYER_1
  70
32
  10
550371.100
  20
76377.389
  30
62.854
  0
VERTEX
  8
GEOMETRY_LAYER_1
  70
32
  10
550368.001
  20
76367.759
  30
63.358
  0
VERTEX
  8
GEOMETRY_LAYER_1
  70
32
  10
550361.666
  20
76373.219
  30
63.073
  0
VERTEX
  8
GEOMETRY_LAYER_1
  70
32
  10
550362.958
  20
76383.924
  30
62.592
  0
VERTEX
  8
GEOMETRY_LAYER_1
  70
32
  10
550365.341
  20
76391.284
  30
62.282
  0
VERTEX
  8
GEOMETRY_LAYER_1
  70
32
  10
550368.271
  20
76399.864
  30
62.427
  0
VERTEX
  8
GEOMETRY_LAYER_1
  70
32
  10
550369.394
  20
76406.884
  30
62.343
  0
VERTEX
  8
GEOMETRY_LAYER_1
  70
32
  10
550372.249
  20
76416.273
  30
62.473
  0
VERTEX
  8
GEOMETRY_LAYER_1
  70
32
  10
550374.556
  20
76424.653
  30
62.582
  0
VERTEX
  8
GEOMETRY_LAYER_1
  70
32
  10
550376.538
  20
76433.387
  30
62.932
  0
VERTEX
  8
GEOMETRY_LAYER_1
  70
32
  10
550376.754
  20
76440.681
  30
63.505
  0
VERTEX
  8
GEOMETRY_LAYER_1
  70
32
  10
550378.798
  20
76449.354
  30
63.974
  0
VERTEX
  8
GEOMETRY_LAYER_1
  70
32
  10
550381.943
  20
76457.082
  30
64.068
  0
VERTEX
  8
GEOMETRY_LAYER_1
  70
32
  10
550384.566
  20
76468.100
  30
64.14
  0
VERTEX
  8
GEOMETRY_LAYER_1
  70
32
  10
550383.221
  20
76473.214
  30
64.519
  0
VERTEX
  8
GEOMETRY_LAYER_1
  70
32
  10
550379.582
  20
76480.237
  30
65.366
  0
VERTEX
  8
GEOMETRY_LAYER_1
  70
32
  10
550378.821
  20
76488.709
  30
66.263
  0
VERTEX
  8
GEOMETRY_LAYER_1
  70
32
  10
550390.384
  20
76493.627
  30
67.804
  0
SEQEND
  8
GEOMETRY_LAYER_1
  0
POLYLINE
  8
GEOMETRY_LAYER_1
  70
8
  66
1
 62
3
 39
1
  0
VERTEX
  8
GEOMETRY_LAYER_1
  70
32
  10
550392.474
  20
76498.319
  30
67.804
  0
VERTEX
  8
GEOMETRY_LAYER_1
  70
32
  10
550396.131
  20
76487.661
  30
67.039
  0
VERTEX
  8
GEOMETRY_LAYER_1
  70
32
  10
550397.643
  20
76478.350
  30
65.785
  0
VERTEX
  8
GEOMETRY_LAYER_1
  70
32
  10
550397.112
  20
76469.642
  30
64.822
  0
VERTEX
  8
GEOMETRY_LAYER_1
  70
32
  10
550394.398
  20
76460.446
  30
64.233
  0
VERTEX
  8
GEOMETRY_LAYER_1
  70
32
  10
550385.939
  20
76427.644
  30
62.499
  0
VERTEX
  8
GEOMETRY_LAYER_1
  70
32
  10
550385.987
  20
76419.105
  30
62.571
  0
VERTEX
  8
GEOMETRY_LAYER_1
  70
32
  10
550383.987
  20
76410.767
  30
62.754
  0
VERTEX
  8
GEOMETRY_LAYER_1
  70
32
  10
550382.406
  20
76401.528
  30
62.711
  0
VERTEX
  8
GEOMETRY_LAYER_1
  70
32
  10
550379.990
  20
76393.500
  30
62.467
  0
VERTEX
  8
GEOMETRY_LAYER_1
  70
32
  10
550377.425
  20
76384.738
  30
62.349
  0
VERTEX
  8
GEOMETRY_LAYER_1
  70
32
  10
550374.416
  20
76376.267
  30
62.854
  0
VERTEX
  8
GEOMETRY_LAYER_1
  70
32
  10
550369.715
  20
76361.661
  30
63.358
  0
VERTEX
  8
GEOMETRY_LAYER_1
  70
32
  10
550357.968
  20
76371.786
  30
63.073
  0
VERTEX
  8
GEOMETRY_LAYER_1
  70
32
  10
550359.524
  20
76384.680
  30
62.592
  0
VERTEX
  8
GEOMETRY_LAYER_1
  70
32
  10
550362.020
  20
76392.389
  30
62.282
  0
VERTEX
  8
GEOMETRY_LAYER_1
  70
32
  10
550364.862
  20
76400.713
  30
62.427
  0
VERTEX
  8
GEOMETRY_LAYER_1
  70
32
  10
550365.976
  20
76407.673
  30
62.343
  0
VERTEX
  8
GEOMETRY_LAYER_1
  70
32
  10
550368.887
  20
76417.247
  30
62.473
  0
VERTEX
  8
GEOMETRY_LAYER_1
  70
32
  10
550371.160
  20
76425.506
  30
62.582
  0
VERTEX
  8
GEOMETRY_LAYER_1
  70
32
  10
550373.050
  20
76433.830
  30
62.932
  0
VERTEX
  8
GEOMETRY_LAYER_1
  70
32
  10
550373.266
  20
76441.139
  30
63.505
  0
VERTEX
  8
GEOMETRY_LAYER_1
  70
32
  10
550375.454
  20
76450.422
  30
63.974
  0
VERTEX
  8
GEOMETRY_LAYER_1
  70
32
  10
550378.600
  20
76458.153
  30
64.068
  0
VERTEX
  8
GEOMETRY_LAYER_1
  70
32
  10
550380.958
  20
76468.058
  30
64.14
  0
VERTEX
  8
GEOMETRY_LAYER_1
  70
32
  10
550379.935
  20
76471.948
  30
64.519
  0
VERTEX
  8
GEOMETRY_LAYER_1
  70
32
  10
550376.157
  20
76479.238
  30
65.366
  0
VERTEX
  8
GEOMETRY_LAYER_1
  70
32
  10
550375.107
  20
76490.933
  30
66.263
  0
VERTEX
  8
GEOMETRY_LAYER_1
  70
32
  10
550392.474
  20
76498.319
  30
67.804
  0
SEQEND
  8
GEOMETRY_LAYER_1
  0
POLYLINE
  8
GEOMETRY_LAYER_1
  70
8
  66
1
 62
1
 39
1
  0
VERTEX
  8
GEOMETRY_LAYER_1
  70
32
  10
550690.073
  20
76936.538
  30
24.711
  0
VERTEX
  8
GEOMETRY_LAYER_1
  70
32
  10
550701.430
  20
76965.563
  30
24.649
  0
VERTEX
  8
GEOMETRY_LAYER_1
  70
32
  10
550702.712
  20
76968.878
  30
24.588
  0
VERTEX
  8
GEOMETRY_LAYER_1
  70
32
  10
550706.024
  20
76977.863
  30
24.269
  0
VERTEX
  8
GEOMETRY_LAYER_1
  70
32
  10
550709.154
  20
76985.741
  30
24.23
  0
VERTEX
  8
GEOMETRY_LAYER_1
  70
32
  10
550701.045
  20
76985.662
  30
24.257
  0
VERTEX
  8
GEOMETRY_LAYER_1
  70
32
  10
550693.130
  20
76983.224
  30
24.653
  0
VERTEX
  8
GEOMETRY_LAYER_1
  70
32
  10
550686.063
  20
76987.567
  30
24.618
  0
VERTEX
  8
GEOMETRY_LAYER_1
  70
32
  10
550682.948
  20
76980.149
  30
24.066
  0
VERTEX
  8
GEOMETRY_LAYER_1
  70
32
  10
550681.112
  20
76972.471
  30
23.993
  0
VERTEX
  8
GEOMETRY_LAYER_1
  70
32
  10
550678.477
  20
76964.786
  30
24.142
  0
VERTEX
  8
GEOMETRY_LAYER_1
  70
32
  10
550675.761
  20
76954.971
  30
24.331
  0
VERTEX
  8
GEOMETRY_LAYER_1
  70
32
  10
550672.572
  20
76947.046
  30
24.458
  0
VERTEX
  8
GEOMETRY_LAYER_1
  70
32
  10
550670.520
  20
76938.450
  30
24.656
  0
VERTEX
  8
GEOMETRY_LAYER_1
  70
32
  10
550667.638
  20
76929.394
  30
25.19
  0
VERTEX
  8
GEOMETRY_LAYER_1
  70
32
  10
550664.868
  20
76922.900
  30
25.451
  0
VERTEX
  8
GEOMETRY_LAYER_1
  70
32
  10
550660.131
  20
76919.527
  30
25.666
  0
VERTEX
  8
GEOMETRY_LAYER_1
  70
32
  10
550656.097
  20
76909.908
  30
26.603
  0
VERTEX
  8
GEOMETRY_LAYER_1
  70
32
  10
550654.282
  20
76900.753
  30
26.902
  0
VERTEX
  8
GEOMETRY_LAYER_1
  70
32
  10
550652.789
  20
76890.008
  30
27.242
  0
VERTEX
  8
GEOMETRY_LAYER_1
  70
32
  10
550649.494
  20
76880.056
  30
27.445
  0
VERTEX
  8
GEOMETRY_LAYER_1
  70
32
  10
550647.708
  20
76871.306
  30
27.86
  0
VERTEX
  8
GEOMETRY_LAYER_1
  70
32
  10
550651.488
  20
76865.369
  30
28.16
  0
VERTEX
  8
GEOMETRY_LAYER_1
  70
32
  10
550649.968
  20
76856.182
  30
28.316
  0
VERTEX
  8
GEOMETRY_LAYER_1
  70
32
  10
550655.163
  20
76850.092
  30
29.217
  0
VERTEX
  8
GEOMETRY_LAYER_1
  70
32
  10
550663.949
  20
76852.048
  30
29.58
  0
VERTEX
  8
GEOMETRY_LAYER_1
  70
32
  10
550665.889
  20
76860.531
  30
28.903
  0
VERTEX
  8
GEOMETRY_LAYER_1
  70
32
  10
550668.287
  20
76870.152
  30
28.798
  0
VERTEX
  8
GEOMETRY_LAYER_1
  70
32
  10
550669.687
  20
76878.657
  30
28.613
  0
VERTEX
  8
GEOMETRY_LAYER_1
  70
32
  10
550670.987
  20
76891.307
  30
27.509
  0
VERTEX
  8
GEOMETRY_LAYER_1
  70
32
  10
550673.937
  20
76898.828
  30
26.775
  0
VERTEX
  8
GEOMETRY_LAYER_1
  70
32
  10
550676.911
  20
76907.700
  30
26.479
  0
VERTEX
  8
GEOMETRY_LAYER_1
  70
32
  10
550680.727
  20
76916.575
  30
25.772
  0
VERTEX
  8
GEOMETRY_LAYER_1
  70
32
  10
550684.695
  20
76929.554
  30
25.222
  0
VERTEX
  8
GEOMETRY_LAYER_1
  70
32
  10
550690.073
  20
76936.538
  30
24.711
  0
SEQEND
  8
GEOMETRY_LAYER_1
  0
POLYLINE
  8
GEOMETRY_LAYER_1
  70
8
  66
1
 62
1
 39
1
  0
VERTEX
  8
GEOMETRY_LAYER_1
  70
32
  10
550701.228
  20
76951.993
  30
24.926
  0
VERTEX
  8
GEOMETRY_LAYER_1
  70
32
  10
550703.934
  20
76960.947
  30
24.711
  0
VERTEX
  8
GEOMETRY_LAYER_1
  70
32
  10
550706.454
  20
76967.465
  30
24.588
  0
VERTEX
  8
GEOMETRY_LAYER_1
  70
32
  10
550709.760
  20
76976.432
  30
24.269
  0
VERTEX
  8
GEOMETRY_LAYER_1
  70
32
  10
550715.071
  20
76989.799
  30
24.23
  0
VERTEX
  8
GEOMETRY_LAYER_1
  70
32
  10
550700.424
  20
76989.656
  30
24.257
  0
VERTEX
  8
GEOMETRY_LAYER_1
  70
32
  10
550693.682
  20
76987.579
  30
24.653
  0
VERTEX
  8
GEOMETRY_LAYER_1
  70
32
  10
550684.181
  20
76993.419
  30
24.618
  0
VERTEX
  8
GEOMETRY_LAYER_1
  70
32
  10
550679.134
  20
76981.396
  30
24.066
  0
VERTEX
  8
GEOMETRY_LAYER_1
  70
32
  10
550677.266
  20
76973.587
  30
23.993
  0
VERTEX
  8
GEOMETRY_LAYER_1
  70
32
  10
550674.654
  20
76965.970
  30
24.142
  0
VERTEX
  8
GEOMETRY_LAYER_1
  70
32
  10
550671.966
  20
76956.255
  30
24.331
  0
VERTEX
  8
GEOMETRY_LAYER_1
  70
32
  10
550668.750
  20
76948.264
  30
24.458
  0
VERTEX
  8
GEOMETRY_LAYER_1
  70
32
  10
550666.664
  20
76939.522
  30
24.656
  0
VERTEX
  8
GEOMETRY_LAYER_1
  70
32
  10
550663.884
  20
76930.789
  30
25.19
  0
VERTEX
  8
GEOMETRY_LAYER_1
  70
32
  10
550661.631
  20
76925.506
  30
25.451
  0
VERTEX
  8
GEOMETRY_LAYER_1
  70
32
  10
550656.883
  20
76922.124
  30
25.666
  0
VERTEX
  8
GEOMETRY_LAYER_1
  70
32
  10
550652.252
  20
76911.083
  30
26.603
  0
VERTEX
  8
GEOMETRY_LAYER_1
  70
32
  10
550650.336
  20
76901.417
  30
26.902
  0
VERTEX
  8
GEOMETRY_LAYER_1
  70
32
  10
550648.877
  20
76890.919
  30
27.242
  0
VERTEX
  8
GEOMETRY_LAYER_1
  70
32
  10
550645.622
  20
76881.087
  30
27.445
  0
VERTEX
  8
GEOMETRY_LAYER_1
  70
32
  10
550643.466
  20
76870.520
  30
27.86
  0
VERTEX
  8
GEOMETRY_LAYER_1
  70
32
  10
550647.292
  20
76864.512
  30
28.16
  0
VERTEX
  8
GEOMETRY_LAYER_1
  70
32
  10
550645.718
  20
76855.000
  30
28.316
  0
VERTEX
  8
GEOMETRY_LAYER_1
  70
32
  10
550653.682
  20
76845.664
  30
29.217
  0
VERTEX
  8
GEOMETRY_LAYER_1
  70
32
  10
550667.285
  20
76848.692
  30
29.58
  0
VERTEX
  8
GEOMETRY_LAYER_1
  70
32
  10
550669.780
  20
76859.601
  30
28.903
  0
VERTEX
  8
GEOMETRY_LAYER_1
  70
32
  10
550672.208
  20
76869.343
  30
28.798
  0
VERTEX
  8
GEOMETRY_LAYER_1
  70
32
  10
550673.653
  20
76878.127
  30
28.613
  0
VERTEX
  8
GEOMETRY_LAYER_1
  70
32
  10
550674.911
  20
76890.354
  30
27.509
  0
VERTEX
  8
GEOMETRY_LAYER_1
  70
32
  10
550677.698
  20
76897.461
  30
26.775
  0
VERTEX
  8
GEOMETRY_LAYER_1
  70
32
  10
550680.651
  20
76906.271
  30
26.479
  0
VERTEX
  8
GEOMETRY_LAYER_1
  70
32
  10
550684.488
  20
76915.196
  30
25.772
  0
VERTEX
  8
GEOMETRY_LAYER_1
  70
32
  10
550688.242
  20
76927.474
  30
25.222
  0
VERTEX
  8
GEOMETRY_LAYER_1
  70
32
  10
550692.605
  20
76932.028
  30
25.15
  0
VERTEX
  8
GEOMETRY_LAYER_1
  70
32
  10
550701.228
  20
76951.993
  30
24.926
  0
SEQEND
  8
GEOMETRY_LAYER_1
  0
POLYLINE
  8
GEOMETRY_LAYER_1
  70
8
  66
1
 62
1
 39
1
  0
VERTEX
  8
GEOMETRY_LAYER_1
  70
32
  10
551357.191
  20
77584.770
  30
5.029
  0
VERTEX
  8
GEOMETRY_LAYER_1
  70
32
  10
551360.839
  20
77578.115
  30
5.839
  0
VERTEX
  8
GEOMETRY_LAYER_1
  70
32
  10
551359.042
  20
77567.969
  30
5.305
  0
VERTEX
  8
GEOMETRY_LAYER_1
  70
32
  10
551355.254
  20
77554.527
  30
5.156
  0
VERTEX
  8
GEOMETRY_LAYER_1
  70
32
  10
551348.317
  20
77558.139
  30
5.149
  0
VERTEX
  8
GEOMETRY_LAYER_1
  70
32
  10
551344.842
  20
77555.975
  30
3.752
  0
VERTEX
  8
GEOMETRY_LAYER_1
  70
32
  10
551332.771
  20
77548.034
  30
2.876
  0
VERTEX
  8
GEOMETRY_LAYER_1
  70
32
  10
551325.252
  20
77556.509
  30
5.089
  0
VERTEX
  8
GEOMETRY_LAYER_1
  70
32
  10
551318.312
  20
77556.370
  30
5.157
  0
VERTEX
  8
GEOMETRY_LAYER_1
  70
32
  10
551315.206
  20
77565.537
  30
5.266
  0
VERTEX
  8
GEOMETRY_LAYER_1
  70
32
  10
551313.563
  20
77570.937
  30
5.267
  0
VERTEX
  8
GEOMETRY_LAYER_1
  70
32
  10
551313.202
  20
77580.161
  30
5.359
  0
VERTEX
  8
GEOMETRY_LAYER_1
  70
32
  10
551313.164
  20
77589.883
  30
4.938
  0
VERTEX
  8
GEOMETRY_LAYER_1
  70
32
  10
551314.099
  20
77600.054
  30
4.828
  0
VERTEX
  8
GEOMETRY_LAYER_1
  70
32
  10
551315.946
  20
77610.065
  30
5.177
  0
VERTEX
  8
GEOMETRY_LAYER_1
  70
32
  10
551318.032
  20
77619.857
  30
5.164
  0
VERTEX
  8
GEOMETRY_LAYER_1
  70
32
  10
551323.289
  20
77635.414
  30
7.358
  0
VERTEX
  8
GEOMETRY_LAYER_1
  70
32
  10
551324.632
  20
77649.467
  30
7.903
  0
VERTEX
  8
GEOMETRY_LAYER_1
  70
32
  10
551336.524
  20
77644.463
  30
7.975
  0
VERTEX
  8
GEOMETRY_LAYER_1
  70
32
  10
551345.599
  20
77647.847
  30
7.76
  0
VERTEX
  8
GEOMETRY_LAYER_1
  70
32
  10
551351.878
  20
77642.290
  30
7.176
  0
VERTEX
  8
GEOMETRY_LAYER_1
  70
32
  10
551360.468
  20
77643.543
  30
7.367
  0
VERTEX
  8
GEOMETRY_LAYER_1
  70
32
  10
551361.045
  20
77635.542
  30
6.278
  0
VERTEX
  8
GEOMETRY_LAYER_1
  70
32
  10
551362.120
  20
77635.560
  30
6.014
  0
VERTEX
  8
GEOMETRY_LAYER_1
  70
32
  10
551371.261
  20
77631.455
  30
6.176
  0
VERTEX
  8
GEOMETRY_LAYER_1
  70
32
  10
551371.178
  20
77619.516
  30
5.956
  0
VERTEX
  8
GEOMETRY_LAYER_1
  70
32
  10
551364.973
  20
77613.770
  30
5.204
  0
VERTEX
  8
GEOMETRY_LAYER_1
  70
32
  10
551357.191
  20
77584.770
  30
5.029
  0
SEQEND
  8
GEOMETRY_LAYER_1
  0
POLYLINE
  8
GEOMETRY_LAYER_1
  70
8
  66
1
 62
1
 39
1
  0
VERTEX
  8
GEOMETRY_LAYER_1
  70
32
  10
551357.178
  20
77577.513
  30
5.839
  0
VERTEX
  8
GEOMETRY_LAYER_1
  70
32
  10
551355.626
  20
77568.751
  30
5.305
  0
VERTEX
  8
GEOMETRY_LAYER_1
  70
32
  10
551353.053
  20
77559.619
  30
5.156
  0
VERTEX
  8
GEOMETRY_LAYER_1
  70
32
  10
551348.162
  20
77562.166
  30
5.149
  0
VERTEX
  8
GEOMETRY_LAYER_1
  70
32
  10
551342.955
  20
77558.924
  30
3.752
  0
VERTEX
  8
GEOMETRY_LAYER_1
  70
32
  10
551333.378
  20
77552.623
  30
2.876
  0
VERTEX
  8
GEOMETRY_LAYER_1
  70
32
  10
551326.798
  20
77560.040
  30
5.089
  0
VERTEX
  8
GEOMETRY_LAYER_1
  70
32
  10
551320.805
  20
77559.921
  30
5.157
  0
VERTEX
  8
GEOMETRY_LAYER_1
  70
32
  10
551318.539
  20
77566.608
  30
5.266
  0
VERTEX
  8
GEOMETRY_LAYER_1
  70
32
  10
551317.043
  20
77571.525
  30
5.267
  0
VERTEX
  8
GEOMETRY_LAYER_1
  70
32
  10
551316.702
  20
77580.236
  30
5.359
  0
VERTEX
  8
GEOMETRY_LAYER_1
  70
32
  10
551316.665
  20
77589.729
  30
4.938
  0
VERTEX
  8
GEOMETRY_LAYER_1
  70
32
  10
551317.570
  20
77599.575
  30
4.828
  0
VERTEX
  8
GEOMETRY_LAYER_1
  70
32
  10
551319.379
  20
77609.383
  30
5.177
  0
VERTEX
  8
GEOMETRY_LAYER_1
  70
32
  10
551321.413
  20
77618.929
  30
5.164
  0
VERTEX
  8
GEOMETRY_LAYER_1
  70
32
  10
551326.734
  20
77634.678
  30
7.358
  0
VERTEX
  8
GEOMETRY_LAYER_1
  70
32
  10
551327.663
  20
77644.394
  30
7.903
  0
VERTEX
  8
GEOMETRY_LAYER_1
  70
32
  10
551336.446
  20
77640.699
  30
7.975
  0
VERTEX
  8
GEOMETRY_LAYER_1
  70
32
  10
551344.853
  20
77643.834
  30
7.76
  0
VERTEX
  8
GEOMETRY_LAYER_1
  70
32
  10
551350.775
  20
77638.592
  30
7.176
  0
VERTEX
  8
GEOMETRY_LAYER_1
  70
32
  10
551357.248
  20
77639.536
  30
7.367
  0
VERTEX
  8
GEOMETRY_LAYER_1
  70
32
  10
551357.793
  20
77631.986
  30
6.278
  0
VERTEX
  8
GEOMETRY_LAYER_1
  70
32
  10
551361.399
  20
77632.048
  30
6.014
  0
VERTEX
  8
GEOMETRY_LAYER_1
  70
32
  10
551367.745
  20
77629.197
  30
6.176
  0
VERTEX
  8
GEOMETRY_LAYER_1
  70
32
  10
551367.717
  20
77625.126
  30
6.066
  0
VERTEX
  8
GEOMETRY_LAYER_1
  70
32
  10
551367.689
  20
77621.055
  30
5.956
  0
VERTEX
  8
GEOMETRY_LAYER_1
  70
32
  10
551362.390
  20
77614.440
  30
5.898
  0
VERTEX
  8
GEOMETRY_LAYER_1
  70
32
  10
551354.067
  20
77584.561
  30
5.868
  0
VERTEX
  8
GEOMETRY_LAYER_1
  70
32
  10
551357.178
  20
77577.513
  30
5.839
  0
SEQEND
  8
GEOMETRY_LAYER_1
  0
POLYLINE
  8
GEOMETRY_LAYER_1
  70
8
  66
1
 62
3
 39
1
  0
VERTEX
  8
GEOMETRY_LAYER_1
  70
32
  10
551801.916
  20
77482.398
  30
-11.321
  0
VERTEX
  8
GEOMETRY_LAYER_1
  70
32
  10
551796.596
  20
77497.507
  30
-11.322
  0
VERTEX
  8
GEOMETRY_LAYER_1
  70
32
  10
551792.371
  20
77508.961
  30
-11.268
  0
VERTEX
  8
GEOMETRY_LAYER_1
  70
32
  10
551790.610
  20
77518.557
  30
-11.026
  0
VERTEX
  8
GEOMETRY_LAYER_1
  70
32
  10
551782.685
  20
77517.945
  30
-11.075
  0
VERTEX
  8
GEOMETRY_LAYER_1
  70
32
  10
551773.664
  20
77517.906
  30
-11.221
  0
VERTEX
  8
GEOMETRY_LAYER_1
  70
32
  10
551774.461
  20
77503.705
  30
-11.74
  0
VERTEX
  8
GEOMETRY_LAYER_1
  70
32
  10
551775.091
  20
77494.622
  30
-11.849
  0
VERTEX
  8
GEOMETRY_LAYER_1
  70
32
  10
551776.347
  20
77487.272
  30
-11.889
  0
VERTEX
  8
GEOMETRY_LAYER_1
  70
32
  10
551779.332
  20
77477.033
  30
-11.645
  0
VERTEX
  8
GEOMETRY_LAYER_1
  70
32
  10
551781.646
  20
77468.972
  30
-11.559
  0
VERTEX
  8
GEOMETRY_LAYER_1
  70
32
  10
551784.198
  20
77454.723
  30
-11.007
  0
VERTEX
  8
GEOMETRY_LAYER_1
  70
32
  10
551786.728
  20
77440.599
  30
-10.456
  0
VERTEX
  8
GEOMETRY_LAYER_1
  70
32
  10
551789.258
  20
77426.477
  30
-9.904
  0
VERTEX
  8
GEOMETRY_LAYER_1
  70
32
  10
551791.788
  20
77412.354
  30
-9.352
  0
VERTEX
  8
GEOMETRY_LAYER_1
  70
32
  10
551794.282
  20
77398.438
  30
-8.801
  0
VERTEX
  8
GEOMETRY_LAYER_1
  70
32
  10
551798.005
  20
77388.047
  30
-9.396
  0
VERTEX
  8
GEOMETRY_LAYER_1
  70
32
  10
551799.272
  20
77377.454
  30
-9.621
  0
VERTEX
  8
GEOMETRY_LAYER_1
  70
32
  10
551802.771
  20
77366.025
  30
-9.84
  0
VERTEX
  8
GEOMETRY_LAYER_1
  70
32
  10
551805.668
  20
77359.923
  30
-9.994
  0
VERTEX
  8
GEOMETRY_LAYER_1
  70
32
  10
551807.643
  20
77351.177
  30
-9.879
  0
VERTEX
  8
GEOMETRY_LAYER_1
  70
32
  10
551809.663
  20
77340.236
  30
-9.739
  0
VERTEX
  8
GEOMETRY_LAYER_1
  70
32
  10
551811.118
  20
77331.374
  30
-11.893
  0
VERTEX
  8
GEOMETRY_LAYER_1
  70
32
  10
551814.132
  20
77324.650
  30
-11.894
  0
VERTEX
  8
GEOMETRY_LAYER_1
  70
32
  10
551818.103
  20
77314.662
  30
-12.178
  0
VERTEX
  8
GEOMETRY_LAYER_1
  70
32
  10
551820.209
  20
77310.400
  30
-12.113
  0
VERTEX
  8
GEOMETRY_LAYER_1
  70
32
  10
551830.431
  20
77300.907
  30
-11.124
  0
VERTEX
  8
GEOMETRY_LAYER_1
  70
32
  10
551841.639
  20
77295.700
  30
-11.636
  0
VERTEX
  8
GEOMETRY_LAYER_1
  70
32
  10
551847.589
  20
77299.842
  30
-11.972
  0
VERTEX
  8
GEOMETRY_LAYER_1
  70
32
  10
551848.040
  20
77308.269
  30
-12.02
  0
VERTEX
  8
GEOMETRY_LAYER_1
  70
32
  10
551845.566
  20
77319.436
  30
-11.979
  0
VERTEX
  8
GEOMETRY_LAYER_1
  70
32
  10
551843.866
  20
77328.580
  30
-11.961
  0
VERTEX
  8
GEOMETRY_LAYER_1
  70
32
  10
551841.955
  20
77338.354
  30
-11.77
  0
VERTEX
  8
GEOMETRY_LAYER_1
  70
32
  10
551839.271
  20
77347.988
  30
-11.918
  0
VERTEX
  8
GEOMETRY_LAYER_1
  70
32
  10
551836.412
  20
77358.032
  30
-11.175
  0
VERTEX
  8
GEOMETRY_LAYER_1
  70
32
  10
551833.334
  20
77366.855
  30
-10.852
  0
VERTEX
  8
GEOMETRY_LAYER_1
  70
32
  10
551831.603
  20
77375.621
  30
-10.858
  0
VERTEX
  8
GEOMETRY_LAYER_1
  70
32
  10
551829.337
  20
77386.306
  30
-10.946
  0
VERTEX
  8
GEOMETRY_LAYER_1
  70
32
  10
551826.824
  20
77396.471
  30
-10.838
  0
VERTEX
  8
GEOMETRY_LAYER_1
  70
32
  10
551824.674
  20
77403.018
  30
-11.152
  0
VERTEX
  8
GEOMETRY_LAYER_1
  70
32
  10
551822.067
  20
77412.611
  30
-11.52
  0
VERTEX
  8
GEOMETRY_LAYER_1
  70
32
  10
551817.956
  20
77431.729
  30
-11.389
  0
VERTEX
  8
GEOMETRY_LAYER_1
  70
32
  10
551801.916
  20
77482.398
  30
-11.321
  0
SEQEND
  8
GEOMETRY_LAYER_1
  0
POLYLINE
  8
GEOMETRY_LAYER_1
  70
8
  66
1
 62
3
 39
1
  0
VERTEX
  8
GEOMETRY_LAYER_1
  70
32
  10
551810.546
  20
77468.426
  30
-11.32
  0
VERTEX
  8
GEOMETRY_LAYER_1
  70
32
  10
551805.217
  20
77483.560
  30
-11.321
  0
VERTEX
  8
GEOMETRY_LAYER_1
  70
32
  10
551799.889
  20
77498.693
  30
-11.322
  0
VERTEX
  8
GEOMETRY_LAYER_1
  70
32
  10
551795.759
  20
77509.889
  30
-11.268
  0
VERTEX
  8
GEOMETRY_LAYER_1
  70
32
  10
551793.483
  20
77522.290
  30
-11.026
  0
VERTEX
  8
GEOMETRY_LAYER_1
  70
32
  10
551782.542
  20
77521.444
  30
-11.075
  0
VERTEX
  8
GEOMETRY_LAYER_1
  70
32
  10
551769.963
  20
77521.390
  30
-11.221
  0
VERTEX
  8
GEOMETRY_LAYER_1
  70
32
  10
551770.968
  20
77503.486
  30
-11.74
  0
VERTEX
  8
GEOMETRY_LAYER_1
  70
32
  10
551771.612
  20
77494.205
  30
-11.849
  0
VERTEX
  8
GEOMETRY_LAYER_1
  70
32
  10
551772.930
  20
77486.485
  30
-11.889
  0
VERTEX
  8
GEOMETRY_LAYER_1
  70
32
  10
551775.970
  20
77476.060
  30
-11.645
  0
VERTEX
  8
GEOMETRY_LAYER_1
  70
32
  10
551778.232
  20
77468.178
  30
-11.559
  0
VERTEX
  8
GEOMETRY_LAYER_1
  70
32
  10
551780.753
  20
77454.105
  30
-11.007
  0
VERTEX
  8
GEOMETRY_LAYER_1
  70
32
  10
551783.283
  20
77439.982
  30
-10.456
  0
VERTEX
  8
GEOMETRY_LAYER_1
  70
32
  10
551785.813
  20
77425.860
  30
-9.904
  0
VERTEX
  8
GEOMETRY_LAYER_1
  70
32
  10
551788.343
  20
77411.737
  30
-9.352
  0
VERTEX
  8
GEOMETRY_LAYER_1
  70
32
  10
551790.888
  20
77397.533
  30
-8.801
  0
VERTEX
  8
GEOMETRY_LAYER_1
  70
32
  10
551794.577
  20
77387.238
  30
-9.396
  0
VERTEX
  8
GEOMETRY_LAYER_1
  70
32
  10
551795.834
  20
77376.728
  30
-9.621
  0
VERTEX
  8
GEOMETRY_LAYER_1
  70
32
  10
551799.500
  20
77364.756
  30
-9.84
  0
VERTEX
  8
GEOMETRY_LAYER_1
  70
32
  10
551802.340
  20
77358.773
  30
-9.994
  0
VERTEX
  8
GEOMETRY_LAYER_1
  70
32
  10
551804.213
  20
77350.474
  30
-9.879
  0
VERTEX
  8
GEOMETRY_LAYER_1
  70
32
  10
551806.215
  20
77339.635
  30
-9.739
  0
VERTEX
  8
GEOMETRY_LAYER_1
  70
32
  10
551807.738
  20
77330.357
  30
-11.893
  0
VERTEX
  8
GEOMETRY_LAYER_1
  70
32
  10
551810.907
  20
77323.287
  30
-11.894
  0
VERTEX
  8
GEOMETRY_LAYER_1
  70
32
  10
551814.903
  20
77313.238
  30
-12.178
  0
VERTEX
  8
GEOMETRY_LAYER_1
  70
32
  10
551817.356
  20
77308.273
  30
-12.113
  0
VERTEX
  8
GEOMETRY_LAYER_1
  70
32
  10
551828.455
  20
77297.966
  30
-11.124
  0
VERTEX
  8
GEOMETRY_LAYER_1
  70
32
  10
551841.988
  20
77291.679
  30
-11.636
  0
VERTEX
  8
GEOMETRY_LAYER_1
  70
32
  10
551850.992
  20
77297.946
  30
-11.972
  0
VERTEX
  8
GEOMETRY_LAYER_1
  70
32
  10
551851.560
  20
77308.559
  30
-12.02
  0
VERTEX
  8
GEOMETRY_LAYER_1
  70
32
  10
551848.996
  20
77320.135
  30
-11.979
  0
VERTEX
  8
GEOMETRY_LAYER_1
  70
32
  10
551847.304
  20
77329.235
  30
-11.961
  0
VERTEX
  8
GEOMETRY_LAYER_1
  70
32
  10
551845.363
  20
77339.161
  30
-11.77
  0
VERTEX
  8
GEOMETRY_LAYER_1
  70
32
  10
551842.640
  20
77348.936
  30
-11.918
  0
VERTEX
  8
GEOMETRY_LAYER_1
  70
32
  10
551839.750
  20
77359.089
  30
-11.175
  0
VERTEX
  8
GEOMETRY_LAYER_1
  70
32
  10
551836.720
  20
77367.775
  30
-10.852
  0
VERTEX
  8
GEOMETRY_LAYER_1
  70
32
  10
551835.032
  20
77376.323
  30
-10.858
  0
VERTEX
  8
GEOMETRY_LAYER_1
  70
32
  10
551832.749
  20
77387.089
  30
-10.946
  0
VERTEX
  8
GEOMETRY_LAYER_1
  70
32
  10
551830.191
  20
77397.438
  30
-10.838
  0
VERTEX
  8
GEOMETRY_LAYER_1
  70
32
  10
551828.028
  20
77404.024
  30
-11.152
  0
VERTEX
  8
GEOMETRY_LAYER_1
  70
32
  10
551825.469
  20
77413.438
  30
-11.52
  0
VERTEX
  8
GEOMETRY_LAYER_1
  70
32
  10
551821.351
  20
77432.591
  30
-11.389
  0
VERTEX
  8
GEOMETRY_LAYER_1
  70
32
  10
551817.267
  20
77446.533
  30
-12.985
  0
VERTEX
  8
GEOMETRY_LAYER_1
  70
32
  10
551810.546
  20
77468.426
  30
-11.32
  0
SEQEND
  8
GEOMETRY_LAYER_1
  0
POLYLINE
  8
GEOMETRY_LAYER_1
  70
8
  66
1
 62
5
 39
1
  0
VERTEX
  8
GEOMETRY_LAYER_1
  70
32
  10
552369.298
  20
78310.421
  30
-15.985
  0
VERTEX
  8
GEOMETRY_LAYER_1
  70
32
  10
552362.038
  20
78318.631
  30
-15.713
  0
VERTEX
  8
GEOMETRY_LAYER_1
  70
32
  10
552350.933
  20
78318.392
  30
-16.481
  0
VERTEX
  8
GEOMETRY_LAYER_1
  70
32
  10
552343.207
  20
78322.183
  30
-16.116
  0
VERTEX
  8
GEOMETRY_LAYER_1
  70
32
  10
552333.691
  20
78320.828
  30
-17.069
  0
VERTEX
  8
GEOMETRY_LAYER_1
  70
32
  10
552328.112
  20
78325.557
  30
-16.965
  0
VERTEX
  8
GEOMETRY_LAYER_1
  70
32
  10
552317.996
  20
78328.353
  30
-17.462
  0
VERTEX
  8
GEOMETRY_LAYER_1
  70
32
  10
552304.486
  20
78324.884
  30
-17.539
  0
VERTEX
  8
GEOMETRY_LAYER_1
  70
32
  10
552312.246
  20
78314.635
  30
-17.671
  0
VERTEX
  8
GEOMETRY_LAYER_1
  70
32
  10
552319.652
  20
78309.637
  30
-18.119
  0
VERTEX
  8
GEOMETRY_LAYER_1
  70
32
  10
552330.518
  20
78305.668
  30
-17.948
  0
VERTEX
  8
GEOMETRY_LAYER_1
  70
32
  10
552334.312
  20
78301.714
  30
-17.837
  0
VERTEX
  8
GEOMETRY_LAYER_1
  70
32
  10
552332.490
  20
78290.319
  30
-18.272
  0
VERTEX
  8
GEOMETRY_LAYER_1
  70
32
  10
552339.079
  20
78281.082
  30
-17.762
  0
VERTEX
  8
GEOMETRY_LAYER_1
  70
32
  10
552339.309
  20
78275.708
  30
-16.698
  0
VERTEX
  8
GEOMETRY_LAYER_1
  70
32
  10
552336.863
  20
78268.328
  30
-16.03
  0
VERTEX
  8
GEOMETRY_LAYER_1
  70
32
  10
552327.672
  20
78261.487
  30
-16.2
  0
VERTEX
  8
GEOMETRY_LAYER_1
  70
32
  10
552335.138
  20
78250.260
  30
-16.003
  0
VERTEX
  8
GEOMETRY_LAYER_1
  70
32
  10
552348.207
  20
78254.665
  30
-15.502
  0
VERTEX
  8
GEOMETRY_LAYER_1
  70
32
  10
552359.572
  20
78259.240
  30
-15.119
  0
VERTEX
  8
GEOMETRY_LAYER_1
  70
32
  10
552362.586
  20
78268.163
  30
-15.567
  0
VERTEX
  8
GEOMETRY_LAYER_1
  70
32
  10
552365.252
  20
78278.654
  30
-16.576
  0
VERTEX
  8
GEOMETRY_LAYER_1
  70
32
  10
552366.016
  20
78289.177
  30
-17.106
  0
VERTEX
  8
GEOMETRY_LAYER_1
  70
32
  10
552370.129
  20
78297.751
  30
-16.468
  0
VERTEX
  8
GEOMETRY_LAYER_1
  70
32
  10
552369.298
  20
78310.421
  30
-15.985
  0
SEQEND
  8
GEOMETRY_LAYER_1
  0
POLYLINE
  8
GEOMETRY_LAYER_1
  70
8
  66
1
 62
5
 39
1
  0
VERTEX
  8
GEOMETRY_LAYER_1
  70
32
  10
552366.452
  20
78307.903
  30
-15.985
  0
VERTEX
  8
GEOMETRY_LAYER_1
  70
32
  10
552360.358
  20
78314.794
  30
-15.713
  0
VERTEX
  8
GEOMETRY_LAYER_1
  70
32
  10
552350.090
  20
78314.573
  30
-16.481
  0
VERTEX
  8
GEOMETRY_LAYER_1
  70
32
  10
552342.584
  20
78318.257
  30
-16.116
  0
VERTEX
  8
GEOMETRY_LAYER_1
  70
32
  10
552332.537
  20
78316.825
  30
-17.069
  0
VERTEX
  8
GEOMETRY_LAYER_1
  70
32
  10
552326.293
  20
78322.118
  30
-16.965
  0
VERTEX
  8
GEOMETRY_LAYER_1
  70
32
  10
552317.960
  20
78324.421
  30
-17.462
  0
VERTEX
  8
GEOMETRY_LAYER_1
  70
32
  10
552310.963
  20
78322.624
  30
-17.539
  0
VERTEX
  8
GEOMETRY_LAYER_1
  70
32
  10
552314.895
  20
78317.431
  30
-17.671
  0
VERTEX
  8
GEOMETRY_LAYER_1
  70
32
  10
552321.393
  20
78313.048
  30
-18.119
  0
VERTEX
  8
GEOMETRY_LAYER_1
  70
32
  10
552332.650
  20
78308.934
  30
-17.948
  0
VERTEX
  8
GEOMETRY_LAYER_1
  70
32
  10
552338.362
  20
78302.980
  30
-17.837
  0
VERTEX
  8
GEOMETRY_LAYER_1
  70
32
  10
552336.488
  20
78291.258
  30
-18.272
  0
VERTEX
  8
GEOMETRY_LAYER_1
  70
32
  10
552342.827
  20
78282.371
  30
-17.762
  0
VERTEX
  8
GEOMETRY_LAYER_1
  70
32
  10
552343.136
  20
78275.174
  30
-16.698
  0
VERTEX
  8
GEOMETRY_LAYER_1
  70
32
  10
552340.093
  20
78265.995
  30
-16.03
  0
VERTEX
  8
GEOMETRY_LAYER_1
  70
32
  10
552332.832
  20
78260.591
  30
-16.2
  0
VERTEX
  8
GEOMETRY_LAYER_1
  70
32
  10
552336.688
  20
78254.793
  30
-16.003
  0
VERTEX
  8
GEOMETRY_LAYER_1
  70
32
  10
552346.889
  20
78258.231
  30
-15.502
  0
VERTEX
  8
GEOMETRY_LAYER_1
  70
32
  10
552356.532
  20
78262.112
  30
-15.119
  0
VERTEX
  8
GEOMETRY_LAYER_1
  70
32
  10
552358.939
  20
78269.240
  30
-15.567
  0
VERTEX
  8
GEOMETRY_LAYER_1
  70
32
  10
552361.486
  20
78279.264
  30
-16.576
  0
VERTEX
  8
GEOMETRY_LAYER_1
  70
32
  10
552362.278
  20
78290.172
  30
-17.106
  0
VERTEX
  8
GEOMETRY_LAYER_1
  70
32
  10
552366.703
  20
78299.394
  30
-16.468
  0
VERTEX
  8
GEOMETRY_LAYER_1
  70
32
  10
552366.452
  20
78307.903
  30
-15.985
  0
SEQEND
  8
GEOMETRY_LAYER_1
  0
POLYLINE
  8
GEOMETRY_LAYER_1
  70
8
  66
1
 62
3
 39
1
  0
VERTEX
  8
GEOMETRY_LAYER_1
  70
32
  10
551491.367
  20
78817.142
  30
52.374
  0
VERTEX
  8
GEOMETRY_LAYER_1
  70
32
  10
551491.112
  20
78827.072
  30
52.768
  0
VERTEX
  8
GEOMETRY_LAYER_1
  70
32
  10
551491.585
  20
78835.777
  30
52.602
  0
VERTEX
  8
GEOMETRY_LAYER_1
  70
32
  10
551491.392
  20
78845.982
  30
52.744
  0
VERTEX
  8
GEOMETRY_LAYER_1
  70
32
  10
551491.674
  20
78855.797
  30
52.601
  0
VERTEX
  8
GEOMETRY_LAYER_1
  70
32
  10
551490.461
  20
78865.129
  30
53.279
  0
VERTEX
  8
GEOMETRY_LAYER_1
  70
32
  10
551491.696
  20
78877.372
  30
52.653
  0
VERTEX
  8
GEOMETRY_LAYER_1
  70
32
  10
551473.990
  20
78880.836
  30
52.605
  0
VERTEX
  8
GEOMETRY_LAYER_1
  70
32
  10
551464.041
  20
78876.921
  30
52.929
  0
VERTEX
  8
GEOMETRY_LAYER_1
  70
32
  10
551452.900
  20
78860.824
  30
52.838
  0
VERTEX
  8
GEOMETRY_LAYER_1
  70
32
  10
551452.469
  20
78848.118
  30
52.862
  0
VERTEX
  8
GEOMETRY_LAYER_1
  70
32
  10
551454.200
  20
78838.353
  30
52.658
  0
VERTEX
  8
GEOMETRY_LAYER_1
  70
32
  10
551455.912
  20
78828.851
  30
52.784
  0
VERTEX
  8
GEOMETRY_LAYER_1
  70
32
  10
551456.479
  20
78816.642
  30
52.657
  0
VERTEX
  8
GEOMETRY_LAYER_1
  70
32
  10
551454.309
  20
78798.253
  30
52.583
  0
VERTEX
  8
GEOMETRY_LAYER_1
  70
32
  10
551453.994
  20
78790.270
  30
52.716
  0
VERTEX
  8
GEOMETRY_LAYER_1
  70
32
  10
551454.214
  20
78778.212
  30
52.303
  0
VERTEX
  8
GEOMETRY_LAYER_1
  70
32
  10
551453.896
  20
78769.459
  30
52.458
  0
VERTEX
  8
GEOMETRY_LAYER_1
  70
32
  10
551453.194
  20
78759.477
  30
52.578
  0
VERTEX
  8
GEOMETRY_LAYER_1
  70
32
  10
551447.753
  20
78745.257
  30
53.217
  0
VERTEX
  8
GEOMETRY_LAYER_1
  70
32
  10
551445.533
  20
78734.101
  30
54.233
  0
VERTEX
  8
GEOMETRY_LAYER_1
  70
32
  10
551453.454
  20
78726.566
  30
54.658
  0
VERTEX
  8
GEOMETRY_LAYER_1
  70
32
  10
551462.812
  20
78717.740
  30
55.032
  0
VERTEX
  8
GEOMETRY_LAYER_1
  70
32
  10
551473.219
  20
78715.096
  30
55.374
  0
VERTEX
  8
GEOMETRY_LAYER_1
  70
32
  10
551479.211
  20
78717.092
  30
55.26
  0
VERTEX
  8
GEOMETRY_LAYER_1
  70
32
  10
551483.475
  20
78726.544
  30
54.047
  0
VERTEX
  8
GEOMETRY_LAYER_1
  70
32
  10
551486.454
  20
78740.424
  30
53.06
  0
VERTEX
  8
GEOMETRY_LAYER_1
  70
32
  10
551485.936
  20
78753.607
  30
52.799
  0
VERTEX
  8
GEOMETRY_LAYER_1
  70
32
  10
551486.357
  20
78760.006
  30
52.214
  0
VERTEX
  8
GEOMETRY_LAYER_1
  70
32
  10
551487.048
  20
78770.935
  30
51.824
  0
VERTEX
  8
GEOMETRY_LAYER_1
  70
32
  10
551489.913
  20
78786.380
  30
51.856
  0
VERTEX
  8
GEOMETRY_LAYER_1
  70
32
  10
551490.609
  20
78796.134
  30
51.764
  0
VERTEX
  8
GEOMETRY_LAYER_1
  70
32
  10
551490.860
  20
78806.832
  30
52.034
  0
VERTEX
  8
GEOMETRY_LAYER_1
  70
32
  10
551491.367
  20
78817.142
  30
52.374
  0
SEQEND
  8
GEOMETRY_LAYER_1
  0
POLYLINE
  8
GEOMETRY_LAYER_1
  70
8
  66
1
 62
3
 39
1
  0
VERTEX
  8
GEOMETRY_LAYER_1
  70
32
  10
551487.109
  20
78827.129
  30
52.768
  0
VERTEX
  8
GEOMETRY_LAYER_1
  70
32
  10
551487.583
  20
78835.847
  30
52.602
  0
VERTEX
  8
GEOMETRY_LAYER_1
  70
32
  10
551487.391
  20
78846.002
  30
52.744
  0
VERTEX
  8
GEOMETRY_LAYER_1
  70
32
  10
551487.667
  20
78855.595
  30
52.601
  0
VERTEX
  8
GEOMETRY_LAYER_1
  70
32
  10
551486.435
  20
78865.070
  30
53.279
  0
VERTEX
  8
GEOMETRY_LAYER_1
  70
32
  10
551487.351
  20
78874.146
  30
52.653
  0
VERTEX
  8
GEOMETRY_LAYER_1
  70
32
  10
551474.368
  20
78876.685
  30
52.605
  0
VERTEX
  8
GEOMETRY_LAYER_1
  70
32
  10
551466.638
  20
78873.645
  30
52.929
  0
VERTEX
  8
GEOMETRY_LAYER_1
  70
32
  10
551456.858
  20
78859.514
  30
52.838
  0
VERTEX
  8
GEOMETRY_LAYER_1
  70
32
  10
551456.481
  20
78848.403
  30
52.862
  0
VERTEX
  8
GEOMETRY_LAYER_1
  70
32
  10
551458.137
  20
78839.057
  30
52.658
  0
VERTEX
  8
GEOMETRY_LAYER_1
  70
32
  10
551459.896
  20
78829.301
  30
52.784
  0
VERTEX
  8
GEOMETRY_LAYER_1
  70
32
  10
551460.489
  20
78816.500
  30
52.657
  0
VERTEX
  8
GEOMETRY_LAYER_1
  70
32
  10
551458.300
  20
78797.939
  30
52.583
  0
VERTEX
  8
GEOMETRY_LAYER_1
  70
32
  10
551457.995
  20
78790.227
  30
52.716
  0
VERTEX
  8
GEOMETRY_LAYER_1
  70
32
  10
551458.216
  20
78778.175
  30
52.303
  0
VERTEX
  8
GEOMETRY_LAYER_1
  70
32
  10
551457.890
  20
78769.246
  30
52.458
  0
VERTEX
  8
GEOMETRY_LAYER_1
  70
32
  10
551457.142
  20
78758.603
  30
52.578
  0
VERTEX
  8
GEOMETRY_LAYER_1
  70
32
  10
551451.610
  20
78744.144
  30
53.217
  0
VERTEX
  8
GEOMETRY_LAYER_1
  70
32
  10
551449.886
  20
78735.481
  30
54.233
  0
VERTEX
  8
GEOMETRY_LAYER_1
  70
32
  10
551456.205
  20
78729.470
  30
54.658
  0
VERTEX
  8
GEOMETRY_LAYER_1
  70
32
  10
551464.802
  20
78721.361
  30
55.032
  0
VERTEX
  8
GEOMETRY_LAYER_1
  70
32
  10
551473.067
  20
78719.262
  30
55.374
  0
VERTEX
  8
GEOMETRY_LAYER_1
  70
32
  10
551476.286
  20
78720.334
  30
55.26
  0
VERTEX
  8
GEOMETRY_LAYER_1
  70
32
  10
551479.654
  20
78727.799
  30
54.047
  0
VERTEX
  8
GEOMETRY_LAYER_1
  70
32
  10
551482.438
  20
78740.771
  30
53.06
  0
VERTEX
  8
GEOMETRY_LAYER_1
  70
32
  10
551481.931
  20
78753.660
  30
52.799
  0
VERTEX
  8
GEOMETRY_LAYER_1
  70
32
  10
551482.365
  20
78760.264
  30
52.214
  0
VERTEX
  8
GEOMETRY_LAYER_1
  70
32
  10
551483.071
  20
78771.427
  30
51.824
  0
VERTEX
  8
GEOMETRY_LAYER_1
  70
32
  10
551485.939
  20
78786.889
  30
51.856
  0
VERTEX
  8
GEOMETRY_LAYER_1
  70
32
  10
551486.612
  20
78796.324
  30
51.764
  0
VERTEX
  8
GEOMETRY_LAYER_1
  70
32
  10
551486.863
  20
78806.977
  30
52.034
  0
VERTEX
  8
GEOMETRY_LAYER_1
  70
32
  10
551487.109
  20
78827.129
  30
52.768
  0
SEQEND
  8
GEOMETRY_LAYER_1
  0
POLYLINE
  8
GEOMETRY_LAYER_1
  70
8
  66
1
 62
1
 39
1
  0
VERTEX
  8
GEOMETRY_LAYER_1
  70
32
  10
552024.423
  20
79274.790
  30
-36.029
  0
VERTEX
  8
GEOMETRY_LAYER_1
  70
32
  10
552026.470
  20
79264.034
  30
-36.44
  0
VERTEX
  8
GEOMETRY_LAYER_1
  70
32
  10
552022.999
  20
79256.689
  30
-36.735
  0
VERTEX
  8
GEOMETRY_LAYER_1
  70
32
  10
552008.204
  20
79253.061
  30
-35.992
  0
VERTEX
  8
GEOMETRY_LAYER_1
  70
32
  10
552002.479
  20
79251.841
  30
-35.892
  0
VERTEX
  8
GEOMETRY_LAYER_1
  70
32
  10
551989.740
  20
79254.345
  30
-36.434
  0
VERTEX
  8
GEOMETRY_LAYER_1
  70
32
  10
551971.193
  20
79262.092
  30
-36.231
  0
VERTEX
  8
GEOMETRY_LAYER_1
  70
32
  10
551961.812
  20
79266.691
  30
-36.056
  0
VERTEX
  8
GEOMETRY_LAYER_1
  70
32
  10
551961.775
  20
79277.023
  30
-35.858
  0
VERTEX
  8
GEOMETRY_LAYER_1
  70
32
  10
551969.162
  20
79306.252
  30
-35.115
  0
VERTEX
  8
GEOMETRY_LAYER_1
  70
32
  10
551973.120
  20
79307.897
  30
-34.372
  0
VERTEX
  8
GEOMETRY_LAYER_1
  70
32
  10
551967.400
  20
79319.112
  30
-33.384
  0
VERTEX
  8
GEOMETRY_LAYER_1
  70
32
  10
551957.257
  20
79344.130
  30
-32.889
  0
VERTEX
  8
GEOMETRY_LAYER_1
  70
32
  10
551956.611
  20
79353.884
  30
-33.165
  0
VERTEX
  8
GEOMETRY_LAYER_1
  70
32
  10
551967.442
  20
79378.867
  30
-35.189
  0
VERTEX
  8
GEOMETRY_LAYER_1
  70
32
  10
551974.849
  20
79385.823
  30
-35.518
  0
VERTEX
  8
GEOMETRY_LAYER_1
  70
32
  10
551984.795
  20
79389.082
  30
-35.335
  0
VERTEX
  8
GEOMETRY_LAYER_1
  70
32
  10
551994.628
  20
79384.168
  30
-35.218
  0
VERTEX
  8
GEOMETRY_LAYER_1
  70
32
  10
551998.263
  20
79377.025
  30
-35.002
  0
VERTEX
  8
GEOMETRY_LAYER_1
  70
32
  10
552001.143
  20
79366.185
  30
-34.1
  0
VERTEX
  8
GEOMETRY_LAYER_1
  70
32
  10
552002.792
  20
79357.411
  30
-33.24
  0
VERTEX
  8
GEOMETRY_LAYER_1
  70
32
  10
552005.817
  20
79347.632
  30
-33.121
  0
VERTEX
  8
GEOMETRY_LAYER_1
  70
32
  10
552008.112
  20
79338.447
  30
-33.254
  0
VERTEX
  8
GEOMETRY_LAYER_1
  70
32
  10
552009.841
  20
79330.003
  30
-33.956
  0
VERTEX
  8
GEOMETRY_LAYER_1
  70
32
  10
552014.457
  20
79314.637
  30
-32.078
  0
VERTEX
  8
GEOMETRY_LAYER_1
  70
32
  10
552024.423
  20
79274.790
  30
-36.029
  0
SEQEND
  8
GEOMETRY_LAYER_1
  0
POLYLINE
  8
GEOMETRY_LAYER_1
  70
8
  66
1
 62
1
 39
1
  0
VERTEX
  8
GEOMETRY_LAYER_1
  70
32
  10
552018.264
  20
79283.270
  30
-36.096
  0
VERTEX
  8
GEOMETRY_LAYER_1
  70
32
  10
552020.715
  20
79273.950
  30
-36.029
  0
VERTEX
  8
GEOMETRY_LAYER_1
  70
32
  10
552022.506
  20
79264.539
  30
-36.44
  0
VERTEX
  8
GEOMETRY_LAYER_1
  70
32
  10
552020.336
  20
79259.949
  30
-36.735
  0
VERTEX
  8
GEOMETRY_LAYER_1
  70
32
  10
552007.356
  20
79256.766
  30
-35.992
  0
VERTEX
  8
GEOMETRY_LAYER_1
  70
32
  10
552002.449
  20
79255.720
  30
-35.892
  0
VERTEX
  8
GEOMETRY_LAYER_1
  70
32
  10
551990.850
  20
79258.000
  30
-36.434
  0
VERTEX
  8
GEOMETRY_LAYER_1
  70
32
  10
551972.763
  20
79265.555
  30
-36.231
  0
VERTEX
  8
GEOMETRY_LAYER_1
  70
32
  10
551965.604
  20
79269.064
  30
-36.056
  0
VERTEX
  8
GEOMETRY_LAYER_1
  70
32
  10
551965.577
  20
79276.557
  30
-35.858
  0
VERTEX
  8
GEOMETRY_LAYER_1
  70
32
  10
551972.380
  20
79303.474
  30
-35.115
  0
VERTEX
  8
GEOMETRY_LAYER_1
  70
32
  10
551978.371
  20
79305.965
  30
-34.372
  0
VERTEX
  8
GEOMETRY_LAYER_1
  70
32
  10
551970.860
  20
79320.692
  30
-33.384
  0
VERTEX
  8
GEOMETRY_LAYER_1
  70
32
  10
551961.008
  20
79344.992
  30
-32.889
  0
VERTEX
  8
GEOMETRY_LAYER_1
  70
32
  10
551960.463
  20
79353.217
  30
-33.165
  0
VERTEX
  8
GEOMETRY_LAYER_1
  70
32
  10
551970.616
  20
79376.634
  30
-35.189
  0
VERTEX
  8
GEOMETRY_LAYER_1
  70
32
  10
551976.835
  20
79382.475
  30
-35.518
  0
VERTEX
  8
GEOMETRY_LAYER_1
  70
32
  10
551984.494
  20
79384.984
  30
-35.335
  0
VERTEX
  8
GEOMETRY_LAYER_1
  70
32
  10
551991.809
  20
79381.328
  30
-35.218
  0
VERTEX
  8
GEOMETRY_LAYER_1
  70
32
  10
551994.694
  20
79375.660
  30
-35.002
  0
VERTEX
  8
GEOMETRY_LAYER_1
  70
32
  10
551997.435
  20
79365.345
  30
-34.1
  0
VERTEX
  8
GEOMETRY_LAYER_1
  70
32
  10
551999.098
  20
79356.496
  30
-33.24
  0
VERTEX
  8
GEOMETRY_LAYER_1
  70
32
  10
552002.156
  20
79346.610
  30
-33.121
  0
VERTEX
  8
GEOMETRY_LAYER_1
  70
32
  10
552004.406
  20
79337.605
  30
-33.254
  0
VERTEX
  8
GEOMETRY_LAYER_1
  70
32
  10
552006.152
  20
79329.074
  30
-33.956
  0
VERTEX
  8
GEOMETRY_LAYER_1
  70
32
  10
552010.779
  20
79313.673
  30
-32.078
  0
VERTEX
  8
GEOMETRY_LAYER_1
  70
32
  10
552013.432
  20
79301.860
  30
-32.624
  0
VERTEX
  8
GEOMETRY_LAYER_1
  70
32
  10
552018.264
  20
79283.270
  30
-36.096
  0
SEQEND
  8
GEOMETRY_LAYER_1
  0
POLYLINE
  8
GEOMETRY_LAYER_1
  70
8
  66
1
 62
1
 39
1
  0
VERTEX
  8
GEOMETRY_LAYER_1
  70
32
  10
552436.024
  20
78977.619
  30
5.55
  0
VERTEX
  8
GEOMETRY_LAYER_1
  70
32
  10
552401.986
  20
78969.039
  30
6.859
  0
VERTEX
  8
GEOMETRY_LAYER_1
  70
32
  10
552403.559
  20
78978.931
  30
6.618
  0
VERTEX
  8
GEOMETRY_LAYER_1
  70
32
  10
552405.578
  20
78988.644
  30
6.747
  0
VERTEX
  8
GEOMETRY_LAYER_1
  70
32
  10
552407.039
  20
78998.019
  30
6.792
  0
VERTEX
  8
GEOMETRY_LAYER_1
  70
32
  10
552405.683
  20
79011.135
  30
7.106
  0
VERTEX
  8
GEOMETRY_LAYER_1
  70
32
  10
552408.470
  20
79018.232
  30
7.231
  0
VERTEX
  8
GEOMETRY_LAYER_1
  70
32
  10
552411.380
  20
79025.293
  30
7.606
  0
VERTEX
  8
GEOMETRY_LAYER_1
  70
32
  10
552416.426
  20
79035.572
  30
7.75
  0
VERTEX
  8
GEOMETRY_LAYER_1
  70
32
  10
552416.622
  20
79044.479
  30
8.112
  0
VERTEX
  8
GEOMETRY_LAYER_1
  70
32
  10
552419.690
  20
79057.818
  30
7.779
  0
VERTEX
  8
GEOMETRY_LAYER_1
  70
32
  10
552422.129
  20
79068.079
  30
8.417
  0
VERTEX
  8
GEOMETRY_LAYER_1
  70
32
  10
552427.070
  20
79074.662
  30
8.29
  0
VERTEX
  8
GEOMETRY_LAYER_1
  70
32
  10
552430.086
  20
79078.680
  30
8.163
  0
VERTEX
  8
GEOMETRY_LAYER_1
  70
32
  10
552433.684
  20
79075.924
  30
7.985
  0
VERTEX
  8
GEOMETRY_LAYER_1
  70
32
  10
552439.370
  20
79071.570
  30
7.807
  0
VERTEX
  8
GEOMETRY_LAYER_1
  70
32
  10
552440.778
  20
79065.813
  30
7.914
  0
VERTEX
  8
GEOMETRY_LAYER_1
  70
32
  10
552442.077
  20
79060.502
  30
8.021
  0
VERTEX
  8
GEOMETRY_LAYER_1
  70
32
  10
552439.865
  20
79052.529
  30
7.577
  0
VERTEX
  8
GEOMETRY_LAYER_1
  70
32
  10
552436.094
  20
79042.726
  30
7.575
  0
VERTEX
  8
GEOMETRY_LAYER_1
  70
32
  10
552434.635
  20
79034.116
  30
7.698
  0
VERTEX
  8
GEOMETRY_LAYER_1
  70
32
  10
552435.602
  20
79023.380
  30
7.135
  0
VERTEX
  8
GEOMETRY_LAYER_1
  70
32
  10
552436.521
  20
79013.159
  30
6.573
  0
VERTEX
  8
GEOMETRY_LAYER_1
  70
32
  10
552437.441
  20
79002.938
  30
6.011
  0
VERTEX
  8
GEOMETRY_LAYER_1
  70
32
  10
552436.024
  20
78977.619
  30
5.55
  0
SEQEND
  8
GEOMETRY_LAYER_1
  0
POLYLINE
  8
GEOMETRY_LAYER_1
  70
8
  66
1
 62
1
 39
1
  0
VERTEX
  8
GEOMETRY_LAYER_1
  70
32
  10
552442.345
  20
78993.076
  30
5.449
  0
VERTEX
  8
GEOMETRY_LAYER_1
  70
32
  10
552439.256
  20
78973.547
  30
5.55
  0
VERTEX
  8
GEOMETRY_LAYER_1
  70
32
  10
552398.583
  20
78964.436
  30
6.859
  0
VERTEX
  8
GEOMETRY_LAYER_1
  70
32
  10
552399.623
  20
78979.653
  30
6.618
  0
VERTEX
  8
GEOMETRY_LAYER_1
  70
32
  10
552401.642
  20
78989.360
  30
6.747
  0
VERTEX
  8
GEOMETRY_LAYER_1
  70
32
  10
552403.007
  20
78998.124
  30
6.792
  0
VERTEX
  8
GEOMETRY_LAYER_1
  70
32
  10
552401.604
  20
79011.692
  30
7.106
  0
VERTEX
  8
GEOMETRY_LAYER_1
  70
32
  10
552404.760
  20
79019.725
  30
7.231
  0
VERTEX
  8
GEOMETRY_LAYER_1
  70
32
  10
552407.732
  20
79026.937
  30
7.606
  0
VERTEX
  8
GEOMETRY_LAYER_1
  70
32
  10
552412.446
  20
79036.543
  30
7.75
  0
VERTEX
  8
GEOMETRY_LAYER_1
  70
32
  10
552412.632
  20
79044.976
  30
8.112
  0
VERTEX
  8
GEOMETRY_LAYER_1
  70
32
  10
552415.795
  20
79058.729
  30
7.779
  0
VERTEX
  8
GEOMETRY_LAYER_1
  70
32
  10
552418.430
  20
79069.814
  30
8.417
  0
VERTEX
  8
GEOMETRY_LAYER_1
  70
32
  10
552423.871
  20
79077.063
  30
8.29
  0
VERTEX
  8
GEOMETRY_LAYER_1
  70
32
  10
552429.311
  20
79084.311
  30
8.163
  0
VERTEX
  8
GEOMETRY_LAYER_1
  70
32
  10
552436.116
  20
79079.100
  30
7.985
  0
VERTEX
  8
GEOMETRY_LAYER_1
  70
32
  10
552442.921
  20
79073.889
  30
7.807
  0
VERTEX
  8
GEOMETRY_LAYER_1
  70
32
  10
552444.663
  20
79066.764
  30
7.914
  0
VERTEX
  8
GEOMETRY_LAYER_1
  70
32
  10
552446.406
  20
79059.638
  30
8.021
  0
VERTEX
  8
GEOMETRY_LAYER_1
  70
32
  10
552444.233
  20
79052.745
  30
7.577
  0
VERTEX
  8
GEOMETRY_LAYER_1
  70
32
  10
552439.971
  20
79041.664
  30
7.575
  0
VERTEX
  8
GEOMETRY_LAYER_1
  70
32
  10
552438.666
  20
79033.959
  30
7.698
  0
VERTEX
  8
GEOMETRY_LAYER_1
  70
32
  10
552439.586
  20
79023.738
  30
7.135
  0
VERTEX
  8
GEOMETRY_LAYER_1
  70
32
  10
552440.505
  20
79013.517
  30
6.573
  0
VERTEX
  8
GEOMETRY_LAYER_1
  70
32
  10
552441.425
  20
79003.297
  30
6.011
  0
VERTEX
  8
GEOMETRY_LAYER_1
  70
32
  10
552442.345
  20
78993.076
  30
5.449
  0
SEQEND
  8
GEOMETRY_LAYER_1
  0
POLYLINE
  8
GEOMETRY_LAYER_1
  70
8
  66
1
 62
1
 39
1
  0
VERTEX
  8
GEOMETRY_LAYER_1
  70
32
  10
551349.677
  20
77884.108
  30
35.626
  0
VERTEX
  8
GEOMETRY_LAYER_1
  70
32
  10
551348.726
  20
77876.940
  30
35.798
  0
VERTEX
  8
GEOMETRY_LAYER_1
  70
32
  10
551345.650
  20
77871.176
  30
36.268
  0
VERTEX
  8
GEOMETRY_LAYER_1
  70
32
  10
551341.952
  20
77865.734
  30
36.152
  0
VERTEX
  8
GEOMETRY_LAYER_1
  70
32
  10
551334.524
  20
77864.575
  30
36.031
  0
VERTEX
  8
GEOMETRY_LAYER_1
  70
32
  10
551327.746
  20
77867.135
  30
36.058
  0
VERTEX
  8
GEOMETRY_LAYER_1
  70
32
  10
551320.249
  20
77868.867
  30
35.682
  0
VERTEX
  8
GEOMETRY_LAYER_1
  70
32
  10
551315.260
  20
77871.183
  30
35.389
  0
VERTEX
  8
GEOMETRY_LAYER_1
  70
32
  10
551317.305
  20
77876.327
  30
35.459
  0
VERTEX
  8
GEOMETRY_LAYER_1
  70
32
  10
551317.351
  20
77883.920
  30
35.255
  0
VERTEX
  8
GEOMETRY_LAYER_1
  70
32
  10
551317.397
  20
77891.513
  30
35.051
  0
VERTEX
  8
GEOMETRY_LAYER_1
  70
32
  10
551320.628
  20
77898.967
  30
35.057
  0
VERTEX
  8
GEOMETRY_LAYER_1
  70
32
  10
551326.458
  20
77909.228
  30
35.401
  0
VERTEX
  8
GEOMETRY_LAYER_1
  70
32
  10
551331.007
  20
77917.580
  30
35.334
  0
VERTEX
  8
GEOMETRY_LAYER_1
  70
32
  10
551334.949
  20
77924.568
  30
35.465
  0
VERTEX
  8
GEOMETRY_LAYER_1
  70
32
  10
551339.497
  20
77933.187
  30
35.528
  0
VERTEX
  8
GEOMETRY_LAYER_1
  70
32
  10
551339.486
  20
77934.011
  30
35.518
  0
VERTEX
  8
GEOMETRY_LAYER_1
  70
32
  10
551344.130
  20
77941.483
  30
35.622
  0
VERTEX
  8
GEOMETRY_LAYER_1
  70
32
  10
551349.541
  20
77950.358
  30
35.527
  0
VERTEX
  8
GEOMETRY_LAYER_1
  70
32
  10
551362.891
  20
77949.732
  30
35.41
  0
VERTEX
  8
GEOMETRY_LAYER_1
  70
32
  10
551376.241
  20
77949.107
  30
35.293
  0
VERTEX
  8
GEOMETRY_LAYER_1
  70
32
  10
551381.321
  20
77943.342
  30
34.517
  0
VERTEX
  8
GEOMETRY_LAYER_1
  70
32
  10
551390.662
  20
77940.847
  30
33.937
  0
VERTEX
  8
GEOMETRY_LAYER_1
  70
32
  10
551400.670
  20
77937.331
  30
33.711
  0
VERTEX
  8
GEOMETRY_LAYER_1
  70
32
  10
551408.426
  20
77934.971
  30
33.937
  0
VERTEX
  8
GEOMETRY_LAYER_1
  70
32
  10
551414.429
  20
77934.205
  30
34.201
  0
VERTEX
  8
GEOMETRY_LAYER_1
  70
32
  10
551415.197
  20
77923.771
  30
34.022
  0
VERTEX
  8
GEOMETRY_LAYER_1
  70
32
  10
551415.964
  20
77913.338
  30
33.844
  0
VERTEX
  8
GEOMETRY_LAYER_1
  70
32
  10
551417.367
  20
77906.780
  30
33.728
  0
VERTEX
  8
GEOMETRY_LAYER_1
  70
32
  10
551414.495
  20
77904.680
  30
33.712
  0
VERTEX
  8
GEOMETRY_LAYER_1
  70
32
  10
551407.040
  20
77906.594
  30
33.268
  0
VERTEX
  8
GEOMETRY_LAYER_1
  70
32
  10
551387.433
  20
77906.849
  30
32.011
  0
VERTEX
  8
GEOMETRY_LAYER_1
  70
32
  10
551377.531
  20
77909.757
  30
32.466
  0
VERTEX
  8
GEOMETRY_LAYER_1
  70
32
  10
551367.039
  20
77910.880
  30
33.269
  0
VERTEX
  8
GEOMETRY_LAYER_1
  70
32
  10
551359.100
  20
77912.066
  30
34.676
  0
VERTEX
  8
GEOMETRY_LAYER_1
  70
32
  10
551352.913
  20
77911.822
  30
35.435
  0
VERTEX
  8
GEOMETRY_LAYER_1
  70
32
  10
551351.740
  20
77905.729
  30
35.439
  0
VERTEX
  8
GEOMETRY_LAYER_1
  70
32
  10
551350.353
  20
77896.688
  30
35.686
  0
VERTEX
  8
GEOMETRY_LAYER_1
  70
32
  10
551349.582
  20
77890.707
  30
35.394
  0
VERTEX
  8
GEOMETRY_LAYER_1
  70
32
  10
551349.677
  20
77884.108
  30
35.626
  0
SEQEND
  8
GEOMETRY_LAYER_1
  0
POLYLINE
  8
GEOMETRY_LAYER_1
  70
8
  66
1
 62
1
 39
1
  0
VERTEX
  8
GEOMETRY_LAYER_1
  70
32
  10
551352.402
  20
77875.759
  30
35.798
  0
VERTEX
  8
GEOMETRY_LAYER_1
  70
32
  10
551348.907
  20
77869.208
  30
36.268
  0
VERTEX
  8
GEOMETRY_LAYER_1
  70
32
  10
551344.168
  20
77862.234
  30
36.152
  0
VERTEX
  8
GEOMETRY_LAYER_1
  70
32
  10
551334.119
  20
77860.667
  30
36.031
  0
VERTEX
  8
GEOMETRY_LAYER_1
  70
32
  10
551326.642
  20
77863.490
  30
36.058
  0
VERTEX
  8
GEOMETRY_LAYER_1
  70
32
  10
551319.008
  20
77865.254
  30
35.682
  0
VERTEX
  8
GEOMETRY_LAYER_1
  70
32
  10
551310.401
  20
77869.249
  30
35.389
  0
VERTEX
  8
GEOMETRY_LAYER_1
  70
32
  10
551313.510
  20
77877.066
  30
35.459
  0
VERTEX
  8
GEOMETRY_LAYER_1
  70
32
  10
551313.551
  20
77883.943
  30
35.255
  0
VERTEX
  8
GEOMETRY_LAYER_1
  70
32
  10
551313.601
  20
77892.312
  30
35.051
  0
VERTEX
  8
GEOMETRY_LAYER_1
  70
32
  10
551317.223
  20
77900.666
  30
35.057
  0
VERTEX
  8
GEOMETRY_LAYER_1
  70
32
  10
551323.138
  20
77911.076
  30
35.401
  0
VERTEX
  8
GEOMETRY_LAYER_1
  70
32
  10
551327.684
  20
77919.422
  30
35.334
  0
VERTEX
  8
GEOMETRY_LAYER_1
  70
32
  10
551331.613
  20
77926.388
  30
35.465
  0
VERTEX
  8
GEOMETRY_LAYER_1
  70
32
  10
551335.685
  20
77934.106
  30
35.528
  0
VERTEX
  8
GEOMETRY_LAYER_1
  70
32
  10
551335.673
  20
77935.073
  30
35.518
  0
VERTEX
  8
GEOMETRY_LAYER_1
  70
32
  10
551340.894
  20
77943.475
  30
35.622
  0
VERTEX
  8
GEOMETRY_LAYER_1
  70
32
  10
551347.469
  20
77954.260
  30
35.527
  0
VERTEX
  8
GEOMETRY_LAYER_1
  70
32
  10
551363.068
  20
77953.528
  30
35.41
  0
VERTEX
  8
GEOMETRY_LAYER_1
  70
32
  10
551378.027
  20
77952.828
  30
35.293
  0
VERTEX
  8
GEOMETRY_LAYER_1
  70
32
  10
551383.412
  20
77946.717
  30
34.517
  0
VERTEX
  8
GEOMETRY_LAYER_1
  70
32
  10
551391.783
  20
77944.481
  30
33.937
  0
VERTEX
  8
GEOMETRY_LAYER_1
  70
32
  10
551401.854
  20
77940.942
  30
33.711
  0
VERTEX
  8
GEOMETRY_LAYER_1
  70
32
  10
551409.225
  20
77938.700
  30
33.937
  0
VERTEX
  8
GEOMETRY_LAYER_1
  70
32
  10
551417.991
  20
77937.581
  30
34.201
  0
VERTEX
  8
GEOMETRY_LAYER_1
  70
32
  10
551418.986
  20
77924.050
  30
34.022
  0
VERTEX
  8
GEOMETRY_LAYER_1
  70
32
  10
551419.735
  20
77913.877
  30
33.844
  0
VERTEX
  8
GEOMETRY_LAYER_1
  70
32
  10
551421.599
  20
77905.167
  30
33.728
  0
VERTEX
  8
GEOMETRY_LAYER_1
  70
32
  10
551415.289
  20
77900.553
  30
33.712
  0
VERTEX
  8
GEOMETRY_LAYER_1
  70
32
  10
551406.536
  20
77902.800
  30
33.268
  0
VERTEX
  8
GEOMETRY_LAYER_1
  70
32
  10
551386.863
  20
77903.056
  30
32.011
  0
VERTEX
  8
GEOMETRY_LAYER_1
  70
32
  10
551376.787
  20
77906.014
  30
32.466
  0
VERTEX
  8
GEOMETRY_LAYER_1
  70
32
  10
551366.556
  20
77907.109
  30
33.269
  0
VERTEX
  8
GEOMETRY_LAYER_1
  70
32
  10
551358.892
  20
77908.256
  30
34.676
  0
VERTEX
  8
GEOMETRY_LAYER_1
  70
32
  10
551356.075
  20
77908.144
  30
35.435
  0
VERTEX
  8
GEOMETRY_LAYER_1
  70
32
  10
551355.485
  20
77905.082
  30
35.439
  0
VERTEX
  8
GEOMETRY_LAYER_1
  70
32
  10
551354.116
  20
77896.157
  30
35.686
  0
VERTEX
  8
GEOMETRY_LAYER_1
  70
32
  10
551353.385
  20
77890.490
  30
35.394
  0
VERTEX
  8
GEOMETRY_LAYER_1
  70
32
  10
551352.402
  20
77875.759
  30
35.798
  0
SEQEND
  8
GEOMETRY_LAYER_1
  0
POLYLINE
  8
GEOMETRY_LAYER_1
  70
8
  66
1
 62
5
 39
1
  0
VERTEX
  8
GEOMETRY_LAYER_1
  70
32
  10
550418.853
  20
77510.050
  30
41.858
  0
VERTEX
  8
GEOMETRY_LAYER_1
  70
32
  10
550419.833
  20
77520.997
  30
41.774
  0
VERTEX
  8
GEOMETRY_LAYER_1
  70
32
  10
550421.409
  20
77529.951
  30
42.381
  0
VERTEX
  8
GEOMETRY_LAYER_1
  70
32
  10
550417.819
  20
77535.669
  30
42.791
  0
VERTEX
  8
GEOMETRY_LAYER_1
  70
32
  10
550408.226
  20
77533.560
  30
42.353
  0
VERTEX
  8
GEOMETRY_LAYER_1
  70
32
  10
550395.798
  20
77533.985
  30
42.364
  0
VERTEX
  8
GEOMETRY_LAYER_1
  70
32
  10
550394.188
  20
77526.636
  30
42.265
  0
VERTEX
  8
GEOMETRY_LAYER_1
  70
32
  10
550392.757
  20
77517.677
  30
41.988
  0
VERTEX
  8
GEOMETRY_LAYER_1
  70
32
  10
550387.249
  20
77513.743
  30
42.515
  0
VERTEX
  8
GEOMETRY_LAYER_1
  70
32
  10
550385.698
  20
77506.861
  30
42.559
  0
VERTEX
  8
GEOMETRY_LAYER_1
  70
32
  10
550383.696
  20
77496.204
  30
43.048
  0
VERTEX
  8
GEOMETRY_LAYER_1
  70
32
  10
550385.524
  20
77488.414
  30
42.712
  0
VERTEX
  8
GEOMETRY_LAYER_1
  70
32
  10
550389.986
  20
77485.089
  30
42.754
  0
VERTEX
  8
GEOMETRY_LAYER_1
  70
32
  10
550405.971
  20
77480.787
  30
42.422
  0
VERTEX
  8
GEOMETRY_LAYER_1
  70
32
  10
550413.349
  20
77478.172
  30
42.417
  0
VERTEX
  8
GEOMETRY_LAYER_1
  70
32
  10
550416.288
  20
77487.004
  30
42.12
  0
VERTEX
  8
GEOMETRY_LAYER_1
  70
32
  10
550417.304
  20
77501.012
  30
41.998
  0
VERTEX
  8
GEOMETRY_LAYER_1
  70
32
  10
550418.853
  20
77510.050
  30
41.858
  0
SEQEND
  8
GEOMETRY_LAYER_1
  0
POLYLINE
  8
GEOMETRY_LAYER_1
  70
8
  66
1
 62
5
 39
1
  0
VERTEX
  8
GEOMETRY_LAYER_1
  70
32
  10
550423.604
  20
77520.497
  30
41.774
  0
VERTEX
  8
GEOMETRY_LAYER_1
  70
32
  10
550425.405
  20
77530.733
  30
42.381
  0
VERTEX
  8
GEOMETRY_LAYER_1
  70
32
  10
550419.615
  20
77539.955
  30
42.791
  0
VERTEX
  8
GEOMETRY_LAYER_1
  70
32
  10
550407.877
  20
77537.375
  30
42.353
  0
VERTEX
  8
GEOMETRY_LAYER_1
  70
32
  10
550392.763
  20
77537.890
  30
42.364
  0
VERTEX
  8
GEOMETRY_LAYER_1
  70
32
  10
550390.453
  20
77527.343
  30
42.265
  0
VERTEX
  8
GEOMETRY_LAYER_1
  70
32
  10
550389.255
  20
77519.845
  30
41.988
  0
VERTEX
  8
GEOMETRY_LAYER_1
  70
32
  10
550383.860
  20
77515.992
  30
42.515
  0
VERTEX
  8
GEOMETRY_LAYER_1
  70
32
  10
550381.976
  20
77507.631
  30
42.559
  0
VERTEX
  8
GEOMETRY_LAYER_1
  70
32
  10
550379.813
  20
77496.117
  30
43.048
  0
VERTEX
  8
GEOMETRY_LAYER_1
  70
32
  10
550382.141
  20
77486.195
  30
42.712
  0
VERTEX
  8
GEOMETRY_LAYER_1
  70
32
  10
550388.297
  20
77481.608
  30
42.754
  0
VERTEX
  8
GEOMETRY_LAYER_1
  70
32
  10
550404.841
  20
77477.155
  30
42.422
  0
VERTEX
  8
GEOMETRY_LAYER_1
  70
32
  10
550415.731
  20
77473.297
  30
42.417
  0
VERTEX
  8
GEOMETRY_LAYER_1
  70
32
  10
550420.043
  20
77486.255
  30
42.12
  0
VERTEX
  8
GEOMETRY_LAYER_1
  70
32
  10
550421.081
  20
77500.553
  30
41.998
  0
VERTEX
  8
GEOMETRY_LAYER_1
  70
32
  10
550423.604
  20
77520.497
  30
41.774
  0
SEQEND
  8
GEOMETRY_LAYER_1
  0
POLYLINE
  8
GEOMETRY_LAYER_1
  70
8
  66
1
 62
1
 39
1
  0
VERTEX
  8
GEOMETRY_LAYER_1
  70
32
  10
550849.206
  20
77734.623
  30
27.6
  0
VERTEX
  8
GEOMETRY_LAYER_1
  70
32
  10
550850.858
  20
77738.664
  30
27.694
  0
VERTEX
  8
GEOMETRY_LAYER_1
  70
32
  10
550851.252
  20
77749.801
  30
28.198
  0
VERTEX
  8
GEOMETRY_LAYER_1
  70
32
  10
550851.670
  20
77758.998
  30
28.842
  0
VERTEX
  8
GEOMETRY_LAYER_1
  70
32
  10
550818.999
  20
77749.805
  30
28.304
  0
VERTEX
  8
GEOMETRY_LAYER_1
  70
32
  10
550819.915
  20
77739.457
  30
27.929
  0
VERTEX
  8
GEOMETRY_LAYER_1
  70
32
  10
550820.767
  20
77734.828
  30
27.826
  0
VERTEX
  8
GEOMETRY_LAYER_1
  70
32
  10
550821.025
  20
77725.023
  30
28.598
  0
VERTEX
  8
GEOMETRY_LAYER_1
  70
32
  10
550820.508
  20
77711.262
  30
27.846
  0
VERTEX
  8
GEOMETRY_LAYER_1
  70
32
  10
550818.305
  20
77702.110
  30
27.683
  0
VERTEX
  8
GEOMETRY_LAYER_1
  70
32
  10
550815.134
  20
77693.504
  30
27.677
  0
VERTEX
  8
GEOMETRY_LAYER_1
  70
32
  10
550811.492
  20
77682.980
  30
27.381
  0
VERTEX
  8
GEOMETRY_LAYER_1
  70
32
  10
550817.450
  20
77676.678
  30
27.191
  0
VERTEX
  8
GEOMETRY_LAYER_1
  70
32
  10
550824.103
  20
77675.908
  30
26.929
  0
VERTEX
  8
GEOMETRY_LAYER_1
  70
32
  10
550829.187
  20
77673.058
  30
26.967
  0
VERTEX
  8
GEOMETRY_LAYER_1
  70
32
  10
550832.955
  20
77678.811
  30
26.925
  0
VERTEX
  8
GEOMETRY_LAYER_1
  70
32
  10
550835.062
  20
77687.144
  30
26.789
  0
VERTEX
  8
GEOMETRY_LAYER_1
  70
32
  10
550838.453
  20
77697.220
  30
26.942
  0
VERTEX
  8
GEOMETRY_LAYER_1
  70
32
  10
550841.710
  20
77705.863
  30
27.09
  0
VERTEX
  8
GEOMETRY_LAYER_1
  70
32
  10
550844.595
  20
77716.188
  30
27.192
  0
VERTEX
  8
GEOMETRY_LAYER_1
  70
32
  10
550847.465
  20
77726.109
  30
27.401
  0
VERTEX
  8
GEOMETRY_LAYER_1
  70
32
  10
550849.206
  20
77734.623
  30
27.6
  0
SEQEND
  8
GEOMETRY_LAYER_1
  0
POLYLINE
  8
GEOMETRY_LAYER_1
  70
8
  66
1
 62
1
 39
1
  0
VERTEX
  8
GEOMETRY_LAYER_1
  70
32
  10
550852.445
  20
77733.298
  30
27.6
  0
VERTEX
  8
GEOMETRY_LAYER_1
  70
32
  10
550854.334
  20
77737.917
  30
27.694
  0
VERTEX
  8
GEOMETRY_LAYER_1
  70
32
  10
550854.749
  20
77749.659
  30
28.198
  0
VERTEX
  8
GEOMETRY_LAYER_1
  70
32
  10
550855.386
  20
77763.679
  30
28.842
  0
VERTEX
  8
GEOMETRY_LAYER_1
  70
32
  10
550815.256
  20
77752.388
  30
28.304
  0
VERTEX
  8
GEOMETRY_LAYER_1
  70
32
  10
550816.443
  20
77738.984
  30
27.929
  0
VERTEX
  8
GEOMETRY_LAYER_1
  70
32
  10
550817.276
  20
77734.463
  30
27.826
  0
VERTEX
  8
GEOMETRY_LAYER_1
  70
32
  10
550817.523
  20
77725.043
  30
28.598
  0
VERTEX
  8
GEOMETRY_LAYER_1
  70
32
  10
550817.023
  20
77711.742
  30
27.846
  0
VERTEX
  8
GEOMETRY_LAYER_1
  70
32
  10
550814.950
  20
77703.128
  30
27.683
  0
VERTEX
  8
GEOMETRY_LAYER_1
  70
32
  10
550811.837
  20
77694.681
  30
27.677
  0
VERTEX
  8
GEOMETRY_LAYER_1
  70
32
  10
550807.490
  20
77682.119
  30
27.381
  0
VERTEX
  8
GEOMETRY_LAYER_1
  70
32
  10
550815.782
  20
77673.347
  30
27.191
  0
VERTEX
  8
GEOMETRY_LAYER_1
  70
32
  10
550823.003
  20
77672.511
  30
26.929
  0
VERTEX
  8
GEOMETRY_LAYER_1
  70
32
  10
550830.326
  20
77668.408
  30
26.967
  0
VERTEX
  8
GEOMETRY_LAYER_1
  70
32
  10
550836.204
  20
77677.385
  30
26.925
  0
VERTEX
  8
GEOMETRY_LAYER_1
  70
32
  10
550838.422
  20
77686.155
  30
26.789
  0
VERTEX
  8
GEOMETRY_LAYER_1
  70
32
  10
550841.750
  20
77696.044
  30
26.942
  0
VERTEX
  8
GEOMETRY_LAYER_1
  70
32
  10
550845.039
  20
77704.773
  30
27.09
  0
VERTEX
  8
GEOMETRY_LAYER_1
  70
32
  10
550847.961
  20
77715.231
  30
27.192
  0
VERTEX
  8
GEOMETRY_LAYER_1
  70
32
  10
550850.827
  20
77725.136
  30
27.401
  0
VERTEX
  8
GEOMETRY_LAYER_1
  70
32
  10
550852.445
  20
77733.298
  30
27.6
  0
SEQEND
  8
GEOMETRY_LAYER_1
  0
POLYLINE
  8
GEOMETRY_LAYER_1
  70
8
  66
1
 62
1
 39
1
  0
VERTEX
  8
GEOMETRY_LAYER_1
  70
32
  10
551419.499
  20
74667.164
  30
1.018
  0
VERTEX
  8
GEOMETRY_LAYER_1
  70
32
  10
551421.860
  20
74677.757
  30
1.167
  0
VERTEX
  8
GEOMETRY_LAYER_1
  70
32
  10
551423.390
  20
74684.629
  30
1.214
  0
VERTEX
  8
GEOMETRY_LAYER_1
  70
32
  10
551427.427
  20
74690.488
  30
0.531
  0
VERTEX
  8
GEOMETRY_LAYER_1
  70
32
  10
551430.988
  20
74699.892
  30
0.612
  0
VERTEX
  8
GEOMETRY_LAYER_1
  70
32
  10
551433.466
  20
74709.623
  30
-0.199
  0
VERTEX
  8
GEOMETRY_LAYER_1
  70
32
  10
551437.152
  20
74718.549
  30
-0.523
  0
VERTEX
  8
GEOMETRY_LAYER_1
  70
32
  10
551443.098
  20
74726.178
  30
-1.111
  0
VERTEX
  8
GEOMETRY_LAYER_1
  70
32
  10
551441.236
  20
74736.038
  30
-0.308
  0
VERTEX
  8
GEOMETRY_LAYER_1
  70
32
  10
551445.753
  20
74746.604
  30
-1.035
  0
VERTEX
  8
GEOMETRY_LAYER_1
  70
32
  10
551446.791
  20
74754.710
  30
-0.667
  0
VERTEX
  8
GEOMETRY_LAYER_1
  70
32
  10
551452.658
  20
74763.976
  30
-1.199
  0
VERTEX
  8
GEOMETRY_LAYER_1
  70
32
  10
551451.707
  20
74774.485
  30
-0.661
  0
VERTEX
  8
GEOMETRY_LAYER_1
  70
32
  10
551457.920
  20
74782.610
  30
-1.215
  0
VERTEX
  8
GEOMETRY_LAYER_1
  70
32
  10
551454.667
  20
74796.132
  30
-0.354
  0
VERTEX
  8
GEOMETRY_LAYER_1
  70
32
  10
551461.438
  20
74801.552
  30
-1.581
  0
VERTEX
  8
GEOMETRY_LAYER_1
  70
32
  10
551442.643
  20
74824.706
  30
-1.788
  0
VERTEX
  8
GEOMETRY_LAYER_1
  70
32
  10
551501.079
  20
74995.496
  30
-1.996
  0
VERTEX
  8
GEOMETRY_LAYER_1
  70
32
  10
551494.809
  20
75002.304
  30
-2.204
  0
VERTEX
  8
GEOMETRY_LAYER_1
  70
32
  10
551484.841
  20
75001.495
  30
-2.005
  0
VERTEX
  8
GEOMETRY_LAYER_1
  70
32
  10
551481.399
  20
74991.747
  30
-2.147
  0
VERTEX
  8
GEOMETRY_LAYER_1
  70
32
  10
551480.842
  20
74983.223
  30
-2.485
  0
VERTEX
  8
GEOMETRY_LAYER_1
  70
32
  10
551476.793
  20
74973.486
  30
-2.546
  0
VERTEX
  8
GEOMETRY_LAYER_1
  70
32
  10
551474.560
  20
74967.180
  30
-2.505
  0
VERTEX
  8
GEOMETRY_LAYER_1
  70
32
  10
551464.353
  20
74959.354
  30
-2.257
  0
VERTEX
  8
GEOMETRY_LAYER_1
  70
32
  10
551465.647
  20
74954.065
  30
-2.336
  0
VERTEX
  8
GEOMETRY_LAYER_1
  70
32
  10
551463.064
  20
74950.091
  30
-2.327
  0
VERTEX
  8
GEOMETRY_LAYER_1
  70
32
  10
551461.762
  20
74942.440
  30
-2.396
  0
VERTEX
  8
GEOMETRY_LAYER_1
  70
32
  10
551457.036
  20
74933.638
  30
-2.317
  0
VERTEX
  8
GEOMETRY_LAYER_1
  70
32
  10
551451.571
  20
74917.687
  30
-1.812
  0
VERTEX
  8
GEOMETRY_LAYER_1
  70
32
  10
551454.954
  20
74909.692
  30
-1.908
  0
VERTEX
  8
GEOMETRY_LAYER_1
  70
32
  10
551449.839
  20
74900.462
  30
-1.252
  0
VERTEX
  8
GEOMETRY_LAYER_1
  70
32
  10
551447.611
  20
74893.326
  30
-0.76
  0
VERTEX
  8
GEOMETRY_LAYER_1
  70
32
  10
551441.772
  20
74889.485
  30
-0.263
  0
VERTEX
  8
GEOMETRY_LAYER_1
  70
32
  10
551436.223
  20
74878.592
  30
0.639
  0
VERTEX
  8
GEOMETRY_LAYER_1
  70
32
  10
551434.476
  20
74869.301
  30
1.295
  0
VERTEX
  8
GEOMETRY_LAYER_1
  70
32
  10
551434.382
  20
74861.855
  30
1.645
  0
VERTEX
  8
GEOMETRY_LAYER_1
  70
32
  10
551430.436
  20
74851.963
  30
1.715
  0
VERTEX
  8
GEOMETRY_LAYER_1
  70
32
  10
551428.238
  20
74845.106
  30
1.663
  0
VERTEX
  8
GEOMETRY_LAYER_1
  70
32
  10
551425.056
  20
74834.983
  30
1.434
  0
VERTEX
  8
GEOMETRY_LAYER_1
  70
32
  10
551426.025
  20
74825.574
  30
1.197
  0
VERTEX
  8
GEOMETRY_LAYER_1
  70
32
  10
551425.150
  20
74817.096
  30
0.649
  0
VERTEX
  8
GEOMETRY_LAYER_1
  70
32
  10
551423.200
  20
74808.289
  30
0.348
  0
VERTEX
  8
GEOMETRY_LAYER_1
  70
32
  10
551421.664
  20
74800.873
  30
0.395
  0
VERTEX
  8
GEOMETRY_LAYER_1
  70
32
  10
551417.433
  20
74791.040
  30
0.624
  0
VERTEX
  8
GEOMETRY_LAYER_1
  70
32
  10
551411.207
  20
74778.256
  30
0.833
  0
VERTEX
  8
GEOMETRY_LAYER_1
  70
32
  10
551410.037
  20
74766.306
  30
0.789
  0
VERTEX
  8
GEOMETRY_LAYER_1
  70
32
  10
551410.797
  20
74758.790
  30
0.787
  0
VERTEX
  8
GEOMETRY_LAYER_1
  70
32
  10
551408.121
  20
74749.969
  30
0.869
  0
VERTEX
  8
GEOMETRY_LAYER_1
  70
32
  10
551405.977
  20
74739.717
  30
0.847
  0
VERTEX
  8
GEOMETRY_LAYER_1
  70
32
  10
551405.463
  20
74730.677
  30
0.78
  0
VERTEX
  8
GEOMETRY_LAYER_1
  70
32
  10
551404.211
  20
74720.715
  30
0.954
  0
VERTEX
  8
GEOMETRY_LAYER_1
  70
32
  10
551397.267
  20
74709.691
  30
0.972
  0
VERTEX
  8
GEOMETRY_LAYER_1
  70
32
  10
551396.115
  20
74703.315
  30
1.009
  0
VERTEX
  8
GEOMETRY_LAYER_1
  70
32
  10
551395.065
  20
74693.611
  30
1.147
  0
VERTEX
  8
GEOMETRY_LAYER_1
  70
32
  10
551392.738
  20
74683.488
  30
1.333
  0
VERTEX
  8
GEOMETRY_LAYER_1
  70
32
  10
551388.740
  20
74667.830
  30
1.397
  0
VERTEX
  8
GEOMETRY_LAYER_1
  70
32
  10
551386.230
  20
74659.840
  30
1.477
  0
VERTEX
  8
GEOMETRY_LAYER_1
  70
32
  10
551385.852
  20
74648.914
  30
1.528
  0
VERTEX
  8
GEOMETRY_LAYER_1
  70
32
  10
551391.723
  20
74645.212
  30
1.593
  0
VERTEX
  8
GEOMETRY_LAYER_1
  70
32
  10
551397.594
  20
74641.510
  30
1.659
  0
VERTEX
  8
GEOMETRY_LAYER_1
  70
32
  10
551415.725
  20
74656.727
  30
1.339
  0
VERTEX
  8
GEOMETRY_LAYER_1
  70
32
  10
551419.499
  20
74667.164
  30
1.018
  0
SEQEND
  8
GEOMETRY_LAYER_1
  0
POLYLINE
  8
GEOMETRY_LAYER_1
  70
8
  66
1
 62
1
 39
1
  0
VERTEX
  8
GEOMETRY_LAYER_1
  70
32
  10
551413.928
  20
74658.774
  30
0.562
  0
VERTEX
  8
GEOMETRY_LAYER_1
  70
32
  10
551415.884
  20
74667.952
  30
1.018
  0
VERTEX
  8
GEOMETRY_LAYER_1
  70
32
  10
551418.249
  20
74678.561
  30
1.167
  0
VERTEX
  8
GEOMETRY_LAYER_1
  70
32
  10
551419.935
  20
74686.136
  30
1.214
  0
VERTEX
  8
GEOMETRY_LAYER_1
  70
32
  10
551424.125
  20
74692.218
  30
0.531
  0
VERTEX
  8
GEOMETRY_LAYER_1
  70
32
  10
551427.454
  20
74701.007
  30
0.612
  0
VERTEX
  8
GEOMETRY_LAYER_1
  70
32
  10
551429.945
  20
74710.792
  30
-0.199
  0
VERTEX
  8
GEOMETRY_LAYER_1
  70
32
  10
551433.925
  20
74720.427
  30
-0.523
  0
VERTEX
  8
GEOMETRY_LAYER_1
  70
32
  10
551439.152
  20
74727.134
  30
-1.111
  0
VERTEX
  8
GEOMETRY_LAYER_1
  70
32
  10
551437.391
  20
74736.458
  30
-0.308
  0
VERTEX
  8
GEOMETRY_LAYER_1
  70
32
  10
551442.149
  20
74747.586
  30
-1.035
  0
VERTEX
  8
GEOMETRY_LAYER_1
  70
32
  10
551443.226
  20
74755.995
  30
-0.667
  0
VERTEX
  8
GEOMETRY_LAYER_1
  70
32
  10
551448.860
  20
74764.893
  30
-1.199
  0
VERTEX
  8
GEOMETRY_LAYER_1
  70
32
  10
551447.892
  20
74775.588
  30
-0.661
  0
VERTEX
  8
GEOMETRY_LAYER_1
  70
32
  10
551453.911
  20
74783.458
  30
-1.215
  0
VERTEX
  8
GEOMETRY_LAYER_1
  70
32
  10
551450.520
  20
74797.552
  30
-0.354
  0
VERTEX
  8
GEOMETRY_LAYER_1
  70
32
  10
551456.217
  20
74802.112
  30
-1.581
  0
VERTEX
  8
GEOMETRY_LAYER_1
  70
32
  10
551438.479
  20
74823.965
  30
-1.788
  0
VERTEX
  8
GEOMETRY_LAYER_1
  70
32
  10
551496.865
  20
74994.609
  30
-1.996
  0
VERTEX
  8
GEOMETRY_LAYER_1
  70
32
  10
551493.309
  20
74998.470
  30
-2.204
  0
VERTEX
  8
GEOMETRY_LAYER_1
  70
32
  10
551487.531
  20
74998.001
  30
-2.005
  0
VERTEX
  8
GEOMETRY_LAYER_1
  70
32
  10
551485.057
  20
74990.996
  30
-2.147
  0
VERTEX
  8
GEOMETRY_LAYER_1
  70
32
  10
551484.494
  20
74982.369
  30
-2.485
  0
VERTEX
  8
GEOMETRY_LAYER_1
  70
32
  10
551480.248
  20
74972.157
  30
-2.546
  0
VERTEX
  8
GEOMETRY_LAYER_1
  70
32
  10
551477.681
  20
74964.911
  30
-2.505
  0
VERTEX
  8
GEOMETRY_LAYER_1
  70
32
  10
551468.521
  20
74957.888
  30
-2.257
  0
VERTEX
  8
GEOMETRY_LAYER_1
  70
32
  10
551469.621
  20
74953.391
  30
-2.336
  0
VERTEX
  8
GEOMETRY_LAYER_1
  70
32
  10
551466.583
  20
74948.716
  30
-2.327
  0
VERTEX
  8
GEOMETRY_LAYER_1
  70
32
  10
551465.308
  20
74941.224
  30
-2.396
  0
VERTEX
  8
GEOMETRY_LAYER_1
  70
32
  10
551460.439
  20
74932.153
  30
-2.317
  0
VERTEX
  8
GEOMETRY_LAYER_1
  70
32
  10
551455.530
  20
74917.826
  30
-1.812
  0
VERTEX
  8
GEOMETRY_LAYER_1
  70
32
  10
551459.063
  20
74909.476
  30
-1.908
  0
VERTEX
  8
GEOMETRY_LAYER_1
  70
32
  10
551453.259
  20
74898.999
  30
-1.252
  0
VERTEX
  8
GEOMETRY_LAYER_1
  70
32
  10
551450.749
  20
74890.962
  30
-0.76
  0
VERTEX
  8
GEOMETRY_LAYER_1
  70
32
  10
551444.624
  20
74886.933
  30
-0.263
  0
VERTEX
  8
GEOMETRY_LAYER_1
  70
32
  10
551439.761
  20
74877.386
  30
0.639
  0
VERTEX
  8
GEOMETRY_LAYER_1
  70
32
  10
551438.172
  20
74868.933
  30
1.295
  0
VERTEX
  8
GEOMETRY_LAYER_1
  70
32
  10
551438.073
  20
74861.122
  30
1.645
  0
VERTEX
  8
GEOMETRY_LAYER_1
  70
32
  10
551433.920
  20
74850.711
  30
1.715
  0
VERTEX
  8
GEOMETRY_LAYER_1
  70
32
  10
551431.765
  20
74843.987
  30
1.663
  0
VERTEX
  8
GEOMETRY_LAYER_1
  70
32
  10
551428.814
  20
74834.602
  30
1.434
  0
VERTEX
  8
GEOMETRY_LAYER_1
  70
32
  10
551429.745
  20
74825.574
  30
1.197
  0
VERTEX
  8
GEOMETRY_LAYER_1
  70
32
  10
551428.808
  20
74816.504
  30
0.649
  0
VERTEX
  8
GEOMETRY_LAYER_1
  70
32
  10
551426.818
  20
74807.514
  30
0.348
  0
VERTEX
  8
GEOMETRY_LAYER_1
  70
32
  10
551425.211
  20
74799.755
  30
0.395
  0
VERTEX
  8
GEOMETRY_LAYER_1
  70
32
  10
551420.797
  20
74789.498
  30
0.624
  0
VERTEX
  8
GEOMETRY_LAYER_1
  70
32
  10
551414.825
  20
74777.233
  30
0.833
  0
VERTEX
  8
GEOMETRY_LAYER_1
  70
32
  10
551413.756
  20
74766.311
  30
0.789
  0
VERTEX
  8
GEOMETRY_LAYER_1
  70
32
  10
551414.553
  20
74758.425
  30
0.787
  0
VERTEX
  8
GEOMETRY_LAYER_1
  70
32
  10
551411.709
  20
74749.051
  30
0.869
  0
VERTEX
  8
GEOMETRY_LAYER_1
  70
32
  10
551409.656
  20
74739.230
  30
0.847
  0
VERTEX
  8
GEOMETRY_LAYER_1
  70
32
  10
551409.150
  20
74730.341
  30
0.78
  0
VERTEX
  8
GEOMETRY_LAYER_1
  70
32
  10
551407.780
  20
74719.438
  30
0.954
  0
VERTEX
  8
GEOMETRY_LAYER_1
  70
32
  10
551400.781
  20
74708.327
  30
0.972
  0
VERTEX
  8
GEOMETRY_LAYER_1
  70
32
  10
551399.779
  20
74702.787
  30
1.009
  0
VERTEX
  8
GEOMETRY_LAYER_1
  70
32
  10
551398.720
  20
74692.996
  30
1.147
  0
VERTEX
  8
GEOMETRY_LAYER_1
  70
32
  10
551396.334
  20
74682.616
  30
1.333
  0
VERTEX
  8
GEOMETRY_LAYER_1
  70
32
  10
551392.300
  20
74666.817
  30
1.397
  0
VERTEX
  8
GEOMETRY_LAYER_1
  70
32
  10
551389.910
  20
74659.210
  30
1.477
  0
VERTEX
  8
GEOMETRY_LAYER_1
  70
32
  10
551389.623
  20
74650.910
  30
1.528
  0
VERTEX
  8
GEOMETRY_LAYER_1
  70
32
  10
551397.382
  20
74646.018
  30
1.659
  0
VERTEX
  8
GEOMETRY_LAYER_1
  70
32
  10
551413.928
  20
74658.774
  30
0.562
  0
SEQEND
  8
GEOMETRY_LAYER_1
  0
POLYLINE
  8
GEOMETRY_LAYER_1
  70
8
  66
1
 62
3
 39
1
  0
VERTEX
  8
GEOMETRY_LAYER_1
  70
32
  10
551359.474
  20
74986.214
  30
31.27
  0
VERTEX
  8
GEOMETRY_LAYER_1
  70
32
  10
551359.088
  20
74978.855
  30
31.374
  0
VERTEX
  8
GEOMETRY_LAYER_1
  70
32
  10
551354.313
  20
74975.593
  30
31.833
  0
VERTEX
  8
GEOMETRY_LAYER_1
  70
32
  10
551351.683
  20
74970.046
  30
31.772
  0
VERTEX
  8
GEOMETRY_LAYER_1
  70
32
  10
551349.657
  20
74962.473
  30
31.71
  0
VERTEX
  8
GEOMETRY_LAYER_1
  70
32
  10
551346.247
  20
74954.042
  30
31.697
  0
VERTEX
  8
GEOMETRY_LAYER_1
  70
32
  10
551343.904
  20
74944.309
  30
31.682
  0
VERTEX
  8
GEOMETRY_LAYER_1
  70
32
  10
551342.120
  20
74936.476
  30
31.6
  0
VERTEX
  8
GEOMETRY_LAYER_1
  70
32
  10
551340.163
  20
74928.481
  30
31.257
  0
VERTEX
  8
GEOMETRY_LAYER_1
  70
32
  10
551337.222
  20
74919.313
  30
31.045
  0
VERTEX
  8
GEOMETRY_LAYER_1
  70
32
  10
551327.075
  20
74917.961
  30
31.273
  0
VERTEX
  8
GEOMETRY_LAYER_1
  70
32
  10
551319.243
  20
74920.786
  30
31.762
  0
VERTEX
  8
GEOMETRY_LAYER_1
  70
32
  10
551307.402
  20
74924.617
  30
32.242
  0
VERTEX
  8
GEOMETRY_LAYER_1
  70
32
  10
551309.550
  20
74937.176
  30
32.281
  0
VERTEX
  8
GEOMETRY_LAYER_1
  70
32
  10
551309.146
  20
74946.322
  30
32.521
  0
VERTEX
  8
GEOMETRY_LAYER_1
  70
32
  10
551311.890
  20
74957.226
  30
32.798
  0
VERTEX
  8
GEOMETRY_LAYER_1
  70
32
  10
551313.304
  20
74966.739
  30
33.121
  0
VERTEX
  8
GEOMETRY_LAYER_1
  70
32
  10
551314.706
  20
74974.072
  30
32.828
  0
VERTEX
  8
GEOMETRY_LAYER_1
  70
32
  10
551316.477
  20
74981.666
  30
32.525
  0
VERTEX
  8
GEOMETRY_LAYER_1
  70
32
  10
551318.809
  20
74990.310
  30
32.202
  0
VERTEX
  8
GEOMETRY_LAYER_1
  70
32
  10
551319.630
  20
74999.641
  30
32.515
  0
VERTEX
  8
GEOMETRY_LAYER_1
  70
32
  10
551321.054
  20
75006.522
  30
32.521
  0
VERTEX
  8
GEOMETRY_LAYER_1
  70
32
  10
551322.648
  20
75014.615
  30
33.276
  0
VERTEX
  8
GEOMETRY_LAYER_1
  70
32
  10
551324.847
  20
75024.172
  30
33.499
  0
VERTEX
  8
GEOMETRY_LAYER_1
  70
32
  10
551328.832
  20
75032.795
  30
33.553
  0
VERTEX
  8
GEOMETRY_LAYER_1
  70
32
  10
551334.355
  20
75042.199
  30
33.525
  0
VERTEX
  8
GEOMETRY_LAYER_1
  70
32
  10
551340.401
  20
75045.771
  30
33.623
  0
VERTEX
  8
GEOMETRY_LAYER_1
  70
32
  10
551348.906
  20
75045.950
  30
33.285
  0
VERTEX
  8
GEOMETRY_LAYER_1
  70
32
  10
551354.308
  20
75047.726
  30
33.05
  0
VERTEX
  8
GEOMETRY_LAYER_1
  70
32
  10
551362.535
  20
75043.931
  30
32.855
  0
VERTEX
  8
GEOMETRY_LAYER_1
  70
32
  10
551364.987
  20
75036.427
  30
32.674
  0
VERTEX
  8
GEOMETRY_LAYER_1
  70
32
  10
551361.716
  20
75026.752
  30
32.964
  0
VERTEX
  8
GEOMETRY_LAYER_1
  70
32
  10
551361.143
  20
75021.402
  30
32.416
  0
VERTEX
  8
GEOMETRY_LAYER_1
  70
32
  10
551362.651
  20
75014.268
  30
32.186
  0
VERTEX
  8
GEOMETRY_LAYER_1
  70
32
  10
551359.474
  20
74986.214
  30
31.27
  0
SEQEND
  8
GEOMETRY_LAYER_1
  0
POLYLINE
  8
GEOMETRY_LAYER_1
  70
8
  66
1
 62
3
 39
1
  0
VERTEX
  8
GEOMETRY_LAYER_1
  70
32
  10
551355.489
  20
74980.877
  30
31.374
  0
VERTEX
  8
GEOMETRY_LAYER_1
  70
32
  10
551351.399
  20
74978.082
  30
31.833
  0
VERTEX
  8
GEOMETRY_LAYER_1
  70
32
  10
551348.196
  20
74971.327
  30
31.772
  0
VERTEX
  8
GEOMETRY_LAYER_1
  70
32
  10
551346.142
  20
74963.648
  30
31.71
  0
VERTEX
  8
GEOMETRY_LAYER_1
  70
32
  10
551342.714
  20
74955.175
  30
31.697
  0
VERTEX
  8
GEOMETRY_LAYER_1
  70
32
  10
551340.301
  20
74945.152
  30
31.682
  0
VERTEX
  8
GEOMETRY_LAYER_1
  70
32
  10
551338.519
  20
74937.326
  30
31.6
  0
VERTEX
  8
GEOMETRY_LAYER_1
  70
32
  10
551336.600
  20
74929.488
  30
31.257
  0
VERTEX
  8
GEOMETRY_LAYER_1
  70
32
  10
551334.414
  20
74922.672
  30
31.045
  0
VERTEX
  8
GEOMETRY_LAYER_1
  70
32
  10
551327.481
  20
74921.748
  30
31.273
  0
VERTEX
  8
GEOMETRY_LAYER_1
  70
32
  10
551320.440
  20
74924.288
  30
31.762
  0
VERTEX
  8
GEOMETRY_LAYER_1
  70
32
  10
551311.590
  20
74927.151
  30
32.242
  0
VERTEX
  8
GEOMETRY_LAYER_1
  70
32
  10
551313.264
  20
74936.943
  30
32.281
  0
VERTEX
  8
GEOMETRY_LAYER_1
  70
32
  10
551312.866
  20
74945.944
  30
32.521
  0
VERTEX
  8
GEOMETRY_LAYER_1
  70
32
  10
551315.523
  20
74956.501
  30
32.798
  0
VERTEX
  8
GEOMETRY_LAYER_1
  70
32
  10
551316.952
  20
74966.120
  30
33.121
  0
VERTEX
  8
GEOMETRY_LAYER_1
  70
32
  10
551318.326
  20
74973.305
  30
32.828
  0
VERTEX
  8
GEOMETRY_LAYER_1
  70
32
  10
551320.066
  20
74980.764
  30
32.525
  0
VERTEX
  8
GEOMETRY_LAYER_1
  70
32
  10
551322.466
  20
74989.662
  30
32.202
  0
VERTEX
  8
GEOMETRY_LAYER_1
  70
32
  10
551323.296
  20
74999.101
  30
32.515
  0
VERTEX
  8
GEOMETRY_LAYER_1
  70
32
  10
551324.681
  20
75005.790
  30
32.521
  0
VERTEX
  8
GEOMETRY_LAYER_1
  70
32
  10
551326.267
  20
75013.843
  30
33.276
  0
VERTEX
  8
GEOMETRY_LAYER_1
  70
32
  10
551328.366
  20
75022.968
  30
33.499
  0
VERTEX
  8
GEOMETRY_LAYER_1
  70
32
  10
551332.115
  20
75031.078
  30
33.553
  0
VERTEX
  8
GEOMETRY_LAYER_1
  70
32
  10
551337.061
  20
75039.500
  30
33.525
  0
VERTEX
  8
GEOMETRY_LAYER_1
  70
32
  10
551341.448
  20
75042.093
  30
33.623
  0
VERTEX
  8
GEOMETRY_LAYER_1
  70
32
  10
551349.537
  20
75042.263
  30
33.285
  0
VERTEX
  8
GEOMETRY_LAYER_1
  70
32
  10
551354.081
  20
75043.756
  30
33.05
  0
VERTEX
  8
GEOMETRY_LAYER_1
  70
32
  10
551359.520
  20
75041.247
  30
32.855
  0
VERTEX
  8
GEOMETRY_LAYER_1
  70
32
  10
551361.088
  20
75036.447
  30
32.674
  0
VERTEX
  8
GEOMETRY_LAYER_1
  70
32
  10
551358.081
  20
75027.551
  30
32.964
  0
VERTEX
  8
GEOMETRY_LAYER_1
  70
32
  10
551357.402
  20
75021.212
  30
32.416
  0
VERTEX
  8
GEOMETRY_LAYER_1
  70
32
  10
551358.740
  20
75014.880
  30
32.186
  0
VERTEX
  8
GEOMETRY_LAYER_1
  70
32
  10
551355.489
  20
74980.877
  30
31.374
  0
SEQEND
  8
GEOMETRY_LAYER_1
  0
POLYLINE
  8
GEOMETRY_LAYER_1
  70
8
  66
1
 62
5
 39
1
  0
VERTEX
  8
GEOMETRY_LAYER_1
  70
32
  10
551033.438
  20
74435.032
  30
12.71
  0
VERTEX
  8
GEOMETRY_LAYER_1
  70
32
  10
551032.517
  20
74430.426
  30
13.075
  0
VERTEX
  8
GEOMETRY_LAYER_1
  70
32
  10
551031.198
  20
74424.816
  30
12.974
  0
VERTEX
  8
GEOMETRY_LAYER_1
  70
32
  10
551028.999
  20
74418.332
  30
12.897
  0
VERTEX
  8
GEOMETRY_LAYER_1
  70
32
  10
551028.546
  20
74409.820
  30
13.063
  0
VERTEX
  8
GEOMETRY_LAYER_1
  70
32
  10
551025.786
  20
74405.477
  30
12.368
  0
VERTEX
  8
GEOMETRY_LAYER_1
  70
32
  10
551024.332
  20
74397.231
  30
12.187
  0
VERTEX
  8
GEOMETRY_LAYER_1
  70
32
  10
551025.009
  20
74390.539
  30
11.888
  0
VERTEX
  8
GEOMETRY_LAYER_1
  70
32
  10
551021.579
  20
74380.564
  30
11.58
  0
VERTEX
  8
GEOMETRY_LAYER_1
  70
32
  10
551016.012
  20
74385.854
  30
11.722
  0
VERTEX
  8
GEOMETRY_LAYER_1
  70
32
  10
551014.148
  20
74387.410
  30
12.091
  0
VERTEX
  8
GEOMETRY_LAYER_1
  70
32
  10
551009.105
  20
74388.581
  30
11.841
  0
VERTEX
  8
GEOMETRY_LAYER_1
  70
32
  10
551004.196
  20
74391.411
  30
11.568
  0
VERTEX
  8
GEOMETRY_LAYER_1
  70
32
  10
550997.030
  20
74388.671
  30
11.217
  0
VERTEX
  8
GEOMETRY_LAYER_1
  70
32
  10
550994.171
  20
74396.179
  30
11.217
  0
VERTEX
  8
GEOMETRY_LAYER_1
  70
32
  10
550997.178
  20
74402.366
  30
11.289
  0
VERTEX
  8
GEOMETRY_LAYER_1
  70
32
  10
551000.324
  20
74407.504
  30
11.692
  0
VERTEX
  8
GEOMETRY_LAYER_1
  70
32
  10
551003.320
  20
74412.959
  30
11.841
  0
VERTEX
  8
GEOMETRY_LAYER_1
  70
32
  10
551004.881
  20
74416.042
  30
12.328
  0
VERTEX
  8
GEOMETRY_LAYER_1
  70
32
  10
551004.078
  20
74416.646
  30
12.607
  0
VERTEX
  8
GEOMETRY_LAYER_1
  70
32
  10
550998.117
  20
74417.304
  30
12.775
  0
VERTEX
  8
GEOMETRY_LAYER_1
  70
32
  10
550993.290
  20
74424.707
  30
12.776
  0
VERTEX
  8
GEOMETRY_LAYER_1
  70
32
  10
550995.457
  20
74432.606
  30
13.16
  0
VERTEX
  8
GEOMETRY_LAYER_1
  70
32
  10
550996.770
  20
74437.785
  30
13.347
  0
VERTEX
  8
GEOMETRY_LAYER_1
  70
32
  10
550997.831
  20
74442.163
  30
13.466
  0
VERTEX
  8
GEOMETRY_LAYER_1
  70
32
  10
550999.342
  20
74449.494
  30
13.358
  0
VERTEX
  8
GEOMETRY_LAYER_1
  70
32
  10
551001.354
  20
74456.350
  30
13.435
  0
VERTEX
  8
GEOMETRY_LAYER_1
  70
32
  10
551002.834
  20
74463.724
  30
13.411
  0
VERTEX
  8
GEOMETRY_LAYER_1
  70
32
  10
551007.641
  20
74477.006
  30
13.7
  0
VERTEX
  8
GEOMETRY_LAYER_1
  70
32
  10
551008.611
  20
74480.498
  30
13.691
  0
VERTEX
  8
GEOMETRY_LAYER_1
  70
32
  10
551013.233
  20
74490.920
  30
13.969
  0
VERTEX
  8
GEOMETRY_LAYER_1
  70
32
  10
551025.065
  20
74494.256
  30
13.94
  0
VERTEX
  8
GEOMETRY_LAYER_1
  70
32
  10
551041.028
  20
74491.444
  30
13.628
  0
VERTEX
  8
GEOMETRY_LAYER_1
  70
32
  10
551042.062
  20
74481.873
  30
13.419
  0
VERTEX
  8
GEOMETRY_LAYER_1
  70
32
  10
551042.806
  20
74474.990
  30
13.21
  0
VERTEX
  8
GEOMETRY_LAYER_1
  70
32
  10
551043.622
  20
74467.433
  30
13.002
  0
VERTEX
  8
GEOMETRY_LAYER_1
  70
32
  10
551041.655
  20
74460.207
  30
13.021
  0
VERTEX
  8
GEOMETRY_LAYER_1
  70
32
  10
551039.867
  20
74453.638
  30
13.04
  0
VERTEX
  8
GEOMETRY_LAYER_1
  70
32
  10
551038.061
  20
74447.004
  30
13.059
  0
VERTEX
  8
GEOMETRY_LAYER_1
  70
32
  10
551036.494
  20
74441.984
  30
12.778
  0
VERTEX
  8
GEOMETRY_LAYER_1
  70
32
  10
551033.438
  20
74435.032
  30
12.71
  0
SEQEND
  8
GEOMETRY_LAYER_1
  0
POLYLINE
  8
GEOMETRY_LAYER_1
  70
8
  66
1
 62
5
 39
1
  0
VERTEX
  8
GEOMETRY_LAYER_1
  70
32
  10
551029.908
  20
74435.738
  30
12.71
  0
VERTEX
  8
GEOMETRY_LAYER_1
  70
32
  10
551028.998
  20
74431.191
  30
13.075
  0
VERTEX
  8
GEOMETRY_LAYER_1
  70
32
  10
551027.733
  20
74425.809
  30
12.974
  0
VERTEX
  8
GEOMETRY_LAYER_1
  70
32
  10
551025.430
  20
74419.018
  30
12.897
  0
VERTEX
  8
GEOMETRY_LAYER_1
  70
32
  10
551025.002
  20
74410.954
  30
13.063
  0
VERTEX
  8
GEOMETRY_LAYER_1
  70
32
  10
551022.365
  20
74406.806
  30
12.368
  0
VERTEX
  8
GEOMETRY_LAYER_1
  70
32
  10
551020.700
  20
74397.365
  30
12.187
  0
VERTEX
  8
GEOMETRY_LAYER_1
  70
32
  10
551021.348
  20
74390.963
  30
11.888
  0
VERTEX
  8
GEOMETRY_LAYER_1
  70
32
  10
551019.997
  20
74387.034
  30
11.58
  0
VERTEX
  8
GEOMETRY_LAYER_1
  70
32
  10
551018.408
  20
74388.544
  30
11.722
  0
VERTEX
  8
GEOMETRY_LAYER_1
  70
32
  10
551015.796
  20
74390.724
  30
12.091
  0
VERTEX
  8
GEOMETRY_LAYER_1
  70
32
  10
551010.440
  20
74391.967
  30
11.841
  0
VERTEX
  8
GEOMETRY_LAYER_1
  70
32
  10
551004.510
  20
74395.386
  30
11.568
  0
VERTEX
  8
GEOMETRY_LAYER_1
  70
32
  10
550999.111
  20
74393.321
  30
11.217
  0
VERTEX
  8
GEOMETRY_LAYER_1
  70
32
  10
550998.089
  20
74396.005
  30
11.217
  0
VERTEX
  8
GEOMETRY_LAYER_1
  70
32
  10
551000.340
  20
74400.636
  30
11.289
  0
VERTEX
  8
GEOMETRY_LAYER_1
  70
32
  10
551003.438
  20
74405.696
  30
11.692
  0
VERTEX
  8
GEOMETRY_LAYER_1
  70
32
  10
551006.504
  20
74411.278
  30
11.841
  0
VERTEX
  8
GEOMETRY_LAYER_1
  70
32
  10
551009.455
  20
74417.105
  30
12.328
  0
VERTEX
  8
GEOMETRY_LAYER_1
  70
32
  10
551005.454
  20
74420.117
  30
12.607
  0
VERTEX
  8
GEOMETRY_LAYER_1
  70
32
  10
551000.203
  20
74420.695
  30
12.775
  0
VERTEX
  8
GEOMETRY_LAYER_1
  70
32
  10
550997.190
  20
74425.316
  30
12.776
  0
VERTEX
  8
GEOMETRY_LAYER_1
  70
32
  10
550998.938
  20
74431.687
  30
13.16
  0
VERTEX
  8
GEOMETRY_LAYER_1
  70
32
  10
551000.265
  20
74436.919
  30
13.347
  0
VERTEX
  8
GEOMETRY_LAYER_1
  70
32
  10
551001.345
  20
74441.376
  30
13.466
  0
VERTEX
  8
GEOMETRY_LAYER_1
  70
32
  10
551002.838
  20
74448.622
  30
13.358
  0
VERTEX
  8
GEOMETRY_LAYER_1
  70
32
  10
551004.853
  20
74455.487
  30
13.435
  0
VERTEX
  8
GEOMETRY_LAYER_1
  70
32
  10
551006.311
  20
74462.752
  30
13.411
  0
VERTEX
  8
GEOMETRY_LAYER_1
  70
32
  10
551011.073
  20
74475.910
  30
13.7
  0
VERTEX
  8
GEOMETRY_LAYER_1
  70
32
  10
551012.009
  20
74479.280
  30
13.691
  0
VERTEX
  8
GEOMETRY_LAYER_1
  70
32
  10
551015.838
  20
74487.914
  30
13.969
  0
VERTEX
  8
GEOMETRY_LAYER_1
  70
32
  10
551025.251
  20
74490.567
  30
13.94
  0
VERTEX
  8
GEOMETRY_LAYER_1
  70
32
  10
551037.740
  20
74488.368
  30
13.628
  0
VERTEX
  8
GEOMETRY_LAYER_1
  70
32
  10
551038.483
  20
74481.486
  30
13.419
  0
VERTEX
  8
GEOMETRY_LAYER_1
  70
32
  10
551039.227
  20
74474.603
  30
13.21
  0
VERTEX
  8
GEOMETRY_LAYER_1
  70
32
  10
551039.970
  20
74467.722
  30
13.002
  0
VERTEX
  8
GEOMETRY_LAYER_1
  70
32
  10
551038.182
  20
74461.152
  30
13.021
  0
VERTEX
  8
GEOMETRY_LAYER_1
  70
32
  10
551036.393
  20
74454.583
  30
13.04
  0
VERTEX
  8
GEOMETRY_LAYER_1
  70
32
  10
551034.605
  20
74448.014
  30
13.059
  0
VERTEX
  8
GEOMETRY_LAYER_1
  70
32
  10
551033.058
  20
74443.057
  30
12.778
  0
VERTEX
  8
GEOMETRY_LAYER_1
  70
32
  10
551029.908
  20
74435.738
  30
12.71
  0
SEQEND
  8
GEOMETRY_LAYER_1
  0
POLYLINE
  8
GEOMETRY_LAYER_1
  70
8
  66
1
 62
5
 39
1
  0
VERTEX
  8
GEOMETRY_LAYER_1
  70
32
  10
550957.101
  20
74531.494
  30
19.893
  0
VERTEX
  8
GEOMETRY_LAYER_1
  70
32
  10
550959.854
  20
74541.276
  30
19.86
  0
VERTEX
  8
GEOMETRY_LAYER_1
  70
32
  10
550962.645
  20
74551.586
  30
19.814
  0
VERTEX
  8
GEOMETRY_LAYER_1
  70
32
  10
550963.892
  20
74558.316
  30
20.196
  0
VERTEX
  8
GEOMETRY_LAYER_1
  70
32
  10
550965.667
  20
74564.120
  30
20.405
  0
VERTEX
  8
GEOMETRY_LAYER_1
  70
32
  10
550966.203
  20
74572.049
  30
20.537
  0
VERTEX
  8
GEOMETRY_LAYER_1
  70
32
  10
550958.112
  20
74574.600
  30
20.296
  0
VERTEX
  8
GEOMETRY_LAYER_1
  70
32
  10
550947.603
  20
74576.721
  30
20.121
  0
VERTEX
  8
GEOMETRY_LAYER_1
  70
32
  10
550934.736
  20
74578.360
  30
20.214
  0
VERTEX
  8
GEOMETRY_LAYER_1
  70
32
  10
550932.427
  20
74568.980
  30
20.025
  0
VERTEX
  8
GEOMETRY_LAYER_1
  70
32
  10
550930.743
  20
74562.266
  30
19.86
  0
VERTEX
  8
GEOMETRY_LAYER_1
  70
32
  10
550928.926
  20
74551.752
  30
19.496
  0
VERTEX
  8
GEOMETRY_LAYER_1
  70
32
  10
550926.486
  20
74542.366
  30
19.313
  0
VERTEX
  8
GEOMETRY_LAYER_1
  70
32
  10
550924.794
  20
74534.459
  30
19.278
  0
VERTEX
  8
GEOMETRY_LAYER_1
  70
32
  10
550922.048
  20
74526.975
  30
18.865
  0
VERTEX
  8
GEOMETRY_LAYER_1
  70
32
  10
550919.003
  20
74515.063
  30
18.493
  0
VERTEX
  8
GEOMETRY_LAYER_1
  70
32
  10
550916.651
  20
74506.380
  30
18.173
  0
VERTEX
  8
GEOMETRY_LAYER_1
  70
32
  10
550914.261
  20
74494.996
  30
17.107
  0
VERTEX
  8
GEOMETRY_LAYER_1
  70
32
  10
550909.113
  20
74484.433
  30
16.871
  0
VERTEX
  8
GEOMETRY_LAYER_1
  70
32
  10
550916.621
  20
74473.883
  30
16.723
  0
VERTEX
  8
GEOMETRY_LAYER_1
  70
32
  10
550916.359
  20
74470.237
  30
16.551
  0
VERTEX
  8
GEOMETRY_LAYER_1
  70
32
  10
550913.290
  20
74461.042
  30
16.186
  0
VERTEX
  8
GEOMETRY_LAYER_1
  70
32
  10
550910.865
  20
74451.309
  30
15.738
  0
VERTEX
  8
GEOMETRY_LAYER_1
  70
32
  10
550907.125
  20
74441.928
  30
15.546
  0
VERTEX
  8
GEOMETRY_LAYER_1
  70
32
  10
550903.904
  20
74430.202
  30
15.775
  0
VERTEX
  8
GEOMETRY_LAYER_1
  70
32
  10
550910.906
  20
74419.991
  30
15.288
  0
VERTEX
  8
GEOMETRY_LAYER_1
  70
32
  10
550919.648
  20
74417.104
  30
15.38
  0
VERTEX
  8
GEOMETRY_LAYER_1
  70
32
  10
550925.221
  20
74427.954
  30
15.462
  0
VERTEX
  8
GEOMETRY_LAYER_1
  70
32
  10
550925.869
  20
74431.213
  30
15.477
  0
VERTEX
  8
GEOMETRY_LAYER_1
  70
32
  10
550927.072
  20
74438.892
  30
15.467
  0
VERTEX
  8
GEOMETRY_LAYER_1
  70
32
  10
550930.669
  20
74444.888
  30
16.183
  0
VERTEX
  8
GEOMETRY_LAYER_1
  70
32
  10
550933.442
  20
74455.179
  30
16.399
  0
VERTEX
  8
GEOMETRY_LAYER_1
  70
32
  10
550937.594
  20
74467.436
  30
16.707
  0
VERTEX
  8
GEOMETRY_LAYER_1
  70
32
  10
550941.851
  20
74475.896
  30
17.029
  0
VERTEX
  8
GEOMETRY_LAYER_1
  70
32
  10
550944.403
  20
74484.374
  30
17.015
  0
VERTEX
  8
GEOMETRY_LAYER_1
  70
32
  10
550946.031
  20
74490.094
  30
17.73
  0
VERTEX
  8
GEOMETRY_LAYER_1
  70
32
  10
550947.514
  20
74494.370
  30
18.43
  0
VERTEX
  8
GEOMETRY_LAYER_1
  70
32
  10
550950.693
  20
74505.562
  30
18.805
  0
VERTEX
  8
GEOMETRY_LAYER_1
  70
32
  10
550953.140
  20
74514.790
  30
19.217
  0
VERTEX
  8
GEOMETRY_LAYER_1
  70
32
  10
550954.991
  20
74523.022
  30
19.635
  0
VERTEX
  8
GEOMETRY_LAYER_1
  70
32
  10
550957.101
  20
74531.494
  30
19.893
  0
SEQEND
  8
GEOMETRY_LAYER_1
  0
POLYLINE
  8
GEOMETRY_LAYER_1
  70
8
  66
1
 62
5
 39
1
  0
VERTEX
  8
GEOMETRY_LAYER_1
  70
32
  10
550953.635
  20
74532.470
  30
19.893
  0
VERTEX
  8
GEOMETRY_LAYER_1
  70
32
  10
550956.384
  20
74542.234
  30
19.86
  0
VERTEX
  8
GEOMETRY_LAYER_1
  70
32
  10
550959.131
  20
74552.386
  30
19.814
  0
VERTEX
  8
GEOMETRY_LAYER_1
  70
32
  10
550960.389
  20
74559.174
  30
20.196
  0
VERTEX
  8
GEOMETRY_LAYER_1
  70
32
  10
550962.104
  20
74564.777
  30
20.405
  0
VERTEX
  8
GEOMETRY_LAYER_1
  70
32
  10
550962.420
  20
74569.467
  30
20.537
  0
VERTEX
  8
GEOMETRY_LAYER_1
  70
32
  10
550957.212
  20
74571.109
  30
20.296
  0
VERTEX
  8
GEOMETRY_LAYER_1
  70
32
  10
550947.019
  20
74573.166
  30
20.121
  0
VERTEX
  8
GEOMETRY_LAYER_1
  70
32
  10
550937.464
  20
74574.384
  30
20.214
  0
VERTEX
  8
GEOMETRY_LAYER_1
  70
32
  10
550935.921
  20
74568.112
  30
20.025
  0
VERTEX
  8
GEOMETRY_LAYER_1
  70
32
  10
550934.268
  20
74561.520
  30
19.86
  0
VERTEX
  8
GEOMETRY_LAYER_1
  70
32
  10
550932.447
  20
74550.991
  30
19.496
  0
VERTEX
  8
GEOMETRY_LAYER_1
  70
32
  10
550929.990
  20
74541.536
  30
19.313
  0
VERTEX
  8
GEOMETRY_LAYER_1
  70
32
  10
550928.261
  20
74533.457
  30
19.278
  0
VERTEX
  8
GEOMETRY_LAYER_1
  70
32
  10
550925.491
  20
74525.907
  30
18.865
  0
VERTEX
  8
GEOMETRY_LAYER_1
  70
32
  10
550922.485
  20
74514.147
  30
18.493
  0
VERTEX
  8
GEOMETRY_LAYER_1
  70
32
  10
550920.152
  20
74505.538
  30
18.173
  0
VERTEX
  8
GEOMETRY_LAYER_1
  70
32
  10
550917.692
  20
74493.820
  30
17.107
  0
VERTEX
  8
GEOMETRY_LAYER_1
  70
32
  10
550913.286
  20
74484.777
  30
16.871
  0
VERTEX
  8
GEOMETRY_LAYER_1
  70
32
  10
550920.304
  20
74474.916
  30
16.723
  0
VERTEX
  8
GEOMETRY_LAYER_1
  70
32
  10
550919.917
  20
74469.527
  30
16.551
  0
VERTEX
  8
GEOMETRY_LAYER_1
  70
32
  10
550916.749
  20
74460.035
  30
16.186
  0
VERTEX
  8
GEOMETRY_LAYER_1
  70
32
  10
550914.299
  20
74450.202
  30
15.738
  0
VERTEX
  8
GEOMETRY_LAYER_1
  70
32
  10
550910.543
  20
74440.780
  30
15.546
  0
VERTEX
  8
GEOMETRY_LAYER_1
  70
32
  10
550907.818
  20
74430.859
  30
15.775
  0
VERTEX
  8
GEOMETRY_LAYER_1
  70
32
  10
550913.188
  20
74423.029
  30
15.288
  0
VERTEX
  8
GEOMETRY_LAYER_1
  70
32
  10
550917.853
  20
74421.488
  30
15.38
  0
VERTEX
  8
GEOMETRY_LAYER_1
  70
32
  10
550921.789
  20
74429.150
  30
15.462
  0
VERTEX
  8
GEOMETRY_LAYER_1
  70
32
  10
550922.324
  20
74431.843
  30
15.477
  0
VERTEX
  8
GEOMETRY_LAYER_1
  70
32
  10
550923.624
  20
74440.142
  30
15.467
  0
VERTEX
  8
GEOMETRY_LAYER_1
  70
32
  10
550927.324
  20
74446.309
  30
16.183
  0
VERTEX
  8
GEOMETRY_LAYER_1
  70
32
  10
550929.995
  20
74456.225
  30
16.399
  0
VERTEX
  8
GEOMETRY_LAYER_1
  70
32
  10
550934.265
  20
74468.830
  30
16.707
  0
VERTEX
  8
GEOMETRY_LAYER_1
  70
32
  10
550938.494
  20
74477.234
  30
17.029
  0
VERTEX
  8
GEOMETRY_LAYER_1
  70
32
  10
550940.948
  20
74485.386
  30
17.015
  0
VERTEX
  8
GEOMETRY_LAYER_1
  70
32
  10
550942.597
  20
74491.178
  30
17.73
  0
VERTEX
  8
GEOMETRY_LAYER_1
  70
32
  10
550944.079
  20
74495.452
  30
18.43
  0
VERTEX
  8
GEOMETRY_LAYER_1
  70
32
  10
550947.222
  20
74506.516
  30
18.805
  0
VERTEX
  8
GEOMETRY_LAYER_1
  70
32
  10
550949.643
  20
74515.646
  30
19.217
  0
VERTEX
  8
GEOMETRY_LAYER_1
  70
32
  10
550951.479
  20
74523.812
  30
19.635
  0
VERTEX
  8
GEOMETRY_LAYER_1
  70
32
  10
550953.635
  20
74532.470
  30
19.893
  0
SEQEND
  8
GEOMETRY_LAYER_1
  0
POLYLINE
  8
GEOMETRY_LAYER_1
  70
8
  66
1
 62
3
 39
1
  0
VERTEX
  8
GEOMETRY_LAYER_1
  70
32
  10
550734.859
  20
63542.350
  30
-50.9
  0
VERTEX
  8
GEOMETRY_LAYER_1
  70
32
  10
550735.909
  20
63534.478
  30
-50.544
  0
VERTEX
  8
GEOMETRY_LAYER_1
  70
32
  10
550728.029
  20
63525.875
  30
-49.813
  0
VERTEX
  8
GEOMETRY_LAYER_1
  70
32
  10
550720.212
  20
63532.585
  30
-50.24
  0
VERTEX
  8
GEOMETRY_LAYER_1
  70
32
  10
550717.810
  20
63539.406
  30
-50.911
  0
VERTEX
  8
GEOMETRY_LAYER_1
  70
32
  10
550715.792
  20
63547.484
  30
-51.459
  0
VERTEX
  8
GEOMETRY_LAYER_1
  70
32
  10
550713.959
  20
63551.866
  30
-51.76
  0
VERTEX
  8
GEOMETRY_LAYER_1
  70
32
  10
550711.105
  20
63553.589
  30
-52.348
  0
VERTEX
  8
GEOMETRY_LAYER_1
  70
32
  10
550709.028
  20
63563.145
  30
-53.295
  0
VERTEX
  8
GEOMETRY_LAYER_1
  70
32
  10
550710.889
  20
63572.873
  30
-52.913
  0
VERTEX
  8
GEOMETRY_LAYER_1
  70
32
  10
550710.660
  20
63573.421
  30
-52.722
  0
VERTEX
  8
GEOMETRY_LAYER_1
  70
32
  10
550707.228
  20
63584.248
  30
-52.457
  0
VERTEX
  8
GEOMETRY_LAYER_1
  70
32
  10
550703.795
  20
63595.077
  30
-52.192
  0
VERTEX
  8
GEOMETRY_LAYER_1
  70
32
  10
550709.419
  20
63590.655
  30
-52.255
  0
VERTEX
  8
GEOMETRY_LAYER_1
  70
32
  10
550715.042
  20
63586.234
  30
-52.318
  0
VERTEX
  8
GEOMETRY_LAYER_1
  70
32
  10
550720.665
  20
63581.813
  30
-52.381
  0
VERTEX
  8
GEOMETRY_LAYER_1
  70
32
  10
550726.288
  20
63577.391
  30
-52.444
  0
VERTEX
  8
GEOMETRY_LAYER_1
  70
32
  10
550730.802
  20
63573.134
  30
-52.864
  0
VERTEX
  8
GEOMETRY_LAYER_1
  70
32
  10
550733.291
  20
63563.108
  30
-53.038
  0
VERTEX
  8
GEOMETRY_LAYER_1
  70
32
  10
550733.826
  20
63558.617
  30
-52.665
  0
VERTEX
  8
GEOMETRY_LAYER_1
  70
32
  10
550734.859
  20
63542.350
  30
-50.9
  0
SEQEND
  8
GEOMETRY_LAYER_1
  0
POLYLINE
  8
GEOMETRY_LAYER_1
  70
8
  66
1
 62
3
 39
1
  0
VERTEX
  8
GEOMETRY_LAYER_1
  70
32
  10
550732.223
  20
63535.636
  30
-50.544
  0
VERTEX
  8
GEOMETRY_LAYER_1
  70
32
  10
550727.737
  20
63530.738
  30
-49.813
  0
VERTEX
  8
GEOMETRY_LAYER_1
  70
32
  10
550723.202
  20
63534.631
  30
-50.24
  0
VERTEX
  8
GEOMETRY_LAYER_1
  70
32
  10
550721.166
  20
63540.413
  30
-50.911
  0
VERTEX
  8
GEOMETRY_LAYER_1
  70
32
  10
550719.124
  20
63548.590
  30
-51.459
  0
VERTEX
  8
GEOMETRY_LAYER_1
  70
32
  10
550716.746
  20
63554.271
  30
-51.76
  0
VERTEX
  8
GEOMETRY_LAYER_1
  70
32
  10
550714.205
  20
63555.806
  30
-52.348
  0
VERTEX
  8
GEOMETRY_LAYER_1
  70
32
  10
550712.600
  20
63563.190
  30
-53.295
  0
VERTEX
  8
GEOMETRY_LAYER_1
  70
32
  10
550714.525
  20
63573.252
  30
-52.913
  0
VERTEX
  8
GEOMETRY_LAYER_1
  70
32
  10
550713.949
  20
63574.628
  30
-52.722
  0
VERTEX
  8
GEOMETRY_LAYER_1
  70
32
  10
550710.566
  20
63585.300
  30
-52.192
  0
VERTEX
  8
GEOMETRY_LAYER_1
  70
32
  10
550712.879
  20
63583.482
  30
-52.318
  0
VERTEX
  8
GEOMETRY_LAYER_1
  70
32
  10
550718.502
  20
63579.062
  30
-52.381
  0
VERTEX
  8
GEOMETRY_LAYER_1
  70
32
  10
550724.001
  20
63574.737
  30
-52.444
  0
VERTEX
  8
GEOMETRY_LAYER_1
  70
32
  10
550727.653
  20
63571.293
  30
-52.864
  0
VERTEX
  8
GEOMETRY_LAYER_1
  70
32
  10
550729.841
  20
63562.477
  30
-53.038
  0
VERTEX
  8
GEOMETRY_LAYER_1
  70
32
  10
550730.340
  20
63558.298
  30
-52.665
  0
VERTEX
  8
GEOMETRY_LAYER_1
  70
32
  10
550732.223
  20
63535.636
  30
-50.544
  0
SEQEND
  8
GEOMETRY_LAYER_1
  0
POLYLINE
  8
GEOMETRY_LAYER_1
  70
8
  66
1
 62
1
 39
1
  0
VERTEX
  8
GEOMETRY_LAYER_1
  70
32
  10
550793.757
  20
63754.319
  30
-25.665
  0
VERTEX
  8
GEOMETRY_LAYER_1
  70
32
  10
550815.766
  20
63726.649
  30
-26.53
  0
VERTEX
  8
GEOMETRY_LAYER_1
  70
32
  10
550821.119
  20
63720.001
  30
-26.739
  0
VERTEX
  8
GEOMETRY_LAYER_1
  70
32
  10
550825.381
  20
63713.631
  30
-26.906
  0
VERTEX
  8
GEOMETRY_LAYER_1
  70
32
  10
550832.457
  20
63707.256
  30
-26.935
  0
VERTEX
  8
GEOMETRY_LAYER_1
  70
32
  10
550836.333
  20
63701.020
  30
-27.626
  0
VERTEX
  8
GEOMETRY_LAYER_1
  70
32
  10
550840.172
  20
63695.923
  30
-27.821
  0
VERTEX
  8
GEOMETRY_LAYER_1
  70
32
  10
550843.986
  20
63689.562
  30
-28.403
  0
VERTEX
  8
GEOMETRY_LAYER_1
  70
32
  10
550848.685
  20
63682.137
  30
-28.711
  0
VERTEX
  8
GEOMETRY_LAYER_1
  70
32
  10
550855.834
  20
63660.573
  30
-29.138
  0
VERTEX
  8
GEOMETRY_LAYER_1
  70
32
  10
550858.674
  20
63652.111
  30
-29.309
  0
VERTEX
  8
GEOMETRY_LAYER_1
  70
32
  10
550862.389
  20
63646.799
  30
-28.374
  0
VERTEX
  8
GEOMETRY_LAYER_1
  70
32
  10
550862.333
  20
63638.583
  30
-29.26
  0
VERTEX
  8
GEOMETRY_LAYER_1
  70
32
  10
550858.365
  20
63631.623
  30
-28.598
  0
VERTEX
  8
GEOMETRY_LAYER_1
  70
32
  10
550854.051
  20
63623.767
  30
-18.955
  0
VERTEX
  8
GEOMETRY_LAYER_1
  70
32
  10
550839.831
  20
63635.616
  30
-28.891
  0
VERTEX
  8
GEOMETRY_LAYER_1
  70
32
  10
550839.593
  20
63648.204
  30
-28.998
  0
VERTEX
  8
GEOMETRY_LAYER_1
  70
32
  10
550836.104
  20
63654.951
  30
-29.43
  0
VERTEX
  8
GEOMETRY_LAYER_1
  70
32
  10
550830.865
  20
63662.864
  30
-29.642
  0
VERTEX
  8
GEOMETRY_LAYER_1
  70
32
  10
550827.878
  20
63669.731
  30
-29.613
  0
VERTEX
  8
GEOMETRY_LAYER_1
  70
32
  10
550823.413
  20
63675.776
  30
-29.509
  0
VERTEX
  8
GEOMETRY_LAYER_1
  70
32
  10
550818.414
  20
63683.131
  30
-29.315
  0
VERTEX
  8
GEOMETRY_LAYER_1
  70
32
  10
550814.980
  20
63689.636
  30
-28.978
  0
VERTEX
  8
GEOMETRY_LAYER_1
  70
32
  10
550811.272
  20
63697.129
  30
-28.324
  0
VERTEX
  8
GEOMETRY_LAYER_1
  70
32
  10
550807.792
  20
63701.887
  30
-28.314
  0
VERTEX
  8
GEOMETRY_LAYER_1
  70
32
  10
550804.390
  20
63706.684
  30
-27.91
  0
VERTEX
  8
GEOMETRY_LAYER_1
  70
32
  10
550798.640
  20
63712.985
  30
-27.779
  0
VERTEX
  8
GEOMETRY_LAYER_1
  70
32
  10
550792.485
  20
63720.020
  30
-27.498
  0
VERTEX
  8
GEOMETRY_LAYER_1
  70
32
  10
550787.563
  20
63726.140
  30
-27.168
  0
VERTEX
  8
GEOMETRY_LAYER_1
  70
32
  10
550781.425
  20
63732.788
  30
-27.068
  0
VERTEX
  8
GEOMETRY_LAYER_1
  70
32
  10
550777.735
  20
63733.924
  30
-26.806
  0
VERTEX
  8
GEOMETRY_LAYER_1
  70
32
  10
550769.733
  20
63738.593
  30
-26.536
  0
VERTEX
  8
GEOMETRY_LAYER_1
  70
32
  10
550758.869
  20
63744.447
  30
-21.476
  0
VERTEX
  8
GEOMETRY_LAYER_1
  70
32
  10
550751.579
  20
63742.614
  30
-21.484
  0
VERTEX
  8
GEOMETRY_LAYER_1
  70
32
  10
550746.298
  20
63741.495
  30
-21.432
  0
VERTEX
  8
GEOMETRY_LAYER_1
  70
32
  10
550737.225
  20
63741.250
  30
-21.089
  0
VERTEX
  8
GEOMETRY_LAYER_1
  70
32
  10
550726.743
  20
63737.932
  30
-22.72
  0
VERTEX
  8
GEOMETRY_LAYER_1
  70
32
  10
550719.926
  20
63739.057
  30
-22.391
  0
VERTEX
  8
GEOMETRY_LAYER_1
  70
32
  10
550719.702
  20
63747.000
  30
-9.255
  0
VERTEX
  8
GEOMETRY_LAYER_1
  70
32
  10
550711.238
  20
63759.240
  30
-10.854
  0
VERTEX
  8
GEOMETRY_LAYER_1
  70
32
  10
550718.957
  20
63763.922
  30
-23.607
  0
VERTEX
  8
GEOMETRY_LAYER_1
  70
32
  10
550725.568
  20
63763.894
  30
-23.106
  0
VERTEX
  8
GEOMETRY_LAYER_1
  70
32
  10
550739.743
  20
63765.701
  30
6.997
  0
VERTEX
  8
GEOMETRY_LAYER_1
  70
32
  10
550759.403
  20
63760.965
  30
-21.004
  0
VERTEX
  8
GEOMETRY_LAYER_1
  70
32
  10
550793.757
  20
63754.319
  30
-25.665
  0
SEQEND
  8
GEOMETRY_LAYER_1
  0
POLYLINE
  8
GEOMETRY_LAYER_1
  70
8
  66
1
 62
1
 39
1
  0
VERTEX
  8
GEOMETRY_LAYER_1
  70
32
  10
550795.454
  20
63757.576
  30
-26.408
  0
VERTEX
  8
GEOMETRY_LAYER_1
  70
32
  10
550813.643
  20
63735.990
  30
-25.665
  0
VERTEX
  8
GEOMETRY_LAYER_1
  70
32
  10
550818.580
  20
63728.734
  30
-26.53
  0
VERTEX
  8
GEOMETRY_LAYER_1
  70
32
  10
550823.942
  20
63722.076
  30
-26.739
  0
VERTEX
  8
GEOMETRY_LAYER_1
  70
32
  10
550828.048
  20
63715.940
  30
-26.906
  0
VERTEX
  8
GEOMETRY_LAYER_1
  70
32
  10
550835.168
  20
63709.524
  30
-26.935
  0
VERTEX
  8
GEOMETRY_LAYER_1
  70
32
  10
550839.223
  20
63703.000
  30
-27.626
  0
VERTEX
  8
GEOMETRY_LAYER_1
  70
32
  10
550843.078
  20
63697.881
  30
-27.821
  0
VERTEX
  8
GEOMETRY_LAYER_1
  70
32
  10
550846.966
  20
63691.398
  30
-28.403
  0
VERTEX
  8
GEOMETRY_LAYER_1
  70
32
  10
550851.872
  20
63683.646
  30
-28.711
  0
VERTEX
  8
GEOMETRY_LAYER_1
  70
32
  10
550859.154
  20
63661.680
  30
-29.138
  0
VERTEX
  8
GEOMETRY_LAYER_1
  70
32
  10
550861.831
  20
63653.703
  30
-29.309
  0
VERTEX
  8
GEOMETRY_LAYER_1
  70
32
  10
550865.896
  20
63647.891
  30
-28.374
  0
VERTEX
  8
GEOMETRY_LAYER_1
  70
32
  10
550865.827
  20
63637.645
  30
-29.26
  0
VERTEX
  8
GEOMETRY_LAYER_1
  70
32
  10
550861.419
  20
63629.913
  30
-28.598
  0
VERTEX
  8
GEOMETRY_LAYER_1
  70
32
  10
550855.074
  20
63618.359
  30
-18.955
  0
VERTEX
  8
GEOMETRY_LAYER_1
  70
32
  10
550836.362
  20
63633.951
  30
-28.891
  0
VERTEX
  8
GEOMETRY_LAYER_1
  70
32
  10
550836.109
  20
63647.321
  30
-28.998
  0
VERTEX
  8
GEOMETRY_LAYER_1
  70
32
  10
550833.082
  20
63653.176
  30
-29.43
  0
VERTEX
  8
GEOMETRY_LAYER_1
  70
32
  10
550827.778
  20
63661.187
  30
-29.642
  0
VERTEX
  8
GEOMETRY_LAYER_1
  70
32
  10
550824.827
  20
63667.971
  30
-29.613
  0
VERTEX
  8
GEOMETRY_LAYER_1
  70
32
  10
550820.557
  20
63673.752
  30
-29.509
  0
VERTEX
  8
GEOMETRY_LAYER_1
  70
32
  10
550815.409
  20
63681.325
  30
-29.315
  0
VERTEX
  8
GEOMETRY_LAYER_1
  70
32
  10
550811.864
  20
63688.043
  30
-28.978
  0
VERTEX
  8
GEOMETRY_LAYER_1
  70
32
  10
550808.269
  20
63695.307
  30
-28.324
  0
VERTEX
  8
GEOMETRY_LAYER_1
  70
32
  10
550804.952
  20
63699.841
  30
-28.314
  0
VERTEX
  8
GEOMETRY_LAYER_1
  70
32
  10
550801.660
  20
63704.483
  30
-27.91
  0
VERTEX
  8
GEOMETRY_LAYER_1
  70
32
  10
550796.030
  20
63710.653
  30
-27.779
  0
VERTEX
  8
GEOMETRY_LAYER_1
  70
32
  10
550789.803
  20
63717.770
  30
-27.498
  0
VERTEX
  8
GEOMETRY_LAYER_1
  70
32
  10
550784.911
  20
63723.853
  30
-27.168
  0
VERTEX
  8
GEOMETRY_LAYER_1
  70
32
  10
550779.493
  20
63729.720
  30
-27.068
  0
VERTEX
  8
GEOMETRY_LAYER_1
  70
32
  10
550776.319
  20
63730.698
  30
-26.806
  0
VERTEX
  8
GEOMETRY_LAYER_1
  70
32
  10
550768.021
  20
63735.540
  30
-26.536
  0
VERTEX
  8
GEOMETRY_LAYER_1
  70
32
  10
550758.405
  20
63740.721
  30
-21.476
  0
VERTEX
  8
GEOMETRY_LAYER_1
  70
32
  10
550752.369
  20
63739.204
  30
-21.484
  0
VERTEX
  8
GEOMETRY_LAYER_1
  70
32
  10
550746.712
  20
63738.005
  30
-21.432
  0
VERTEX
  8
GEOMETRY_LAYER_1
  70
32
  10
550737.812
  20
63737.765
  30
-21.089
  0
VERTEX
  8
GEOMETRY_LAYER_1
  70
32
  10
550727.000
  20
63734.343
  30
-22.72
  0
VERTEX
  8
GEOMETRY_LAYER_1
  70
32
  10
550716.508
  20
63736.074
  30
-22.391
  0
VERTEX
  8
GEOMETRY_LAYER_1
  70
32
  10
550716.233
  20
63745.864
  30
-9.255
  0
VERTEX
  8
GEOMETRY_LAYER_1
  70
32
  10
550706.246
  20
63760.305
  30
-10.854
  0
VERTEX
  8
GEOMETRY_LAYER_1
  70
32
  10
550717.985
  20
63767.427
  30
-23.607
  0
VERTEX
  8
GEOMETRY_LAYER_1
  70
32
  10
550725.354
  20
63767.395
  30
-23.106
  0
VERTEX
  8
GEOMETRY_LAYER_1
  70
32
  10
550739.938
  20
63769.254
  30
6.997
  0
VERTEX
  8
GEOMETRY_LAYER_1
  70
32
  10
550760.256
  20
63764.359
  30
-21.004
  0
VERTEX
  8
GEOMETRY_LAYER_1
  70
32
  10
550769.250
  20
63762.007
  30
-23.28
  0
VERTEX
  8
GEOMETRY_LAYER_1
  70
32
  10
550795.454
  20
63757.576
  30
-26.408
  0
SEQEND
  8
GEOMETRY_LAYER_1
  0
POLYLINE
  8
GEOMETRY_LAYER_1
  70
8
  66
1
 62
3
 39
1
  0
VERTEX
  8
GEOMETRY_LAYER_1
  70
32
  10
550233.730
  20
63991.591
  30
-35.505
  0
VERTEX
  8
GEOMETRY_LAYER_1
  70
32
  10
550239.418
  20
63985.282
  30
-36.079
  0
VERTEX
  8
GEOMETRY_LAYER_1
  70
32
  10
550243.916
  20
63981.159
  30
-37.449
  0
VERTEX
  8
GEOMETRY_LAYER_1
  70
32
  10
550244.245
  20
63973.571
  30
-37.556
  0
VERTEX
  8
GEOMETRY_LAYER_1
  70
32
  10
550244.919
  20
63973.013
  30
-37.553
  0
VERTEX
  8
GEOMETRY_LAYER_1
  70
32
  10
550251.758
  20
63967.132
  30
-38.256
  0
VERTEX
  8
GEOMETRY_LAYER_1
  70
32
  10
550255.835
  20
63963.291
  30
-39.74
  0
VERTEX
  8
GEOMETRY_LAYER_1
  70
32
  10
550256.850
  20
63962.499
  30
-39.241
  0
VERTEX
  8
GEOMETRY_LAYER_1
  70
32
  10
550258.424
  20
63961.643
  30
-39.652
  0
VERTEX
  8
GEOMETRY_LAYER_1
  70
32
  10
550262.736
  20
63957.523
  30
-39.666
  0
VERTEX
  8
GEOMETRY_LAYER_1
  70
32
  10
550268.908
  20
63952.786
  30
-40.355
  0
VERTEX
  8
GEOMETRY_LAYER_1
  70
32
  10
550276.572
  20
63946.325
  30
-40.656
  0
VERTEX
  8
GEOMETRY_LAYER_1
  70
32
  10
550268.515
  20
63934.771
  30
-40.525
  0
VERTEX
  8
GEOMETRY_LAYER_1
  70
32
  10
550266.896
  20
63931.253
  30
-42.599
  0
VERTEX
  8
GEOMETRY_LAYER_1
  70
32
  10
550262.449
  20
63932.630
  30
-41.053
  0
VERTEX
  8
GEOMETRY_LAYER_1
  70
32
  10
550256.479
  20
63937.392
  30
-41.733
  0
VERTEX
  8
GEOMETRY_LAYER_1
  70
32
  10
550248.663
  20
63943.156
  30
-39.952
  0
VERTEX
  8
GEOMETRY_LAYER_1
  70
32
  10
550242.729
  20
63948.917
  30
-39.261
  0
VERTEX
  8
GEOMETRY_LAYER_1
  70
32
  10
550236.643
  20
63954.898
  30
-36.352
  0
VERTEX
  8
GEOMETRY_LAYER_1
  70
32
  10
550225.446
  20
63963.089
  30
-38.654
  0
VERTEX
  8
GEOMETRY_LAYER_1
  70
32
  10
550224.854
  20
63971.250
  30
-36.573
  0
VERTEX
  8
GEOMETRY_LAYER_1
  70
32
  10
550217.984
  20
63977.636
  30
-35.877
  0
VERTEX
  8
GEOMETRY_LAYER_1
  70
32
  10
550213.090
  20
63982.464
  30
-34.905
  0
VERTEX
  8
GEOMETRY_LAYER_1
  70
32
  10
550212.758
  20
63982.698
  30
-34.953
  0
VERTEX
  8
GEOMETRY_LAYER_1
  70
32
  10
550200.858
  20
64001.322
  30
-32.528
  0
VERTEX
  8
GEOMETRY_LAYER_1
  70
32
  10
550201.988
  20
64008.297
  30
-31.589
  0
VERTEX
  8
GEOMETRY_LAYER_1
  70
32
  10
550208.209
  20
64009.425
  30
-33.126
  0
VERTEX
  8
GEOMETRY_LAYER_1
  70
32
  10
550214.151
  20
64005.755
  30
-33.12
  0
VERTEX
  8
GEOMETRY_LAYER_1
  70
32
  10
550220.170
  20
64001.818
  30
-34.186
  0
VERTEX
  8
GEOMETRY_LAYER_1
  70
32
  10
550227.025
  20
63996.741
  30
-34.941
  0
VERTEX
  8
GEOMETRY_LAYER_1
  70
32
  10
550233.730
  20
63991.591
  30
-35.505
  0
SEQEND
  8
GEOMETRY_LAYER_1
  0
POLYLINE
  8
GEOMETRY_LAYER_1
  70
8
  66
1
 62
3
 39
1
  0
VERTEX
  8
GEOMETRY_LAYER_1
  70
32
  10
550241.906
  20
63987.749
  30
-36.079
  0
VERTEX
  8
GEOMETRY_LAYER_1
  70
32
  10
550247.350
  20
63982.759
  30
-37.449
  0
VERTEX
  8
GEOMETRY_LAYER_1
  70
32
  10
550247.675
  20
63975.275
  30
-37.556
  0
VERTEX
  8
GEOMETRY_LAYER_1
  70
32
  10
550254.101
  20
63969.735
  30
-38.256
  0
VERTEX
  8
GEOMETRY_LAYER_1
  70
32
  10
550258.117
  20
63965.951
  30
-39.74
  0
VERTEX
  8
GEOMETRY_LAYER_1
  70
32
  10
550258.776
  20
63965.436
  30
-39.241
  0
VERTEX
  8
GEOMETRY_LAYER_1
  70
32
  10
550260.505
  20
63964.495
  30
-39.652
  0
VERTEX
  8
GEOMETRY_LAYER_1
  70
32
  10
550265.017
  20
63960.184
  30
-39.666
  0
VERTEX
  8
GEOMETRY_LAYER_1
  70
32
  10
550271.103
  20
63955.513
  30
-40.355
  0
VERTEX
  8
GEOMETRY_LAYER_1
  70
32
  10
550281.270
  20
63946.942
  30
-40.656
  0
VERTEX
  8
GEOMETRY_LAYER_1
  70
32
  10
550271.564
  20
63933.025
  30
-40.525
  0
VERTEX
  8
GEOMETRY_LAYER_1
  70
32
  10
550268.793
  20
63927.002
  30
-42.599
  0
VERTEX
  8
GEOMETRY_LAYER_1
  70
32
  10
550260.783
  20
63929.482
  30
-41.053
  0
VERTEX
  8
GEOMETRY_LAYER_1
  70
32
  10
550254.349
  20
63934.615
  30
-41.733
  0
VERTEX
  8
GEOMETRY_LAYER_1
  70
32
  10
550246.395
  20
63940.480
  30
-39.952
  0
VERTEX
  8
GEOMETRY_LAYER_1
  70
32
  10
550240.283
  20
63946.413
  30
-39.261
  0
VERTEX
  8
GEOMETRY_LAYER_1
  70
32
  10
550234.371
  20
63952.223
  30
-36.352
  0
VERTEX
  8
GEOMETRY_LAYER_1
  70
32
  10
550222.073
  20
63961.221
  30
-38.654
  0
VERTEX
  8
GEOMETRY_LAYER_1
  70
32
  10
550221.463
  20
63969.624
  30
-36.573
  0
VERTEX
  8
GEOMETRY_LAYER_1
  70
32
  10
550215.563
  20
63975.108
  30
-35.877
  0
VERTEX
  8
GEOMETRY_LAYER_1
  70
32
  10
550210.840
  20
63979.768
  30
-34.905
  0
VERTEX
  8
GEOMETRY_LAYER_1
  70
32
  10
550210.180
  20
63980.231
  30
-34.953
  0
VERTEX
  8
GEOMETRY_LAYER_1
  70
32
  10
550197.189
  20
64000.563
  30
-32.528
  0
VERTEX
  8
GEOMETRY_LAYER_1
  70
32
  10
550198.929
  20
64011.299
  30
-31.589
  0
VERTEX
  8
GEOMETRY_LAYER_1
  70
32
  10
550208.906
  20
64013.109
  30
-33.126
  0
VERTEX
  8
GEOMETRY_LAYER_1
  70
32
  10
550216.029
  20
64008.709
  30
-33.12
  0
VERTEX
  8
GEOMETRY_LAYER_1
  70
32
  10
550222.171
  20
64004.691
  30
-34.186
  0
VERTEX
  8
GEOMETRY_LAYER_1
  70
32
  10
550229.133
  20
63999.535
  30
-34.941
  0
VERTEX
  8
GEOMETRY_LAYER_1
  70
32
  10
550241.906
  20
63987.749
  30
-36.079
  0
SEQEND
  8
GEOMETRY_LAYER_1
  0
POLYLINE
  8
GEOMETRY_LAYER_1
  70
8
  66
1
 62
1
 39
1
  0
VERTEX
  8
GEOMETRY_LAYER_1
  70
32
  10
550780.712
  20
63505.803
  30
-36.419
  0
VERTEX
  8
GEOMETRY_LAYER_1
  70
32
  10
550790.845
  20
63519.123
  30
-35.959
  0
VERTEX
  8
GEOMETRY_LAYER_1
  70
32
  10
550809.028
  20
63542.731
  30
-33.667
  0
VERTEX
  8
GEOMETRY_LAYER_1
  70
32
  10
550803.130
  20
63546.169
  30
-33.621
  0
VERTEX
  8
GEOMETRY_LAYER_1
  70
32
  10
550798.588
  20
63542.858
  30
-34.804
  0
VERTEX
  8
GEOMETRY_LAYER_1
  70
32
  10
550789.958
  20
63541.343
  30
-35.7
  0
VERTEX
  8
GEOMETRY_LAYER_1
  70
32
  10
550783.621
  20
63538.882
  30
-36.194
  0
VERTEX
  8
GEOMETRY_LAYER_1
  70
32
  10
550778.324
  20
63536.313
  30
-36.44
  0
VERTEX
  8
GEOMETRY_LAYER_1
  70
32
  10
550771.778
  20
63528.783
  30
-36.481
  0
VERTEX
  8
GEOMETRY_LAYER_1
  70
32
  10
550765.449
  20
63521.066
  30
-36.702
  0
VERTEX
  8
GEOMETRY_LAYER_1
  70
32
  10
550759.067
  20
63520.845
  30
-36.923
  0
VERTEX
  8
GEOMETRY_LAYER_1
  70
32
  10
550752.402
  20
63513.125
  30
-37.809
  0
VERTEX
  8
GEOMETRY_LAYER_1
  70
32
  10
550748.794
  20
63506.967
  30
-36.819
  0
VERTEX
  8
GEOMETRY_LAYER_1
  70
32
  10
550748.148
  20
63497.705
  30
-37.701
  0
VERTEX
  8
GEOMETRY_LAYER_1
  70
32
  10
550760.513
  20
63492.794
  30
-37.526
  0
VERTEX
  8
GEOMETRY_LAYER_1
  70
32
  10
550768.700
  20
63493.806
  30
-37.351
  0
VERTEX
  8
GEOMETRY_LAYER_1
  70
32
  10
550780.712
  20
63505.803
  30
-36.419
  0
SEQEND
  8
GEOMETRY_LAYER_1
  0
POLYLINE
  8
GEOMETRY_LAYER_1
  70
8
  66
1
 62
1
 39
1
  0
VERTEX
  8
GEOMETRY_LAYER_1
  70
32
  10
550778.071
  20
63508.112
  30
-36.419
  0
VERTEX
  8
GEOMETRY_LAYER_1
  70
32
  10
550788.066
  20
63521.250
  30
-35.959
  0
VERTEX
  8
GEOMETRY_LAYER_1
  70
32
  10
550803.826
  20
63541.712
  30
-33.667
  0
VERTEX
  8
GEOMETRY_LAYER_1
  70
32
  10
550803.343
  20
63541.994
  30
-33.621
  0
VERTEX
  8
GEOMETRY_LAYER_1
  70
32
  10
550799.994
  20
63539.551
  30
-34.804
  0
VERTEX
  8
GEOMETRY_LAYER_1
  70
32
  10
550790.903
  20
63537.955
  30
-35.7
  0
VERTEX
  8
GEOMETRY_LAYER_1
  70
32
  10
550785.020
  20
63535.671
  30
-36.194
  0
VERTEX
  8
GEOMETRY_LAYER_1
  70
32
  10
550780.496
  20
63533.476
  30
-36.44
  0
VERTEX
  8
GEOMETRY_LAYER_1
  70
32
  10
550774.453
  20
63526.524
  30
-36.481
  0
VERTEX
  8
GEOMETRY_LAYER_1
  70
32
  10
550767.152
  20
63517.622
  30
-36.702
  0
VERTEX
  8
GEOMETRY_LAYER_1
  70
32
  10
550760.716
  20
63517.400
  30
-36.923
  0
VERTEX
  8
GEOMETRY_LAYER_1
  70
32
  10
550755.260
  20
63511.080
  30
-37.809
  0
VERTEX
  8
GEOMETRY_LAYER_1
  70
32
  10
550752.228
  20
63505.906
  30
-36.819
  0
VERTEX
  8
GEOMETRY_LAYER_1
  70
32
  10
550751.817
  20
63500.014
  30
-37.701
  0
VERTEX
  8
GEOMETRY_LAYER_1
  70
32
  10
550760.973
  20
63496.377
  30
-37.526
  0
VERTEX
  8
GEOMETRY_LAYER_1
  70
32
  10
550767.077
  20
63497.132
  30
-37.351
  0
VERTEX
  8
GEOMETRY_LAYER_1
  70
32
  10
550778.071
  20
63508.112
  30
-36.419
  0
SEQEND
  8
GEOMETRY_LAYER_1
  0
POLYLINE
  8
GEOMETRY_LAYER_1
  70
8
  66
1
 62
1
 39
1
  0
VERTEX
  8
GEOMETRY_LAYER_1
  70
32
  10
550359.497
  20
63888.069
  30
-34.513
  0
VERTEX
  8
GEOMETRY_LAYER_1
  70
32
  10
550351.537
  20
63893.722
  30
-34.239
  0
VERTEX
  8
GEOMETRY_LAYER_1
  70
32
  10
550344.726
  20
63901.199
  30
-33.445
  0
VERTEX
  8
GEOMETRY_LAYER_1
  70
32
  10
550338.545
  20
63909.373
  30
-32.206
  0
VERTEX
  8
GEOMETRY_LAYER_1
  70
32
  10
550333.482
  20
63913.153
  30
-31.557
  0
VERTEX
  8
GEOMETRY_LAYER_1
  70
32
  10
550328.355
  20
63918.417
  30
-31.662
  0
VERTEX
  8
GEOMETRY_LAYER_1
  70
32
  10
550327.342
  20
63918.927
  30
-31.612
  0
VERTEX
  8
GEOMETRY_LAYER_1
  70
32
  10
550320.790
  20
63921.745
  30
-31.406
  0
VERTEX
  8
GEOMETRY_LAYER_1
  70
32
  10
550319.077
  20
63923.168
  30
-31.395
  0
VERTEX
  8
GEOMETRY_LAYER_1
  70
32
  10
550313.174
  20
63926.321
  30
-31.439
  0
VERTEX
  8
GEOMETRY_LAYER_1
  70
32
  10
550304.153
  20
63932.917
  30
-31.556
  0
VERTEX
  8
GEOMETRY_LAYER_1
  70
32
  10
550298.374
  20
63938.062
  30
-31.735
  0
VERTEX
  8
GEOMETRY_LAYER_1
  70
32
  10
550290.678
  20
63944.237
  30
-31.233
  0
VERTEX
  8
GEOMETRY_LAYER_1
  70
32
  10
550284.951
  20
63949.269
  30
-30.9
  0
VERTEX
  8
GEOMETRY_LAYER_1
  70
32
  10
550268.245
  20
63963.137
  30
-29.369
  0
VERTEX
  8
GEOMETRY_LAYER_1
  70
32
  10
550266.588
  20
63973.114
  30
-31.61
  0
VERTEX
  8
GEOMETRY_LAYER_1
  70
32
  10
550273.733
  20
63968.014
  30
-31.691
  0
VERTEX
  8
GEOMETRY_LAYER_1
  70
32
  10
550280.538
  20
63963.346
  30
-31.534
  0
VERTEX
  8
GEOMETRY_LAYER_1
  70
32
  10
550287.641
  20
63958.879
  30
-31.585
  0
VERTEX
  8
GEOMETRY_LAYER_1
  70
32
  10
550294.024
  20
63954.349
  30
-31.495
  0
VERTEX
  8
GEOMETRY_LAYER_1
  70
32
  10
550301.296
  20
63949.567
  30
-32.019
  0
VERTEX
  8
GEOMETRY_LAYER_1
  70
32
  10
550308.773
  20
63944.006
  30
-32.087
  0
VERTEX
  8
GEOMETRY_LAYER_1
  70
32
  10
550315.422
  20
63937.991
  30
-31.893
  0
VERTEX
  8
GEOMETRY_LAYER_1
  70
32
  10
550322.025
  20
63932.674
  30
-32.039
  0
VERTEX
  8
GEOMETRY_LAYER_1
  70
32
  10
550329.055
  20
63928.024
  30
-31.924
  0
VERTEX
  8
GEOMETRY_LAYER_1
  70
32
  10
550338.328
  20
63920.912
  30
-32.52
  0
VERTEX
  8
GEOMETRY_LAYER_1
  70
32
  10
550343.997
  20
63916.800
  30
-32.845
  0
VERTEX
  8
GEOMETRY_LAYER_1
  70
32
  10
550354.879
  20
63908.070
  30
-33.213
  0
VERTEX
  8
GEOMETRY_LAYER_1
  70
32
  10
550362.821
  20
63900.304
  30
-34.253
  0
VERTEX
  8
GEOMETRY_LAYER_1
  70
32
  10
550370.366
  20
63895.694
  30
-34.04
  0
VERTEX
  8
GEOMETRY_LAYER_1
  70
32
  10
550359.497
  20
63888.069
  30
-34.513
  0
SEQEND
  8
GEOMETRY_LAYER_1
  0
POLYLINE
  8
GEOMETRY_LAYER_1
  70
8
  66
1
 62
1
 39
1
  0
VERTEX
  8
GEOMETRY_LAYER_1
  70
32
  10
550359.907
  20
63883.517
  30
-34.239
  0
VERTEX
  8
GEOMETRY_LAYER_1
  70
32
  10
550342.030
  20
63898.960
  30
-33.445
  0
VERTEX
  8
GEOMETRY_LAYER_1
  70
32
  10
550336.053
  20
63906.866
  30
-32.206
  0
VERTEX
  8
GEOMETRY_LAYER_1
  70
32
  10
550331.167
  20
63910.513
  30
-31.557
  0
VERTEX
  8
GEOMETRY_LAYER_1
  70
32
  10
550326.258
  20
63915.555
  30
-31.662
  0
VERTEX
  8
GEOMETRY_LAYER_1
  70
32
  10
550325.863
  20
63915.753
  30
-31.612
  0
VERTEX
  8
GEOMETRY_LAYER_1
  70
32
  10
550318.943
  20
63918.730
  30
-31.406
  0
VERTEX
  8
GEOMETRY_LAYER_1
  70
32
  10
550317.114
  20
63920.248
  30
-31.395
  0
VERTEX
  8
GEOMETRY_LAYER_1
  70
32
  10
550311.307
  20
63923.350
  30
-31.439
  0
VERTEX
  8
GEOMETRY_LAYER_1
  70
32
  10
550301.951
  20
63930.192
  30
-31.556
  0
VERTEX
  8
GEOMETRY_LAYER_1
  70
32
  10
550296.114
  20
63935.388
  30
-31.735
  0
VERTEX
  8
GEOMETRY_LAYER_1
  70
32
  10
550288.427
  20
63941.556
  30
-31.233
  0
VERTEX
  8
GEOMETRY_LAYER_1
  70
32
  10
550282.678
  20
63946.608
  30
-30.9
  0
VERTEX
  8
GEOMETRY_LAYER_1
  70
32
  10
550264.445
  20
63962.884
  30
-29.369
  0
VERTEX
  8
GEOMETRY_LAYER_1
  70
32
  10
550264.141
  20
63978.018
  30
-31.61
  0
VERTEX
  8
GEOMETRY_LAYER_1
  70
32
  10
550275.740
  20
63970.882
  30
-31.691
  0
VERTEX
  8
GEOMETRY_LAYER_1
  70
32
  10
550282.460
  20
63966.272
  30
-31.534
  0
VERTEX
  8
GEOMETRY_LAYER_1
  70
32
  10
550289.587
  20
63961.790
  30
-31.585
  0
VERTEX
  8
GEOMETRY_LAYER_1
  70
32
  10
550295.999
  20
63957.239
  30
-31.495
  0
VERTEX
  8
GEOMETRY_LAYER_1
  70
32
  10
550303.303
  20
63952.436
  30
-32.019
  0
VERTEX
  8
GEOMETRY_LAYER_1
  70
32
  10
550310.997
  20
63946.714
  30
-32.087
  0
VERTEX
  8
GEOMETRY_LAYER_1
  70
32
  10
550317.695
  20
63940.654
  30
-31.893
  0
VERTEX
  8
GEOMETRY_LAYER_1
  70
32
  10
550324.093
  20
63935.503
  30
-32.039
  0
VERTEX
  8
GEOMETRY_LAYER_1
  70
32
  10
550331.088
  20
63930.875
  30
-31.924
  0
VERTEX
  8
GEOMETRY_LAYER_1
  70
32
  10
550340.421
  20
63923.717
  30
-32.52
  0
VERTEX
  8
GEOMETRY_LAYER_1
  70
32
  10
550346.120
  20
63919.583
  30
-32.845
  0
VERTEX
  8
GEOMETRY_LAYER_1
  70
32
  10
550357.203
  20
63910.693
  30
-33.213
  0
VERTEX
  8
GEOMETRY_LAYER_1
  70
32
  10
550375.381
  20
63895.612
  30
-34.253
  0
VERTEX
  8
GEOMETRY_LAYER_1
  70
32
  10
550359.907
  20
63883.517
  30
-34.239
  0
SEQEND
  8
GEOMETRY_LAYER_1
  0
POLYLINE
  8
GEOMETRY_LAYER_1
  70
8
  66
1
 62
3
 39
1
  0
VERTEX
  8
GEOMETRY_LAYER_1
  70
32
  10
552126.969
  20
78504.495
  30
-50.539
  0
VERTEX
  8
GEOMETRY_LAYER_1
  70
32
  10
552130.271
  20
78497.099
  30
-51.1
  0
VERTEX
  8
GEOMETRY_LAYER_1
  70
32
  10
552133.032
  20
78484.234
  30
-50.687
  0
VERTEX
  8
GEOMETRY_LAYER_1
  70
32
  10
552134.771
  20
78477.535
  30
-51.054
  0
VERTEX
  8
GEOMETRY_LAYER_1
  70
32
  10
552133.420
  20
78448.448
  30
-47.868
  0
VERTEX
  8
GEOMETRY_LAYER_1
  70
32
  10
552136.793
  20
78437.844
  30
-47.47
  0
VERTEX
  8
GEOMETRY_LAYER_1
  70
32
  10
552139.680
  20
78417.131
  30
-45.643
  0
VERTEX
  8
GEOMETRY_LAYER_1
  70
32
  10
552136.689
  20
78411.460
  30
-45.716
  0
VERTEX
  8
GEOMETRY_LAYER_1
  70
32
  10
552138.647
  20
78406.138
  30
-45.16
  0
VERTEX
  8
GEOMETRY_LAYER_1
  70
32
  10
552136.720
  20
78400.895
  30
-44.549
  0
VERTEX
  8
GEOMETRY_LAYER_1
  70
32
  10
552137.560
  20
78392.865
  30
-43.26
  0
VERTEX
  8
GEOMETRY_LAYER_1
  70
32
  10
552136.081
  20
78383.949
  30
-41.493
  0
VERTEX
  8
GEOMETRY_LAYER_1
  70
32
  10
552137.474
  20
78375.276
  30
-40.102
  0
VERTEX
  8
GEOMETRY_LAYER_1
  70
32
  10
552139.108
  20
78366.903
  30
-39.577
  0
VERTEX
  8
GEOMETRY_LAYER_1
  70
32
  10
552141.525
  20
78358.824
  30
-39.46
  0
VERTEX
  8
GEOMETRY_LAYER_1
  70
32
  10
552143.111
  20
78349.030
  30
-39.541
  0
VERTEX
  8
GEOMETRY_LAYER_1
  70
32
  10
552142.635
  20
78336.680
  30
-39.224
  0
VERTEX
  8
GEOMETRY_LAYER_1
  70
32
  10
552136.122
  20
78322.454
  30
-39.25
  0
VERTEX
  8
GEOMETRY_LAYER_1
  70
32
  10
552130.699
  20
78344.216
  30
-39.692
  0
VERTEX
  8
GEOMETRY_LAYER_1
  70
32
  10
552129.844
  20
78353.675
  30
-39.519
  0
VERTEX
  8
GEOMETRY_LAYER_1
  70
32
  10
552128.383
  20
78362.413
  30
-39.519
  0
VERTEX
  8
GEOMETRY_LAYER_1
  70
32
  10
552125.798
  20
78370.369
  30
-39.906
  0
VERTEX
  8
GEOMETRY_LAYER_1
  70
32
  10
552124.221
  20
78378.411
  30
-40.6
  0
VERTEX
  8
GEOMETRY_LAYER_1
  70
32
  10
552122.954
  20
78387.887
  30
-42.277
  0
VERTEX
  8
GEOMETRY_LAYER_1
  70
32
  10
552121.476
  20
78390.898
  30
-43.615
  0
VERTEX
  8
GEOMETRY_LAYER_1
  70
32
  10
552119.559
  20
78391.124
  30
-44.152
  0
VERTEX
  8
GEOMETRY_LAYER_1
  70
32
  10
552114.370
  20
78399.687
  30
-45.168
  0
VERTEX
  8
GEOMETRY_LAYER_1
  70
32
  10
552110.630
  20
78409.288
  30
-45.807
  0
VERTEX
  8
GEOMETRY_LAYER_1
  70
32
  10
552109.408
  20
78420.307
  30
-46.438
  0
VERTEX
  8
GEOMETRY_LAYER_1
  70
32
  10
552107.718
  20
78431.291
  30
-47.191
  0
VERTEX
  8
GEOMETRY_LAYER_1
  70
32
  10
552106.056
  20
78439.607
  30
-47.552
  0
VERTEX
  8
GEOMETRY_LAYER_1
  70
32
  10
552103.648
  20
78449.653
  30
-47.646
  0
VERTEX
  8
GEOMETRY_LAYER_1
  70
32
  10
552104.867
  20
78461.826
  30
-48.05
  0
VERTEX
  8
GEOMETRY_LAYER_1
  70
32
  10
552102.177
  20
78474.223
  30
-49.316
  0
VERTEX
  8
GEOMETRY_LAYER_1
  70
32
  10
552105.613
  20
78481.317
  30
-50.502
  0
VERTEX
  8
GEOMETRY_LAYER_1
  70
32
  10
552103.098
  20
78491.084
  30
-50.505
  0
VERTEX
  8
GEOMETRY_LAYER_1
  70
32
  10
552101.658
  20
78499.615
  30
-50.171
  0
VERTEX
  8
GEOMETRY_LAYER_1
  70
32
  10
552095.035
  20
78505.325
  30
-50.007
  0
VERTEX
  8
GEOMETRY_LAYER_1
  70
32
  10
552093.055
  20
78516.607
  30
-50.082
  0
VERTEX
  8
GEOMETRY_LAYER_1
  70
32
  10
552090.807
  20
78526.269
  30
-50.162
  0
VERTEX
  8
GEOMETRY_LAYER_1
  70
32
  10
552087.244
  20
78532.704
  30
-50.107
  0
VERTEX
  8
GEOMETRY_LAYER_1
  70
32
  10
552079.566
  20
78537.734
  30
-50.094
  0
VERTEX
  8
GEOMETRY_LAYER_1
  70
32
  10
552078.152
  20
78550.767
  30
-49.691
  0
VERTEX
  8
GEOMETRY_LAYER_1
  70
32
  10
552075.917
  20
78560.378
  30
-49.445
  0
VERTEX
  8
GEOMETRY_LAYER_1
  70
32
  10
552073.791
  20
78570.127
  30
-48.828
  0
VERTEX
  8
GEOMETRY_LAYER_1
  70
32
  10
552075.619
  20
78581.199
  30
-47.753
  0
VERTEX
  8
GEOMETRY_LAYER_1
  70
32
  10
552082.117
  20
78589.811
  30
-46.774
  0
VERTEX
  8
GEOMETRY_LAYER_1
  70
32
  10
552090.459
  20
78596.215
  30
-46.301
  0
VERTEX
  8
GEOMETRY_LAYER_1
  70
32
  10
552102.653
  20
78593.880
  30
-47.007
  0
VERTEX
  8
GEOMETRY_LAYER_1
  70
32
  10
552110.845
  20
78596.400
  30
-46.864
  0
VERTEX
  8
GEOMETRY_LAYER_1
  70
32
  10
552112.897
  20
78582.866
  30
-47.493
  0
VERTEX
  8
GEOMETRY_LAYER_1
  70
32
  10
552115.384
  20
78575.479
  30
-47.971
  0
VERTEX
  8
GEOMETRY_LAYER_1
  70
32
  10
552117.895
  20
78564.160
  30
-48.219
  0
VERTEX
  8
GEOMETRY_LAYER_1
  70
32
  10
552119.345
  20
78553.804
  30
-48.761
  0
VERTEX
  8
GEOMETRY_LAYER_1
  70
32
  10
552120.764
  20
78544.398
  30
-49.117
  0
VERTEX
  8
GEOMETRY_LAYER_1
  70
32
  10
552123.291
  20
78534.022
  30
-49.846
  0
VERTEX
  8
GEOMETRY_LAYER_1
  70
32
  10
552125.255
  20
78524.218
  30
-50.433
  0
VERTEX
  8
GEOMETRY_LAYER_1
  70
32
  10
552125.291
  20
78513.947
  30
-50.171
  0
VERTEX
  8
GEOMETRY_LAYER_1
  70
32
  10
552126.969
  20
78504.495
  30
-50.539
  0
SEQEND
  8
GEOMETRY_LAYER_1
  0
POLYLINE
  8
GEOMETRY_LAYER_1
  70
8
  66
1
 62
3
 39
1
  0
VERTEX
  8
GEOMETRY_LAYER_1
  70
32
  10
552123.317
  20
78502.864
  30
-50.539
  0
VERTEX
  8
GEOMETRY_LAYER_1
  70
32
  10
552126.448
  20
78495.851
  30
-51.1
  0
VERTEX
  8
GEOMETRY_LAYER_1
  70
32
  10
552129.138
  20
78483.312
  30
-50.687
  0
VERTEX
  8
GEOMETRY_LAYER_1
  70
32
  10
552130.747
  20
78477.115
  30
-51.054
  0
VERTEX
  8
GEOMETRY_LAYER_1
  70
32
  10
552129.391
  20
78447.918
  30
-47.868
  0
VERTEX
  8
GEOMETRY_LAYER_1
  70
32
  10
552132.878
  20
78436.956
  30
-47.47
  0
VERTEX
  8
GEOMETRY_LAYER_1
  70
32
  10
552135.540
  20
78417.856
  30
-45.643
  0
VERTEX
  8
GEOMETRY_LAYER_1
  70
32
  10
552132.320
  20
78411.750
  30
-45.716
  0
VERTEX
  8
GEOMETRY_LAYER_1
  70
32
  10
552134.385
  20
78406.137
  30
-45.16
  0
VERTEX
  8
GEOMETRY_LAYER_1
  70
32
  10
552132.645
  20
78401.403
  30
-44.549
  0
VERTEX
  8
GEOMETRY_LAYER_1
  70
32
  10
552133.525
  20
78392.986
  30
-43.26
  0
VERTEX
  8
GEOMETRY_LAYER_1
  70
32
  10
552132.028
  20
78383.960
  30
-41.493
  0
VERTEX
  8
GEOMETRY_LAYER_1
  70
32
  10
552133.535
  20
78374.575
  30
-40.102
  0
VERTEX
  8
GEOMETRY_LAYER_1
  70
32
  10
552135.219
  20
78365.944
  30
-39.577
  0
VERTEX
  8
GEOMETRY_LAYER_1
  70
32
  10
552137.618
  20
78357.927
  30
-39.46
  0
VERTEX
  8
GEOMETRY_LAYER_1
  70
32
  10
552139.098
  20
78348.785
  30
-39.541
  0
VERTEX
  8
GEOMETRY_LAYER_1
  70
32
  10
552138.668
  20
78337.626
  30
-39.224
  0
VERTEX
  8
GEOMETRY_LAYER_1
  70
32
  10
552137.241
  20
78334.508
  30
-39.25
  0
VERTEX
  8
GEOMETRY_LAYER_1
  70
32
  10
552134.655
  20
78344.884
  30
-39.692
  0
VERTEX
  8
GEOMETRY_LAYER_1
  70
32
  10
552133.814
  20
78354.185
  30
-39.519
  0
VERTEX
  8
GEOMETRY_LAYER_1
  70
32
  10
552132.279
  20
78363.366
  30
-39.519
  0
VERTEX
  8
GEOMETRY_LAYER_1
  70
32
  10
552129.676
  20
78371.376
  30
-39.906
  0
VERTEX
  8
GEOMETRY_LAYER_1
  70
32
  10
552128.170
  20
78379.061
  30
-40.6
  0
VERTEX
  8
GEOMETRY_LAYER_1
  70
32
  10
552126.833
  20
78389.064
  30
-42.277
  0
VERTEX
  8
GEOMETRY_LAYER_1
  70
32
  10
552124.107
  20
78394.616
  30
-43.615
  0
VERTEX
  8
GEOMETRY_LAYER_1
  70
32
  10
552121.967
  20
78394.868
  30
-44.152
  0
VERTEX
  8
GEOMETRY_LAYER_1
  70
32
  10
552117.971
  20
78401.463
  30
-45.168
  0
VERTEX
  8
GEOMETRY_LAYER_1
  70
32
  10
552114.548
  20
78410.251
  30
-45.807
  0
VERTEX
  8
GEOMETRY_LAYER_1
  70
32
  10
552113.374
  20
78420.833
  30
-46.438
  0
VERTEX
  8
GEOMETRY_LAYER_1
  70
32
  10
552111.657
  20
78431.987
  30
-47.191
  0
VERTEX
  8
GEOMETRY_LAYER_1
  70
32
  10
552109.963
  20
78440.466
  30
-47.552
  0
VERTEX
  8
GEOMETRY_LAYER_1
  70
32
  10
552107.695
  20
78449.927
  30
-47.646
  0
VERTEX
  8
GEOMETRY_LAYER_1
  70
32
  10
552108.910
  20
78462.056
  30
-48.05
  0
VERTEX
  8
GEOMETRY_LAYER_1
  70
32
  10
552106.378
  20
78473.722
  30
-49.316
  0
VERTEX
  8
GEOMETRY_LAYER_1
  70
32
  10
552109.852
  20
78480.893
  30
-50.502
  0
VERTEX
  8
GEOMETRY_LAYER_1
  70
32
  10
552107.014
  20
78491.917
  30
-50.505
  0
VERTEX
  8
GEOMETRY_LAYER_1
  70
32
  10
552105.362
  20
78501.702
  30
-50.171
  0
VERTEX
  8
GEOMETRY_LAYER_1
  70
32
  10
552098.728
  20
78507.422
  30
-50.007
  0
VERTEX
  8
GEOMETRY_LAYER_1
  70
32
  10
552096.975
  20
78517.406
  30
-50.082
  0
VERTEX
  8
GEOMETRY_LAYER_1
  70
32
  10
552094.576
  20
78527.718
  30
-50.162
  0
VERTEX
  8
GEOMETRY_LAYER_1
  70
32
  10
552090.264
  20
78535.508
  30
-50.107
  0
VERTEX
  8
GEOMETRY_LAYER_1
  70
32
  10
552083.338
  20
78540.045
  30
-50.094
  0
VERTEX
  8
GEOMETRY_LAYER_1
  70
32
  10
552082.102
  20
78551.438
  30
-49.691
  0
VERTEX
  8
GEOMETRY_LAYER_1
  70
32
  10
552079.819
  20
78561.258
  30
-49.445
  0
VERTEX
  8
GEOMETRY_LAYER_1
  70
32
  10
552077.862
  20
78570.231
  30
-48.828
  0
VERTEX
  8
GEOMETRY_LAYER_1
  70
32
  10
552079.405
  20
78579.575
  30
-47.753
  0
VERTEX
  8
GEOMETRY_LAYER_1
  70
32
  10
552084.983
  20
78586.968
  30
-46.774
  0
VERTEX
  8
GEOMETRY_LAYER_1
  70
32
  10
552091.470
  20
78591.948
  30
-46.301
  0
VERTEX
  8
GEOMETRY_LAYER_1
  70
32
  10
552102.878
  20
78589.763
  30
-47.007
  0
VERTEX
  8
GEOMETRY_LAYER_1
  70
32
  10
552107.586
  20
78591.213
  30
-46.864
  0
VERTEX
  8
GEOMETRY_LAYER_1
  70
32
  10
552108.995
  20
78581.921
  30
-47.493
  0
VERTEX
  8
GEOMETRY_LAYER_1
  70
32
  10
552111.525
  20
78574.405
  30
-47.971
  0
VERTEX
  8
GEOMETRY_LAYER_1
  70
32
  10
552113.956
  20
78563.449
  30
-48.219
  0
VERTEX
  8
GEOMETRY_LAYER_1
  70
32
  10
552115.386
  20
78553.228
  30
-48.761
  0
VERTEX
  8
GEOMETRY_LAYER_1
  70
32
  10
552116.835
  20
78543.625
  30
-49.117
  0
VERTEX
  8
GEOMETRY_LAYER_1
  70
32
  10
552119.386
  20
78533.155
  30
-49.846
  0
VERTEX
  8
GEOMETRY_LAYER_1
  70
32
  10
552121.257
  20
78523.815
  30
-50.433
  0
VERTEX
  8
GEOMETRY_LAYER_1
  70
32
  10
552121.291
  20
78513.932
  30
-50.171
  0
VERTEX
  8
GEOMETRY_LAYER_1
  70
32
  10
552123.317
  20
78502.864
  30
-50.539
  0
SEQEND
  8
GEOMETRY_LAYER_1
  0
POLYLINE
  8
GEOMETRY_LAYER_1
  70
8
  66
1
 62
1
 39
1
  0
VERTEX
  8
GEOMETRY_LAYER_1
  70
32
  10
552283.737
  20
78487.361
  30
-41.267
  0
VERTEX
  8
GEOMETRY_LAYER_1
  70
32
  10
552285.779
  20
78499.348
  30
-41.209
  0
VERTEX
  8
GEOMETRY_LAYER_1
  70
32
  10
552274.531
  20
78502.543
  30
-41.271
  0
VERTEX
  8
GEOMETRY_LAYER_1
  70
32
  10
552260.892
  20
78498.967
  30
-41.457
  0
VERTEX
  8
GEOMETRY_LAYER_1
  70
32
  10
552243.861
  20
78497.748
  30
-41.502
  0
VERTEX
  8
GEOMETRY_LAYER_1
  70
32
  10
552231.549
  20
78495.088
  30
-40.564
  0
VERTEX
  8
GEOMETRY_LAYER_1
  70
32
  10
552223.151
  20
78489.822
  30
-40.549
  0
VERTEX
  8
GEOMETRY_LAYER_1
  70
32
  10
552217.196
  20
78487.985
  30
-39.53
  0
VERTEX
  8
GEOMETRY_LAYER_1
  70
32
  10
552214.073
  20
78486.896
  30
-39.91
  0
VERTEX
  8
GEOMETRY_LAYER_1
  70
32
  10
552207.136
  20
78482.131
  30
-39.334
  0
VERTEX
  8
GEOMETRY_LAYER_1
  70
32
  10
552204.660
  20
78478.956
  30
-39.713
  0
VERTEX
  8
GEOMETRY_LAYER_1
  70
32
  10
552212.736
  20
78463.904
  30
-40.091
  0
VERTEX
  8
GEOMETRY_LAYER_1
  70
32
  10
552215.336
  20
78462.882
  30
-40.08
  0
VERTEX
  8
GEOMETRY_LAYER_1
  70
32
  10
552221.185
  20
78455.765
  30
-40.813
  0
VERTEX
  8
GEOMETRY_LAYER_1
  70
32
  10
552224.578
  20
78449.915
  30
-40.927
  0
VERTEX
  8
GEOMETRY_LAYER_1
  70
32
  10
552227.831
  20
78443.136
  30
-40.873
  0
VERTEX
  8
GEOMETRY_LAYER_1
  70
32
  10
552232.180
  20
78435.300
  30
-41.02
  0
VERTEX
  8
GEOMETRY_LAYER_1
  70
32
  10
552243.568
  20
78435.672
  30
-40.936
  0
VERTEX
  8
GEOMETRY_LAYER_1
  70
32
  10
552247.883
  20
78440.688
  30
-40.918
  0
VERTEX
  8
GEOMETRY_LAYER_1
  70
32
  10
552257.570
  20
78441.648
  30
-40.938
  0
VERTEX
  8
GEOMETRY_LAYER_1
  70
32
  10
552267.618
  20
78443.239
  30
-40.959
  0
VERTEX
  8
GEOMETRY_LAYER_1
  70
32
  10
552279.780
  20
78447.002
  30
-40.59
  0
VERTEX
  8
GEOMETRY_LAYER_1
  70
32
  10
552281.347
  20
78462.240
  30
-40.76
  0
VERTEX
  8
GEOMETRY_LAYER_1
  70
32
  10
552282.351
  20
78472.572
  30
-40.914
  0
VERTEX
  8
GEOMETRY_LAYER_1
  70
32
  10
552284.563
  20
78480.692
  30
-41.196
  0
VERTEX
  8
GEOMETRY_LAYER_1
  70
32
  10
552283.737
  20
78487.361
  30
-41.267
  0
SEQEND
  8
GEOMETRY_LAYER_1
  0
POLYLINE
  8
GEOMETRY_LAYER_1
  70
8
  66
1
 62
1
 39
1
  0
VERTEX
  8
GEOMETRY_LAYER_1
  70
32
  10
552279.794
  20
78488.033
  30
-41.267
  0
VERTEX
  8
GEOMETRY_LAYER_1
  70
32
  10
552281.233
  20
78496.481
  30
-41.209
  0
VERTEX
  8
GEOMETRY_LAYER_1
  70
32
  10
552274.489
  20
78498.396
  30
-41.271
  0
VERTEX
  8
GEOMETRY_LAYER_1
  70
32
  10
552263.678
  20
78495.562
  30
-41.457
  0
VERTEX
  8
GEOMETRY_LAYER_1
  70
32
  10
552243.530
  20
78493.585
  30
-41.502
  0
VERTEX
  8
GEOMETRY_LAYER_1
  70
32
  10
552233.080
  20
78491.327
  30
-40.564
  0
VERTEX
  8
GEOMETRY_LAYER_1
  70
32
  10
552224.832
  20
78486.154
  30
-40.549
  0
VERTEX
  8
GEOMETRY_LAYER_1
  70
32
  10
552218.444
  20
78484.184
  30
-39.53
  0
VERTEX
  8
GEOMETRY_LAYER_1
  70
32
  10
552215.896
  20
78483.296
  30
-39.91
  0
VERTEX
  8
GEOMETRY_LAYER_1
  70
32
  10
552209.911
  20
78479.183
  30
-39.334
  0
VERTEX
  8
GEOMETRY_LAYER_1
  70
32
  10
552209.417
  20
78478.550
  30
-39.713
  0
VERTEX
  8
GEOMETRY_LAYER_1
  70
32
  10
552215.566
  20
78467.090
  30
-40.091
  0
VERTEX
  8
GEOMETRY_LAYER_1
  70
32
  10
552217.767
  20
78466.224
  30
-40.08
  0
VERTEX
  8
GEOMETRY_LAYER_1
  70
32
  10
552224.482
  20
78458.053
  30
-40.813
  0
VERTEX
  8
GEOMETRY_LAYER_1
  70
32
  10
552228.116
  20
78451.787
  30
-40.927
  0
VERTEX
  8
GEOMETRY_LAYER_1
  70
32
  10
552231.385
  20
78444.974
  30
-40.873
  0
VERTEX
  8
GEOMETRY_LAYER_1
  70
32
  10
552234.492
  20
78439.377
  30
-41.02
  0
VERTEX
  8
GEOMETRY_LAYER_1
  70
32
  10
552241.681
  20
78439.612
  30
-40.936
  0
VERTEX
  8
GEOMETRY_LAYER_1
  70
32
  10
552245.895
  20
78444.511
  30
-40.918
  0
VERTEX
  8
GEOMETRY_LAYER_1
  70
32
  10
552257.059
  20
78445.617
  30
-40.938
  0
VERTEX
  8
GEOMETRY_LAYER_1
  70
32
  10
552266.709
  20
78447.145
  30
-40.959
  0
VERTEX
  8
GEOMETRY_LAYER_1
  70
32
  10
552276.071
  20
78450.041
  30
-40.59
  0
VERTEX
  8
GEOMETRY_LAYER_1
  70
32
  10
552277.367
  20
78462.638
  30
-40.76
  0
VERTEX
  8
GEOMETRY_LAYER_1
  70
32
  10
552278.402
  20
78473.296
  30
-40.914
  0
VERTEX
  8
GEOMETRY_LAYER_1
  70
32
  10
552280.703
  20
78481.744
  30
-41.196
  0
VERTEX
  8
GEOMETRY_LAYER_1
  70
32
  10
552279.794
  20
78488.033
  30
-41.267
  0
SEQEND
  8
GEOMETRY_LAYER_1
  0
POLYLINE
  8
GEOMETRY_LAYER_1
  70
8
  66
1
 62
3
 39
1
  0
VERTEX
  8
GEOMETRY_LAYER_1
  70
32
  10
552122.646
  20
79005.668
  30
-46.468
  0
VERTEX
  8
GEOMETRY_LAYER_1
  70
32
  10
552129.814
  20
79001.915
  30
-46.714
  0
VERTEX
  8
GEOMETRY_LAYER_1
  70
32
  10
552135.033
  20
78988.446
  30
-47.116
  0
VERTEX
  8
GEOMETRY_LAYER_1
  70
32
  10
552123.306
  20
78982.713
  30
-47.561
  0
VERTEX
  8
GEOMETRY_LAYER_1
  70
32
  10
552112.255
  20
78980.792
  30
-47.581
  0
VERTEX
  8
GEOMETRY_LAYER_1
  70
32
  10
552101.431
  20
78984.679
  30
-46.948
  0
VERTEX
  8
GEOMETRY_LAYER_1
  70
32
  10
552092.020
  20
78984.971
  30
-46.657
  0
VERTEX
  8
GEOMETRY_LAYER_1
  70
32
  10
552079.843
  20
78990.287
  30
-46.812
  0
VERTEX
  8
GEOMETRY_LAYER_1
  70
32
  10
552074.522
  20
79000.023
  30
-47.037
  0
VERTEX
  8
GEOMETRY_LAYER_1
  70
32
  10
552071.618
  20
79010.018
  30
-46.949
  0
VERTEX
  8
GEOMETRY_LAYER_1
  70
32
  10
552068.741
  20
79019.730
  30
-46.664
  0
VERTEX
  8
GEOMETRY_LAYER_1
  70
32
  10
552066.405
  20
79024.735
  30
-46.534
  0
VERTEX
  8
GEOMETRY_LAYER_1
  70
32
  10
552063.516
  20
79036.483
  30
-43.815
  0
VERTEX
  8
GEOMETRY_LAYER_1
  70
32
  10
552058.038
  20
79044.977
  30
-44.081
  0
VERTEX
  8
GEOMETRY_LAYER_1
  70
32
  10
552054.712
  20
79053.153
  30
-44.183
  0
VERTEX
  8
GEOMETRY_LAYER_1
  70
32
  10
552049.761
  20
79062.291
  30
-44.155
  0
VERTEX
  8
GEOMETRY_LAYER_1
  70
32
  10
552045.501
  20
79075.426
  30
-44.041
  0
VERTEX
  8
GEOMETRY_LAYER_1
  70
32
  10
552052.889
  20
79083.841
  30
-43.463
  0
VERTEX
  8
GEOMETRY_LAYER_1
  70
32
  10
552055.003
  20
79090.771
  30
-43.406
  0
VERTEX
  8
GEOMETRY_LAYER_1
  70
32
  10
552059.970
  20
79101.518
  30
-43.066
  0
VERTEX
  8
GEOMETRY_LAYER_1
  70
32
  10
552075.096
  20
79088.043
  30
-43.308
  0
VERTEX
  8
GEOMETRY_LAYER_1
  70
32
  10
552080.283
  20
79081.151
  30
-43.626
  0
VERTEX
  8
GEOMETRY_LAYER_1
  70
32
  10
552090.283
  20
79078.146
  30
-43.589
  0
VERTEX
  8
GEOMETRY_LAYER_1
  70
32
  10
552095.173
  20
79068.239
  30
-43.649
  0
VERTEX
  8
GEOMETRY_LAYER_1
  70
32
  10
552098.514
  20
79058.569
  30
-44.207
  0
VERTEX
  8
GEOMETRY_LAYER_1
  70
32
  10
552103.109
  20
79050.191
  30
-43.753
  0
VERTEX
  8
GEOMETRY_LAYER_1
  70
32
  10
552103.408
  20
79046.492
  30
-43.692
  0
VERTEX
  8
GEOMETRY_LAYER_1
  70
32
  10
552110.086
  20
79037.257
  30
-45.532
  0
VERTEX
  8
GEOMETRY_LAYER_1
  70
32
  10
552112.084
  20
79031.659
  30
-45.514
  0
VERTEX
  8
GEOMETRY_LAYER_1
  70
32
  10
552115.378
  20
79022.017
  30
-45.851
  0
VERTEX
  8
GEOMETRY_LAYER_1
  70
32
  10
552122.646
  20
79005.668
  30
-46.468
  0
SEQEND
  8
GEOMETRY_LAYER_1
  0
POLYLINE
  8
GEOMETRY_LAYER_1
  70
8
  66
1
 62
3
 39
1
  0
VERTEX
  8
GEOMETRY_LAYER_1
  70
32
  10
552126.627
  20
78999.068
  30
-46.714
  0
VERTEX
  8
GEOMETRY_LAYER_1
  70
32
  10
552129.976
  20
78990.425
  30
-47.116
  0
VERTEX
  8
GEOMETRY_LAYER_1
  70
32
  10
552122.060
  20
78986.555
  30
-47.561
  0
VERTEX
  8
GEOMETRY_LAYER_1
  70
32
  10
552112.612
  20
78984.914
  30
-47.581
  0
VERTEX
  8
GEOMETRY_LAYER_1
  70
32
  10
552102.187
  20
78988.658
  30
-46.948
  0
VERTEX
  8
GEOMETRY_LAYER_1
  70
32
  10
552092.914
  20
78988.946
  30
-46.657
  0
VERTEX
  8
GEOMETRY_LAYER_1
  70
32
  10
552082.697
  20
78993.405
  30
-46.812
  0
VERTEX
  8
GEOMETRY_LAYER_1
  70
32
  10
552078.241
  20
79001.558
  30
-47.037
  0
VERTEX
  8
GEOMETRY_LAYER_1
  70
32
  10
552075.456
  20
79011.144
  30
-46.949
  0
VERTEX
  8
GEOMETRY_LAYER_1
  70
32
  10
552072.491
  20
79021.152
  30
-46.664
  0
VERTEX
  8
GEOMETRY_LAYER_1
  70
32
  10
552070.196
  20
79026.071
  30
-46.534
  0
VERTEX
  8
GEOMETRY_LAYER_1
  70
32
  10
552067.240
  20
79038.088
  30
-43.815
  0
VERTEX
  8
GEOMETRY_LAYER_1
  70
32
  10
552061.602
  20
79046.831
  30
-44.081
  0
VERTEX
  8
GEOMETRY_LAYER_1
  70
32
  10
552058.334
  20
79054.865
  30
-44.183
  0
VERTEX
  8
GEOMETRY_LAYER_1
  70
32
  10
552053.453
  20
79063.874
  30
-44.155
  0
VERTEX
  8
GEOMETRY_LAYER_1
  70
32
  10
552050.008
  20
79074.497
  30
-44.041
  0
VERTEX
  8
GEOMETRY_LAYER_1
  70
32
  10
552056.464
  20
79081.850
  30
-43.463
  0
VERTEX
  8
GEOMETRY_LAYER_1
  70
32
  10
552058.749
  20
79089.341
  30
-43.406
  0
VERTEX
  8
GEOMETRY_LAYER_1
  70
32
  10
552061.337
  20
79094.943
  30
-43.066
  0
VERTEX
  8
GEOMETRY_LAYER_1
  70
32
  10
552072.139
  20
79085.320
  30
-43.308
  0
VERTEX
  8
GEOMETRY_LAYER_1
  70
32
  10
552077.876
  20
79077.698
  30
-43.626
  0
VERTEX
  8
GEOMETRY_LAYER_1
  70
32
  10
552087.466
  20
79074.816
  30
-43.589
  0
VERTEX
  8
GEOMETRY_LAYER_1
  70
32
  10
552091.474
  20
79066.694
  30
-43.649
  0
VERTEX
  8
GEOMETRY_LAYER_1
  70
32
  10
552094.844
  20
79056.943
  30
-44.207
  0
VERTEX
  8
GEOMETRY_LAYER_1
  70
32
  10
552099.190
  20
79049.017
  30
-43.753
  0
VERTEX
  8
GEOMETRY_LAYER_1
  70
32
  10
552099.511
  20
79045.054
  30
-43.692
  0
VERTEX
  8
GEOMETRY_LAYER_1
  70
32
  10
552106.510
  20
79035.376
  30
-45.532
  0
VERTEX
  8
GEOMETRY_LAYER_1
  70
32
  10
552120.670
  20
79003.901
  30
-45.514
  0
VERTEX
  8
GEOMETRY_LAYER_1
  70
32
  10
552126.627
  20
78999.068
  30
-46.714
  0
SEQEND
  8
GEOMETRY_LAYER_1
  0
POLYLINE
  8
GEOMETRY_LAYER_1
  70
8
  66
1
 62
1
 39
1
  0
VERTEX
  8
GEOMETRY_LAYER_1
  70
32
  10
550337.921
  20
76845.163
  30
49.032
  0
VERTEX
  8
GEOMETRY_LAYER_1
  70
32
  10
550341.238
  20
76852.785
  30
49.23
  0
VERTEX
  8
GEOMETRY_LAYER_1
  70
32
  10
550345.240
  20
76863.356
  30
48.729
  0
VERTEX
  8
GEOMETRY_LAYER_1
  70
32
  10
550347.153
  20
76870.826
  30
49.048
  0
VERTEX
  8
GEOMETRY_LAYER_1
  70
32
  10
550345.955
  20
76885.599
  30
47.003
  0
VERTEX
  8
GEOMETRY_LAYER_1
  70
32
  10
550340.303
  20
76896.462
  30
46.379
  0
VERTEX
  8
GEOMETRY_LAYER_1
  70
32
  10
550322.303
  20
76901.922
  30
46.58
  0
VERTEX
  8
GEOMETRY_LAYER_1
  70
32
  10
550316.784
  20
76890.639
  30
47.636
  0
VERTEX
  8
GEOMETRY_LAYER_1
  70
32
  10
550313.569
  20
76882.398
  30
48.372
  0
VERTEX
  8
GEOMETRY_LAYER_1
  70
32
  10
550310.754
  20
76873.981
  30
49.861
  0
VERTEX
  8
GEOMETRY_LAYER_1
  70
32
  10
550308.148
  20
76866.608
  30
50.083
  0
VERTEX
  8
GEOMETRY_LAYER_1
  70
32
  10
550304.838
  20
76864.905
  30
50.406
  0
VERTEX
  8
GEOMETRY_LAYER_1
  70
32
  10
550301.123
  20
76856.834
  30
50.811
  0
VERTEX
  8
GEOMETRY_LAYER_1
  70
32
  10
550295.054
  20
76847.307
  30
51.686
  0
VERTEX
  8
GEOMETRY_LAYER_1
  70
32
  10
550291.272
  20
76839.116
  30
52.048
  0
VERTEX
  8
GEOMETRY_LAYER_1
  70
32
  10
550287.951
  20
76830.761
  30
52.172
  0
VERTEX
  8
GEOMETRY_LAYER_1
  70
32
  10
550285.161
  20
76822.073
  30
52.261
  0
VERTEX
  8
GEOMETRY_LAYER_1
  70
32
  10
550282.736
  20
76815.023
  30
52.486
  0
VERTEX
  8
GEOMETRY_LAYER_1
  70
32
  10
550278.532
  20
76811.955
  30
52.816
  0
VERTEX
  8
GEOMETRY_LAYER_1
  70
32
  10
550274.968
  20
76804.598
  30
52.895
  0
VERTEX
  8
GEOMETRY_LAYER_1
  70
32
  10
550271.627
  20
76800.240
  30
52.048
  0
VERTEX
  8
GEOMETRY_LAYER_1
  70
32
  10
550261.324
  20
76786.135
  30
43.134
  0
VERTEX
  8
GEOMETRY_LAYER_1
  70
32
  10
550262.664
  20
76779.008
  30
51.494
  0
VERTEX
  8
GEOMETRY_LAYER_1
  70
32
  10
550259.308
  20
76774.932
  30
52.166
  0
VERTEX
  8
GEOMETRY_LAYER_1
  70
32
  10
550260.059
  20
76765.954
  30
52.217
  0
VERTEX
  8
GEOMETRY_LAYER_1
  70
32
  10
550268.726
  20
76759.445
  30
52.412
  0
VERTEX
  8
GEOMETRY_LAYER_1
  70
32
  10
550278.912
  20
76759.909
  30
52.517
  0
VERTEX
  8
GEOMETRY_LAYER_1
  70
32
  10
550285.391
  20
76761.846
  30
52.531
  0
VERTEX
  8
GEOMETRY_LAYER_1
  70
32
  10
550295.140
  20
76756.868
  30
53.137
  0
VERTEX
  8
GEOMETRY_LAYER_1
  70
32
  10
550299.492
  20
76768.086
  30
52.414
  0
VERTEX
  8
GEOMETRY_LAYER_1
  70
32
  10
550302.524
  20
76775.341
  30
51.599
  0
VERTEX
  8
GEOMETRY_LAYER_1
  70
32
  10
550304.874
  20
76783.240
  30
51.575
  0
VERTEX
  8
GEOMETRY_LAYER_1
  70
32
  10
550307.518
  20
76791.781
  30
51.571
  0
VERTEX
  8
GEOMETRY_LAYER_1
  70
32
  10
550310.813
  20
76800.830
  30
51.3
  0
VERTEX
  8
GEOMETRY_LAYER_1
  70
32
  10
550313.554
  20
76808.186
  30
51.136
  0
VERTEX
  8
GEOMETRY_LAYER_1
  70
32
  10
550315.579
  20
76813.774
  30
50.82
  0
VERTEX
  8
GEOMETRY_LAYER_1
  70
32
  10
550321.239
  20
76818.162
  30
50.829
  0
VERTEX
  8
GEOMETRY_LAYER_1
  70
32
  10
550325.695
  20
76823.953
  30
50.52
  0
VERTEX
  8
GEOMETRY_LAYER_1
  70
32
  10
550329.168
  20
76826.634
  30
50.369
  0
VERTEX
  8
GEOMETRY_LAYER_1
  70
32
  10
550337.921
  20
76845.163
  30
49.032
  0
SEQEND
  8
GEOMETRY_LAYER_1
  0
POLYLINE
  8
GEOMETRY_LAYER_1
  70
8
  66
1
 62
1
 39
1
  0
VERTEX
  8
GEOMETRY_LAYER_1
  70
32
  10
550337.994
  20
76854.103
  30
49.23
  0
VERTEX
  8
GEOMETRY_LAYER_1
  70
32
  10
550341.898
  20
76864.413
  30
48.729
  0
VERTEX
  8
GEOMETRY_LAYER_1
  70
32
  10
550343.617
  20
76871.127
  30
49.048
  0
VERTEX
  8
GEOMETRY_LAYER_1
  70
32
  10
550342.523
  20
76884.611
  30
47.003
  0
VERTEX
  8
GEOMETRY_LAYER_1
  70
32
  10
550337.877
  20
76893.540
  30
46.379
  0
VERTEX
  8
GEOMETRY_LAYER_1
  70
32
  10
550324.138
  20
76897.708
  30
46.58
  0
VERTEX
  8
GEOMETRY_LAYER_1
  70
32
  10
550319.992
  20
76889.230
  30
47.636
  0
VERTEX
  8
GEOMETRY_LAYER_1
  70
32
  10
550316.861
  20
76881.207
  30
48.372
  0
VERTEX
  8
GEOMETRY_LAYER_1
  70
32
  10
550314.064
  20
76872.844
  30
49.861
  0
VERTEX
  8
GEOMETRY_LAYER_1
  70
32
  10
550310.985
  20
76864.132
  30
50.083
  0
VERTEX
  8
GEOMETRY_LAYER_1
  70
32
  10
550307.512
  20
76862.346
  30
50.406
  0
VERTEX
  8
GEOMETRY_LAYER_1
  70
32
  10
550304.203
  20
76855.154
  30
50.811
  0
VERTEX
  8
GEOMETRY_LAYER_1
  70
32
  10
550298.133
  20
76845.626
  30
51.686
  0
VERTEX
  8
GEOMETRY_LAYER_1
  70
32
  10
550294.490
  20
76837.735
  30
52.048
  0
VERTEX
  8
GEOMETRY_LAYER_1
  70
32
  10
550291.248
  20
76829.578
  30
52.172
  0
VERTEX
  8
GEOMETRY_LAYER_1
  70
32
  10
550288.482
  20
76820.969
  30
52.261
  0
VERTEX
  8
GEOMETRY_LAYER_1
  70
32
  10
550285.688
  20
76812.845
  30
52.486
  0
VERTEX
  8
GEOMETRY_LAYER_1
  70
32
  10
550281.301
  20
76809.643
  30
52.816
  0
VERTEX
  8
GEOMETRY_LAYER_1
  70
32
  10
550277.962
  20
76802.751
  30
52.895
  0
VERTEX
  8
GEOMETRY_LAYER_1
  70
32
  10
550274.429
  20
76798.142
  30
52.048
  0
VERTEX
  8
GEOMETRY_LAYER_1
  70
32
  10
550265.043
  20
76785.293
  30
43.134
  0
VERTEX
  8
GEOMETRY_LAYER_1
  70
32
  10
550266.406
  20
76778.046
  30
51.494
  0
VERTEX
  8
GEOMETRY_LAYER_1
  70
32
  10
550262.914
  20
76773.806
  30
52.166
  0
VERTEX
  8
GEOMETRY_LAYER_1
  70
32
  10
550263.416
  20
76767.809
  30
52.217
  0
VERTEX
  8
GEOMETRY_LAYER_1
  70
32
  10
550269.823
  20
76762.999
  30
52.412
  0
VERTEX
  8
GEOMETRY_LAYER_1
  70
32
  10
550278.322
  20
76763.386
  30
52.517
  0
VERTEX
  8
GEOMETRY_LAYER_1
  70
32
  10
550285.733
  20
76765.601
  30
52.531
  0
VERTEX
  8
GEOMETRY_LAYER_1
  70
32
  10
550293.279
  20
76761.748
  30
53.137
  0
VERTEX
  8
GEOMETRY_LAYER_1
  70
32
  10
550296.245
  20
76769.394
  30
52.414
  0
VERTEX
  8
GEOMETRY_LAYER_1
  70
32
  10
550299.223
  20
76776.517
  30
51.599
  0
VERTEX
  8
GEOMETRY_LAYER_1
  70
32
  10
550301.525
  20
76784.257
  30
51.575
  0
VERTEX
  8
GEOMETRY_LAYER_1
  70
32
  10
550304.200
  20
76792.898
  30
51.571
  0
VERTEX
  8
GEOMETRY_LAYER_1
  70
32
  10
550307.529
  20
76802.039
  30
51.3
  0
VERTEX
  8
GEOMETRY_LAYER_1
  70
32
  10
550310.268
  20
76809.393
  30
51.136
  0
VERTEX
  8
GEOMETRY_LAYER_1
  70
32
  10
550312.634
  20
76815.919
  30
50.82
  0
VERTEX
  8
GEOMETRY_LAYER_1
  70
32
  10
550318.739
  20
76820.653
  30
50.829
  0
VERTEX
  8
GEOMETRY_LAYER_1
  70
32
  10
550323.198
  20
76826.447
  30
50.52
  0
VERTEX
  8
GEOMETRY_LAYER_1
  70
32
  10
550337.994
  20
76854.103
  30
49.23
  0
SEQEND
  8
GEOMETRY_LAYER_1
  0
POLYLINE
  8
GEOMETRY_LAYER_1
  70
8
  66
1
 62
3
 39
1
  0
VERTEX
  8
GEOMETRY_LAYER_1
  70
32
  10
551100.219
  20
77431.595
  30
16.247
  0
VERTEX
  8
GEOMETRY_LAYER_1
  70
32
  10
551099.050
  20
77425.230
  30
16.103
  0
VERTEX
  8
GEOMETRY_LAYER_1
  70
32
  10
551097.467
  20
77419.759
  30
16.162
  0
VERTEX
  8
GEOMETRY_LAYER_1
  70
32
  10
551096.077
  20
77409.944
  30
15.991
  0
VERTEX
  8
GEOMETRY_LAYER_1
  70
32
  10
551082.348
  20
77414.968
  30
15.622
  0
VERTEX
  8
GEOMETRY_LAYER_1
  70
32
  10
551076.310
  20
77418.997
  30
15.913
  0
VERTEX
  8
GEOMETRY_LAYER_1
  70
32
  10
551069.359
  20
77422.412
  30
16.576
  0
VERTEX
  8
GEOMETRY_LAYER_1
  70
32
  10
551063.652
  20
77426.587
  30
16.9
  0
VERTEX
  8
GEOMETRY_LAYER_1
  70
32
  10
551057.013
  20
77429.013
  30
16.891
  0
VERTEX
  8
GEOMETRY_LAYER_1
  70
32
  10
551049.354
  20
77432.154
  30
16.635
  0
VERTEX
  8
GEOMETRY_LAYER_1
  70
32
  10
551041.264
  20
77436.266
  30
17.027
  0
VERTEX
  8
GEOMETRY_LAYER_1
  70
32
  10
551033.333
  20
77442.009
  30
17.569
  0
VERTEX
  8
GEOMETRY_LAYER_1
  70
32
  10
551029.543
  20
77450.363
  30
17.686
  0
VERTEX
  8
GEOMETRY_LAYER_1
  70
32
  10
551036.642
  20
77459.161
  30
18.112
  0
VERTEX
  8
GEOMETRY_LAYER_1
  70
32
  10
551043.737
  20
77465.240
  30
18.368
  0
VERTEX
  8
GEOMETRY_LAYER_1
  70
32
  10
551049.112
  20
77470.272
  30
18.309
  0
VERTEX
  8
GEOMETRY_LAYER_1
  70
32
  10
551051.578
  20
77477.116
  30
19.381
  0
VERTEX
  8
GEOMETRY_LAYER_1
  70
32
  10
551055.490
  20
77483.145
  30
19.711
  0
VERTEX
  8
GEOMETRY_LAYER_1
  70
32
  10
551062.872
  20
77492.761
  30
20.205
  0
VERTEX
  8
GEOMETRY_LAYER_1
  70
32
  10
551074.841
  20
77487.820
  30
19.377
  0
VERTEX
  8
GEOMETRY_LAYER_1
  70
32
  10
551082.216
  20
77482.284
  30
18.644
  0
VERTEX
  8
GEOMETRY_LAYER_1
  70
32
  10
551086.302
  20
77478.918
  30
18.395
  0
VERTEX
  8
GEOMETRY_LAYER_1
  70
32
  10
551094.299
  20
77475.176
  30
18.12
  0
VERTEX
  8
GEOMETRY_LAYER_1
  70
32
  10
551101.371
  20
77469.772
  30
18.165
  0
VERTEX
  8
GEOMETRY_LAYER_1
  70
32
  10
551103.512
  20
77459.602
  30
17.912
  0
VERTEX
  8
GEOMETRY_LAYER_1
  70
32
  10
551101.272
  20
77446.814
  30
17.042
  0
VERTEX
  8
GEOMETRY_LAYER_1
  70
32
  10
551100.219
  20
77431.595
  30
16.247
  0
SEQEND
  8
GEOMETRY_LAYER_1
  0
POLYLINE
  8
GEOMETRY_LAYER_1
  70
8
  66
1
 62
3
 39
1
  0
VERTEX
  8
GEOMETRY_LAYER_1
  70
32
  10
551095.639
  20
77426.035
  30
16.103
  0
VERTEX
  8
GEOMETRY_LAYER_1
  70
32
  10
551094.036
  20
77420.494
  30
16.162
  0
VERTEX
  8
GEOMETRY_LAYER_1
  70
32
  10
551093.218
  20
77414.718
  30
15.991
  0
VERTEX
  8
GEOMETRY_LAYER_1
  70
32
  10
551083.943
  20
77418.110
  30
15.622
  0
VERTEX
  8
GEOMETRY_LAYER_1
  70
32
  10
551078.061
  20
77422.037
  30
15.913
  0
VERTEX
  8
GEOMETRY_LAYER_1
  70
32
  10
551071.177
  20
77425.419
  30
16.576
  0
VERTEX
  8
GEOMETRY_LAYER_1
  70
32
  10
551065.318
  20
77429.704
  30
16.9
  0
VERTEX
  8
GEOMETRY_LAYER_1
  70
32
  10
551058.278
  20
77432.277
  30
16.891
  0
VERTEX
  8
GEOMETRY_LAYER_1
  70
32
  10
551050.813
  20
77435.339
  30
16.635
  0
VERTEX
  8
GEOMETRY_LAYER_1
  70
32
  10
551043.094
  20
77439.263
  30
17.027
  0
VERTEX
  8
GEOMETRY_LAYER_1
  70
32
  10
551036.137
  20
77444.300
  30
17.569
  0
VERTEX
  8
GEOMETRY_LAYER_1
  70
32
  10
551033.621
  20
77449.845
  30
17.686
  0
VERTEX
  8
GEOMETRY_LAYER_1
  70
32
  10
551039.164
  20
77456.713
  30
18.112
  0
VERTEX
  8
GEOMETRY_LAYER_1
  70
32
  10
551046.073
  20
77462.633
  30
18.368
  0
VERTEX
  8
GEOMETRY_LAYER_1
  70
32
  10
551052.119
  20
77468.294
  30
18.309
  0
VERTEX
  8
GEOMETRY_LAYER_1
  70
32
  10
551054.734
  20
77475.550
  30
19.381
  0
VERTEX
  8
GEOMETRY_LAYER_1
  70
32
  10
551058.351
  20
77481.124
  30
19.711
  0
VERTEX
  8
GEOMETRY_LAYER_1
  70
32
  10
551064.015
  20
77488.503
  30
20.205
  0
VERTEX
  8
GEOMETRY_LAYER_1
  70
32
  10
551073.095
  20
77484.754
  30
19.377
  0
VERTEX
  8
GEOMETRY_LAYER_1
  70
32
  10
551080.051
  20
77479.532
  30
18.644
  0
VERTEX
  8
GEOMETRY_LAYER_1
  70
32
  10
551084.417
  20
77475.935
  30
18.395
  0
VERTEX
  8
GEOMETRY_LAYER_1
  70
32
  10
551092.473
  20
77472.166
  30
18.12
  0
VERTEX
  8
GEOMETRY_LAYER_1
  70
32
  10
551098.213
  20
77467.780
  30
18.165
  0
VERTEX
  8
GEOMETRY_LAYER_1
  70
32
  10
551099.948
  20
77459.542
  30
17.912
  0
VERTEX
  8
GEOMETRY_LAYER_1
  70
32
  10
551095.639
  20
77426.035
  30
16.103
  0
SEQEND
  8
GEOMETRY_LAYER_1
  0
POLYLINE
  8
GEOMETRY_LAYER_1
  70
8
  66
1
 62
3
 39
1
  0
VERTEX
  8
GEOMETRY_LAYER_1
  70
32
  10
550605.366
  20
77535.466
  30
29.59
  0
VERTEX
  8
GEOMETRY_LAYER_1
  70
32
  10
550606.267
  20
77544.331
  30
29.439
  0
VERTEX
  8
GEOMETRY_LAYER_1
  70
32
  10
550607.620
  20
77554.584
  30
29.225
  0
VERTEX
  8
GEOMETRY_LAYER_1
  70
32
  10
550608.373
  20
77564.473
  30
29.224
  0
VERTEX
  8
GEOMETRY_LAYER_1
  70
32
  10
550609.340
  20
77573.321
  30
29.463
  0
VERTEX
  8
GEOMETRY_LAYER_1
  70
32
  10
550609.516
  20
77581.970
  30
30.013
  0
VERTEX
  8
GEOMETRY_LAYER_1
  70
32
  10
550610.518
  20
77592.912
  30
29.725
  0
VERTEX
  8
GEOMETRY_LAYER_1
  70
32
  10
550614.470
  20
77601.920
  30
29.219
  0
VERTEX
  8
GEOMETRY_LAYER_1
  70
32
  10
550615.145
  20
77611.240
  30
29.08
  0
VERTEX
  8
GEOMETRY_LAYER_1
  70
32
  10
550615.936
  20
77622.084
  30
29.535
  0
VERTEX
  8
GEOMETRY_LAYER_1
  70
32
  10
550611.468
  20
77637.630
  30
30.845
  0
VERTEX
  8
GEOMETRY_LAYER_1
  70
32
  10
550612.104
  20
77645.258
  30
31.355
  0
VERTEX
  8
GEOMETRY_LAYER_1
  70
32
  10
550618.968
  20
77657.683
  30
30.98
  0
VERTEX
  8
GEOMETRY_LAYER_1
  70
32
  10
550628.755
  20
77672.729
  30
31.055
  0
VERTEX
  8
GEOMETRY_LAYER_1
  70
32
  10
550644.754
  20
77713.013
  30
31.356
  0
VERTEX
  8
GEOMETRY_LAYER_1
  70
32
  10
550642.174
  20
77709.112
  30
31.208
  0
VERTEX
  8
GEOMETRY_LAYER_1
  70
32
  10
550637.486
  20
77700.446
  30
31.302
  0
VERTEX
  8
GEOMETRY_LAYER_1
  70
32
  10
550633.543
  20
77693.027
  30
31.231
  0
VERTEX
  8
GEOMETRY_LAYER_1
  70
32
  10
550628.876
  20
77684.832
  30
31.185
  0
VERTEX
  8
GEOMETRY_LAYER_1
  70
32
  10
550625.959
  20
77680.480
  30
31.037
  0
VERTEX
  8
GEOMETRY_LAYER_1
  70
32
  10
550619.760
  20
77671.608
  30
30.944
  0
VERTEX
  8
GEOMETRY_LAYER_1
  70
32
  10
550617.000
  20
77667.058
  30
31.034
  0
VERTEX
  8
GEOMETRY_LAYER_1
  70
32
  10
550612.879
  20
77658.984
  30
31.108
  0
VERTEX
  8
GEOMETRY_LAYER_1
  70
32
  10
550609.521
  20
77653.088
  30
31.441
  0
VERTEX
  8
GEOMETRY_LAYER_1
  70
32
  10
550606.647
  20
77645.634
  30
31.242
  0
VERTEX
  8
GEOMETRY_LAYER_1
  70
32
  10
550603.474
  20
77634.386
  30
30.676
  0
VERTEX
  8
GEOMETRY_LAYER_1
  70
32
  10
550601.814
  20
77625.202
  30
30.263
  0
VERTEX
  8
GEOMETRY_LAYER_1
  70
32
  10
550600.627
  20
77616.946
  30
30.291
  0
VERTEX
  8
GEOMETRY_LAYER_1
  70
32
  10
550598.374
  20
77607.167
  30
30.245
  0
VERTEX
  8
GEOMETRY_LAYER_1
  70
32
  10
550597.023
  20
77597.908
  30
30.821
  0
VERTEX
  8
GEOMETRY_LAYER_1
  70
32
  10
550594.428
  20
77592.090
  30
31.179
  0
VERTEX
  8
GEOMETRY_LAYER_1
  70
32
  10
550593.135
  20
77583.830
  30
31.143
  0
VERTEX
  8
GEOMETRY_LAYER_1
  70
32
  10
550592.257
  20
77576.971
  30
30.771
  0
VERTEX
  8
GEOMETRY_LAYER_1
  70
32
  10
550591.205
  20
77570.198
  30
30.218
  0
VERTEX
  8
GEOMETRY_LAYER_1
  70
32
  10
550591.050
  20
77566.021
  30
30.059
  0
VERTEX
  8
GEOMETRY_LAYER_1
  70
32
  10
550589.661
  20
77555.282
  30
29.749
  0
VERTEX
  8
GEOMETRY_LAYER_1
  70
32
  10
550587.889
  20
77546.299
  30
29.918
  0
VERTEX
  8
GEOMETRY_LAYER_1
  70
32
  10
550587.208
  20
77536.389
  30
29.777
  0
VERTEX
  8
GEOMETRY_LAYER_1
  70
32
  10
550586.297
  20
77527.649
  30
29.961
  0
VERTEX
  8
GEOMETRY_LAYER_1
  70
32
  10
550587.491
  20
77521.909
  30
30.091
  0
VERTEX
  8
GEOMETRY_LAYER_1
  70
32
  10
550588.555
  20
77512.142
  30
29.563
  0
VERTEX
  8
GEOMETRY_LAYER_1
  70
32
  10
550587.887
  20
77502.219
  30
29.726
  0
VERTEX
  8
GEOMETRY_LAYER_1
  70
32
  10
550587.097
  20
77493.678
  30
29.731
  0
VERTEX
  8
GEOMETRY_LAYER_1
  70
32
  10
550585.537
  20
77484.401
  30
29.373
  0
VERTEX
  8
GEOMETRY_LAYER_1
  70
32
  10
550584.229
  20
77473.239
  30
28.899
  0
VERTEX
  8
GEOMETRY_LAYER_1
  70
32
  10
550585.014
  20
77465.090
  30
28.701
  0
VERTEX
  8
GEOMETRY_LAYER_1
  70
32
  10
550583.389
  20
77455.771
  30
28.878
  0
VERTEX
  8
GEOMETRY_LAYER_1
  70
32
  10
550579.196
  20
77451.945
  30
29.083
  0
VERTEX
  8
GEOMETRY_LAYER_1
  70
32
  10
550575.704
  20
77442.700
  30
29.526
  0
VERTEX
  8
GEOMETRY_LAYER_1
  70
32
  10
550573.377
  20
77433.195
  30
29.466
  0
VERTEX
  8
GEOMETRY_LAYER_1
  70
32
  10
550571.721
  20
77423.691
  30
29.644
  0
VERTEX
  8
GEOMETRY_LAYER_1
  70
32
  10
550570.925
  20
77413.906
  30
30.044
  0
VERTEX
  8
GEOMETRY_LAYER_1
  70
32
  10
550569.912
  20
77403.460
  30
30.014
  0
VERTEX
  8
GEOMETRY_LAYER_1
  70
32
  10
550568.789
  20
77394.746
  30
30.241
  0
VERTEX
  8
GEOMETRY_LAYER_1
  70
32
  10
550568.478
  20
77383.574
  30
30.566
  0
VERTEX
  8
GEOMETRY_LAYER_1
  70
32
  10
550566.718
  20
77374.156
  30
31.636
  0
VERTEX
  8
GEOMETRY_LAYER_1
  70
32
  10
550573.017
  20
77377.478
  30
30.573
  0
VERTEX
  8
GEOMETRY_LAYER_1
  70
32
  10
550586.811
  20
77385.765
  30
29.825
  0
VERTEX
  8
GEOMETRY_LAYER_1
  70
32
  10
550587.134
  20
77386.391
  30
29.802
  0
VERTEX
  8
GEOMETRY_LAYER_1
  70
32
  10
550587.620
  20
77395.553
  30
29.597
  0
VERTEX
  8
GEOMETRY_LAYER_1
  70
32
  10
550590.165
  20
77406.446
  30
29.618
  0
VERTEX
  8
GEOMETRY_LAYER_1
  70
32
  10
550591.131
  20
77413.502
  30
29.526
  0
VERTEX
  8
GEOMETRY_LAYER_1
  70
32
  10
550592.914
  20
77422.552
  30
29.312
  0
VERTEX
  8
GEOMETRY_LAYER_1
  70
32
  10
550593.132
  20
77431.336
  30
29.187
  0
VERTEX
  8
GEOMETRY_LAYER_1
  70
32
  10
550594.234
  20
77442.262
  30
28.87
  0
VERTEX
  8
GEOMETRY_LAYER_1
  70
32
  10
550595.677
  20
77450.690
  30
28.692
  0
VERTEX
  8
GEOMETRY_LAYER_1
  70
32
  10
550595.614
  20
77462.957
  30
28.307
  0
VERTEX
  8
GEOMETRY_LAYER_1
  70
32
  10
550598.149
  20
77470.940
  30
28.527
  0
VERTEX
  8
GEOMETRY_LAYER_1
  70
32
  10
550599.467
  20
77480.981
  30
28.445
  0
VERTEX
  8
GEOMETRY_LAYER_1
  70
32
  10
550599.738
  20
77490.128
  30
28.822
  0
VERTEX
  8
GEOMETRY_LAYER_1
  70
32
  10
550599.678
  20
77497.532
  30
29.423
  0
VERTEX
  8
GEOMETRY_LAYER_1
  70
32
  10
550600.555
  20
77507.377
  30
29.68
  0
VERTEX
  8
GEOMETRY_LAYER_1
  70
32
  10
550602.590
  20
77516.976
  30
29.723
  0
VERTEX
  8
GEOMETRY_LAYER_1
  70
32
  10
550603.928
  20
77525.623
  30
29.691
  0
VERTEX
  8
GEOMETRY_LAYER_1
  70
32
  10
550605.366
  20
77535.466
  30
29.59
  0
SEQEND
  8
GEOMETRY_LAYER_1
  0
POLYLINE
  8
GEOMETRY_LAYER_1
  70
8
  66
1
 62
3
 39
1
  0
VERTEX
  8
GEOMETRY_LAYER_1
  70
32
  10
550608.848
  20
77535.112
  30
29.59
  0
VERTEX
  8
GEOMETRY_LAYER_1
  70
32
  10
550609.744
  20
77543.925
  30
29.439
  0
VERTEX
  8
GEOMETRY_LAYER_1
  70
32
  10
550611.103
  20
77554.222
  30
29.225
  0
VERTEX
  8
GEOMETRY_LAYER_1
  70
32
  10
550611.858
  20
77564.150
  30
29.224
  0
VERTEX
  8
GEOMETRY_LAYER_1
  70
32
  10
550612.836
  20
77573.095
  30
29.463
  0
VERTEX
  8
GEOMETRY_LAYER_1
  70
32
  10
550613.012
  20
77581.775
  30
30.013
  0
VERTEX
  8
GEOMETRY_LAYER_1
  70
32
  10
550613.951
  20
77592.027
  30
29.725
  0
VERTEX
  8
GEOMETRY_LAYER_1
  70
32
  10
550617.918
  20
77601.066
  30
29.219
  0
VERTEX
  8
GEOMETRY_LAYER_1
  70
32
  10
550618.635
  20
77610.986
  30
29.08
  0
VERTEX
  8
GEOMETRY_LAYER_1
  70
32
  10
550619.473
  20
77622.451
  30
29.535
  0
VERTEX
  8
GEOMETRY_LAYER_1
  70
32
  10
550615.009
  20
77637.979
  30
30.845
  0
VERTEX
  8
GEOMETRY_LAYER_1
  70
32
  10
550615.530
  20
77644.220
  30
31.355
  0
VERTEX
  8
GEOMETRY_LAYER_1
  70
32
  10
550621.971
  20
77655.881
  30
30.98
  0
VERTEX
  8
GEOMETRY_LAYER_1
  70
32
  10
550631.879
  20
77671.113
  30
31.055
  0
VERTEX
  8
GEOMETRY_LAYER_1
  70
32
  10
550639.033
  20
77689.127
  30
31.131
  0
VERTEX
  8
GEOMETRY_LAYER_1
  70
32
  10
550646.187
  20
77707.139
  30
31.206
  0
VERTEX
  8
GEOMETRY_LAYER_1
  70
32
  10
550648.765
  20
77720.261
  30
31.356
  0
VERTEX
  8
GEOMETRY_LAYER_1
  70
32
  10
550639.170
  20
77710.913
  30
31.208
  0
VERTEX
  8
GEOMETRY_LAYER_1
  70
32
  10
550634.401
  20
77702.100
  30
31.302
  0
VERTEX
  8
GEOMETRY_LAYER_1
  70
32
  10
550630.476
  20
77694.715
  30
31.231
  0
VERTEX
  8
GEOMETRY_LAYER_1
  70
32
  10
550625.897
  20
77686.675
  30
31.185
  0
VERTEX
  8
GEOMETRY_LAYER_1
  70
32
  10
550623.070
  20
77682.457
  30
31.037
  0
VERTEX
  8
GEOMETRY_LAYER_1
  70
32
  10
550616.827
  20
77673.520
  30
30.944
  0
VERTEX
  8
GEOMETRY_LAYER_1
  70
32
  10
550613.941
  20
77668.764
  30
31.034
  0
VERTEX
  8
GEOMETRY_LAYER_1
  70
32
  10
550609.798
  20
77660.646
  30
31.108
  0
VERTEX
  8
GEOMETRY_LAYER_1
  70
32
  10
550606.349
  20
77654.593
  30
31.441
  0
VERTEX
  8
GEOMETRY_LAYER_1
  70
32
  10
550603.322
  20
77646.740
  30
31.242
  0
VERTEX
  8
GEOMETRY_LAYER_1
  70
32
  10
550600.059
  20
77635.175
  30
30.676
  0
VERTEX
  8
GEOMETRY_LAYER_1
  70
32
  10
550598.359
  20
77625.762
  30
30.263
  0
VERTEX
  8
GEOMETRY_LAYER_1
  70
32
  10
550597.183
  20
77617.589
  30
30.291
  0
VERTEX
  8
GEOMETRY_LAYER_1
  70
32
  10
550594.932
  20
77607.813
  30
30.245
  0
VERTEX
  8
GEOMETRY_LAYER_1
  70
32
  10
550593.629
  20
77598.892
  30
30.821
  0
VERTEX
  8
GEOMETRY_LAYER_1
  70
32
  10
550591.042
  20
77593.090
  30
31.179
  0
VERTEX
  8
GEOMETRY_LAYER_1
  70
32
  10
550589.670
  20
77584.323
  30
31.143
  0
VERTEX
  8
GEOMETRY_LAYER_1
  70
32
  10
550588.791
  20
77577.463
  30
30.771
  0
VERTEX
  8
GEOMETRY_LAYER_1
  70
32
  10
550587.715
  20
77570.533
  30
30.218
  0
VERTEX
  8
GEOMETRY_LAYER_1
  70
32
  10
550587.558
  20
77566.311
  30
30.059
  0
VERTEX
  8
GEOMETRY_LAYER_1
  70
32
  10
550586.204
  20
77555.845
  30
29.749
  0
VERTEX
  8
GEOMETRY_LAYER_1
  70
32
  10
550584.413
  20
77546.759
  30
29.918
  0
VERTEX
  8
GEOMETRY_LAYER_1
  70
32
  10
550583.720
  20
77536.690
  30
29.777
  0
VERTEX
  8
GEOMETRY_LAYER_1
  70
32
  10
550582.759
  20
77527.470
  30
29.961
  0
VERTEX
  8
GEOMETRY_LAYER_1
  70
32
  10
550584.030
  20
77521.361
  30
30.091
  0
VERTEX
  8
GEOMETRY_LAYER_1
  70
32
  10
550585.042
  20
77512.069
  30
29.563
  0
VERTEX
  8
GEOMETRY_LAYER_1
  70
32
  10
550584.398
  20
77502.498
  30
29.726
  0
VERTEX
  8
GEOMETRY_LAYER_1
  70
32
  10
550583.624
  20
77494.130
  30
29.731
  0
VERTEX
  8
GEOMETRY_LAYER_1
  70
32
  10
550582.071
  20
77484.895
  30
29.373
  0
VERTEX
  8
GEOMETRY_LAYER_1
  70
32
  10
550580.710
  20
77473.275
  30
28.899
  0
VERTEX
  8
GEOMETRY_LAYER_1
  70
32
  10
550581.484
  20
77465.225
  30
28.701
  0
VERTEX
  8
GEOMETRY_LAYER_1
  70
32
  10
550580.146
  20
77457.551
  30
28.878
  0
VERTEX
  8
GEOMETRY_LAYER_1
  70
32
  10
550576.218
  20
77453.966
  30
29.083
  0
VERTEX
  8
GEOMETRY_LAYER_1
  70
32
  10
550572.355
  20
77443.739
  30
29.526
  0
VERTEX
  8
GEOMETRY_LAYER_1
  70
32
  10
550569.949
  20
77433.912
  30
29.466
  0
VERTEX
  8
GEOMETRY_LAYER_1
  70
32
  10
550568.245
  20
77424.135
  30
29.644
  0
VERTEX
  8
GEOMETRY_LAYER_1
  70
32
  10
550567.439
  20
77414.217
  30
30.044
  0
VERTEX
  8
GEOMETRY_LAYER_1
  70
32
  10
550566.434
  20
77403.853
  30
30.014
  0
VERTEX
  8
GEOMETRY_LAYER_1
  70
32
  10
550565.295
  20
77395.019
  30
30.241
  0
VERTEX
  8
GEOMETRY_LAYER_1
  70
32
  10
550564.987
  20
77383.946
  30
30.566
  0
VERTEX
  8
GEOMETRY_LAYER_1
  70
32
  10
550561.947
  20
77367.682
  30
31.636
  0
VERTEX
  8
GEOMETRY_LAYER_1
  70
32
  10
550574.736
  20
77374.429
  30
30.573
  0
VERTEX
  8
GEOMETRY_LAYER_1
  70
32
  10
550589.467
  20
77383.278
  30
29.825
  0
VERTEX
  8
GEOMETRY_LAYER_1
  70
32
  10
550590.589
  20
77385.456
  30
29.802
  0
VERTEX
  8
GEOMETRY_LAYER_1
  70
32
  10
550591.098
  20
77395.058
  30
29.597
  0
VERTEX
  8
GEOMETRY_LAYER_1
  70
32
  10
550593.610
  20
77405.809
  30
29.618
  0
VERTEX
  8
GEOMETRY_LAYER_1
  70
32
  10
550594.584
  20
77412.926
  30
29.526
  0
VERTEX
  8
GEOMETRY_LAYER_1
  70
32
  10
550596.406
  20
77422.167
  30
29.312
  0
VERTEX
  8
GEOMETRY_LAYER_1
  70
32
  10
550596.628
  20
77431.117
  30
29.187
  0
VERTEX
  8
GEOMETRY_LAYER_1
  70
32
  10
550597.704
  20
77441.791
  30
28.87
  0
VERTEX
  8
GEOMETRY_LAYER_1
  70
32
  10
550599.178
  20
77450.401
  30
28.692
  0
VERTEX
  8
GEOMETRY_LAYER_1
  70
32
  10
550599.117
  20
77462.424
  30
28.307
  0
VERTEX
  8
GEOMETRY_LAYER_1
  70
32
  10
550601.578
  20
77470.177
  30
28.527
  0
VERTEX
  8
GEOMETRY_LAYER_1
  70
32
  10
550602.960
  20
77480.701
  30
28.445
  0
VERTEX
  8
GEOMETRY_LAYER_1
  70
32
  10
550603.238
  20
77490.091
  30
28.822
  0
VERTEX
  8
GEOMETRY_LAYER_1
  70
32
  10
550603.179
  20
77497.390
  30
29.423
  0
VERTEX
  8
GEOMETRY_LAYER_1
  70
32
  10
550604.023
  20
77506.857
  30
29.68
  0
VERTEX
  8
GEOMETRY_LAYER_1
  70
32
  10
550606.034
  20
77516.345
  30
29.723
  0
VERTEX
  8
GEOMETRY_LAYER_1
  70
32
  10
550607.387
  20
77525.088
  30
29.691
  0
VERTEX
  8
GEOMETRY_LAYER_1
  70
32
  10
550608.848
  20
77535.112
  30
29.59
  0
SEQEND
  8
GEOMETRY_LAYER_1
  0
POLYLINE
  8
GEOMETRY_LAYER_1
  70
8
  66
1
 62
1
 39
1
  0
VERTEX
  8
GEOMETRY_LAYER_1
  70
32
  10
550832.521
  20
77592.503
  30
19.548
  0
VERTEX
  8
GEOMETRY_LAYER_1
  70
32
  10
550836.330
  20
77602.248
  30
19.623
  0
VERTEX
  8
GEOMETRY_LAYER_1
  70
32
  10
550838.353
  20
77608.578
  30
19.893
  0
VERTEX
  8
GEOMETRY_LAYER_1
  70
32
  10
550840.764
  20
77616.149
  30
19.912
  0
VERTEX
  8
GEOMETRY_LAYER_1
  70
32
  10
550842.943
  20
77625.176
  30
19.803
  0
VERTEX
  8
GEOMETRY_LAYER_1
  70
32
  10
550848.771
  20
77645.056
  30
19.899
  0
VERTEX
  8
GEOMETRY_LAYER_1
  70
32
  10
550831.000
  20
77636.847
  30
19.704
  0
VERTEX
  8
GEOMETRY_LAYER_1
  70
32
  10
550827.715
  20
77627.776
  30
19.801
  0
VERTEX
  8
GEOMETRY_LAYER_1
  70
32
  10
550825.166
  20
77618.369
  30
20.257
  0
VERTEX
  8
GEOMETRY_LAYER_1
  70
32
  10
550822.756
  20
77611.278
  30
19.944
  0
VERTEX
  8
GEOMETRY_LAYER_1
  70
32
  10
550817.334
  20
77606.656
  30
19.808
  0
VERTEX
  8
GEOMETRY_LAYER_1
  70
32
  10
550811.912
  20
77602.034
  30
19.673
  0
VERTEX
  8
GEOMETRY_LAYER_1
  70
32
  10
550809.525
  20
77593.742
  30
19.317
  0
VERTEX
  8
GEOMETRY_LAYER_1
  70
32
  10
550807.138
  20
77585.450
  30
18.961
  0
VERTEX
  8
GEOMETRY_LAYER_1
  70
32
  10
550804.752
  20
77577.157
  30
18.605
  0
VERTEX
  8
GEOMETRY_LAYER_1
  70
32
  10
550802.365
  20
77568.865
  30
18.249
  0
VERTEX
  8
GEOMETRY_LAYER_1
  70
32
  10
550799.978
  20
77560.573
  30
17.893
  0
VERTEX
  8
GEOMETRY_LAYER_1
  70
32
  10
550797.591
  20
77552.280
  30
17.537
  0
VERTEX
  8
GEOMETRY_LAYER_1
  70
32
  10
550795.205
  20
77543.988
  30
17.181
  0
VERTEX
  8
GEOMETRY_LAYER_1
  70
32
  10
550792.818
  20
77535.696
  30
16.826
  0
VERTEX
  8
GEOMETRY_LAYER_1
  70
32
  10
550795.391
  20
77519.538
  30
16.715
  0
VERTEX
  8
GEOMETRY_LAYER_1
  70
32
  10
550794.032
  20
77512.633
  30
16.168
  0
VERTEX
  8
GEOMETRY_LAYER_1
  70
32
  10
550794.489
  20
77505.717
  30
15.53
  0
VERTEX
  8
GEOMETRY_LAYER_1
  70
32
  10
550794.843
  20
77496.741
  30
14.799
  0
VERTEX
  8
GEOMETRY_LAYER_1
  70
32
  10
550794.050
  20
77485.306
  30
14.447
  0
VERTEX
  8
GEOMETRY_LAYER_1
  70
32
  10
550801.681
  20
77476.982
  30
14.379
  0
VERTEX
  8
GEOMETRY_LAYER_1
  70
32
  10
550809.313
  20
77468.658
  30
14.312
  0
VERTEX
  8
GEOMETRY_LAYER_1
  70
32
  10
550810.595
  20
77490.200
  30
14.387
  0
VERTEX
  8
GEOMETRY_LAYER_1
  70
32
  10
550809.778
  20
77500.405
  30
15.048
  0
VERTEX
  8
GEOMETRY_LAYER_1
  70
32
  10
550809.785
  20
77507.929
  30
15.7
  0
VERTEX
  8
GEOMETRY_LAYER_1
  70
32
  10
550812.556
  20
77515.282
  30
16.666
  0
VERTEX
  8
GEOMETRY_LAYER_1
  70
32
  10
550815.121
  20
77524.653
  30
16.954
  0
VERTEX
  8
GEOMETRY_LAYER_1
  70
32
  10
550816.777
  20
77533.700
  30
17.538
  0
VERTEX
  8
GEOMETRY_LAYER_1
  70
32
  10
550817.832
  20
77542.186
  30
17.687
  0
VERTEX
  8
GEOMETRY_LAYER_1
  70
32
  10
550819.472
  20
77551.267
  30
17.898
  0
VERTEX
  8
GEOMETRY_LAYER_1
  70
32
  10
550822.292
  20
77559.215
  30
18.441
  0
VERTEX
  8
GEOMETRY_LAYER_1
  70
32
  10
550824.224
  20
77568.082
  30
18.941
  0
VERTEX
  8
GEOMETRY_LAYER_1
  70
32
  10
550825.393
  20
77577.065
  30
19.289
  0
VERTEX
  8
GEOMETRY_LAYER_1
  70
32
  10
550832.521
  20
77592.503
  30
19.548
  0
SEQEND
  8
GEOMETRY_LAYER_1
  0
POLYLINE
  8
GEOMETRY_LAYER_1
  70
8
  66
1
 62
1
 39
1
  0
VERTEX
  8
GEOMETRY_LAYER_1
  70
32
  10
550833.029
  20
77603.419
  30
19.623
  0
VERTEX
  8
GEOMETRY_LAYER_1
  70
32
  10
550835.018
  20
77609.641
  30
19.893
  0
VERTEX
  8
GEOMETRY_LAYER_1
  70
32
  10
550837.391
  20
77617.093
  30
19.912
  0
VERTEX
  8
GEOMETRY_LAYER_1
  70
32
  10
550839.560
  20
77626.079
  30
19.803
  0
VERTEX
  8
GEOMETRY_LAYER_1
  70
32
  10
550843.245
  20
77638.648
  30
19.899
  0
VERTEX
  8
GEOMETRY_LAYER_1
  70
32
  10
550833.793
  20
77634.282
  30
19.704
  0
VERTEX
  8
GEOMETRY_LAYER_1
  70
32
  10
550831.055
  20
77626.720
  30
19.801
  0
VERTEX
  8
GEOMETRY_LAYER_1
  70
32
  10
550828.515
  20
77617.347
  30
20.257
  0
VERTEX
  8
GEOMETRY_LAYER_1
  70
32
  10
550825.760
  20
77609.240
  30
19.944
  0
VERTEX
  8
GEOMETRY_LAYER_1
  70
32
  10
550819.604
  20
77603.992
  30
19.808
  0
VERTEX
  8
GEOMETRY_LAYER_1
  70
32
  10
550814.984
  20
77600.054
  30
19.673
  0
VERTEX
  8
GEOMETRY_LAYER_1
  70
32
  10
550812.888
  20
77592.774
  30
19.317
  0
VERTEX
  8
GEOMETRY_LAYER_1
  70
32
  10
550810.502
  20
77584.482
  30
18.961
  0
VERTEX
  8
GEOMETRY_LAYER_1
  70
32
  10
550808.115
  20
77576.189
  30
18.605
  0
VERTEX
  8
GEOMETRY_LAYER_1
  70
32
  10
550805.728
  20
77567.897
  30
18.249
  0
VERTEX
  8
GEOMETRY_LAYER_1
  70
32
  10
550803.342
  20
77559.605
  30
17.893
  0
VERTEX
  8
GEOMETRY_LAYER_1
  70
32
  10
550800.955
  20
77551.312
  30
17.537
  0
VERTEX
  8
GEOMETRY_LAYER_1
  70
32
  10
550798.568
  20
77543.020
  30
17.181
  0
VERTEX
  8
GEOMETRY_LAYER_1
  70
32
  10
550796.397
  20
77535.477
  30
16.826
  0
VERTEX
  8
GEOMETRY_LAYER_1
  70
32
  10
550798.946
  20
77519.473
  30
16.715
  0
VERTEX
  8
GEOMETRY_LAYER_1
  70
32
  10
550797.554
  20
77512.406
  30
16.168
  0
VERTEX
  8
GEOMETRY_LAYER_1
  70
32
  10
550797.985
  20
77505.901
  30
15.53
  0
VERTEX
  8
GEOMETRY_LAYER_1
  70
32
  10
550798.347
  20
77496.688
  30
14.799
  0
VERTEX
  8
GEOMETRY_LAYER_1
  70
32
  10
550797.645
  20
77486.563
  30
14.447
  0
VERTEX
  8
GEOMETRY_LAYER_1
  70
32
  10
550804.261
  20
77479.347
  30
14.379
  0
VERTEX
  8
GEOMETRY_LAYER_1
  70
32
  10
550806.310
  20
77477.113
  30
14.312
  0
VERTEX
  8
GEOMETRY_LAYER_1
  70
32
  10
550807.087
  20
77490.164
  30
14.387
  0
VERTEX
  8
GEOMETRY_LAYER_1
  70
32
  10
550806.278
  20
77500.266
  30
15.048
  0
VERTEX
  8
GEOMETRY_LAYER_1
  70
32
  10
550806.285
  20
77508.567
  30
15.7
  0
VERTEX
  8
GEOMETRY_LAYER_1
  70
32
  10
550809.223
  20
77516.363
  30
16.666
  0
VERTEX
  8
GEOMETRY_LAYER_1
  70
32
  10
550811.705
  20
77525.431
  30
16.954
  0
VERTEX
  8
GEOMETRY_LAYER_1
  70
32
  10
550813.316
  20
77534.231
  30
17.538
  0
VERTEX
  8
GEOMETRY_LAYER_1
  70
32
  10
550814.371
  20
77542.714
  30
17.687
  0
VERTEX
  8
GEOMETRY_LAYER_1
  70
32
  10
550816.078
  20
77552.170
  30
17.898
  0
VERTEX
  8
GEOMETRY_LAYER_1
  70
32
  10
550818.919
  20
77560.177
  30
18.441
  0
VERTEX
  8
GEOMETRY_LAYER_1
  70
32
  10
550820.772
  20
77568.681
  30
18.941
  0
VERTEX
  8
GEOMETRY_LAYER_1
  70
32
  10
550821.991
  20
77578.047
  30
19.289
  0
VERTEX
  8
GEOMETRY_LAYER_1
  70
32
  10
550833.029
  20
77603.419
  30
19.623
  0
SEQEND
  8
GEOMETRY_LAYER_1
  0
POLYLINE
  8
GEOMETRY_LAYER_1
  70
8
  66
1
 62
1
 39
1
  0
VERTEX
  8
GEOMETRY_LAYER_1
  70
32
  10
551076.165
  20
76257.468
  30
31.14
  0
VERTEX
  8
GEOMETRY_LAYER_1
  70
32
  10
551073.059
  20
76250.060
  30
31.391
  0
VERTEX
  8
GEOMETRY_LAYER_1
  70
32
  10
551069.110
  20
76240.799
  30
31.962
  0
VERTEX
  8
GEOMETRY_LAYER_1
  70
32
  10
551064.695
  20
76232.503
  30
32.526
  0
VERTEX
  8
GEOMETRY_LAYER_1
  70
32
  10
551060.904
  20
76223.249
  30
33.289
  0
VERTEX
  8
GEOMETRY_LAYER_1
  70
32
  10
551056.667
  20
76212.922
  30
34.158
  0
VERTEX
  8
GEOMETRY_LAYER_1
  70
32
  10
551051.726
  20
76205.238
  30
34.924
  0
VERTEX
  8
GEOMETRY_LAYER_1
  70
32
  10
551047.831
  20
76197.103
  30
36.051
  0
VERTEX
  8
GEOMETRY_LAYER_1
  70
32
  10
551043.320
  20
76187.212
  30
37.105
  0
VERTEX
  8
GEOMETRY_LAYER_1
  70
32
  10
551040.147
  20
76180.282
  30
37.961
  0
VERTEX
  8
GEOMETRY_LAYER_1
  70
32
  10
551036.823
  20
76171.296
  30
38.789
  0
VERTEX
  8
GEOMETRY_LAYER_1
  70
32
  10
551034.378
  20
76161.357
  30
39.365
  0
VERTEX
  8
GEOMETRY_LAYER_1
  70
32
  10
551032.252
  20
76152.380
  30
40.159
  0
VERTEX
  8
GEOMETRY_LAYER_1
  70
32
  10
551027.877
  20
76137.596
  30
41.303
  0
VERTEX
  8
GEOMETRY_LAYER_1
  70
32
  10
551008.258
  20
76140.951
  30
41.262
  0
VERTEX
  8
GEOMETRY_LAYER_1
  70
32
  10
551009.315
  20
76155.287
  30
40.108
  0
VERTEX
  8
GEOMETRY_LAYER_1
  70
32
  10
551012.265
  20
76167.830
  30
39.406
  0
VERTEX
  8
GEOMETRY_LAYER_1
  70
32
  10
551015.372
  20
76175.243
  30
38.898
  0
VERTEX
  8
GEOMETRY_LAYER_1
  70
32
  10
551019.552
  20
76185.922
  30
38.073
  0
VERTEX
  8
GEOMETRY_LAYER_1
  70
32
  10
551023.836
  20
76194.615
  30
37.316
  0
VERTEX
  8
GEOMETRY_LAYER_1
  70
32
  10
551026.131
  20
76203.329
  30
36.303
  0
VERTEX
  8
GEOMETRY_LAYER_1
  70
32
  10
551032.933
  20
76213.072
  30
35.266
  0
VERTEX
  8
GEOMETRY_LAYER_1
  70
32
  10
551038.405
  20
76220.399
  30
34.445
  0
VERTEX
  8
GEOMETRY_LAYER_1
  70
32
  10
551043.007
  20
76229.454
  30
33.56
  0
VERTEX
  8
GEOMETRY_LAYER_1
  70
32
  10
551045.451
  20
76239.468
  30
32.925
  0
VERTEX
  8
GEOMETRY_LAYER_1
  70
32
  10
551050.390
  20
76247.569
  30
32.681
  0
VERTEX
  8
GEOMETRY_LAYER_1
  70
32
  10
551052.122
  20
76254.518
  30
32.109
  0
VERTEX
  8
GEOMETRY_LAYER_1
  70
32
  10
551055.290
  20
76262.806
  30
31.626
  0
VERTEX
  8
GEOMETRY_LAYER_1
  70
32
  10
551058.130
  20
76271.858
  30
31.071
  0
VERTEX
  8
GEOMETRY_LAYER_1
  70
32
  10
551062.141
  20
76281.937
  30
29.833
  0
VERTEX
  8
GEOMETRY_LAYER_1
  70
32
  10
551065.757
  20
76288.854
  30
28.803
  0
VERTEX
  8
GEOMETRY_LAYER_1
  70
32
  10
551069.059
  20
76299.934
  30
28.21
  0
VERTEX
  8
GEOMETRY_LAYER_1
  70
32
  10
551075.009
  20
76308.570
  30
28.661
  0
VERTEX
  8
GEOMETRY_LAYER_1
  70
32
  10
551077.740
  20
76312.448
  30
28.908
  0
VERTEX
  8
GEOMETRY_LAYER_1
  70
32
  10
551080.156
  20
76322.625
  30
29.086
  0
VERTEX
  8
GEOMETRY_LAYER_1
  70
32
  10
551092.832
  20
76316.075
  30
28.925
  0
VERTEX
  8
GEOMETRY_LAYER_1
  70
32
  10
551090.628
  20
76304.667
  30
28.723
  0
VERTEX
  8
GEOMETRY_LAYER_1
  70
32
  10
551088.684
  20
76294.907
  30
28.373
  0
VERTEX
  8
GEOMETRY_LAYER_1
  70
32
  10
551086.377
  20
76285.512
  30
28.681
  0
VERTEX
  8
GEOMETRY_LAYER_1
  70
32
  10
551082.691
  20
76276.663
  30
29.551
  0
VERTEX
  8
GEOMETRY_LAYER_1
  70
32
  10
551076.165
  20
76257.468
  30
31.14
  0
SEQEND
  8
GEOMETRY_LAYER_1
  0
POLYLINE
  8
GEOMETRY_LAYER_1
  70
8
  66
1
 62
1
 39
1
  0
VERTEX
  8
GEOMETRY_LAYER_1
  70
32
  10
551069.375
  20
76251.618
  30
31.391
  0
VERTEX
  8
GEOMETRY_LAYER_1
  70
32
  10
551065.498
  20
76242.526
  30
31.962
  0
VERTEX
  8
GEOMETRY_LAYER_1
  70
32
  10
551061.070
  20
76234.205
  30
32.526
  0
VERTEX
  8
GEOMETRY_LAYER_1
  70
32
  10
551057.203
  20
76224.766
  30
33.289
  0
VERTEX
  8
GEOMETRY_LAYER_1
  70
32
  10
551053.105
  20
76214.778
  30
34.158
  0
VERTEX
  8
GEOMETRY_LAYER_1
  70
32
  10
551048.226
  20
76207.191
  30
34.924
  0
VERTEX
  8
GEOMETRY_LAYER_1
  70
32
  10
551044.207
  20
76198.797
  30
36.051
  0
VERTEX
  8
GEOMETRY_LAYER_1
  70
32
  10
551039.682
  20
76188.874
  30
37.105
  0
VERTEX
  8
GEOMETRY_LAYER_1
  70
32
  10
551036.448
  20
76181.810
  30
37.961
  0
VERTEX
  8
GEOMETRY_LAYER_1
  70
32
  10
551032.993
  20
76172.472
  30
38.789
  0
VERTEX
  8
GEOMETRY_LAYER_1
  70
32
  10
551030.490
  20
76162.296
  30
39.365
  0
VERTEX
  8
GEOMETRY_LAYER_1
  70
32
  10
551028.385
  20
76153.409
  30
40.159
  0
VERTEX
  8
GEOMETRY_LAYER_1
  70
32
  10
551025.049
  20
76142.138
  30
41.303
  0
VERTEX
  8
GEOMETRY_LAYER_1
  70
32
  10
551012.514
  20
76144.281
  30
41.262
  0
VERTEX
  8
GEOMETRY_LAYER_1
  70
32
  10
551013.280
  20
76154.679
  30
40.108
  0
VERTEX
  8
GEOMETRY_LAYER_1
  70
32
  10
551016.083
  20
76166.591
  30
39.406
  0
VERTEX
  8
GEOMETRY_LAYER_1
  70
32
  10
551019.080
  20
76173.740
  30
38.898
  0
VERTEX
  8
GEOMETRY_LAYER_1
  70
32
  10
551023.215
  20
76184.306
  30
38.073
  0
VERTEX
  8
GEOMETRY_LAYER_1
  70
32
  10
551027.602
  20
76193.208
  30
37.316
  0
VERTEX
  8
GEOMETRY_LAYER_1
  70
32
  10
551029.818
  20
76201.622
  30
36.303
  0
VERTEX
  8
GEOMETRY_LAYER_1
  70
32
  10
551036.176
  20
76210.729
  30
35.266
  0
VERTEX
  8
GEOMETRY_LAYER_1
  70
32
  10
551041.815
  20
76218.281
  30
34.445
  0
VERTEX
  8
GEOMETRY_LAYER_1
  70
32
  10
551046.783
  20
76228.056
  30
33.56
  0
VERTEX
  8
GEOMETRY_LAYER_1
  70
32
  10
551049.190
  20
76237.916
  30
32.925
  0
VERTEX
  8
GEOMETRY_LAYER_1
  70
32
  10
551054.123
  20
76246.009
  30
32.681
  0
VERTEX
  8
GEOMETRY_LAYER_1
  70
32
  10
551055.945
  20
76253.316
  30
32.109
  0
VERTEX
  8
GEOMETRY_LAYER_1
  70
32
  10
551059.070
  20
76261.491
  30
31.626
  0
VERTEX
  8
GEOMETRY_LAYER_1
  70
32
  10
551061.902
  20
76270.518
  30
31.071
  0
VERTEX
  8
GEOMETRY_LAYER_1
  70
32
  10
551065.781
  20
76280.267
  30
29.833
  0
VERTEX
  8
GEOMETRY_LAYER_1
  70
32
  10
551069.481
  20
76287.343
  30
28.803
  0
VERTEX
  8
GEOMETRY_LAYER_1
  70
32
  10
551072.712
  20
76298.184
  30
28.21
  0
VERTEX
  8
GEOMETRY_LAYER_1
  70
32
  10
551078.291
  20
76306.284
  30
28.661
  0
VERTEX
  8
GEOMETRY_LAYER_1
  70
32
  10
551081.454
  20
76310.774
  30
28.908
  0
VERTEX
  8
GEOMETRY_LAYER_1
  70
32
  10
551082.866
  20
76316.723
  30
29.086
  0
VERTEX
  8
GEOMETRY_LAYER_1
  70
32
  10
551088.337
  20
76313.895
  30
28.925
  0
VERTEX
  8
GEOMETRY_LAYER_1
  70
32
  10
551086.703
  20
76305.437
  30
28.723
  0
VERTEX
  8
GEOMETRY_LAYER_1
  70
32
  10
551084.779
  20
76295.775
  30
28.373
  0
VERTEX
  8
GEOMETRY_LAYER_1
  70
32
  10
551082.566
  20
76286.766
  30
28.681
  0
VERTEX
  8
GEOMETRY_LAYER_1
  70
32
  10
551069.375
  20
76251.618
  30
31.391
  0
SEQEND
  8
GEOMETRY_LAYER_1
  0
POLYLINE
  8
GEOMETRY_LAYER_1
  70
8
  66
1
 62
3
 39
1
  0
VERTEX
  8
GEOMETRY_LAYER_1
  70
32
  10
551261.367
  20
76352.420
  30
18.091
  0
VERTEX
  8
GEOMETRY_LAYER_1
  70
32
  10
551263.011
  20
76363.793
  30
17.89
  0
VERTEX
  8
GEOMETRY_LAYER_1
  70
32
  10
551264.851
  20
76372.138
  30
17.521
  0
VERTEX
  8
GEOMETRY_LAYER_1
  70
32
  10
551263.023
  20
76374.011
  30
17.508
  0
VERTEX
  8
GEOMETRY_LAYER_1
  70
32
  10
551257.371
  20
76380.503
  30
17.589
  0
VERTEX
  8
GEOMETRY_LAYER_1
  70
32
  10
551249.067
  20
76387.232
  30
18.202
  0
VERTEX
  8
GEOMETRY_LAYER_1
  70
32
  10
551241.074
  20
76394.357
  30
18.116
  0
VERTEX
  8
GEOMETRY_LAYER_1
  70
32
  10
551231.041
  20
76390.953
  30
18.701
  0
VERTEX
  8
GEOMETRY_LAYER_1
  70
32
  10
551228.439
  20
76388.092
  30
18.549
  0
VERTEX
  8
GEOMETRY_LAYER_1
  70
32
  10
551226.634
  20
76380.295
  30
18.579
  0
VERTEX
  8
GEOMETRY_LAYER_1
  70
32
  10
551224.987
  20
76371.942
  30
18.722
  0
VERTEX
  8
GEOMETRY_LAYER_1
  70
32
  10
551223.900
  20
76364.431
  30
19.08
  0
VERTEX
  8
GEOMETRY_LAYER_1
  70
32
  10
551218.277
  20
76360.499
  30
19.726
  0
VERTEX
  8
GEOMETRY_LAYER_1
  70
32
  10
551216.120
  20
76350.255
  30
20.451
  0
VERTEX
  8
GEOMETRY_LAYER_1
  70
32
  10
551213.816
  20
76342.469
  30
20.451
  0
VERTEX
  8
GEOMETRY_LAYER_1
  70
32
  10
551211.427
  20
76333.267
  30
20.612
  0
VERTEX
  8
GEOMETRY_LAYER_1
  70
32
  10
551218.965
  20
76324.351
  30
20.517
  0
VERTEX
  8
GEOMETRY_LAYER_1
  70
32
  10
551226.918
  20
76321.866
  30
20.268
  0
VERTEX
  8
GEOMETRY_LAYER_1
  70
32
  10
551234.118
  20
76320.141
  30
20.416
  0
VERTEX
  8
GEOMETRY_LAYER_1
  70
32
  10
551240.741
  20
76314.323
  30
20.64
  0
VERTEX
  8
GEOMETRY_LAYER_1
  70
32
  10
551257.293
  20
76306.192
  30
21.044
  0
VERTEX
  8
GEOMETRY_LAYER_1
  70
32
  10
551256.793
  20
76319.725
  30
20.686
  0
VERTEX
  8
GEOMETRY_LAYER_1
  70
32
  10
551256.566
  20
76327.237
  30
20.375
  0
VERTEX
  8
GEOMETRY_LAYER_1
  70
32
  10
551258.255
  20
76335.881
  30
19.866
  0
VERTEX
  8
GEOMETRY_LAYER_1
  70
32
  10
551260.027
  20
76344.476
  30
18.823
  0
VERTEX
  8
GEOMETRY_LAYER_1
  70
32
  10
551261.367
  20
76352.420
  30
18.091
  0
SEQEND
  8
GEOMETRY_LAYER_1
  0
POLYLINE
  8
GEOMETRY_LAYER_1
  70
8
  66
1
 62
3
 39
1
  0
VERTEX
  8
GEOMETRY_LAYER_1
  70
32
  10
551257.903
  20
76352.921
  30
18.091
  0
VERTEX
  8
GEOMETRY_LAYER_1
  70
32
  10
551259.566
  20
76364.421
  30
17.89
  0
VERTEX
  8
GEOMETRY_LAYER_1
  70
32
  10
551261.027
  20
76371.046
  30
17.521
  0
VERTEX
  8
GEOMETRY_LAYER_1
  70
32
  10
551260.449
  20
76371.638
  30
17.508
  0
VERTEX
  8
GEOMETRY_LAYER_1
  70
32
  10
551254.931
  20
76377.976
  30
17.589
  0
VERTEX
  8
GEOMETRY_LAYER_1
  70
32
  10
551246.800
  20
76384.564
  30
18.202
  0
VERTEX
  8
GEOMETRY_LAYER_1
  70
32
  10
551240.267
  20
76390.388
  30
18.116
  0
VERTEX
  8
GEOMETRY_LAYER_1
  70
32
  10
551233.022
  20
76387.930
  30
18.701
  0
VERTEX
  8
GEOMETRY_LAYER_1
  70
32
  10
551231.643
  20
76386.413
  30
18.549
  0
VERTEX
  8
GEOMETRY_LAYER_1
  70
32
  10
551230.057
  20
76379.561
  30
18.579
  0
VERTEX
  8
GEOMETRY_LAYER_1
  70
32
  10
551228.438
  20
76371.352
  30
18.722
  0
VERTEX
  8
GEOMETRY_LAYER_1
  70
32
  10
551227.147
  20
76362.430
  30
19.08
  0
VERTEX
  8
GEOMETRY_LAYER_1
  70
32
  10
551221.417
  20
76358.424
  30
19.726
  0
VERTEX
  8
GEOMETRY_LAYER_1
  70
32
  10
551219.516
  20
76349.396
  30
20.451
  0
VERTEX
  8
GEOMETRY_LAYER_1
  70
32
  10
551217.189
  20
76341.532
  30
20.451
  0
VERTEX
  8
GEOMETRY_LAYER_1
  70
32
  10
551215.271
  20
76334.142
  30
20.612
  0
VERTEX
  8
GEOMETRY_LAYER_1
  70
32
  10
551220.980
  20
76327.388
  30
20.517
  0
VERTEX
  8
GEOMETRY_LAYER_1
  70
32
  10
551227.849
  20
76325.242
  30
20.268
  0
VERTEX
  8
GEOMETRY_LAYER_1
  70
32
  10
551235.777
  20
76323.342
  30
20.416
  0
VERTEX
  8
GEOMETRY_LAYER_1
  70
32
  10
551242.702
  20
76317.260
  30
20.64
  0
VERTEX
  8
GEOMETRY_LAYER_1
  70
32
  10
551253.579
  20
76311.916
  30
21.044
  0
VERTEX
  8
GEOMETRY_LAYER_1
  70
32
  10
551253.295
  20
76319.607
  30
20.686
  0
VERTEX
  8
GEOMETRY_LAYER_1
  70
32
  10
551253.056
  20
76327.523
  30
20.375
  0
VERTEX
  8
GEOMETRY_LAYER_1
  70
32
  10
551254.823
  20
76336.570
  30
19.866
  0
VERTEX
  8
GEOMETRY_LAYER_1
  70
32
  10
551256.600
  20
76345.184
  30
18.823
  0
VERTEX
  8
GEOMETRY_LAYER_1
  70
32
  10
551257.903
  20
76352.921
  30
18.091
  0
SEQEND
  8
GEOMETRY_LAYER_1
  0
POLYLINE
  8
GEOMETRY_LAYER_1
  70
8
  66
1
 62
3
 39
1
  0
VERTEX
  8
GEOMETRY_LAYER_1
  70
32
  10
551033.293
  20
77001.920
  30
3.767
  0
VERTEX
  8
GEOMETRY_LAYER_1
  70
32
  10
551035.512
  20
77016.973
  30
3.302
  0
VERTEX
  8
GEOMETRY_LAYER_1
  70
32
  10
551031.234
  20
77021.779
  30
2.836
  0
VERTEX
  8
GEOMETRY_LAYER_1
  70
32
  10
551033.430
  20
77052.338
  30
1.912
  0
VERTEX
  8
GEOMETRY_LAYER_1
  70
32
  10
551050.545
  20
77060.996
  30
1.333
  0
VERTEX
  8
GEOMETRY_LAYER_1
  70
32
  10
551054.416
  20
77058.176
  30
1.617
  0
VERTEX
  8
GEOMETRY_LAYER_1
  70
32
  10
551040.404
  20
76970.524
  30
4.571
  0
VERTEX
  8
GEOMETRY_LAYER_1
  70
32
  10
551038.969
  20
76961.807
  30
5.01
  0
VERTEX
  8
GEOMETRY_LAYER_1
  70
32
  10
551037.945
  20
76956.321
  30
4.914
  0
VERTEX
  8
GEOMETRY_LAYER_1
  70
32
  10
551029.160
  20
76907.039
  30
5.534
  0
VERTEX
  8
GEOMETRY_LAYER_1
  70
32
  10
551017.682
  20
76899.241
  30
6.089
  0
VERTEX
  8
GEOMETRY_LAYER_1
  70
32
  10
551026.928
  20
76991.411
  30
4.233
  0
VERTEX
  8
GEOMETRY_LAYER_1
  70
32
  10
551033.293
  20
77001.920
  30
3.767
  0
SEQEND
  8
GEOMETRY_LAYER_1
  0
POLYLINE
  8
GEOMETRY_LAYER_1
  70
8
  66
1
 62
3
 39
1
  0
VERTEX
  8
GEOMETRY_LAYER_1
  70
32
  10
551029.933
  20
77003.129
  30
3.767
  0
VERTEX
  8
GEOMETRY_LAYER_1
  70
32
  10
551031.811
  20
77015.866
  30
3.302
  0
VERTEX
  8
GEOMETRY_LAYER_1
  70
32
  10
551027.637
  20
77020.556
  30
2.836
  0
VERTEX
  8
GEOMETRY_LAYER_1
  70
32
  10
551030.081
  20
77054.566
  30
1.912
  0
VERTEX
  8
GEOMETRY_LAYER_1
  70
32
  10
551050.875
  20
77065.086
  30
1.333
  0
VERTEX
  8
GEOMETRY_LAYER_1
  70
32
  10
551058.210
  20
77059.741
  30
1.617
  0
VERTEX
  8
GEOMETRY_LAYER_1
  70
32
  10
551043.859
  20
76969.964
  30
4.571
  0
VERTEX
  8
GEOMETRY_LAYER_1
  70
32
  10
551042.417
  20
76961.201
  30
5.01
  0
VERTEX
  8
GEOMETRY_LAYER_1
  70
32
  10
551041.388
  20
76955.693
  30
4.914
  0
VERTEX
  8
GEOMETRY_LAYER_1
  70
32
  10
551032.347
  20
76904.973
  30
5.534
  0
VERTEX
  8
GEOMETRY_LAYER_1
  70
32
  10
551013.452
  20
76892.137
  30
6.089
  0
VERTEX
  8
GEOMETRY_LAYER_1
  70
32
  10
551023.524
  20
76992.548
  30
4.233
  0
VERTEX
  8
GEOMETRY_LAYER_1
  70
32
  10
551029.933
  20
77003.129
  30
3.767
  0
SEQEND
  8
GEOMETRY_LAYER_1
  0
POLYLINE
  8
GEOMETRY_LAYER_1
  70
8
  66
1
 62
3
 39
1
  0
VERTEX
  8
GEOMETRY_LAYER_1
  70
32
  10
550533.014
  20
76465.343
  30
62.167
  0
VERTEX
  8
GEOMETRY_LAYER_1
  70
32
  10
550533.907
  20
76460.496
  30
62.077
  0
VERTEX
  8
GEOMETRY_LAYER_1
  70
32
  10
550531.941
  20
76451.662
  30
62.611
  0
VERTEX
  8
GEOMETRY_LAYER_1
  70
32
  10
550528.637
  20
76441.917
  30
62.679
  0
VERTEX
  8
GEOMETRY_LAYER_1
  70
32
  10
550523.290
  20
76432.350
  30
62.403
  0
VERTEX
  8
GEOMETRY_LAYER_1
  70
32
  10
550517.476
  20
76424.721
  30
62.021
  0
VERTEX
  8
GEOMETRY_LAYER_1
  70
32
  10
550501.563
  20
76443.751
  30
63.546
  0
VERTEX
  8
GEOMETRY_LAYER_1
  70
32
  10
550504.937
  20
76453.722
  30
63.755
  0
VERTEX
  8
GEOMETRY_LAYER_1
  70
32
  10
550507.110
  20
76463.463
  30
63.462
  0
VERTEX
  8
GEOMETRY_LAYER_1
  70
32
  10
550509.729
  20
76470.251
  30
63.072
  0
VERTEX
  8
GEOMETRY_LAYER_1
  70
32
  10
550517.977
  20
76500.191
  30
83.148
  0
VERTEX
  8
GEOMETRY_LAYER_1
  70
32
  10
550521.227
  20
76510.253
  30
82.65
  0
VERTEX
  8
GEOMETRY_LAYER_1
  70
32
  10
550529.807
  20
76516.183
  30
60.974
  0
VERTEX
  8
GEOMETRY_LAYER_1
  70
32
  10
550535.088
  20
76517.876
  30
60.696
  0
VERTEX
  8
GEOMETRY_LAYER_1
  70
32
  10
550547.270
  20
76523.302
  30
113.824
  0
VERTEX
  8
GEOMETRY_LAYER_1
  70
32
  10
550548.645
  20
76513.267
  30
61.264
  0
VERTEX
  8
GEOMETRY_LAYER_1
  70
32
  10
550545.628
  20
76505.156
  30
61.207
  0
VERTEX
  8
GEOMETRY_LAYER_1
  70
32
  10
550543.667
  20
76498.180
  30
60.985
  0
VERTEX
  8
GEOMETRY_LAYER_1
  70
32
  10
550545.705
  20
76485.804
  30
70.295
  0
VERTEX
  8
GEOMETRY_LAYER_1
  70
32
  10
550542.229
  20
76481.017
  30
65.875
  0
VERTEX
  8
GEOMETRY_LAYER_1
  70
32
  10
550533.014
  20
76465.343
  30
62.167
  0
SEQEND
  8
GEOMETRY_LAYER_1
  0
POLYLINE
  8
GEOMETRY_LAYER_1
  70
8
  66
1
 62
3
 39
1
  0
VERTEX
  8
GEOMETRY_LAYER_1
  70
32
  10
550536.780
  20
76479.472
  30
61.456
  0
VERTEX
  8
GEOMETRY_LAYER_1
  70
32
  10
550529.347
  20
76465.935
  30
62.167
  0
VERTEX
  8
GEOMETRY_LAYER_1
  70
32
  10
550530.336
  20
76460.561
  30
62.077
  0
VERTEX
  8
GEOMETRY_LAYER_1
  70
32
  10
550528.566
  20
76452.607
  30
62.611
  0
VERTEX
  8
GEOMETRY_LAYER_1
  70
32
  10
550525.426
  20
76443.345
  30
62.679
  0
VERTEX
  8
GEOMETRY_LAYER_1
  70
32
  10
550520.355
  20
76434.275
  30
62.403
  0
VERTEX
  8
GEOMETRY_LAYER_1
  70
32
  10
550517.349
  20
76430.329
  30
62.021
  0
VERTEX
  8
GEOMETRY_LAYER_1
  70
32
  10
550505.508
  20
76444.489
  30
63.546
  0
VERTEX
  8
GEOMETRY_LAYER_1
  70
32
  10
550508.312
  20
76452.776
  30
63.755
  0
VERTEX
  8
GEOMETRY_LAYER_1
  70
32
  10
550510.470
  20
76462.446
  30
63.462
  0
VERTEX
  8
GEOMETRY_LAYER_1
  70
32
  10
550513.057
  20
76469.153
  30
63.072
  0
VERTEX
  8
GEOMETRY_LAYER_1
  70
32
  10
550521.331
  20
76499.188
  30
83.148
  0
VERTEX
  8
GEOMETRY_LAYER_1
  70
32
  10
550524.193
  20
76508.048
  30
82.65
  0
VERTEX
  8
GEOMETRY_LAYER_1
  70
32
  10
550531.370
  20
76513.008
  30
60.974
  0
VERTEX
  8
GEOMETRY_LAYER_1
  70
32
  10
550536.338
  20
76514.601
  30
60.696
  0
VERTEX
  8
GEOMETRY_LAYER_1
  70
32
  10
550544.436
  20
76518.208
  30
113.824
  0
VERTEX
  8
GEOMETRY_LAYER_1
  70
32
  10
550545.058
  20
76513.663
  30
61.264
  0
VERTEX
  8
GEOMETRY_LAYER_1
  70
32
  10
550542.297
  20
76506.242
  30
61.207
  0
VERTEX
  8
GEOMETRY_LAYER_1
  70
32
  10
550540.087
  20
76498.379
  30
60.985
  0
VERTEX
  8
GEOMETRY_LAYER_1
  70
32
  10
550542.014
  20
76486.678
  30
70.295
  0
VERTEX
  8
GEOMETRY_LAYER_1
  70
32
  10
550539.397
  20
76483.074
  30
65.875
  0
VERTEX
  8
GEOMETRY_LAYER_1
  70
32
  10
550536.780
  20
76479.472
  30
61.456
  0
SEQEND
  8
GEOMETRY_LAYER_1
  0
POLYLINE
  8
GEOMETRY_LAYER_1
  70
8
  66
1
 62
1
 39
1
  0
VERTEX
  8
GEOMETRY_LAYER_1
  70
32
  10
552326.615
  20
78665.306
  30
-38.752
  0
VERTEX
  8
GEOMETRY_LAYER_1
  70
32
  10
552321.019
  20
78673.730
  30
-39.164
  0
VERTEX
  8
GEOMETRY_LAYER_1
  70
32
  10
552324.017
  20
78682.510
  30
-39.193
  0
VERTEX
  8
GEOMETRY_LAYER_1
  70
32
  10
552318.325
  20
78695.412
  30
-39.131
  0
VERTEX
  8
GEOMETRY_LAYER_1
  70
32
  10
552306.422
  20
78696.834
  30
-39.039
  0
VERTEX
  8
GEOMETRY_LAYER_1
  70
32
  10
552296.483
  20
78695.050
  30
-39.256
  0
VERTEX
  8
GEOMETRY_LAYER_1
  70
32
  10
552288.608
  20
78686.923
  30
-39.771
  0
VERTEX
  8
GEOMETRY_LAYER_1
  70
32
  10
552291.275
  20
78677.391
  30
-40.075
  0
VERTEX
  8
GEOMETRY_LAYER_1
  70
32
  10
552297.356
  20
78667.747
  30
-40.112
  0
VERTEX
  8
GEOMETRY_LAYER_1
  70
32
  10
552301.535
  20
78659.478
  30
-39.434
  0
VERTEX
  8
GEOMETRY_LAYER_1
  70
32
  10
552304.641
  20
78649.791
  30
-38.804
  0
VERTEX
  8
GEOMETRY_LAYER_1
  70
32
  10
552309.762
  20
78641.094
  30
-38.201
  0
VERTEX
  8
GEOMETRY_LAYER_1
  70
32
  10
552314.786
  20
78628.275
  30
-37.036
  0
VERTEX
  8
GEOMETRY_LAYER_1
  70
32
  10
552326.284
  20
78627.210
  30
-36.308
  0
VERTEX
  8
GEOMETRY_LAYER_1
  70
32
  10
552338.625
  20
78626.450
  30
-36.036
  0
VERTEX
  8
GEOMETRY_LAYER_1
  70
32
  10
552340.193
  20
78636.847
  30
-36.698
  0
VERTEX
  8
GEOMETRY_LAYER_1
  70
32
  10
552341.606
  20
78647.391
  30
-37.26
  0
VERTEX
  8
GEOMETRY_LAYER_1
  70
32
  10
552333.136
  20
78652.977
  30
-37.812
  0
VERTEX
  8
GEOMETRY_LAYER_1
  70
32
  10
552329.609
  20
78658.460
  30
-38.328
  0
VERTEX
  8
GEOMETRY_LAYER_1
  70
32
  10
552326.615
  20
78665.306
  30
-38.752
  0
SEQEND
  8
GEOMETRY_LAYER_1
  0
POLYLINE
  8
GEOMETRY_LAYER_1
  70
8
  66
1
 62
1
 39
1
  0
VERTEX
  8
GEOMETRY_LAYER_1
  70
32
  10
552323.283
  20
78663.093
  30
-38.752
  0
VERTEX
  8
GEOMETRY_LAYER_1
  70
32
  10
552316.597
  20
78673.159
  30
-39.164
  0
VERTEX
  8
GEOMETRY_LAYER_1
  70
32
  10
552319.727
  20
78682.325
  30
-39.193
  0
VERTEX
  8
GEOMETRY_LAYER_1
  70
32
  10
552315.586
  20
78691.711
  30
-39.131
  0
VERTEX
  8
GEOMETRY_LAYER_1
  70
32
  10
552306.541
  20
78692.791
  30
-39.039
  0
VERTEX
  8
GEOMETRY_LAYER_1
  70
32
  10
552298.458
  20
78691.341
  30
-39.256
  0
VERTEX
  8
GEOMETRY_LAYER_1
  70
32
  10
552293.079
  20
78685.789
  30
-39.771
  0
VERTEX
  8
GEOMETRY_LAYER_1
  70
32
  10
552294.969
  20
78679.032
  30
-40.075
  0
VERTEX
  8
GEOMETRY_LAYER_1
  70
32
  10
552300.841
  20
78669.720
  30
-40.112
  0
VERTEX
  8
GEOMETRY_LAYER_1
  70
32
  10
552305.247
  20
78661.001
  30
-39.434
  0
VERTEX
  8
GEOMETRY_LAYER_1
  70
32
  10
552308.314
  20
78651.437
  30
-38.804
  0
VERTEX
  8
GEOMETRY_LAYER_1
  70
32
  10
552313.370
  20
78642.850
  30
-38.201
  0
VERTEX
  8
GEOMETRY_LAYER_1
  70
32
  10
552317.610
  20
78632.030
  30
-37.036
  0
VERTEX
  8
GEOMETRY_LAYER_1
  70
32
  10
552326.591
  20
78631.199
  30
-36.308
  0
VERTEX
  8
GEOMETRY_LAYER_1
  70
32
  10
552335.216
  20
78630.668
  30
-36.036
  0
VERTEX
  8
GEOMETRY_LAYER_1
  70
32
  10
552336.233
  20
78637.412
  30
-36.698
  0
VERTEX
  8
GEOMETRY_LAYER_1
  70
32
  10
552337.308
  20
78645.434
  30
-37.26
  0
VERTEX
  8
GEOMETRY_LAYER_1
  70
32
  10
552330.229
  20
78650.103
  30
-37.812
  0
VERTEX
  8
GEOMETRY_LAYER_1
  70
32
  10
552326.245
  20
78656.296
  30
-38.328
  0
VERTEX
  8
GEOMETRY_LAYER_1
  70
32
  10
552323.283
  20
78663.093
  30
-38.752
  0
SEQEND
  8
GEOMETRY_LAYER_1
  0
POLYLINE
  8
GEOMETRY_LAYER_1
  70
8
  66
1
 62
1
 39
1
  0
VERTEX
  8
GEOMETRY_LAYER_1
  70
32
  10
551873.196
  20
77740.633
  30
26.324
  0
VERTEX
  8
GEOMETRY_LAYER_1
  70
32
  10
551863.400
  20
77738.618
  30
24.473
  0
VERTEX
  8
GEOMETRY_LAYER_1
  70
32
  10
551855.383
  20
77736.806
  30
24.846
  0
VERTEX
  8
GEOMETRY_LAYER_1
  70
32
  10
551848.384
  20
77737.255
  30
24.539
  0
VERTEX
  8
GEOMETRY_LAYER_1
  70
32
  10
551835.301
  20
77739.114
  30
24.733
  0
VERTEX
  8
GEOMETRY_LAYER_1
  70
32
  10
551830.861
  20
77746.865
  30
24.124
  0
VERTEX
  8
GEOMETRY_LAYER_1
  70
32
  10
551827.488
  20
77755.416
  30
23.664
  0
VERTEX
  8
GEOMETRY_LAYER_1
  70
32
  10
551811.165
  20
77830.700
  30
26.265
  0
VERTEX
  8
GEOMETRY_LAYER_1
  70
32
  10
551809.260
  20
77840.030
  30
26.524
  0
VERTEX
  8
GEOMETRY_LAYER_1
  70
32
  10
551794.194
  20
77898.518
  30
27.252
  0
VERTEX
  8
GEOMETRY_LAYER_1
  70
32
  10
551818.967
  20
77899.520
  30
27.181
  0
VERTEX
  8
GEOMETRY_LAYER_1
  70
32
  10
551831.629
  20
77900.646
  30
26.95
  0
VERTEX
  8
GEOMETRY_LAYER_1
  70
32
  10
551837.939
  20
77892.395
  30
26.738
  0
VERTEX
  8
GEOMETRY_LAYER_1
  70
32
  10
551841.033
  20
77883.141
  30
26.575
  0
VERTEX
  8
GEOMETRY_LAYER_1
  70
32
  10
551855.137
  20
77829.593
  30
26.299
  0
VERTEX
  8
GEOMETRY_LAYER_1
  70
32
  10
551855.630
  20
77818.030
  30
26.22
  0
VERTEX
  8
GEOMETRY_LAYER_1
  70
32
  10
551851.788
  20
77810.661
  30
26
  0
VERTEX
  8
GEOMETRY_LAYER_1
  70
32
  10
551852.743
  20
77802.779
  30
26.039
  0
VERTEX
  8
GEOMETRY_LAYER_1
  70
32
  10
551854.816
  20
77793.372
  30
25.853
  0
VERTEX
  8
GEOMETRY_LAYER_1
  70
32
  10
551858.794
  20
77790.377
  30
25.401
  0
VERTEX
  8
GEOMETRY_LAYER_1
  70
32
  10
551862.937
  20
77782.846
  30
24.273
  0
VERTEX
  8
GEOMETRY_LAYER_1
  70
32
  10
551871.701
  20
77753.329
  30
24.152
  0
VERTEX
  8
GEOMETRY_LAYER_1
  70
32
  10
551873.196
  20
77740.633
  30
26.324
  0
SEQEND
  8
GEOMETRY_LAYER_1
  0
POLYLINE
  8
GEOMETRY_LAYER_1
  70
8
  66
1
 62
1
 39
1
  0
VERTEX
  8
GEOMETRY_LAYER_1
  70
32
  10
551869.014
  20
77743.652
  30
26.324
  0
VERTEX
  8
GEOMETRY_LAYER_1
  70
32
  10
551862.598
  20
77742.333
  30
24.473
  0
VERTEX
  8
GEOMETRY_LAYER_1
  70
32
  10
551855.080
  20
77740.634
  30
24.846
  0
VERTEX
  8
GEOMETRY_LAYER_1
  70
32
  10
551848.773
  20
77741.038
  30
24.539
  0
VERTEX
  8
GEOMETRY_LAYER_1
  70
32
  10
551837.675
  20
77742.615
  30
24.733
  0
VERTEX
  8
GEOMETRY_LAYER_1
  70
32
  10
551834.295
  20
77748.515
  30
24.124
  0
VERTEX
  8
GEOMETRY_LAYER_1
  70
32
  10
551831.136
  20
77756.523
  30
23.664
  0
VERTEX
  8
GEOMETRY_LAYER_1
  70
32
  10
551814.884
  20
77831.483
  30
26.265
  0
VERTEX
  8
GEOMETRY_LAYER_1
  70
32
  10
551812.964
  20
77840.885
  30
26.524
  0
VERTEX
  8
GEOMETRY_LAYER_1
  70
32
  10
551799.047
  20
77894.912
  30
27.252
  0
VERTEX
  8
GEOMETRY_LAYER_1
  70
32
  10
551819.212
  20
77895.727
  30
27.181
  0
VERTEX
  8
GEOMETRY_LAYER_1
  70
32
  10
551829.882
  20
77896.676
  30
26.95
  0
VERTEX
  8
GEOMETRY_LAYER_1
  70
32
  10
551834.536
  20
77890.590
  30
26.738
  0
VERTEX
  8
GEOMETRY_LAYER_1
  70
32
  10
551837.390
  20
77882.053
  30
26.575
  0
VERTEX
  8
GEOMETRY_LAYER_1
  70
32
  10
551851.358
  20
77829.021
  30
26.299
  0
VERTEX
  8
GEOMETRY_LAYER_1
  70
32
  10
551851.790
  20
77818.885
  30
26.22
  0
VERTEX
  8
GEOMETRY_LAYER_1
  70
32
  10
551847.874
  20
77811.373
  30
26
  0
VERTEX
  8
GEOMETRY_LAYER_1
  70
32
  10
551848.993
  20
77802.140
  30
26.039
  0
VERTEX
  8
GEOMETRY_LAYER_1
  70
32
  10
551851.408
  20
77791.181
  30
25.853
  0
VERTEX
  8
GEOMETRY_LAYER_1
  70
32
  10
551855.857
  20
77787.831
  30
25.401
  0
VERTEX
  8
GEOMETRY_LAYER_1
  70
32
  10
551859.410
  20
77781.373
  30
24.273
  0
VERTEX
  8
GEOMETRY_LAYER_1
  70
32
  10
551867.965
  20
77752.560
  30
24.152
  0
VERTEX
  8
GEOMETRY_LAYER_1
  70
32
  10
551869.014
  20
77743.652
  30
26.324
  0
SEQEND
  8
GEOMETRY_LAYER_1
  0
POLYLINE
  8
GEOMETRY_LAYER_1
  70
8
  66
1
 62
1
 39
1
  0
VERTEX
  8
GEOMETRY_LAYER_1
  70
32
  10
550746.091
  20
76996.602
  30
23.503
  0
VERTEX
  8
GEOMETRY_LAYER_1
  70
32
  10
550736.717
  20
76966.602
  30
24.859
  0
VERTEX
  8
GEOMETRY_LAYER_1
  70
32
  10
550727.343
  20
76936.601
  30
26.215
  0
VERTEX
  8
GEOMETRY_LAYER_1
  70
32
  10
550717.968
  20
76906.601
  30
27.572
  0
VERTEX
  8
GEOMETRY_LAYER_1
  70
32
  10
550708.594
  20
76876.600
  30
28.928
  0
VERTEX
  8
GEOMETRY_LAYER_1
  70
32
  10
550699.161
  20
76846.414
  30
30.285
  0
VERTEX
  8
GEOMETRY_LAYER_1
  70
32
  10
550694.692
  20
76836.257
  30
30.45
  0
VERTEX
  8
GEOMETRY_LAYER_1
  70
32
  10
550686.483
  20
76835.324
  30
30.539
  0
VERTEX
  8
GEOMETRY_LAYER_1
  70
32
  10
550678.168
  20
76841.000
  30
30.793
  0
VERTEX
  8
GEOMETRY_LAYER_1
  70
32
  10
550679.762
  20
76850.055
  30
30.32
  0
VERTEX
  8
GEOMETRY_LAYER_1
  70
32
  10
550678.294
  20
76864.565
  30
30.148
  0
VERTEX
  8
GEOMETRY_LAYER_1
  70
32
  10
550674.218
  20
76871.605
  30
30.331
  0
VERTEX
  8
GEOMETRY_LAYER_1
  70
32
  10
550679.101
  20
76882.061
  30
29.709
  0
VERTEX
  8
GEOMETRY_LAYER_1
  70
32
  10
550679.847
  20
76890.527
  30
28.872
  0
VERTEX
  8
GEOMETRY_LAYER_1
  70
32
  10
550682.485
  20
76898.376
  30
28.117
  0
VERTEX
  8
GEOMETRY_LAYER_1
  70
32
  10
550685.379
  20
76908.675
  30
27.93
  0
VERTEX
  8
GEOMETRY_LAYER_1
  70
32
  10
550688.974
  20
76916.461
  30
27.882
  0
VERTEX
  8
GEOMETRY_LAYER_1
  70
32
  10
550692.608
  20
76925.088
  30
27.54
  0
VERTEX
  8
GEOMETRY_LAYER_1
  70
32
  10
550695.890
  20
76932.816
  30
27.345
  0
VERTEX
  8
GEOMETRY_LAYER_1
  70
32
  10
550697.843
  20
76940.740
  30
27.249
  0
VERTEX
  8
GEOMETRY_LAYER_1
  70
32
  10
550700.126
  20
76950.740
  30
27.347
  0
VERTEX
  8
GEOMETRY_LAYER_1
  70
32
  10
550704.285
  20
76958.925
  30
27.469
  0
VERTEX
  8
GEOMETRY_LAYER_1
  70
32
  10
550707.219
  20
76968.039
  30
27.121
  0
VERTEX
  8
GEOMETRY_LAYER_1
  70
32
  10
550711.622
  20
76974.545
  30
26.848
  0
VERTEX
  8
GEOMETRY_LAYER_1
  70
32
  10
550713.509
  20
76985.391
  30
26.523
  0
VERTEX
  8
GEOMETRY_LAYER_1
  70
32
  10
550717.155
  20
76992.848
  30
25.826
  0
VERTEX
  8
GEOMETRY_LAYER_1
  70
32
  10
550720.217
  20
77001.170
  30
25.567
  0
VERTEX
  8
GEOMETRY_LAYER_1
  70
32
  10
550724.153
  20
77009.286
  30
24.939
  0
VERTEX
  8
GEOMETRY_LAYER_1
  70
32
  10
550727.647
  20
77018.117
  30
24.548
  0
VERTEX
  8
GEOMETRY_LAYER_1
  70
32
  10
550750.939
  20
77012.118
  30
22.96
  0
VERTEX
  8
GEOMETRY_LAYER_1
  70
32
  10
550747.966
  20
77002.602
  30
23.231
  0
VERTEX
  8
GEOMETRY_LAYER_1
  70
32
  10
550746.091
  20
76996.602
  30
23.503
  0
SEQEND
  8
GEOMETRY_LAYER_1
  0
POLYLINE
  8
GEOMETRY_LAYER_1
  70
8
  66
1
 62
1
 39
1
  0
VERTEX
  8
GEOMETRY_LAYER_1
  70
32
  10
550742.751
  20
76997.646
  30
23.503
  0
VERTEX
  8
GEOMETRY_LAYER_1
  70
32
  10
550733.376
  20
76967.646
  30
24.859
  0
VERTEX
  8
GEOMETRY_LAYER_1
  70
32
  10
550724.002
  20
76937.645
  30
26.215
  0
VERTEX
  8
GEOMETRY_LAYER_1
  70
32
  10
550714.628
  20
76907.645
  30
27.572
  0
VERTEX
  8
GEOMETRY_LAYER_1
  70
32
  10
550705.253
  20
76877.644
  30
28.928
  0
VERTEX
  8
GEOMETRY_LAYER_1
  70
32
  10
550695.879
  20
76847.644
  30
30.285
  0
VERTEX
  8
GEOMETRY_LAYER_1
  70
32
  10
550692.298
  20
76839.508
  30
30.45
  0
VERTEX
  8
GEOMETRY_LAYER_1
  70
32
  10
550687.381
  20
76838.948
  30
30.539
  0
VERTEX
  8
GEOMETRY_LAYER_1
  70
32
  10
550682.007
  20
76842.617
  30
30.793
  0
VERTEX
  8
GEOMETRY_LAYER_1
  70
32
  10
550683.293
  20
76849.925
  30
30.32
  0
VERTEX
  8
GEOMETRY_LAYER_1
  70
32
  10
550681.560
  20
76867.049
  30
30.148
  0
VERTEX
  8
GEOMETRY_LAYER_1
  70
32
  10
550681.216
  20
76867.183
  30
30.087
  0
VERTEX
  8
GEOMETRY_LAYER_1
  70
32
  10
550678.205
  20
76871.872
  30
30.331
  0
VERTEX
  8
GEOMETRY_LAYER_1
  70
32
  10
550682.534
  20
76881.140
  30
29.709
  0
VERTEX
  8
GEOMETRY_LAYER_1
  70
32
  10
550683.297
  20
76889.807
  30
28.872
  0
VERTEX
  8
GEOMETRY_LAYER_1
  70
32
  10
550685.831
  20
76897.344
  30
28.117
  0
VERTEX
  8
GEOMETRY_LAYER_1
  70
32
  10
550688.674
  20
76907.461
  30
27.93
  0
VERTEX
  8
GEOMETRY_LAYER_1
  70
32
  10
550692.176
  20
76915.048
  30
27.882
  0
VERTEX
  8
GEOMETRY_LAYER_1
  70
32
  10
550695.831
  20
76923.724
  30
27.54
  0
VERTEX
  8
GEOMETRY_LAYER_1
  70
32
  10
550699.221
  20
76931.706
  30
27.345
  0
VERTEX
  8
GEOMETRY_LAYER_1
  70
32
  10
550701.249
  20
76939.932
  30
27.249
  0
VERTEX
  8
GEOMETRY_LAYER_1
  70
32
  10
550703.442
  20
76949.540
  30
27.347
  0
VERTEX
  8
GEOMETRY_LAYER_1
  70
32
  10
550707.531
  20
76957.588
  30
27.469
  0
VERTEX
  8
GEOMETRY_LAYER_1
  70
32
  10
550710.398
  20
76966.491
  30
27.121
  0
VERTEX
  8
GEOMETRY_LAYER_1
  70
32
  10
550714.942
  20
76973.205
  30
26.848
  0
VERTEX
  8
GEOMETRY_LAYER_1
  70
32
  10
550716.872
  20
76984.302
  30
26.523
  0
VERTEX
  8
GEOMETRY_LAYER_1
  70
32
  10
550720.378
  20
76991.471
  30
25.826
  0
VERTEX
  8
GEOMETRY_LAYER_1
  70
32
  10
550723.441
  20
76999.798
  30
25.567
  0
VERTEX
  8
GEOMETRY_LAYER_1
  70
32
  10
550727.359
  20
77007.877
  30
24.939
  0
VERTEX
  8
GEOMETRY_LAYER_1
  70
32
  10
550729.765
  20
77013.957
  30
24.548
  0
VERTEX
  8
GEOMETRY_LAYER_1
  70
32
  10
550746.500
  20
77009.647
  30
22.96
  0
VERTEX
  8
GEOMETRY_LAYER_1
  70
32
  10
550744.625
  20
77003.646
  30
23.231
  0
VERTEX
  8
GEOMETRY_LAYER_1
  70
32
  10
550742.751
  20
76997.646
  30
23.503
  0
SEQEND
  8
GEOMETRY_LAYER_1
  0
POLYLINE
  8
GEOMETRY_LAYER_1
  70
8
  66
1
 62
1
 39
1
  0
VERTEX
  8
GEOMETRY_LAYER_1
  70
32
  10
551077.517
  20
76119.814
  30
47.425
  0
VERTEX
  8
GEOMETRY_LAYER_1
  70
32
  10
551102.202
  20
76107.934
  30
44.553
  0
VERTEX
  8
GEOMETRY_LAYER_1
  70
32
  10
551106.206
  20
76111.330
  30
43.794
  0
VERTEX
  8
GEOMETRY_LAYER_1
  70
32
  10
551111.312
  20
76107.986
  30
43.486
  0
VERTEX
  8
GEOMETRY_LAYER_1
  70
32
  10
551116.987
  20
76103.071
  30
43.494
  0
VERTEX
  8
GEOMETRY_LAYER_1
  70
32
  10
551118.904
  20
76098.146
  30
43.551
  0
VERTEX
  8
GEOMETRY_LAYER_1
  70
32
  10
551110.766
  20
76099.364
  30
44.26
  0
VERTEX
  8
GEOMETRY_LAYER_1
  70
32
  10
551102.824
  20
76100.532
  30
44.448
  0
VERTEX
  8
GEOMETRY_LAYER_1
  70
32
  10
551073.999
  20
76116.191
  30
48.073
  0
VERTEX
  8
GEOMETRY_LAYER_1
  70
32
  10
551069.965
  20
76124.100
  30
46.987
  0
VERTEX
  8
GEOMETRY_LAYER_1
  70
32
  10
551067.263
  20
76131.477
  30
46.779
  0
VERTEX
  8
GEOMETRY_LAYER_1
  70
32
  10
551069.897
  20
76140.585
  30
45.943
  0
VERTEX
  8
GEOMETRY_LAYER_1
  70
32
  10
551071.703
  20
76148.348
  30
44.858
  0
VERTEX
  8
GEOMETRY_LAYER_1
  70
32
  10
551075.542
  20
76157.551
  30
43.798
  0
VERTEX
  8
GEOMETRY_LAYER_1
  70
32
  10
551079.380
  20
76166.754
  30
42.738
  0
VERTEX
  8
GEOMETRY_LAYER_1
  70
32
  10
551090.548
  20
76184.276
  30
40.294
  0
VERTEX
  8
GEOMETRY_LAYER_1
  70
32
  10
551096.885
  20
76190.983
  30
38.689
  0
VERTEX
  8
GEOMETRY_LAYER_1
  70
32
  10
551103.157
  20
76197.913
  30
36.857
  0
VERTEX
  8
GEOMETRY_LAYER_1
  70
32
  10
551110.891
  20
76205.569
  30
34.794
  0
VERTEX
  8
GEOMETRY_LAYER_1
  70
32
  10
551114.181
  20
76209.394
  30
33.835
  0
VERTEX
  8
GEOMETRY_LAYER_1
  70
32
  10
551123.174
  20
76210.749
  30
32.539
  0
VERTEX
  8
GEOMETRY_LAYER_1
  70
32
  10
551118.835
  20
76205.326
  30
33.831
  0
VERTEX
  8
GEOMETRY_LAYER_1
  70
32
  10
551108.481
  20
76191.040
  30
37.247
  0
VERTEX
  8
GEOMETRY_LAYER_1
  70
32
  10
551104.308
  20
76184.971
  30
38.816
  0
VERTEX
  8
GEOMETRY_LAYER_1
  70
32
  10
551094.675
  20
76170.810
  30
41.932
  0
VERTEX
  8
GEOMETRY_LAYER_1
  70
32
  10
551091.546
  20
76163.147
  30
43.09
  0
VERTEX
  8
GEOMETRY_LAYER_1
  70
32
  10
551089.039
  20
76156.156
  30
43.84
  0
VERTEX
  8
GEOMETRY_LAYER_1
  70
32
  10
551088.073
  20
76150.677
  30
44.209
  0
VERTEX
  8
GEOMETRY_LAYER_1
  70
32
  10
551082.568
  20
76137.400
  30
45.021
  0
VERTEX
  8
GEOMETRY_LAYER_1
  70
32
  10
551079.351
  20
76127.183
  30
46.215
  0
VERTEX
  8
GEOMETRY_LAYER_1
  70
32
  10
551078.905
  20
76125.723
  30
46.647
  0
VERTEX
  8
GEOMETRY_LAYER_1
  70
32
  10
551077.517
  20
76119.814
  30
47.425
  0
SEQEND
  8
GEOMETRY_LAYER_1
  0
POLYLINE
  8
GEOMETRY_LAYER_1
  70
8
  66
1
 62
1
 39
1
  0
VERTEX
  8
GEOMETRY_LAYER_1
  70
32
  10
551081.567
  20
76121.749
  30
47.425
  0
VERTEX
  8
GEOMETRY_LAYER_1
  70
32
  10
551101.672
  20
76112.073
  30
44.553
  0
VERTEX
  8
GEOMETRY_LAYER_1
  70
32
  10
551105.936
  20
76115.690
  30
43.794
  0
VERTEX
  8
GEOMETRY_LAYER_1
  70
32
  10
551113.426
  20
76110.786
  30
43.486
  0
VERTEX
  8
GEOMETRY_LAYER_1
  70
32
  10
551119.934
  20
76105.149
  30
43.494
  0
VERTEX
  8
GEOMETRY_LAYER_1
  70
32
  10
551124.356
  20
76093.793
  30
43.551
  0
VERTEX
  8
GEOMETRY_LAYER_1
  70
32
  10
551110.253
  20
76095.902
  30
44.26
  0
VERTEX
  8
GEOMETRY_LAYER_1
  70
32
  10
551101.699
  20
76097.160
  30
44.448
  0
VERTEX
  8
GEOMETRY_LAYER_1
  70
32
  10
551071.375
  20
76113.634
  30
48.073
  0
VERTEX
  8
GEOMETRY_LAYER_1
  70
32
  10
551066.751
  20
76122.697
  30
46.987
  0
VERTEX
  8
GEOMETRY_LAYER_1
  70
32
  10
551063.582
  20
76131.350
  30
46.779
  0
VERTEX
  8
GEOMETRY_LAYER_1
  70
32
  10
551066.509
  20
76141.469
  30
45.943
  0
VERTEX
  8
GEOMETRY_LAYER_1
  70
32
  10
551068.360
  20
76149.426
  30
44.858
  0
VERTEX
  8
GEOMETRY_LAYER_1
  70
32
  10
551072.311
  20
76158.898
  30
43.798
  0
VERTEX
  8
GEOMETRY_LAYER_1
  70
32
  10
551076.266
  20
76168.380
  30
42.738
  0
VERTEX
  8
GEOMETRY_LAYER_1
  70
32
  10
551087.775
  20
76186.438
  30
40.294
  0
VERTEX
  8
GEOMETRY_LAYER_1
  70
32
  10
551094.315
  20
76193.359
  30
38.689
  0
VERTEX
  8
GEOMETRY_LAYER_1
  70
32
  10
551100.626
  20
76200.333
  30
36.857
  0
VERTEX
  8
GEOMETRY_LAYER_1
  70
32
  10
551108.329
  20
76207.958
  30
34.794
  0
VERTEX
  8
GEOMETRY_LAYER_1
  70
32
  10
551112.375
  20
76212.662
  30
33.835
  0
VERTEX
  8
GEOMETRY_LAYER_1
  70
32
  10
551131.489
  20
76215.541
  30
32.539
  0
VERTEX
  8
GEOMETRY_LAYER_1
  70
32
  10
551121.620
  20
76203.204
  30
33.831
  0
VERTEX
  8
GEOMETRY_LAYER_1
  70
32
  10
551111.340
  20
76189.021
  30
37.247
  0
VERTEX
  8
GEOMETRY_LAYER_1
  70
32
  10
551107.197
  20
76182.995
  30
38.816
  0
VERTEX
  8
GEOMETRY_LAYER_1
  70
32
  10
551097.776
  20
76169.146
  30
41.932
  0
VERTEX
  8
GEOMETRY_LAYER_1
  70
32
  10
551094.815
  20
76161.894
  30
43.09
  0
VERTEX
  8
GEOMETRY_LAYER_1
  70
32
  10
551092.434
  20
76155.255
  30
43.84
  0
VERTEX
  8
GEOMETRY_LAYER_1
  70
32
  10
551091.454
  20
76149.691
  30
44.209
  0
VERTEX
  8
GEOMETRY_LAYER_1
  70
32
  10
551085.860
  20
76136.202
  30
45.021
  0
VERTEX
  8
GEOMETRY_LAYER_1
  70
32
  10
551082.694
  20
76126.145
  30
46.215
  0
VERTEX
  8
GEOMETRY_LAYER_1
  70
32
  10
551082.286
  20
76124.810
  30
46.647
  0
VERTEX
  8
GEOMETRY_LAYER_1
  70
32
  10
551081.567
  20
76121.749
  30
47.425
  0
SEQEND
  8
GEOMETRY_LAYER_1
  0
POLYLINE
  8
GEOMETRY_LAYER_1
  70
8
  66
1
 62
1
 39
1
  0
VERTEX
  8
GEOMETRY_LAYER_1
  70
32
  10
552217.175
  20
76953.303
  30
-67.844
  0
VERTEX
  8
GEOMETRY_LAYER_1
  70
32
  10
552193.163
  20
76947.183
  30
-69.467
  0
VERTEX
  8
GEOMETRY_LAYER_1
  70
32
  10
552185.051
  20
76948.758
  30
-69.502
  0
VERTEX
  8
GEOMETRY_LAYER_1
  70
32
  10
552173.604
  20
76951.465
  30
-70.109
  0
VERTEX
  8
GEOMETRY_LAYER_1
  70
32
  10
552171.771
  20
76963.275
  30
-70.368
  0
VERTEX
  8
GEOMETRY_LAYER_1
  70
32
  10
552171.124
  20
76969.897
  30
-70.574
  0
VERTEX
  8
GEOMETRY_LAYER_1
  70
32
  10
552170.496
  20
76977.448
  30
-70.781
  0
VERTEX
  8
GEOMETRY_LAYER_1
  70
32
  10
552169.693
  20
76984.033
  30
-70.987
  0
VERTEX
  8
GEOMETRY_LAYER_1
  70
32
  10
552169.499
  20
76990.229
  30
-71.093
  0
VERTEX
  8
GEOMETRY_LAYER_1
  70
32
  10
552174.838
  20
77000.883
  30
-71.124
  0
VERTEX
  8
GEOMETRY_LAYER_1
  70
32
  10
552176.077
  20
77009.908
  30
-70.841
  0
VERTEX
  8
GEOMETRY_LAYER_1
  70
32
  10
552175.831
  20
77018.175
  30
-70.572
  0
VERTEX
  8
GEOMETRY_LAYER_1
  70
32
  10
552175.658
  20
77028.969
  30
-70.653
  0
VERTEX
  8
GEOMETRY_LAYER_1
  70
32
  10
552175.564
  20
77049.393
  30
-70.371
  0
VERTEX
  8
GEOMETRY_LAYER_1
  70
32
  10
552175.525
  20
77064.312
  30
-70.117
  0
VERTEX
  8
GEOMETRY_LAYER_1
  70
32
  10
552186.241
  20
77060.099
  30
-69.947
  0
VERTEX
  8
GEOMETRY_LAYER_1
  70
32
  10
552189.712
  20
77063.145
  30
-69.344
  0
VERTEX
  8
GEOMETRY_LAYER_1
  70
32
  10
552204.480
  20
77069.629
  30
-68.23
  0
VERTEX
  8
GEOMETRY_LAYER_1
  70
32
  10
552207.696
  20
77046.216
  30
-69.211
  0
VERTEX
  8
GEOMETRY_LAYER_1
  70
32
  10
552208.260
  20
77035.591
  30
-69.783
  0
VERTEX
  8
GEOMETRY_LAYER_1
  70
32
  10
552209.935
  20
77026.312
  30
-70.127
  0
VERTEX
  8
GEOMETRY_LAYER_1
  70
32
  10
552210.817
  20
77016.284
  30
-70.205
  0
VERTEX
  8
GEOMETRY_LAYER_1
  70
32
  10
552212.101
  20
77005.655
  30
-70.156
  0
VERTEX
  8
GEOMETRY_LAYER_1
  70
32
  10
552212.586
  20
76996.136
  30
-70.382
  0
VERTEX
  8
GEOMETRY_LAYER_1
  70
32
  10
552214.093
  20
76985.808
  30
-70.161
  0
VERTEX
  8
GEOMETRY_LAYER_1
  70
32
  10
552215.368
  20
76975.908
  30
-69.396
  0
VERTEX
  8
GEOMETRY_LAYER_1
  70
32
  10
552216.543
  20
76965.553
  30
-68.458
  0
VERTEX
  8
GEOMETRY_LAYER_1
  70
32
  10
552217.175
  20
76953.303
  30
-67.844
  0
SEQEND
  8
GEOMETRY_LAYER_1
  0
POLYLINE
  8
GEOMETRY_LAYER_1
  70
8
  66
1
 62
1
 39
1
  0
VERTEX
  8
GEOMETRY_LAYER_1
  70
32
  10
552213.219
  20
76956.216
  30
-67.844
  0
VERTEX
  8
GEOMETRY_LAYER_1
  70
32
  10
552193.051
  20
76951.076
  30
-69.467
  0
VERTEX
  8
GEOMETRY_LAYER_1
  70
32
  10
552185.851
  20
76952.474
  30
-69.502
  0
VERTEX
  8
GEOMETRY_LAYER_1
  70
32
  10
552176.967
  20
76954.574
  30
-70.109
  0
VERTEX
  8
GEOMETRY_LAYER_1
  70
32
  10
552175.543
  20
76963.752
  30
-70.368
  0
VERTEX
  8
GEOMETRY_LAYER_1
  70
32
  10
552174.909
  20
76970.240
  30
-70.574
  0
VERTEX
  8
GEOMETRY_LAYER_1
  70
32
  10
552174.276
  20
76977.836
  30
-70.781
  0
VERTEX
  8
GEOMETRY_LAYER_1
  70
32
  10
552173.486
  20
76984.323
  30
-70.987
  0
VERTEX
  8
GEOMETRY_LAYER_1
  70
32
  10
552173.327
  20
76989.388
  30
-71.093
  0
VERTEX
  8
GEOMETRY_LAYER_1
  70
32
  10
552178.518
  20
76999.742
  30
-71.124
  0
VERTEX
  8
GEOMETRY_LAYER_1
  70
32
  10
552179.885
  20
77009.705
  30
-70.841
  0
VERTEX
  8
GEOMETRY_LAYER_1
  70
32
  10
552179.630
  20
77018.262
  30
-70.572
  0
VERTEX
  8
GEOMETRY_LAYER_1
  70
32
  10
552179.458
  20
77029.008
  30
-70.653
  0
VERTEX
  8
GEOMETRY_LAYER_1
  70
32
  10
552179.364
  20
77049.407
  30
-70.371
  0
VERTEX
  8
GEOMETRY_LAYER_1
  70
32
  10
552179.339
  20
77058.729
  30
-70.117
  0
VERTEX
  8
GEOMETRY_LAYER_1
  70
32
  10
552187.007
  20
77055.714
  30
-69.947
  0
VERTEX
  8
GEOMETRY_LAYER_1
  70
32
  10
552191.778
  20
77059.902
  30
-69.344
  0
VERTEX
  8
GEOMETRY_LAYER_1
  70
32
  10
552201.400
  20
77064.127
  30
-68.23
  0
VERTEX
  8
GEOMETRY_LAYER_1
  70
32
  10
552203.909
  20
77045.856
  30
-69.211
  0
VERTEX
  8
GEOMETRY_LAYER_1
  70
32
  10
552204.478
  20
77035.151
  30
-69.783
  0
VERTEX
  8
GEOMETRY_LAYER_1
  70
32
  10
552206.165
  20
77025.808
  30
-70.127
  0
VERTEX
  8
GEOMETRY_LAYER_1
  70
32
  10
552207.037
  20
77015.890
  30
-70.205
  0
VERTEX
  8
GEOMETRY_LAYER_1
  70
32
  10
552208.313
  20
77005.331
  30
-70.156
  0
VERTEX
  8
GEOMETRY_LAYER_1
  70
32
  10
552208.800
  20
76995.764
  30
-70.382
  0
VERTEX
  8
GEOMETRY_LAYER_1
  70
32
  10
552210.328
  20
76985.291
  30
-70.161
  0
VERTEX
  8
GEOMETRY_LAYER_1
  70
32
  10
552211.595
  20
76975.451
  30
-69.396
  0
VERTEX
  8
GEOMETRY_LAYER_1
  70
32
  10
552212.754
  20
76965.240
  30
-68.458
  0
VERTEX
  8
GEOMETRY_LAYER_1
  70
32
  10
552213.219
  20
76956.216
  30
-67.844
  0
SEQEND
  8
GEOMETRY_LAYER_1
  0
POLYLINE
  8
GEOMETRY_LAYER_1
  70
8
  66
1
 62
5
 39
1
  0
VERTEX
  8
GEOMETRY_LAYER_1
  70
32
  10
551619.952
  20
77780.358
  30
-15.496
  0
VERTEX
  8
GEOMETRY_LAYER_1
  70
32
  10
551618.619
  20
77769.011
  30
-15.848
  0
VERTEX
  8
GEOMETRY_LAYER_1
  70
32
  10
551619.324
  20
77761.192
  30
-15.993
  0
VERTEX
  8
GEOMETRY_LAYER_1
  70
32
  10
551621.311
  20
77753.504
  30
-16.068
  0
VERTEX
  8
GEOMETRY_LAYER_1
  70
32
  10
551619.993
  20
77744.374
  30
-16.239
  0
VERTEX
  8
GEOMETRY_LAYER_1
  70
32
  10
551616.029
  20
77737.577
  30
-16.697
  0
VERTEX
  8
GEOMETRY_LAYER_1
  70
32
  10
551613.504
  20
77728.177
  30
-16.754
  0
VERTEX
  8
GEOMETRY_LAYER_1
  70
32
  10
551607.111
  20
77723.098
  30
-17.036
  0
VERTEX
  8
GEOMETRY_LAYER_1
  70
32
  10
551604.683
  20
77715.895
  30
-17.132
  0
VERTEX
  8
GEOMETRY_LAYER_1
  70
32
  10
551602.103
  20
77712.039
  30
-17.215
  0
VERTEX
  8
GEOMETRY_LAYER_1
  70
32
  10
551595.338
  20
77706.555
  30
-17.493
  0
VERTEX
  8
GEOMETRY_LAYER_1
  70
32
  10
551585.706
  20
77709.401
  30
-17.736
  0
VERTEX
  8
GEOMETRY_LAYER_1
  70
32
  10
551589.436
  20
77716.496
  30
-17.695
  0
VERTEX
  8
GEOMETRY_LAYER_1
  70
32
  10
551588.877
  20
77723.213
  30
-17.591
  0
VERTEX
  8
GEOMETRY_LAYER_1
  70
32
  10
551589.879
  20
77734.513
  30
-17.349
  0
VERTEX
  8
GEOMETRY_LAYER_1
  70
32
  10
551594.113
  20
77746.335
  30
-16.677
  0
VERTEX
  8
GEOMETRY_LAYER_1
  70
32
  10
551600.000
  20
77750.856
  30
-16.778
  0
VERTEX
  8
GEOMETRY_LAYER_1
  70
32
  10
551600.489
  20
77758.434
  30
-16.197
  0
VERTEX
  8
GEOMETRY_LAYER_1
  70
32
  10
551599.613
  20
77765.223
  30
-15.951
  0
VERTEX
  8
GEOMETRY_LAYER_1
  70
32
  10
551599.666
  20
77775.122
  30
-15.331
  0
VERTEX
  8
GEOMETRY_LAYER_1
  70
32
  10
551606.556
  20
77791.094
  30
-14.834
  0
VERTEX
  8
GEOMETRY_LAYER_1
  70
32
  10
551606.825
  20
77799.518
  30
-14.294
  0
VERTEX
  8
GEOMETRY_LAYER_1
  70
32
  10
551612.733
  20
77811.554
  30
-13.559
  0
VERTEX
  8
GEOMETRY_LAYER_1
  70
32
  10
551616.049
  20
77817.809
  30
-13.141
  0
VERTEX
  8
GEOMETRY_LAYER_1
  70
32
  10
551620.280
  20
77816.026
  30
-13.367
  0
VERTEX
  8
GEOMETRY_LAYER_1
  70
32
  10
551621.172
  20
77807.699
  30
-13.931
  0
VERTEX
  8
GEOMETRY_LAYER_1
  70
32
  10
551619.715
  20
77797.511
  30
-14.652
  0
VERTEX
  8
GEOMETRY_LAYER_1
  70
32
  10
551619.943
  20
77789.279
  30
-14.965
  0
VERTEX
  8
GEOMETRY_LAYER_1
  70
32
  10
551619.952
  20
77780.358
  30
-15.496
  0
SEQEND
  8
GEOMETRY_LAYER_1
  0
POLYLINE
  8
GEOMETRY_LAYER_1
  70
8
  66
1
 62
5
 39
1
  0
VERTEX
  8
GEOMETRY_LAYER_1
  70
32
  10
551623.726
  20
77779.915
  30
-15.496
  0
VERTEX
  8
GEOMETRY_LAYER_1
  70
32
  10
551622.439
  20
77768.959
  30
-15.848
  0
VERTEX
  8
GEOMETRY_LAYER_1
  70
32
  10
551623.080
  20
77761.843
  30
-15.993
  0
VERTEX
  8
GEOMETRY_LAYER_1
  70
32
  10
551625.181
  20
77753.716
  30
-16.068
  0
VERTEX
  8
GEOMETRY_LAYER_1
  70
32
  10
551623.648
  20
77743.098
  30
-16.239
  0
VERTEX
  8
GEOMETRY_LAYER_1
  70
32
  10
551619.568
  20
77736.101
  30
-16.697
  0
VERTEX
  8
GEOMETRY_LAYER_1
  70
32
  10
551616.848
  20
77725.980
  30
-16.754
  0
VERTEX
  8
GEOMETRY_LAYER_1
  70
32
  10
551610.353
  20
77720.821
  30
-17.036
  0
VERTEX
  8
GEOMETRY_LAYER_1
  70
32
  10
551608.123
  20
77714.202
  30
-17.132
  0
VERTEX
  8
GEOMETRY_LAYER_1
  70
32
  10
551604.941
  20
77709.448
  30
-17.215
  0
VERTEX
  8
GEOMETRY_LAYER_1
  70
32
  10
551596.179
  20
77702.345
  30
-17.493
  0
VERTEX
  8
GEOMETRY_LAYER_1
  70
32
  10
551580.187
  20
77707.069
  30
-17.736
  0
VERTEX
  8
GEOMETRY_LAYER_1
  70
32
  10
551585.557
  20
77717.284
  30
-17.695
  0
VERTEX
  8
GEOMETRY_LAYER_1
  70
32
  10
551585.063
  20
77723.223
  30
-17.591
  0
VERTEX
  8
GEOMETRY_LAYER_1
  70
32
  10
551586.137
  20
77735.336
  30
-17.349
  0
VERTEX
  8
GEOMETRY_LAYER_1
  70
32
  10
551590.912
  20
77748.668
  30
-16.677
  0
VERTEX
  8
GEOMETRY_LAYER_1
  70
32
  10
551596.319
  20
77752.820
  30
-16.778
  0
VERTEX
  8
GEOMETRY_LAYER_1
  70
32
  10
551596.673
  20
77758.312
  30
-16.197
  0
VERTEX
  8
GEOMETRY_LAYER_1
  70
32
  10
551595.812
  20
77764.989
  30
-15.951
  0
VERTEX
  8
GEOMETRY_LAYER_1
  70
32
  10
551595.870
  20
77775.916
  30
-15.331
  0
VERTEX
  8
GEOMETRY_LAYER_1
  70
32
  10
551602.781
  20
77791.936
  30
-14.834
  0
VERTEX
  8
GEOMETRY_LAYER_1
  70
32
  10
551603.053
  20
77800.458
  30
-14.294
  0
VERTEX
  8
GEOMETRY_LAYER_1
  70
32
  10
551609.348
  20
77813.281
  30
-13.559
  0
VERTEX
  8
GEOMETRY_LAYER_1
  70
32
  10
551614.320
  20
77822.662
  30
-13.141
  0
VERTEX
  8
GEOMETRY_LAYER_1
  70
32
  10
551623.820
  20
77818.658
  30
-13.367
  0
VERTEX
  8
GEOMETRY_LAYER_1
  70
32
  10
551625.001
  20
77807.632
  30
-13.931
  0
VERTEX
  8
GEOMETRY_LAYER_1
  70
32
  10
551623.522
  20
77797.293
  30
-14.652
  0
VERTEX
  8
GEOMETRY_LAYER_1
  70
32
  10
551623.741
  20
77789.385
  30
-14.965
  0
VERTEX
  8
GEOMETRY_LAYER_1
  70
32
  10
551623.726
  20
77779.915
  30
-15.496
  0
SEQEND
  8
GEOMETRY_LAYER_1
  0
POLYLINE
  8
GEOMETRY_LAYER_1
  70
8
  66
1
 62
1
 39
1
  0
VERTEX
  8
GEOMETRY_LAYER_1
  70
32
  10
552320.228
  20
74231.155
  30
-120.55
  0
VERTEX
  8
GEOMETRY_LAYER_1
  70
32
  10
552322.783
  20
74236.118
  30
-120.455
  0
VERTEX
  8
GEOMETRY_LAYER_1
  70
32
  10
552325.337
  20
74241.081
  30
-120.36
  0
VERTEX
  8
GEOMETRY_LAYER_1
  70
32
  10
552330.879
  20
74248.753
  30
-120.38
  0
VERTEX
  8
GEOMETRY_LAYER_1
  70
32
  10
552331.527
  20
74249.244
  30
-120.36
  0
VERTEX
  8
GEOMETRY_LAYER_1
  70
32
  10
552335.189
  20
74256.020
  30
-120.05
  0
VERTEX
  8
GEOMETRY_LAYER_1
  70
32
  10
552337.993
  20
74263.519
  30
-119.94
  0
VERTEX
  8
GEOMETRY_LAYER_1
  70
32
  10
552339.761
  20
74283.900
  30
-119.28
  0
VERTEX
  8
GEOMETRY_LAYER_1
  70
32
  10
552341.037
  20
74295.488
  30
-119.66
  0
VERTEX
  8
GEOMETRY_LAYER_1
  70
32
  10
552341.674
  20
74304.830
  30
-120.44
  0
VERTEX
  8
GEOMETRY_LAYER_1
  70
32
  10
552342.986
  20
74312.687
  30
-121.07
  0
VERTEX
  8
GEOMETRY_LAYER_1
  70
32
  10
552343.751
  20
74325.453
  30
-121.48
  0
VERTEX
  8
GEOMETRY_LAYER_1
  70
32
  10
552344.074
  20
74336.376
  30
-121.52
  0
VERTEX
  8
GEOMETRY_LAYER_1
  70
32
  10
552345.793
  20
74345.203
  30
-121.5
  0
VERTEX
  8
GEOMETRY_LAYER_1
  70
32
  10
552346.222
  20
74352.383
  30
-121.91
  0
VERTEX
  8
GEOMETRY_LAYER_1
  70
32
  10
552349.040
  20
74360.393
  30
-122.74
  0
VERTEX
  8
GEOMETRY_LAYER_1
  70
32
  10
552357.192
  20
74362.022
  30
-123.55
  0
VERTEX
  8
GEOMETRY_LAYER_1
  70
32
  10
552365.033
  20
74355.599
  30
-122.84
  0
VERTEX
  8
GEOMETRY_LAYER_1
  70
32
  10
552365.148
  20
74346.786
  30
-122.17
  0
VERTEX
  8
GEOMETRY_LAYER_1
  70
32
  10
552364.847
  20
74338.049
  30
-122.4
  0
VERTEX
  8
GEOMETRY_LAYER_1
  70
32
  10
552364.676
  20
74327.988
  30
-122.52
  0
VERTEX
  8
GEOMETRY_LAYER_1
  70
32
  10
552364.824
  20
74317.571
  30
-122.43
  0
VERTEX
  8
GEOMETRY_LAYER_1
  70
32
  10
552365.086
  20
74309.024
  30
-122.19
  0
VERTEX
  8
GEOMETRY_LAYER_1
  70
32
  10
552366.367
  20
74298.006
  30
-121.05
  0
VERTEX
  8
GEOMETRY_LAYER_1
  70
32
  10
552362.012
  20
74274.686
  30
-118.84
  0
VERTEX
  8
GEOMETRY_LAYER_1
  70
32
  10
552351.581
  20
74259.094
  30
-119.89
  0
VERTEX
  8
GEOMETRY_LAYER_1
  70
32
  10
552346.854
  20
74252.625
  30
-120.47
  0
VERTEX
  8
GEOMETRY_LAYER_1
  70
32
  10
552342.761
  20
74244.140
  30
-120.53
  0
VERTEX
  8
GEOMETRY_LAYER_1
  70
32
  10
552335.443
  20
74233.482
  30
-120.59
  0
VERTEX
  8
GEOMETRY_LAYER_1
  70
32
  10
552332.806
  20
74227.709
  30
-120.69
  0
VERTEX
  8
GEOMETRY_LAYER_1
  70
32
  10
552320.228
  20
74231.155
  30
-120.55
  0
SEQEND
  8
GEOMETRY_LAYER_1
  0
POLYLINE
  8
GEOMETRY_LAYER_1
  70
8
  66
1
 62
1
 39
1
  0
VERTEX
  8
GEOMETRY_LAYER_1
  70
32
  10
552314.850
  20
74228.793
  30
-120.55
  0
VERTEX
  8
GEOMETRY_LAYER_1
  70
32
  10
552319.493
  20
74237.811
  30
-120.455
  0
VERTEX
  8
GEOMETRY_LAYER_1
  70
32
  10
552322.174
  20
74243.022
  30
-120.36
  0
VERTEX
  8
GEOMETRY_LAYER_1
  70
32
  10
552328.203
  20
74251.368
  30
-120.38
  0
VERTEX
  8
GEOMETRY_LAYER_1
  70
32
  10
552328.653
  20
74251.709
  30
-120.36
  0
VERTEX
  8
GEOMETRY_LAYER_1
  70
32
  10
552331.813
  20
74257.556
  30
-120.05
  0
VERTEX
  8
GEOMETRY_LAYER_1
  70
32
  10
552334.350
  20
74264.342
  30
-119.94
  0
VERTEX
  8
GEOMETRY_LAYER_1
  70
32
  10
552336.079
  20
74284.263
  30
-119.28
  0
VERTEX
  8
GEOMETRY_LAYER_1
  70
32
  10
552337.351
  20
74295.816
  30
-119.66
  0
VERTEX
  8
GEOMETRY_LAYER_1
  70
32
  10
552337.994
  20
74305.262
  30
-120.44
  0
VERTEX
  8
GEOMETRY_LAYER_1
  70
32
  10
552339.305
  20
74313.104
  30
-121.07
  0
VERTEX
  8
GEOMETRY_LAYER_1
  70
32
  10
552340.054
  20
74325.619
  30
-121.48
  0
VERTEX
  8
GEOMETRY_LAYER_1
  70
32
  10
552340.384
  20
74336.787
  30
-121.52
  0
VERTEX
  8
GEOMETRY_LAYER_1
  70
32
  10
552342.114
  20
74345.669
  30
-121.5
  0
VERTEX
  8
GEOMETRY_LAYER_1
  70
32
  10
552342.559
  20
74353.121
  30
-121.91
  0
VERTEX
  8
GEOMETRY_LAYER_1
  70
32
  10
552346.249
  20
74363.607
  30
-122.74
  0
VERTEX
  8
GEOMETRY_LAYER_1
  70
32
  10
552358.182
  20
74365.994
  30
-123.55
  0
VERTEX
  8
GEOMETRY_LAYER_1
  70
32
  10
552368.711
  20
74357.369
  30
-122.84
  0
VERTEX
  8
GEOMETRY_LAYER_1
  70
32
  10
552368.848
  20
74346.746
  30
-122.17
  0
VERTEX
  8
GEOMETRY_LAYER_1
  70
32
  10
552368.545
  20
74337.954
  30
-122.4
  0
VERTEX
  8
GEOMETRY_LAYER_1
  70
32
  10
552368.376
  20
74327.983
  30
-122.52
  0
VERTEX
  8
GEOMETRY_LAYER_1
  70
32
  10
552368.523
  20
74317.654
  30
-122.43
  0
VERTEX
  8
GEOMETRY_LAYER_1
  70
32
  10
552368.780
  20
74309.295
  30
-122.19
  0
VERTEX
  8
GEOMETRY_LAYER_1
  70
32
  10
552370.106
  20
74297.877
  30
-121.05
  0
VERTEX
  8
GEOMETRY_LAYER_1
  70
32
  10
552365.510
  20
74273.261
  30
-118.84
  0
VERTEX
  8
GEOMETRY_LAYER_1
  70
32
  10
552354.614
  20
74256.973
  30
-119.89
  0
VERTEX
  8
GEOMETRY_LAYER_1
  70
32
  10
552350.040
  20
74250.714
  30
-120.47
  0
VERTEX
  8
GEOMETRY_LAYER_1
  70
32
  10
552345.971
  20
74242.277
  30
-120.53
  0
VERTEX
  8
GEOMETRY_LAYER_1
  70
32
  10
552338.675
  20
74231.652
  30
-120.59
  0
VERTEX
  8
GEOMETRY_LAYER_1
  70
32
  10
552334.864
  20
74223.309
  30
-120.69
  0
VERTEX
  8
GEOMETRY_LAYER_1
  70
32
  10
552314.850
  20
74228.793
  30
-120.55
  0
SEQEND
  8
GEOMETRY_LAYER_1
  0
POLYLINE
  8
GEOMETRY_LAYER_1
  70
8
  66
1
 62
1
 39
1
  0
VERTEX
  8
GEOMETRY_LAYER_1
  70
32
  10
552482.268
  20
78795.054
  30
-0.297
  0
VERTEX
  8
GEOMETRY_LAYER_1
  70
32
  10
552481.070
  20
78805.964
  30
-0.608
  0
VERTEX
  8
GEOMETRY_LAYER_1
  70
32
  10
552468.376
  20
78810.657
  30
-0.786
  0
VERTEX
  8
GEOMETRY_LAYER_1
  70
32
  10
552454.034
  20
78802.132
  30
-1.097
  0
VERTEX
  8
GEOMETRY_LAYER_1
  70
32
  10
552454.624
  20
78796.448
  30
-1.083
  0
VERTEX
  8
GEOMETRY_LAYER_1
  70
32
  10
552449.540
  20
78789.690
  30
-1.428
  0
VERTEX
  8
GEOMETRY_LAYER_1
  70
32
  10
552451.529
  20
78779.038
  30
-1.195
  0
VERTEX
  8
GEOMETRY_LAYER_1
  70
32
  10
552451.488
  20
78771.057
  30
-0.797
  0
VERTEX
  8
GEOMETRY_LAYER_1
  70
32
  10
552452.989
  20
78762.520
  30
-0.802
  0
VERTEX
  8
GEOMETRY_LAYER_1
  70
32
  10
552454.709
  20
78750.366
  30
-0.542
  0
VERTEX
  8
GEOMETRY_LAYER_1
  70
32
  10
552463.734
  20
78749.285
  30
-0.524
  0
VERTEX
  8
GEOMETRY_LAYER_1
  70
32
  10
552468.308
  20
78748.596
  30
-0.065
  0
VERTEX
  8
GEOMETRY_LAYER_1
  70
32
  10
552488.170
  20
78740.375
  30
0.217
  0
VERTEX
  8
GEOMETRY_LAYER_1
  70
32
  10
552485.422
  20
78759.139
  30
0.027
  0
VERTEX
  8
GEOMETRY_LAYER_1
  70
32
  10
552484.514
  20
78767.648
  30
0.148
  0
VERTEX
  8
GEOMETRY_LAYER_1
  70
32
  10
552484.477
  20
78774.601
  30
0.078
  0
VERTEX
  8
GEOMETRY_LAYER_1
  70
32
  10
552482.268
  20
78795.054
  30
-0.297
  0
SEQEND
  8
GEOMETRY_LAYER_1
  0
POLYLINE
  8
GEOMETRY_LAYER_1
  70
8
  66
1
 62
1
 39
1
  0
VERTEX
  8
GEOMETRY_LAYER_1
  70
32
  10
552477.827
  20
78803.431
  30
-0.608
  0
VERTEX
  8
GEOMETRY_LAYER_1
  70
32
  10
552468.729
  20
78806.795
  30
-0.786
  0
VERTEX
  8
GEOMETRY_LAYER_1
  70
32
  10
552457.746
  20
78800.267
  30
-1.097
  0
VERTEX
  8
GEOMETRY_LAYER_1
  70
32
  10
552458.247
  20
78795.442
  30
-1.083
  0
VERTEX
  8
GEOMETRY_LAYER_1
  70
32
  10
552453.264
  20
78788.818
  30
-1.428
  0
VERTEX
  8
GEOMETRY_LAYER_1
  70
32
  10
552455.030
  20
78779.352
  30
-1.195
  0
VERTEX
  8
GEOMETRY_LAYER_1
  70
32
  10
552454.990
  20
78771.353
  30
-0.797
  0
VERTEX
  8
GEOMETRY_LAYER_1
  70
32
  10
552456.446
  20
78763.069
  30
-0.802
  0
VERTEX
  8
GEOMETRY_LAYER_1
  70
32
  10
552457.797
  20
78753.521
  30
-0.542
  0
VERTEX
  8
GEOMETRY_LAYER_1
  70
32
  10
552464.203
  20
78752.754
  30
-0.524
  0
VERTEX
  8
GEOMETRY_LAYER_1
  70
32
  10
552469.252
  20
78751.994
  30
-0.065
  0
VERTEX
  8
GEOMETRY_LAYER_1
  70
32
  10
552483.814
  20
78745.966
  30
0.217
  0
VERTEX
  8
GEOMETRY_LAYER_1
  70
32
  10
552481.949
  20
78758.700
  30
0.027
  0
VERTEX
  8
GEOMETRY_LAYER_1
  70
32
  10
552481.015
  20
78767.453
  30
0.148
  0
VERTEX
  8
GEOMETRY_LAYER_1
  70
32
  10
552477.827
  20
78803.431
  30
-0.608
  0
SEQEND
  8
GEOMETRY_LAYER_1
  0
POLYLINE
  8
GEOMETRY_LAYER_1
  70
8
  66
1
 62
3
 39
1
  0
VERTEX
  8
GEOMETRY_LAYER_1
  70
32
  10
551780.215
  20
78321.469
  30
22.732
  0
VERTEX
  8
GEOMETRY_LAYER_1
  70
32
  10
551778.979
  20
78326.980
  30
22.945
  0
VERTEX
  8
GEOMETRY_LAYER_1
  70
32
  10
551777.744
  20
78332.491
  30
23.157
  0
VERTEX
  8
GEOMETRY_LAYER_1
  70
32
  10
551777.329
  20
78337.436
  30
23.142
  0
VERTEX
  8
GEOMETRY_LAYER_1
  70
32
  10
551775.723
  20
78350.967
  30
21.842
  0
VERTEX
  8
GEOMETRY_LAYER_1
  70
32
  10
551764.743
  20
78354.874
  30
21.514
  0
VERTEX
  8
GEOMETRY_LAYER_1
  70
32
  10
551752.457
  20
78354.021
  30
22.073
  0
VERTEX
  8
GEOMETRY_LAYER_1
  70
32
  10
551745.351
  20
78343.097
  30
23.23
  0
VERTEX
  8
GEOMETRY_LAYER_1
  70
32
  10
551739.630
  20
78335.845
  30
23.96
  0
VERTEX
  8
GEOMETRY_LAYER_1
  70
32
  10
551742.276
  20
78323.907
  30
24.779
  0
VERTEX
  8
GEOMETRY_LAYER_1
  70
32
  10
551746.804
  20
78304.746
  30
24.997
  0
VERTEX
  8
GEOMETRY_LAYER_1
  70
32
  10
551752.038
  20
78296.671
  30
24.006
  0
VERTEX
  8
GEOMETRY_LAYER_1
  70
32
  10
551755.328
  20
78290.910
  30
22.982
  0
VERTEX
  8
GEOMETRY_LAYER_1
  70
32
  10
551751.859
  20
78284.541
  30
22.852
  0
VERTEX
  8
GEOMETRY_LAYER_1
  70
32
  10
551759.388
  20
78274.516
  30
21.242
  0
VERTEX
  8
GEOMETRY_LAYER_1
  70
32
  10
551766.167
  20
78265.715
  30
20.119
  0
VERTEX
  8
GEOMETRY_LAYER_1
  70
32
  10
551773.969
  20
78262.432
  30
19.036
  0
VERTEX
  8
GEOMETRY_LAYER_1
  70
32
  10
551779.360
  20
78255.826
  30
17.874
  0
VERTEX
  8
GEOMETRY_LAYER_1
  70
32
  10
551790.937
  20
78242.873
  30
15.801
  0
VERTEX
  8
GEOMETRY_LAYER_1
  70
32
  10
551797.135
  20
78236.368
  30
15.707
  0
VERTEX
  8
GEOMETRY_LAYER_1
  70
32
  10
551802.097
  20
78226.302
  30
15.529
  0
VERTEX
  8
GEOMETRY_LAYER_1
  70
32
  10
551812.605
  20
78224.539
  30
15.631
  0
VERTEX
  8
GEOMETRY_LAYER_1
  70
32
  10
551822.697
  20
78224.940
  30
15.331
  0
VERTEX
  8
GEOMETRY_LAYER_1
  70
32
  10
551830.556
  20
78231.320
  30
15.078
  0
VERTEX
  8
GEOMETRY_LAYER_1
  70
32
  10
551836.614
  20
78236.567
  30
14.49
  0
VERTEX
  8
GEOMETRY_LAYER_1
  70
32
  10
551843.371
  20
78242.332
  30
14.383
  0
VERTEX
  8
GEOMETRY_LAYER_1
  70
32
  10
551846.801
  20
78250.895
  30
14.804
  0
VERTEX
  8
GEOMETRY_LAYER_1
  70
32
  10
551841.209
  20
78261.302
  30
15.149
  0
VERTEX
  8
GEOMETRY_LAYER_1
  70
32
  10
551838.169
  20
78269.634
  30
14.807
  0
VERTEX
  8
GEOMETRY_LAYER_1
  70
32
  10
551833.845
  20
78278.921
  30
14.651
  0
VERTEX
  8
GEOMETRY_LAYER_1
  70
32
  10
551828.418
  20
78289.034
  30
14.546
  0
VERTEX
  8
GEOMETRY_LAYER_1
  70
32
  10
551825.900
  20
78296.720
  30
14.114
  0
VERTEX
  8
GEOMETRY_LAYER_1
  70
32
  10
551820.871
  20
78305.485
  30
14.075
  0
VERTEX
  8
GEOMETRY_LAYER_1
  70
32
  10
551819.443
  20
78315.781
  30
13.351
  0
VERTEX
  8
GEOMETRY_LAYER_1
  70
32
  10
551820.509
  20
78321.294
  30
12.981
  0
VERTEX
  8
GEOMETRY_LAYER_1
  70
32
  10
551818.753
  20
78332.471
  30
12.722
  0
VERTEX
  8
GEOMETRY_LAYER_1
  70
32
  10
551811.739
  20
78342.143
  30
12.923
  0
VERTEX
  8
GEOMETRY_LAYER_1
  70
32
  10
551802.118
  20
78334.942
  30
13.632
  0
VERTEX
  8
GEOMETRY_LAYER_1
  70
32
  10
551795.560
  20
78331.843
  30
14.613
  0
VERTEX
  8
GEOMETRY_LAYER_1
  70
32
  10
551789.227
  20
78325.143
  30
15.186
  0
VERTEX
  8
GEOMETRY_LAYER_1
  70
32
  10
551780.215
  20
78321.469
  30
22.732
  0
SEQEND
  8
GEOMETRY_LAYER_1
  0
POLYLINE
  8
GEOMETRY_LAYER_1
  70
8
  66
1
 62
3
 39
1
  0
VERTEX
  8
GEOMETRY_LAYER_1
  70
32
  10
551816.909
  20
78304.935
  30
14.075
  0
VERTEX
  8
GEOMETRY_LAYER_1
  70
32
  10
551815.389
  20
78315.889
  30
13.351
  0
VERTEX
  8
GEOMETRY_LAYER_1
  70
32
  10
551816.449
  20
78321.366
  30
12.981
  0
VERTEX
  8
GEOMETRY_LAYER_1
  70
32
  10
551814.951
  20
78330.901
  30
12.722
  0
VERTEX
  8
GEOMETRY_LAYER_1
  70
32
  10
551810.885
  20
78336.508
  30
12.923
  0
VERTEX
  8
GEOMETRY_LAYER_1
  70
32
  10
551804.192
  20
78331.498
  30
13.632
  0
VERTEX
  8
GEOMETRY_LAYER_1
  70
32
  10
551797.949
  20
78328.549
  30
14.613
  0
VERTEX
  8
GEOMETRY_LAYER_1
  70
32
  10
551793.434
  20
78323.770
  30
15.186
  0
VERTEX
  8
GEOMETRY_LAYER_1
  70
32
  10
551794.376
  20
78316.352
  30
14.611
  0
VERTEX
  8
GEOMETRY_LAYER_1
  70
32
  10
551797.696
  20
78307.793
  30
14.445
  0
VERTEX
  8
GEOMETRY_LAYER_1
  70
32
  10
551802.079
  20
78298.358
  30
14.675
  0
VERTEX
  8
GEOMETRY_LAYER_1
  70
32
  10
551806.301
  20
78290.058
  30
14.981
  0
VERTEX
  8
GEOMETRY_LAYER_1
  70
32
  10
551803.943
  20
78279.156
  30
16.586
  0
VERTEX
  8
GEOMETRY_LAYER_1
  70
32
  10
551793.701
  20
78281.218
  30
19.046
  0
VERTEX
  8
GEOMETRY_LAYER_1
  70
32
  10
551788.112
  20
78286.925
  30
19.877
  0
VERTEX
  8
GEOMETRY_LAYER_1
  70
32
  10
551779.396
  20
78306.952
  30
22.084
  0
VERTEX
  8
GEOMETRY_LAYER_1
  70
32
  10
551778.788
  20
78309.554
  30
22.307
  0
VERTEX
  8
GEOMETRY_LAYER_1
  70
32
  10
551773.781
  20
78331.883
  30
23.157
  0
VERTEX
  8
GEOMETRY_LAYER_1
  70
32
  10
551773.349
  20
78337.033
  30
23.142
  0
VERTEX
  8
GEOMETRY_LAYER_1
  70
32
  10
551772.044
  20
78348.030
  30
21.842
  0
VERTEX
  8
GEOMETRY_LAYER_1
  70
32
  10
551764.188
  20
78350.826
  30
21.514
  0
VERTEX
  8
GEOMETRY_LAYER_1
  70
32
  10
551754.723
  20
78350.169
  30
22.073
  0
VERTEX
  8
GEOMETRY_LAYER_1
  70
32
  10
551748.605
  20
78340.762
  30
23.23
  0
VERTEX
  8
GEOMETRY_LAYER_1
  70
32
  10
551743.946
  20
78334.858
  30
23.96
  0
VERTEX
  8
GEOMETRY_LAYER_1
  70
32
  10
551746.175
  20
78324.800
  30
24.779
  0
VERTEX
  8
GEOMETRY_LAYER_1
  70
32
  10
551750.537
  20
78306.340
  30
24.997
  0
VERTEX
  8
GEOMETRY_LAYER_1
  70
32
  10
551755.455
  20
78298.752
  30
24.006
  0
VERTEX
  8
GEOMETRY_LAYER_1
  70
32
  10
551759.908
  20
78290.956
  30
22.982
  0
VERTEX
  8
GEOMETRY_LAYER_1
  70
32
  10
551756.602
  20
78284.886
  30
22.852
  0
VERTEX
  8
GEOMETRY_LAYER_1
  70
32
  10
551762.572
  20
78276.937
  30
21.242
  0
VERTEX
  8
GEOMETRY_LAYER_1
  70
32
  10
551768.692
  20
78268.992
  30
20.119
  0
VERTEX
  8
GEOMETRY_LAYER_1
  70
32
  10
551776.438
  20
78265.734
  30
19.036
  0
VERTEX
  8
GEOMETRY_LAYER_1
  70
32
  10
551782.403
  20
78258.425
  30
17.874
  0
VERTEX
  8
GEOMETRY_LAYER_1
  70
32
  10
551793.876
  20
78245.586
  30
15.801
  0
VERTEX
  8
GEOMETRY_LAYER_1
  70
32
  10
551800.453
  20
78238.684
  30
15.707
  0
VERTEX
  8
GEOMETRY_LAYER_1
  70
32
  10
551804.779
  20
78229.909
  30
15.529
  0
VERTEX
  8
GEOMETRY_LAYER_1
  70
32
  10
551812.860
  20
78228.551
  30
15.631
  0
VERTEX
  8
GEOMETRY_LAYER_1
  70
32
  10
551821.209
  20
78228.884
  30
15.331
  0
VERTEX
  8
GEOMETRY_LAYER_1
  70
32
  10
551827.985
  20
78234.385
  30
15.078
  0
VERTEX
  8
GEOMETRY_LAYER_1
  70
32
  10
551834.006
  20
78239.600
  30
14.49
  0
VERTEX
  8
GEOMETRY_LAYER_1
  70
32
  10
551840.025
  20
78244.734
  30
14.383
  0
VERTEX
  8
GEOMETRY_LAYER_1
  70
32
  10
551842.393
  20
78250.647
  30
14.804
  0
VERTEX
  8
GEOMETRY_LAYER_1
  70
32
  10
551837.550
  20
78259.662
  30
15.149
  0
VERTEX
  8
GEOMETRY_LAYER_1
  70
32
  10
551834.471
  20
78268.101
  30
14.807
  0
VERTEX
  8
GEOMETRY_LAYER_1
  70
32
  10
551830.267
  20
78277.130
  30
14.651
  0
VERTEX
  8
GEOMETRY_LAYER_1
  70
32
  10
551824.726
  20
78287.453
  30
14.546
  0
VERTEX
  8
GEOMETRY_LAYER_1
  70
32
  10
551822.099
  20
78295.475
  30
14.114
  0
VERTEX
  8
GEOMETRY_LAYER_1
  70
32
  10
551816.909
  20
78304.935
  30
14.075
  0
SEQEND
  8
GEOMETRY_LAYER_1
  0
POLYLINE
  8
GEOMETRY_LAYER_1
  70
8
  66
1
 62
1
 39
1
  0
VERTEX
  8
GEOMETRY_LAYER_1
  70
32
  10
551681.099
  20
78324.746
  30
34.462
  0
VERTEX
  8
GEOMETRY_LAYER_1
  70
32
  10
551684.545
  20
78316.348
  30
34.189
  0
VERTEX
  8
GEOMETRY_LAYER_1
  70
32
  10
551689.459
  20
78311.176
  30
33.509
  0
VERTEX
  8
GEOMETRY_LAYER_1
  70
32
  10
551696.718
  20
78301.293
  30
33.107
  0
VERTEX
  8
GEOMETRY_LAYER_1
  70
32
  10
551701.768
  20
78295.090
  30
32.352
  0
VERTEX
  8
GEOMETRY_LAYER_1
  70
32
  10
551706.043
  20
78284.263
  30
31.562
  0
VERTEX
  8
GEOMETRY_LAYER_1
  70
32
  10
551708.722
  20
78276.077
  30
31.098
  0
VERTEX
  8
GEOMETRY_LAYER_1
  70
32
  10
551712.966
  20
78267.401
  30
30.284
  0
VERTEX
  8
GEOMETRY_LAYER_1
  70
32
  10
551717.763
  20
78256.603
  30
29.671
  0
VERTEX
  8
GEOMETRY_LAYER_1
  70
32
  10
551721.067
  20
78247.589
  30
29.058
  0
VERTEX
  8
GEOMETRY_LAYER_1
  70
32
  10
551724.491
  20
78237.957
  30
28.993
  0
VERTEX
  8
GEOMETRY_LAYER_1
  70
32
  10
551714.908
  20
78230.825
  30
28.955
  0
VERTEX
  8
GEOMETRY_LAYER_1
  70
32
  10
551706.999
  20
78224.854
  30
29.022
  0
VERTEX
  8
GEOMETRY_LAYER_1
  70
32
  10
551692.030
  20
78225.011
  30
28.871
  0
VERTEX
  8
GEOMETRY_LAYER_1
  70
32
  10
551683.062
  20
78220.726
  30
28.843
  0
VERTEX
  8
GEOMETRY_LAYER_1
  70
32
  10
551672.672
  20
78225.284
  30
29.556
  0
VERTEX
  8
GEOMETRY_LAYER_1
  70
32
  10
551667.435
  20
78235.851
  30
30.073
  0
VERTEX
  8
GEOMETRY_LAYER_1
  70
32
  10
551664.032
  20
78244.551
  30
30.446
  0
VERTEX
  8
GEOMETRY_LAYER_1
  70
32
  10
551661.453
  20
78253.118
  30
30.993
  0
VERTEX
  8
GEOMETRY_LAYER_1
  70
32
  10
551657.391
  20
78261.369
  30
32.398
  0
VERTEX
  8
GEOMETRY_LAYER_1
  70
32
  10
551652.834
  20
78271.793
  30
33.433
  0
VERTEX
  8
GEOMETRY_LAYER_1
  70
32
  10
551647.573
  20
78279.750
  30
34.656
  0
VERTEX
  8
GEOMETRY_LAYER_1
  70
32
  10
551642.927
  20
78289.084
  30
34.81
  0
VERTEX
  8
GEOMETRY_LAYER_1
  70
32
  10
551639.080
  20
78299.550
  30
34.908
  0
VERTEX
  8
GEOMETRY_LAYER_1
  70
32
  10
551638.080
  20
78308.168
  30
34.685
  0
VERTEX
  8
GEOMETRY_LAYER_1
  70
32
  10
551633.777
  20
78317.690
  30
35.31
  0
VERTEX
  8
GEOMETRY_LAYER_1
  70
32
  10
551633.234
  20
78334.372
  30
36.182
  0
VERTEX
  8
GEOMETRY_LAYER_1
  70
32
  10
551630.170
  20
78344.233
  30
36.704
  0
VERTEX
  8
GEOMETRY_LAYER_1
  70
32
  10
551630.849
  20
78361.027
  30
37.584
  0
VERTEX
  8
GEOMETRY_LAYER_1
  70
32
  10
551628.519
  20
78369.635
  30
38.046
  0
VERTEX
  8
GEOMETRY_LAYER_1
  70
32
  10
551625.181
  20
78378.609
  30
38.668
  0
VERTEX
  8
GEOMETRY_LAYER_1
  70
32
  10
551621.061
  20
78388.683
  30
39.173
  0
VERTEX
  8
GEOMETRY_LAYER_1
  70
32
  10
551622.069
  20
78405.891
  30
40.769
  0
VERTEX
  8
GEOMETRY_LAYER_1
  70
32
  10
551619.343
  20
78414.295
  30
41.608
  0
VERTEX
  8
GEOMETRY_LAYER_1
  70
32
  10
551615.122
  20
78425.551
  30
42.303
  0
VERTEX
  8
GEOMETRY_LAYER_1
  70
32
  10
551624.079
  20
78439.396
  30
42.21
  0
VERTEX
  8
GEOMETRY_LAYER_1
  70
32
  10
551632.865
  20
78430.642
  30
41.893
  0
VERTEX
  8
GEOMETRY_LAYER_1
  70
32
  10
551641.686
  20
78426.866
  30
40.896
  0
VERTEX
  8
GEOMETRY_LAYER_1
  70
32
  10
551645.557
  20
78417.293
  30
40.43
  0
VERTEX
  8
GEOMETRY_LAYER_1
  70
32
  10
551650.156
  20
78407.073
  30
40.031
  0
VERTEX
  8
GEOMETRY_LAYER_1
  70
32
  10
551653.226
  20
78397.722
  30
39.179
  0
VERTEX
  8
GEOMETRY_LAYER_1
  70
32
  10
551653.047
  20
78380.818
  30
38.059
  0
VERTEX
  8
GEOMETRY_LAYER_1
  70
32
  10
551655.902
  20
78371.623
  30
37.802
  0
VERTEX
  8
GEOMETRY_LAYER_1
  70
32
  10
551658.870
  20
78363.383
  30
37.086
  0
VERTEX
  8
GEOMETRY_LAYER_1
  70
32
  10
551662.432
  20
78353.966
  30
36.325
  0
VERTEX
  8
GEOMETRY_LAYER_1
  70
32
  10
551671.082
  20
78342.675
  30
35.542
  0
VERTEX
  8
GEOMETRY_LAYER_1
  70
32
  10
551677.599
  20
78335.293
  30
34.87
  0
VERTEX
  8
GEOMETRY_LAYER_1
  70
32
  10
551681.099
  20
78324.746
  30
34.462
  0
SEQEND
  8
GEOMETRY_LAYER_1
  0
POLYLINE
  8
GEOMETRY_LAYER_1
  70
8
  66
1
 62
1
 39
1
  0
VERTEX
  8
GEOMETRY_LAYER_1
  70
32
  10
551677.398
  20
78323.226
  30
34.462
  0
VERTEX
  8
GEOMETRY_LAYER_1
  70
32
  10
551681.129
  20
78314.136
  30
34.189
  0
VERTEX
  8
GEOMETRY_LAYER_1
  70
32
  10
551686.385
  20
78308.605
  30
33.509
  0
VERTEX
  8
GEOMETRY_LAYER_1
  70
32
  10
551693.553
  20
78298.844
  30
33.107
  0
VERTEX
  8
GEOMETRY_LAYER_1
  70
32
  10
551698.275
  20
78293.045
  30
32.352
  0
VERTEX
  8
GEOMETRY_LAYER_1
  70
32
  10
551702.279
  20
78282.906
  30
31.562
  0
VERTEX
  8
GEOMETRY_LAYER_1
  70
32
  10
551705.007
  20
78274.568
  30
31.098
  0
VERTEX
  8
GEOMETRY_LAYER_1
  70
32
  10
551709.340
  20
78265.710
  30
30.284
  0
VERTEX
  8
GEOMETRY_LAYER_1
  70
32
  10
551714.053
  20
78255.101
  30
29.671
  0
VERTEX
  8
GEOMETRY_LAYER_1
  70
32
  10
551717.304
  20
78246.231
  30
29.058
  0
VERTEX
  8
GEOMETRY_LAYER_1
  70
32
  10
551719.732
  20
78239.401
  30
28.993
  0
VERTEX
  8
GEOMETRY_LAYER_1
  70
32
  10
551712.509
  20
78234.025
  30
28.955
  0
VERTEX
  8
GEOMETRY_LAYER_1
  70
32
  10
551705.678
  20
78228.868
  30
29.022
  0
VERTEX
  8
GEOMETRY_LAYER_1
  70
32
  10
551691.144
  20
78229.021
  30
28.871
  0
VERTEX
  8
GEOMETRY_LAYER_1
  70
32
  10
551682.991
  20
78225.126
  30
28.843
  0
VERTEX
  8
GEOMETRY_LAYER_1
  70
32
  10
551675.611
  20
78228.363
  30
29.556
  0
VERTEX
  8
GEOMETRY_LAYER_1
  70
32
  10
551671.097
  20
78237.471
  30
30.073
  0
VERTEX
  8
GEOMETRY_LAYER_1
  70
32
  10
551667.816
  20
78245.858
  30
30.446
  0
VERTEX
  8
GEOMETRY_LAYER_1
  70
32
  10
551665.188
  20
78254.589
  30
30.993
  0
VERTEX
  8
GEOMETRY_LAYER_1
  70
32
  10
551661.019
  20
78263.054
  30
32.398
  0
VERTEX
  8
GEOMETRY_LAYER_1
  70
32
  10
551656.361
  20
78273.712
  30
33.433
  0
VERTEX
  8
GEOMETRY_LAYER_1
  70
32
  10
551651.045
  20
78281.752
  30
34.656
  0
VERTEX
  8
GEOMETRY_LAYER_1
  70
32
  10
551646.606
  20
78290.670
  30
34.81
  0
VERTEX
  8
GEOMETRY_LAYER_1
  70
32
  10
551642.998
  20
78300.483
  30
34.908
  0
VERTEX
  8
GEOMETRY_LAYER_1
  70
32
  10
551641.981
  20
78309.247
  30
34.685
  0
VERTEX
  8
GEOMETRY_LAYER_1
  70
32
  10
551637.749
  20
78318.614
  30
35.31
  0
VERTEX
  8
GEOMETRY_LAYER_1
  70
32
  10
551637.214
  20
78335.043
  30
36.182
  0
VERTEX
  8
GEOMETRY_LAYER_1
  70
32
  10
551634.195
  20
78344.760
  30
36.704
  0
VERTEX
  8
GEOMETRY_LAYER_1
  70
32
  10
551634.871
  20
78361.479
  30
37.584
  0
VERTEX
  8
GEOMETRY_LAYER_1
  70
32
  10
551632.333
  20
78370.857
  30
38.046
  0
VERTEX
  8
GEOMETRY_LAYER_1
  70
32
  10
551628.908
  20
78380.063
  30
38.668
  0
VERTEX
  8
GEOMETRY_LAYER_1
  70
32
  10
551625.107
  20
78389.356
  30
39.173
  0
VERTEX
  8
GEOMETRY_LAYER_1
  70
32
  10
551626.106
  20
78406.410
  30
40.769
  0
VERTEX
  8
GEOMETRY_LAYER_1
  70
32
  10
551623.120
  20
78415.615
  30
41.608
  0
VERTEX
  8
GEOMETRY_LAYER_1
  70
32
  10
551619.574
  20
78425.070
  30
42.303
  0
VERTEX
  8
GEOMETRY_LAYER_1
  70
32
  10
551624.755
  20
78433.077
  30
42.21
  0
VERTEX
  8
GEOMETRY_LAYER_1
  70
32
  10
551630.586
  20
78427.266
  30
41.893
  0
VERTEX
  8
GEOMETRY_LAYER_1
  70
32
  10
551638.596
  20
78423.838
  30
40.896
  0
VERTEX
  8
GEOMETRY_LAYER_1
  70
32
  10
551641.877
  20
78415.721
  30
40.43
  0
VERTEX
  8
GEOMETRY_LAYER_1
  70
32
  10
551646.422
  20
78405.625
  30
40.031
  0
VERTEX
  8
GEOMETRY_LAYER_1
  70
32
  10
551649.219
  20
78397.103
  30
39.179
  0
VERTEX
  8
GEOMETRY_LAYER_1
  70
32
  10
551649.041
  20
78380.232
  30
38.059
  0
VERTEX
  8
GEOMETRY_LAYER_1
  70
32
  10
551652.108
  20
78370.351
  30
37.802
  0
VERTEX
  8
GEOMETRY_LAYER_1
  70
32
  10
551655.117
  20
78361.997
  30
37.086
  0
VERTEX
  8
GEOMETRY_LAYER_1
  70
32
  10
551658.899
  20
78352.000
  30
36.325
  0
VERTEX
  8
GEOMETRY_LAYER_1
  70
32
  10
551667.991
  20
78340.133
  30
35.542
  0
VERTEX
  8
GEOMETRY_LAYER_1
  70
32
  10
551674.600
  20
78332.645
  30
34.87
  0
VERTEX
  8
GEOMETRY_LAYER_1
  70
32
  10
551677.398
  20
78323.226
  30
34.462
  0
SEQEND
  8
GEOMETRY_LAYER_1
  0
POLYLINE
  8
GEOMETRY_LAYER_1
  70
8
  66
1
 62
1
 39
1
  0
VERTEX
  8
GEOMETRY_LAYER_1
  70
32
  10
551652.372
  20
77668.594
  30
-13.707
  0
VERTEX
  8
GEOMETRY_LAYER_1
  70
32
  10
551644.714
  20
77636.993
  30
-14.544
  0
VERTEX
  8
GEOMETRY_LAYER_1
  70
32
  10
551635.284
  20
77642.047
  30
-14.594
  0
VERTEX
  8
GEOMETRY_LAYER_1
  70
32
  10
551631.278
  20
77631.013
  30
-15.368
  0
VERTEX
  8
GEOMETRY_LAYER_1
  70
32
  10
551634.545
  20
77598.329
  30
-18.373
  0
VERTEX
  8
GEOMETRY_LAYER_1
  70
32
  10
551638.457
  20
77556.283
  30
-21.444
  0
VERTEX
  8
GEOMETRY_LAYER_1
  70
32
  10
551638.844
  20
77545.925
  30
-22.526
  0
VERTEX
  8
GEOMETRY_LAYER_1
  70
32
  10
551630.754
  20
77534.827
  30
-24.67
  0
VERTEX
  8
GEOMETRY_LAYER_1
  70
32
  10
551618.753
  20
77540.273
  30
-24.974
  0
VERTEX
  8
GEOMETRY_LAYER_1
  70
32
  10
551615.336
  20
77550.991
  30
-24.366
  0
VERTEX
  8
GEOMETRY_LAYER_1
  70
32
  10
551614.472
  20
77559.092
  30
-23.852
  0
VERTEX
  8
GEOMETRY_LAYER_1
  70
32
  10
551614.060
  20
77566.417
  30
-23.161
  0
VERTEX
  8
GEOMETRY_LAYER_1
  70
32
  10
551613.348
  20
77574.872
  30
-23.465
  0
VERTEX
  8
GEOMETRY_LAYER_1
  70
32
  10
551612.350
  20
77584.576
  30
-22.815
  0
VERTEX
  8
GEOMETRY_LAYER_1
  70
32
  10
551611.916
  20
77592.628
  30
-21.695
  0
VERTEX
  8
GEOMETRY_LAYER_1
  70
32
  10
551611.758
  20
77601.551
  30
-20.616
  0
VERTEX
  8
GEOMETRY_LAYER_1
  70
32
  10
551610.811
  20
77609.795
  30
-20.022
  0
VERTEX
  8
GEOMETRY_LAYER_1
  70
32
  10
551610.268
  20
77618.236
  30
-19.131
  0
VERTEX
  8
GEOMETRY_LAYER_1
  70
32
  10
551609.855
  20
77626.469
  30
-18.422
  0
VERTEX
  8
GEOMETRY_LAYER_1
  70
32
  10
551608.921
  20
77635.415
  30
-17.728
  0
VERTEX
  8
GEOMETRY_LAYER_1
  70
32
  10
551608.329
  20
77644.432
  30
-16.948
  0
VERTEX
  8
GEOMETRY_LAYER_1
  70
32
  10
551614.079
  20
77650.284
  30
-16.138
  0
VERTEX
  8
GEOMETRY_LAYER_1
  70
32
  10
551612.210
  20
77654.474
  30
-16.091
  0
VERTEX
  8
GEOMETRY_LAYER_1
  70
32
  10
551610.691
  20
77659.657
  30
-15.654
  0
VERTEX
  8
GEOMETRY_LAYER_1
  70
32
  10
551606.726
  20
77665.244
  30
-15.827
  0
VERTEX
  8
GEOMETRY_LAYER_1
  70
32
  10
551606.048
  20
77675.661
  30
-15.802
  0
VERTEX
  8
GEOMETRY_LAYER_1
  70
32
  10
551618.148
  20
77684.882
  30
-14.041
  0
VERTEX
  8
GEOMETRY_LAYER_1
  70
32
  10
551622.088
  20
77683.015
  30
-13.918
  0
VERTEX
  8
GEOMETRY_LAYER_1
  70
32
  10
551626.467
  20
77685.424
  30
-13.475
  0
VERTEX
  8
GEOMETRY_LAYER_1
  70
32
  10
551626.683
  20
77685.858
  30
-13.427
  0
VERTEX
  8
GEOMETRY_LAYER_1
  70
32
  10
551625.256
  20
77692.317
  30
-12.869
  0
VERTEX
  8
GEOMETRY_LAYER_1
  70
32
  10
551632.429
  20
77712.941
  30
-13.952
  0
VERTEX
  8
GEOMETRY_LAYER_1
  70
32
  10
551635.456
  20
77722.215
  30
-13.911
  0
VERTEX
  8
GEOMETRY_LAYER_1
  70
32
  10
551638.067
  20
77730.650
  30
-13.857
  0
VERTEX
  8
GEOMETRY_LAYER_1
  70
32
  10
551642.140
  20
77740.061
  30
-13.888
  0
VERTEX
  8
GEOMETRY_LAYER_1
  70
32
  10
551643.685
  20
77748.794
  30
-13.559
  0
VERTEX
  8
GEOMETRY_LAYER_1
  70
32
  10
551645.009
  20
77756.971
  30
-13.181
  0
VERTEX
  8
GEOMETRY_LAYER_1
  70
32
  10
551646.086
  20
77766.627
  30
-12.723
  0
VERTEX
  8
GEOMETRY_LAYER_1
  70
32
  10
551647.145
  20
77775.283
  30
-12.505
  0
VERTEX
  8
GEOMETRY_LAYER_1
  70
32
  10
551649.929
  20
77788.038
  30
-11.831
  0
VERTEX
  8
GEOMETRY_LAYER_1
  70
32
  10
551657.405
  20
77791.057
  30
-10.677
  0
VERTEX
  8
GEOMETRY_LAYER_1
  70
32
  10
551668.827
  20
77787.327
  30
-9.241
  0
VERTEX
  8
GEOMETRY_LAYER_1
  70
32
  10
551669.055
  20
77778.068
  30
-9.504
  0
VERTEX
  8
GEOMETRY_LAYER_1
  70
32
  10
551669.426
  20
77769.480
  30
-9.726
  0
VERTEX
  8
GEOMETRY_LAYER_1
  70
32
  10
551667.559
  20
77759.625
  30
-10.301
  0
VERTEX
  8
GEOMETRY_LAYER_1
  70
32
  10
551666.616
  20
77751.833
  30
-10.659
  0
VERTEX
  8
GEOMETRY_LAYER_1
  70
32
  10
551664.596
  20
77743.030
  30
-11.164
  0
VERTEX
  8
GEOMETRY_LAYER_1
  70
32
  10
551662.881
  20
77734.221
  30
-11.627
  0
VERTEX
  8
GEOMETRY_LAYER_1
  70
32
  10
551661.067
  20
77725.690
  30
-11.958
  0
VERTEX
  8
GEOMETRY_LAYER_1
  70
32
  10
551659.544
  20
77717.961
  30
-12.205
  0
VERTEX
  8
GEOMETRY_LAYER_1
  70
32
  10
551658.413
  20
77707.207
  30
-12.468
  0
VERTEX
  8
GEOMETRY_LAYER_1
  70
32
  10
551659.188
  20
77698.528
  30
-13.004
  0
VERTEX
  8
GEOMETRY_LAYER_1
  70
32
  10
551652.372
  20
77668.594
  30
-13.707
  0
SEQEND
  8
GEOMETRY_LAYER_1
  0
POLYLINE
  8
GEOMETRY_LAYER_1
  70
8
  66
1
 62
1
 39
1
  0
VERTEX
  8
GEOMETRY_LAYER_1
  70
32
  10
551642.045
  20
77642.961
  30
-14.544
  0
VERTEX
  8
GEOMETRY_LAYER_1
  70
32
  10
551633.100
  20
77647.755
  30
-14.594
  0
VERTEX
  8
GEOMETRY_LAYER_1
  70
32
  10
551627.207
  20
77631.520
  30
-15.368
  0
VERTEX
  8
GEOMETRY_LAYER_1
  70
32
  10
551630.563
  20
77597.944
  30
-18.373
  0
VERTEX
  8
GEOMETRY_LAYER_1
  70
32
  10
551634.464
  20
77556.023
  30
-21.444
  0
VERTEX
  8
GEOMETRY_LAYER_1
  70
32
  10
551634.795
  20
77547.161
  30
-22.526
  0
VERTEX
  8
GEOMETRY_LAYER_1
  70
32
  10
551629.441
  20
77539.815
  30
-24.67
  0
VERTEX
  8
GEOMETRY_LAYER_1
  70
32
  10
551622.025
  20
77543.181
  30
-24.974
  0
VERTEX
  8
GEOMETRY_LAYER_1
  70
32
  10
551619.271
  20
77551.819
  30
-24.366
  0
VERTEX
  8
GEOMETRY_LAYER_1
  70
32
  10
551618.460
  20
77559.417
  30
-23.852
  0
VERTEX
  8
GEOMETRY_LAYER_1
  70
32
  10
551618.050
  20
77566.697
  30
-23.161
  0
VERTEX
  8
GEOMETRY_LAYER_1
  70
32
  10
551617.331
  20
77575.245
  30
-23.465
  0
VERTEX
  8
GEOMETRY_LAYER_1
  70
32
  10
551616.338
  20
77584.888
  30
-22.815
  0
VERTEX
  8
GEOMETRY_LAYER_1
  70
32
  10
551615.914
  20
77592.770
  30
-21.695
  0
VERTEX
  8
GEOMETRY_LAYER_1
  70
32
  10
551615.754
  20
77601.814
  30
-20.616
  0
VERTEX
  8
GEOMETRY_LAYER_1
  70
32
  10
551614.796
  20
77610.151
  30
-20.022
  0
VERTEX
  8
GEOMETRY_LAYER_1
  70
32
  10
551614.261
  20
77618.465
  30
-19.131
  0
VERTEX
  8
GEOMETRY_LAYER_1
  70
32
  10
551613.844
  20
77626.776
  30
-18.422
  0
VERTEX
  8
GEOMETRY_LAYER_1
  70
32
  10
551612.907
  20
77635.754
  30
-17.728
  0
VERTEX
  8
GEOMETRY_LAYER_1
  70
32
  10
551612.438
  20
77642.906
  30
-16.948
  0
VERTEX
  8
GEOMETRY_LAYER_1
  70
32
  10
551618.842
  20
77649.425
  30
-16.138
  0
VERTEX
  8
GEOMETRY_LAYER_1
  70
32
  10
551615.973
  20
77655.858
  30
-16.091
  0
VERTEX
  8
GEOMETRY_LAYER_1
  70
32
  10
551614.341
  20
77661.426
  30
-15.654
  0
VERTEX
  8
GEOMETRY_LAYER_1
  70
32
  10
551610.644
  20
77666.635
  30
-15.827
  0
VERTEX
  8
GEOMETRY_LAYER_1
  70
32
  10
551610.179
  20
77673.780
  30
-15.802
  0
VERTEX
  8
GEOMETRY_LAYER_1
  70
32
  10
551618.636
  20
77680.224
  30
-14.041
  0
VERTEX
  8
GEOMETRY_LAYER_1
  70
32
  10
551622.223
  20
77678.525
  30
-13.918
  0
VERTEX
  8
GEOMETRY_LAYER_1
  70
32
  10
551629.493
  20
77682.522
  30
-13.475
  0
VERTEX
  8
GEOMETRY_LAYER_1
  70
32
  10
551630.893
  20
77685.345
  30
-13.427
  0
VERTEX
  8
GEOMETRY_LAYER_1
  70
32
  10
551629.406
  20
77692.074
  30
-12.869
  0
VERTEX
  8
GEOMETRY_LAYER_1
  70
32
  10
551636.220
  20
77711.664
  30
-13.952
  0
VERTEX
  8
GEOMETRY_LAYER_1
  70
32
  10
551639.268
  20
77721.003
  30
-13.911
  0
VERTEX
  8
GEOMETRY_LAYER_1
  70
32
  10
551641.824
  20
77729.261
  30
-13.857
  0
VERTEX
  8
GEOMETRY_LAYER_1
  70
32
  10
551645.997
  20
77738.903
  30
-13.888
  0
VERTEX
  8
GEOMETRY_LAYER_1
  70
32
  10
551647.629
  20
77748.126
  30
-13.559
  0
VERTEX
  8
GEOMETRY_LAYER_1
  70
32
  10
551648.974
  20
77756.429
  30
-13.181
  0
VERTEX
  8
GEOMETRY_LAYER_1
  70
32
  10
551650.059
  20
77766.162
  30
-12.723
  0
VERTEX
  8
GEOMETRY_LAYER_1
  70
32
  10
551651.092
  20
77774.612
  30
-12.505
  0
VERTEX
  8
GEOMETRY_LAYER_1
  70
32
  10
551653.386
  20
77785.121
  30
-11.831
  0
VERTEX
  8
GEOMETRY_LAYER_1
  70
32
  10
551657.550
  20
77786.802
  30
-10.677
  0
VERTEX
  8
GEOMETRY_LAYER_1
  70
32
  10
551664.898
  20
77784.402
  30
-9.241
  0
VERTEX
  8
GEOMETRY_LAYER_1
  70
32
  10
551665.057
  20
77777.932
  30
-9.504
  0
VERTEX
  8
GEOMETRY_LAYER_1
  70
32
  10
551665.410
  20
77769.769
  30
-9.726
  0
VERTEX
  8
GEOMETRY_LAYER_1
  70
32
  10
551663.605
  20
77760.238
  30
-10.301
  0
VERTEX
  8
GEOMETRY_LAYER_1
  70
32
  10
551662.670
  20
77752.522
  30
-10.659
  0
VERTEX
  8
GEOMETRY_LAYER_1
  70
32
  10
551660.682
  20
77743.860
  30
-11.164
  0
VERTEX
  8
GEOMETRY_LAYER_1
  70
32
  10
551658.961
  20
77735.018
  30
-11.627
  0
VERTEX
  8
GEOMETRY_LAYER_1
  70
32
  10
551657.148
  20
77726.493
  30
-11.958
  0
VERTEX
  8
GEOMETRY_LAYER_1
  70
32
  10
551655.584
  20
77718.557
  30
-12.205
  0
VERTEX
  8
GEOMETRY_LAYER_1
  70
32
  10
551654.395
  20
77707.238
  30
-12.468
  0
VERTEX
  8
GEOMETRY_LAYER_1
  70
32
  10
551642.045
  20
77642.961
  30
-14.544
  0
SEQEND
  8
GEOMETRY_LAYER_1
  0
POLYLINE
  8
GEOMETRY_LAYER_1
  70
8
  66
1
 62
1
 39
1
  0
VERTEX
  8
GEOMETRY_LAYER_1
  70
32
  10
550877.694
  20
76183.011
  30
44.642
  0
VERTEX
  8
GEOMETRY_LAYER_1
  70
32
  10
550889.227
  20
76188.620
  30
44.133
  0
VERTEX
  8
GEOMETRY_LAYER_1
  70
32
  10
550888.065
  20
76195.632
  30
43.799
  0
VERTEX
  8
GEOMETRY_LAYER_1
  70
32
  10
550888.936
  20
76203.456
  30
43.248
  0
VERTEX
  8
GEOMETRY_LAYER_1
  70
32
  10
550891.877
  20
76212.285
  30
42.911
  0
VERTEX
  8
GEOMETRY_LAYER_1
  70
32
  10
550892.320
  20
76220.725
  30
42.988
  0
VERTEX
  8
GEOMETRY_LAYER_1
  70
32
  10
550894.401
  20
76229.088
  30
42.498
  0
VERTEX
  8
GEOMETRY_LAYER_1
  70
32
  10
550896.250
  20
76236.946
  30
41.946
  0
VERTEX
  8
GEOMETRY_LAYER_1
  70
32
  10
550898.940
  20
76245.461
  30
41.308
  0
VERTEX
  8
GEOMETRY_LAYER_1
  70
32
  10
550900.604
  20
76254.210
  30
40.724
  0
VERTEX
  8
GEOMETRY_LAYER_1
  70
32
  10
550903.033
  20
76262.664
  30
40.142
  0
VERTEX
  8
GEOMETRY_LAYER_1
  70
32
  10
550905.068
  20
76270.986
  30
39.883
  0
VERTEX
  8
GEOMETRY_LAYER_1
  70
32
  10
550907.937
  20
76279.817
  30
39.558
  0
VERTEX
  8
GEOMETRY_LAYER_1
  70
32
  10
550911.832
  20
76291.488
  30
39.06
  0
VERTEX
  8
GEOMETRY_LAYER_1
  70
32
  10
550889.583
  20
76298.814
  30
40.15
  0
VERTEX
  8
GEOMETRY_LAYER_1
  70
32
  10
550882.056
  20
76298.103
  30
40.591
  0
VERTEX
  8
GEOMETRY_LAYER_1
  70
32
  10
550875.995
  20
76304.047
  30
40.088
  0
VERTEX
  8
GEOMETRY_LAYER_1
  70
32
  10
550864.532
  20
76311.651
  30
40.042
  0
VERTEX
  8
GEOMETRY_LAYER_1
  70
32
  10
550861.881
  20
76298.899
  30
40.281
  0
VERTEX
  8
GEOMETRY_LAYER_1
  70
32
  10
550859.992
  20
76287.692
  30
40.597
  0
VERTEX
  8
GEOMETRY_LAYER_1
  70
32
  10
550864.342
  20
76281.703
  30
40.713
  0
VERTEX
  8
GEOMETRY_LAYER_1
  70
32
  10
550862.497
  20
76275.959
  30
40.977
  0
VERTEX
  8
GEOMETRY_LAYER_1
  70
32
  10
550860.035
  20
76267.026
  30
41.099
  0
VERTEX
  8
GEOMETRY_LAYER_1
  70
32
  10
550857.448
  20
76258.047
  30
41.756
  0
VERTEX
  8
GEOMETRY_LAYER_1
  70
32
  10
550855.328
  20
76249.962
  30
42.269
  0
VERTEX
  8
GEOMETRY_LAYER_1
  70
32
  10
550853.431
  20
76242.643
  30
42.597
  0
VERTEX
  8
GEOMETRY_LAYER_1
  70
32
  10
550847.094
  20
76239.290
  30
43.069
  0
VERTEX
  8
GEOMETRY_LAYER_1
  70
32
  10
550844.851
  20
76229.325
  30
43.537
  0
VERTEX
  8
GEOMETRY_LAYER_1
  70
32
  10
550840.555
  20
76214.205
  30
43.744
  0
VERTEX
  8
GEOMETRY_LAYER_1
  70
32
  10
550852.402
  20
76220.896
  30
43.944
  0
VERTEX
  8
GEOMETRY_LAYER_1
  70
32
  10
550851.737
  20
76219.545
  30
46.334
  0
VERTEX
  8
GEOMETRY_LAYER_1
  70
32
  10
550847.772
  20
76212.448
  30
47.958
  0
VERTEX
  8
GEOMETRY_LAYER_1
  70
32
  10
550845.296
  20
76205.938
  30
49.473
  0
VERTEX
  8
GEOMETRY_LAYER_1
  70
32
  10
550839.657
  20
76203.747
  30
50.364
  0
VERTEX
  8
GEOMETRY_LAYER_1
  70
32
  10
550835.227
  20
76198.730
  30
50.54
  0
VERTEX
  8
GEOMETRY_LAYER_1
  70
32
  10
550843.411
  20
76190.729
  30
50.485
  0
VERTEX
  8
GEOMETRY_LAYER_1
  70
32
  10
550855.996
  20
76194.073
  30
50.082
  0
VERTEX
  8
GEOMETRY_LAYER_1
  70
32
  10
550877.694
  20
76183.011
  30
44.642
  0
SEQEND
  8
GEOMETRY_LAYER_1
  0
POLYLINE
  8
GEOMETRY_LAYER_1
  70
8
  66
1
 62
1
 39
1
  0
VERTEX
  8
GEOMETRY_LAYER_1
  70
32
  10
550879.498
  20
76187.780
  30
44.642
  0
VERTEX
  8
GEOMETRY_LAYER_1
  70
32
  10
550885.347
  20
76190.625
  30
44.133
  0
VERTEX
  8
GEOMETRY_LAYER_1
  70
32
  10
550884.533
  20
76195.538
  30
43.799
  0
VERTEX
  8
GEOMETRY_LAYER_1
  70
32
  10
550885.499
  20
76204.211
  30
43.248
  0
VERTEX
  8
GEOMETRY_LAYER_1
  70
32
  10
550888.407
  20
76212.941
  30
42.911
  0
VERTEX
  8
GEOMETRY_LAYER_1
  70
32
  10
550888.843
  20
76221.244
  30
42.988
  0
VERTEX
  8
GEOMETRY_LAYER_1
  70
32
  10
550891.004
  20
76229.933
  30
42.498
  0
VERTEX
  8
GEOMETRY_LAYER_1
  70
32
  10
550892.913
  20
76238.001
  30
41.946
  0
VERTEX
  8
GEOMETRY_LAYER_1
  70
32
  10
550895.540
  20
76246.318
  30
41.308
  0
VERTEX
  8
GEOMETRY_LAYER_1
  70
32
  10
550897.196
  20
76255.021
  30
40.724
  0
VERTEX
  8
GEOMETRY_LAYER_1
  70
32
  10
550899.650
  20
76263.563
  30
40.142
  0
VERTEX
  8
GEOMETRY_LAYER_1
  70
32
  10
550901.699
  20
76271.944
  30
39.883
  0
VERTEX
  8
GEOMETRY_LAYER_1
  70
32
  10
550904.613
  20
76280.912
  30
39.558
  0
VERTEX
  8
GEOMETRY_LAYER_1
  70
32
  10
550907.400
  20
76289.263
  30
39.06
  0
VERTEX
  8
GEOMETRY_LAYER_1
  70
32
  10
550889.183
  20
76295.262
  30
40.15
  0
VERTEX
  8
GEOMETRY_LAYER_1
  70
32
  10
550880.767
  20
76294.467
  30
40.591
  0
VERTEX
  8
GEOMETRY_LAYER_1
  70
32
  10
550873.783
  20
76301.314
  30
40.088
  0
VERTEX
  8
GEOMETRY_LAYER_1
  70
32
  10
550866.906
  20
76305.876
  30
40.042
  0
VERTEX
  8
GEOMETRY_LAYER_1
  70
32
  10
550865.322
  20
76298.252
  30
40.281
  0
VERTEX
  8
GEOMETRY_LAYER_1
  70
32
  10
550863.688
  20
76288.559
  30
40.597
  0
VERTEX
  8
GEOMETRY_LAYER_1
  70
32
  10
550868.217
  20
76282.324
  30
40.713
  0
VERTEX
  8
GEOMETRY_LAYER_1
  70
32
  10
550865.852
  20
76274.958
  30
40.977
  0
VERTEX
  8
GEOMETRY_LAYER_1
  70
32
  10
550863.403
  20
76266.076
  30
41.099
  0
VERTEX
  8
GEOMETRY_LAYER_1
  70
32
  10
550860.823
  20
76257.119
  30
41.756
  0
VERTEX
  8
GEOMETRY_LAYER_1
  70
32
  10
550858.715
  20
76249.079
  30
42.269
  0
VERTEX
  8
GEOMETRY_LAYER_1
  70
32
  10
550856.432
  20
76240.271
  30
42.597
  0
VERTEX
  8
GEOMETRY_LAYER_1
  70
32
  10
550850.154
  20
76236.950
  30
43.069
  0
VERTEX
  8
GEOMETRY_LAYER_1
  70
32
  10
550848.244
  20
76228.463
  30
43.537
  0
VERTEX
  8
GEOMETRY_LAYER_1
  70
32
  10
550846.227
  20
76221.361
  30
43.744
  0
VERTEX
  8
GEOMETRY_LAYER_1
  70
32
  10
550851.451
  20
76224.266
  30
43.785
  0
VERTEX
  8
GEOMETRY_LAYER_1
  70
32
  10
550858.929
  20
76226.233
  30
43.944
  0
VERTEX
  8
GEOMETRY_LAYER_1
  70
32
  10
550854.837
  20
76217.918
  30
46.334
  0
VERTEX
  8
GEOMETRY_LAYER_1
  70
32
  10
550850.952
  20
76210.965
  30
47.958
  0
VERTEX
  8
GEOMETRY_LAYER_1
  70
32
  10
550848.015
  20
76203.240
  30
49.473
  0
VERTEX
  8
GEOMETRY_LAYER_1
  70
32
  10
550841.718
  20
76200.793
  30
50.364
  0
VERTEX
  8
GEOMETRY_LAYER_1
  70
32
  10
550840.053
  20
76198.907
  30
50.54
  0
VERTEX
  8
GEOMETRY_LAYER_1
  70
32
  10
550844.435
  20
76194.623
  30
50.485
  0
VERTEX
  8
GEOMETRY_LAYER_1
  70
32
  10
550856.423
  20
76196.976
  30
50.082
  0
VERTEX
  8
GEOMETRY_LAYER_1
  70
32
  10
550879.498
  20
76187.780
  30
44.642
  0
SEQEND
  8
GEOMETRY_LAYER_1
  0
POLYLINE
  8
GEOMETRY_LAYER_1
  70
8
  66
1
 62
1
 39
1
  0
VERTEX
  8
GEOMETRY_LAYER_1
  70
32
  10
551392.620
  20
77713.512
  30
11.081
  0
VERTEX
  8
GEOMETRY_LAYER_1
  70
32
  10
551400.638
  20
77734.172
  30
11.364
  0
VERTEX
  8
GEOMETRY_LAYER_1
  70
32
  10
551386.481
  20
77736.779
  30
10.848
  0
VERTEX
  8
GEOMETRY_LAYER_1
  70
32
  10
551380.782
  20
77740.892
  30
11.098
  0
VERTEX
  8
GEOMETRY_LAYER_1
  70
32
  10
551374.448
  20
77746.430
  30
11.238
  0
VERTEX
  8
GEOMETRY_LAYER_1
  70
32
  10
551367.375
  20
77752.155
  30
11.232
  0
VERTEX
  8
GEOMETRY_LAYER_1
  70
32
  10
551358.788
  20
77752.277
  30
11.564
  0
VERTEX
  8
GEOMETRY_LAYER_1
  70
32
  10
551354.188
  20
77754.209
  30
11.677
  0
VERTEX
  8
GEOMETRY_LAYER_1
  70
32
  10
551344.744
  20
77761.158
  30
12.022
  0
VERTEX
  8
GEOMETRY_LAYER_1
  70
32
  10
551335.608
  20
77757.178
  30
11.984
  0
VERTEX
  8
GEOMETRY_LAYER_1
  70
32
  10
551329.911
  20
77747.144
  30
12.048
  0
VERTEX
  8
GEOMETRY_LAYER_1
  70
32
  10
551324.901
  20
77741.908
  30
12.04
  0
VERTEX
  8
GEOMETRY_LAYER_1
  70
32
  10
551321.838
  20
77735.368
  30
11.691
  0
VERTEX
  8
GEOMETRY_LAYER_1
  70
32
  10
551314.274
  20
77728.762
  30
11.667
  0
VERTEX
  8
GEOMETRY_LAYER_1
  70
32
  10
551311.328
  20
77721.303
  30
11.456
  0
VERTEX
  8
GEOMETRY_LAYER_1
  70
32
  10
551304.231
  20
77715.869
  30
11.101
  0
VERTEX
  8
GEOMETRY_LAYER_1
  70
32
  10
551300.621
  20
77705.769
  30
11.037
  0
VERTEX
  8
GEOMETRY_LAYER_1
  70
32
  10
551308.002
  20
77696.509
  30
11.085
  0
VERTEX
  8
GEOMETRY_LAYER_1
  70
32
  10
551317.977
  20
77690.315
  30
11.448
  0
VERTEX
  8
GEOMETRY_LAYER_1
  70
32
  10
551325.101
  20
77691.179
  30
11.029
  0
VERTEX
  8
GEOMETRY_LAYER_1
  70
32
  10
551329.080
  20
77688.687
  30
10.655
  0
VERTEX
  8
GEOMETRY_LAYER_1
  70
32
  10
551330.344
  20
77682.560
  30
10.286
  0
VERTEX
  8
GEOMETRY_LAYER_1
  70
32
  10
551331.857
  20
77677.788
  30
9.731
  0
VERTEX
  8
GEOMETRY_LAYER_1
  70
32
  10
551332.501
  20
77670.299
  30
9.414
  0
VERTEX
  8
GEOMETRY_LAYER_1
  70
32
  10
551333.920
  20
77666.327
  30
9.154
  0
VERTEX
  8
GEOMETRY_LAYER_1
  70
32
  10
551333.900
  20
77659.957
  30
8.86
  0
VERTEX
  8
GEOMETRY_LAYER_1
  70
32
  10
551325.428
  20
77652.783
  30
8.548
  0
VERTEX
  8
GEOMETRY_LAYER_1
  70
32
  10
551335.160
  20
77642.493
  30
8.527
  0
VERTEX
  8
GEOMETRY_LAYER_1
  70
32
  10
551343.196
  20
77644.596
  30
8.548
  0
VERTEX
  8
GEOMETRY_LAYER_1
  70
32
  10
551350.407
  20
77640.179
  30
8.309
  0
VERTEX
  8
GEOMETRY_LAYER_1
  70
32
  10
551356.919
  20
77641.948
  30
8.257
  0
VERTEX
  8
GEOMETRY_LAYER_1
  70
32
  10
551368.627
  20
77638.119
  30
8.166
  0
VERTEX
  8
GEOMETRY_LAYER_1
  70
32
  10
551370.996
  20
77651.620
  30
8.498
  0
VERTEX
  8
GEOMETRY_LAYER_1
  70
32
  10
551371.848
  20
77659.971
  30
8.855
  0
VERTEX
  8
GEOMETRY_LAYER_1
  70
32
  10
551374.230
  20
77671.002
  30
9.109
  0
VERTEX
  8
GEOMETRY_LAYER_1
  70
32
  10
551373.896
  20
77679.346
  30
10.233
  0
VERTEX
  8
GEOMETRY_LAYER_1
  70
32
  10
551376.082
  20
77686.650
  30
10.417
  0
VERTEX
  8
GEOMETRY_LAYER_1
  70
32
  10
551380.219
  20
77690.279
  30
10.651
  0
VERTEX
  8
GEOMETRY_LAYER_1
  70
32
  10
551385.249
  20
77695.533
  30
10.968
  0
VERTEX
  8
GEOMETRY_LAYER_1
  70
32
  10
551392.620
  20
77713.512
  30
11.081
  0
SEQEND
  8
GEOMETRY_LAYER_1
  0
POLYLINE
  8
GEOMETRY_LAYER_1
  70
8
  66
1
 62
1
 39
1
  0
VERTEX
  8
GEOMETRY_LAYER_1
  70
32
  10
551405.842
  20
77737.077
  30
11.364
  0
VERTEX
  8
GEOMETRY_LAYER_1
  70
32
  10
551388.011
  20
77740.361
  30
10.848
  0
VERTEX
  8
GEOMETRY_LAYER_1
  70
32
  10
551383.149
  20
77743.870
  30
11.098
  0
VERTEX
  8
GEOMETRY_LAYER_1
  70
32
  10
551376.895
  20
77749.339
  30
11.238
  0
VERTEX
  8
GEOMETRY_LAYER_1
  70
32
  10
551368.744
  20
77755.936
  30
11.232
  0
VERTEX
  8
GEOMETRY_LAYER_1
  70
32
  10
551359.580
  20
77756.066
  30
11.564
  0
VERTEX
  8
GEOMETRY_LAYER_1
  70
32
  10
551356.076
  20
77757.538
  30
11.677
  0
VERTEX
  8
GEOMETRY_LAYER_1
  70
32
  10
551345.233
  20
77765.516
  30
12.022
  0
VERTEX
  8
GEOMETRY_LAYER_1
  70
32
  10
551332.929
  20
77760.157
  30
11.984
  0
VERTEX
  8
GEOMETRY_LAYER_1
  70
32
  10
551326.840
  20
77749.430
  30
12.048
  0
VERTEX
  8
GEOMETRY_LAYER_1
  70
32
  10
551321.724
  20
77744.084
  30
12.04
  0
VERTEX
  8
GEOMETRY_LAYER_1
  70
32
  10
551318.736
  20
77737.704
  30
11.691
  0
VERTEX
  8
GEOMETRY_LAYER_1
  70
32
  10
551311.079
  20
77731.015
  30
11.667
  0
VERTEX
  8
GEOMETRY_LAYER_1
  70
32
  10
551308.181
  20
77723.679
  30
11.456
  0
VERTEX
  8
GEOMETRY_LAYER_1
  70
32
  10
551301.030
  20
77718.204
  30
11.101
  0
VERTEX
  8
GEOMETRY_LAYER_1
  70
32
  10
551296.330
  20
77705.056
  30
11.037
  0
VERTEX
  8
GEOMETRY_LAYER_1
  70
32
  10
551305.440
  20
77693.627
  30
11.085
  0
VERTEX
  8
GEOMETRY_LAYER_1
  70
32
  10
551317.108
  20
77686.382
  30
11.448
  0
VERTEX
  8
GEOMETRY_LAYER_1
  70
32
  10
551324.224
  20
77687.245
  30
11.029
  0
VERTEX
  8
GEOMETRY_LAYER_1
  70
32
  10
551325.687
  20
77686.329
  30
10.655
  0
VERTEX
  8
GEOMETRY_LAYER_1
  70
32
  10
551326.663
  20
77681.600
  30
10.286
  0
VERTEX
  8
GEOMETRY_LAYER_1
  70
32
  10
551328.107
  20
77677.042
  30
9.731
  0
VERTEX
  8
GEOMETRY_LAYER_1
  70
32
  10
551328.757
  20
77669.483
  30
9.414
  0
VERTEX
  8
GEOMETRY_LAYER_1
  70
32
  10
551330.118
  20
77665.675
  30
9.154
  0
VERTEX
  8
GEOMETRY_LAYER_1
  70
32
  10
551330.106
  20
77661.723
  30
8.86
  0
VERTEX
  8
GEOMETRY_LAYER_1
  70
32
  10
551319.908
  20
77653.089
  30
8.548
  0
VERTEX
  8
GEOMETRY_LAYER_1
  70
32
  10
551333.946
  20
77638.247
  30
8.527
  0
VERTEX
  8
GEOMETRY_LAYER_1
  70
32
  10
551342.592
  20
77640.511
  30
8.548
  0
VERTEX
  8
GEOMETRY_LAYER_1
  70
32
  10
551349.821
  20
77636.083
  30
8.309
  0
VERTEX
  8
GEOMETRY_LAYER_1
  70
32
  10
551356.818
  20
77637.983
  30
8.257
  0
VERTEX
  8
GEOMETRY_LAYER_1
  70
32
  10
551371.612
  20
77633.144
  30
8.166
  0
VERTEX
  8
GEOMETRY_LAYER_1
  70
32
  10
551374.762
  20
77651.097
  30
8.498
  0
VERTEX
  8
GEOMETRY_LAYER_1
  70
32
  10
551375.607
  20
77659.375
  30
8.855
  0
VERTEX
  8
GEOMETRY_LAYER_1
  70
32
  10
551378.047
  20
77670.672
  30
9.109
  0
VERTEX
  8
GEOMETRY_LAYER_1
  70
32
  10
551377.718
  20
77678.865
  30
10.233
  0
VERTEX
  8
GEOMETRY_LAYER_1
  70
32
  10
551379.409
  20
77684.513
  30
10.417
  0
VERTEX
  8
GEOMETRY_LAYER_1
  70
32
  10
551382.849
  20
77687.531
  30
10.651
  0
VERTEX
  8
GEOMETRY_LAYER_1
  70
32
  10
551405.842
  20
77737.077
  30
11.364
  0
SEQEND
  8
GEOMETRY_LAYER_1
  0
POLYLINE
  8
GEOMETRY_LAYER_1
  70
8
  66
1
 62
1
 39
1
  0
VERTEX
  8
GEOMETRY_LAYER_1
  70
32
  10
551244.223
  20
77209.657
  30
-3.669
  0
VERTEX
  8
GEOMETRY_LAYER_1
  70
32
  10
551240.613
  20
77208.108
  30
-3.378
  0
VERTEX
  8
GEOMETRY_LAYER_1
  70
32
  10
551237.003
  20
77206.559
  30
-3.088
  0
VERTEX
  8
GEOMETRY_LAYER_1
  70
32
  10
551230.598
  20
77210.899
  30
-3.291
  0
VERTEX
  8
GEOMETRY_LAYER_1
  70
32
  10
551223.535
  20
77209.752
  30
-3.468
  0
VERTEX
  8
GEOMETRY_LAYER_1
  70
32
  10
551216.459
  20
77211.667
  30
-3.601
  0
VERTEX
  8
GEOMETRY_LAYER_1
  70
32
  10
551208.664
  20
77212.184
  30
-3.596
  0
VERTEX
  8
GEOMETRY_LAYER_1
  70
32
  10
551207.292
  20
77203.469
  30
-3.514
  0
VERTEX
  8
GEOMETRY_LAYER_1
  70
32
  10
551205.392
  20
77195.201
  30
-3.218
  0
VERTEX
  8
GEOMETRY_LAYER_1
  70
32
  10
551203.473
  20
77186.530
  30
-3.561
  0
VERTEX
  8
GEOMETRY_LAYER_1
  70
32
  10
551201.977
  20
77177.832
  30
-3.952
  0
VERTEX
  8
GEOMETRY_LAYER_1
  70
32
  10
551200.352
  20
77169.246
  30
-4.159
  0
VERTEX
  8
GEOMETRY_LAYER_1
  70
32
  10
551205.729
  20
77164.522
  30
-4.242
  0
VERTEX
  8
GEOMETRY_LAYER_1
  70
32
  10
551213.184
  20
77163.986
  30
-4.086
  0
VERTEX
  8
GEOMETRY_LAYER_1
  70
32
  10
551219.586
  20
77160.098
  30
-4.171
  0
VERTEX
  8
GEOMETRY_LAYER_1
  70
32
  10
551227.190
  20
77161.352
  30
-4.032
  0
VERTEX
  8
GEOMETRY_LAYER_1
  70
32
  10
551234.723
  20
77163.894
  30
-3.571
  0
VERTEX
  8
GEOMETRY_LAYER_1
  70
32
  10
551243.342
  20
77167.042
  30
-3.704
  0
VERTEX
  8
GEOMETRY_LAYER_1
  70
32
  10
551243.382
  20
77175.734
  30
-3.182
  0
VERTEX
  8
GEOMETRY_LAYER_1
  70
32
  10
551250.214
  20
77202.664
  30
-3.426
  0
VERTEX
  8
GEOMETRY_LAYER_1
  70
32
  10
551244.223
  20
77209.657
  30
-3.669
  0
SEQEND
  8
GEOMETRY_LAYER_1
  0
POLYLINE
  8
GEOMETRY_LAYER_1
  70
8
  66
1
 62
1
 39
1
  0
VERTEX
  8
GEOMETRY_LAYER_1
  70
32
  10
551253.863
  20
77203.592
  30
-3.268
  0
VERTEX
  8
GEOMETRY_LAYER_1
  70
32
  10
551245.400
  20
77214.297
  30
-3.669
  0
VERTEX
  8
GEOMETRY_LAYER_1
  70
32
  10
551237.414
  20
77210.871
  30
-3.088
  0
VERTEX
  8
GEOMETRY_LAYER_1
  70
32
  10
551231.480
  20
77214.891
  30
-3.291
  0
VERTEX
  8
GEOMETRY_LAYER_1
  70
32
  10
551223.736
  20
77213.634
  30
-3.468
  0
VERTEX
  8
GEOMETRY_LAYER_1
  70
32
  10
551217.087
  20
77215.433
  30
-3.601
  0
VERTEX
  8
GEOMETRY_LAYER_1
  70
32
  10
551205.450
  20
77216.207
  30
-3.596
  0
VERTEX
  8
GEOMETRY_LAYER_1
  70
32
  10
551203.559
  20
77204.190
  30
-3.514
  0
VERTEX
  8
GEOMETRY_LAYER_1
  70
32
  10
551201.685
  20
77196.037
  30
-3.218
  0
VERTEX
  8
GEOMETRY_LAYER_1
  70
32
  10
551199.744
  20
77187.264
  30
-3.561
  0
VERTEX
  8
GEOMETRY_LAYER_1
  70
32
  10
551198.237
  20
77178.507
  30
-3.952
  0
VERTEX
  8
GEOMETRY_LAYER_1
  70
32
  10
551196.216
  20
77167.822
  30
-4.159
  0
VERTEX
  8
GEOMETRY_LAYER_1
  70
32
  10
551204.181
  20
77160.824
  30
-4.242
  0
VERTEX
  8
GEOMETRY_LAYER_1
  70
32
  10
551211.996
  20
77160.263
  30
-4.086
  0
VERTEX
  8
GEOMETRY_LAYER_1
  70
32
  10
551218.816
  20
77156.120
  30
-4.171
  0
VERTEX
  8
GEOMETRY_LAYER_1
  70
32
  10
551228.113
  20
77157.653
  30
-4.032
  0
VERTEX
  8
GEOMETRY_LAYER_1
  70
32
  10
551235.982
  20
77160.308
  30
-3.571
  0
VERTEX
  8
GEOMETRY_LAYER_1
  70
32
  10
551247.130
  20
77164.380
  30
-3.704
  0
VERTEX
  8
GEOMETRY_LAYER_1
  70
32
  10
551247.179
  20
77175.077
  30
-3.182
  0
VERTEX
  8
GEOMETRY_LAYER_1
  70
32
  10
551250.080
  20
77183.321
  30
-2.773
  0
VERTEX
  8
GEOMETRY_LAYER_1
  70
32
  10
551253.863
  20
77203.592
  30
-3.268
  0
SEQEND
  8
GEOMETRY_LAYER_1
  0
POLYLINE
  8
GEOMETRY_LAYER_1
  70
8
  66
1
 62
1
 39
1
  0
VERTEX
  8
GEOMETRY_LAYER_1
  70
32
  10
550626.017
  20
77152.694
  30
25.279
  0
VERTEX
  8
GEOMETRY_LAYER_1
  70
32
  10
550627.983
  20
77146.373
  30
25.353
  0
VERTEX
  8
GEOMETRY_LAYER_1
  70
32
  10
550626.087
  20
77138.656
  30
25.569
  0
VERTEX
  8
GEOMETRY_LAYER_1
  70
32
  10
550623.440
  20
77129.157
  30
26.333
  0
VERTEX
  8
GEOMETRY_LAYER_1
  70
32
  10
550621.739
  20
77120.343
  30
26.946
  0
VERTEX
  8
GEOMETRY_LAYER_1
  70
32
  10
550619.730
  20
77110.876
  30
27.19
  0
VERTEX
  8
GEOMETRY_LAYER_1
  70
32
  10
550619.021
  20
77102.598
  30
26.927
  0
VERTEX
  8
GEOMETRY_LAYER_1
  70
32
  10
550617.896
  20
77091.030
  30
26.694
  0
VERTEX
  8
GEOMETRY_LAYER_1
  70
32
  10
550616.575
  20
77082.515
  30
26.563
  0
VERTEX
  8
GEOMETRY_LAYER_1
  70
32
  10
550615.017
  20
77074.220
  30
26.394
  0
VERTEX
  8
GEOMETRY_LAYER_1
  70
32
  10
550612.661
  20
77064.243
  30
26.305
  0
VERTEX
  8
GEOMETRY_LAYER_1
  70
32
  10
550610.872
  20
77054.498
  30
26.858
  0
VERTEX
  8
GEOMETRY_LAYER_1
  70
32
  10
550609.559
  20
77044.661
  30
27.162
  0
VERTEX
  8
GEOMETRY_LAYER_1
  70
32
  10
550606.679
  20
77035.960
  30
27.365
  0
VERTEX
  8
GEOMETRY_LAYER_1
  70
32
  10
550603.812
  20
77026.141
  30
27.68
  0
VERTEX
  8
GEOMETRY_LAYER_1
  70
32
  10
550602.082
  20
77017.110
  30
28.276
  0
VERTEX
  8
GEOMETRY_LAYER_1
  70
32
  10
550598.606
  20
77008.103
  30
28.908
  0
VERTEX
  8
GEOMETRY_LAYER_1
  70
32
  10
550595.577
  20
76999.259
  30
29.264
  0
VERTEX
  8
GEOMETRY_LAYER_1
  70
32
  10
550593.209
  20
76991.516
  30
29.502
  0
VERTEX
  8
GEOMETRY_LAYER_1
  70
32
  10
550589.328
  20
76981.318
  30
30.066
  0
VERTEX
  8
GEOMETRY_LAYER_1
  70
32
  10
550585.694
  20
76973.119
  30
30.396
  0
VERTEX
  8
GEOMETRY_LAYER_1
  70
32
  10
550582.859
  20
76964.169
  30
30.828
  0
VERTEX
  8
GEOMETRY_LAYER_1
  70
32
  10
550581.204
  20
76953.946
  30
31.273
  0
VERTEX
  8
GEOMETRY_LAYER_1
  70
32
  10
550595.979
  20
76950.209
  30
26.506
  0
VERTEX
  8
GEOMETRY_LAYER_1
  70
32
  10
550599.365
  20
76958.721
  30
25.972
  0
VERTEX
  8
GEOMETRY_LAYER_1
  70
32
  10
550602.564
  20
76966.327
  30
24.443
  0
VERTEX
  8
GEOMETRY_LAYER_1
  70
32
  10
550611.257
  20
76971.034
  30
23.392
  0
VERTEX
  8
GEOMETRY_LAYER_1
  70
32
  10
550617.550
  20
76964.000
  30
26.325
  0
VERTEX
  8
GEOMETRY_LAYER_1
  70
32
  10
550616.932
  20
76957.057
  30
26.551
  0
VERTEX
  8
GEOMETRY_LAYER_1
  70
32
  10
550614.380
  20
76949.243
  30
26.858
  0
VERTEX
  8
GEOMETRY_LAYER_1
  70
32
  10
550611.505
  20
76939.876
  30
26.866
  0
VERTEX
  8
GEOMETRY_LAYER_1
  70
32
  10
550609.107
  20
76931.672
  30
26.757
  0
VERTEX
  8
GEOMETRY_LAYER_1
  70
32
  10
550606.984
  20
76924.442
  30
26.665
  0
VERTEX
  8
GEOMETRY_LAYER_1
  70
32
  10
550605.875
  20
76915.765
  30
26.671
  0
VERTEX
  8
GEOMETRY_LAYER_1
  70
32
  10
550603.193
  20
76906.923
  30
26.723
  0
VERTEX
  8
GEOMETRY_LAYER_1
  70
32
  10
550601.065
  20
76896.308
  30
26.976
  0
VERTEX
  8
GEOMETRY_LAYER_1
  70
32
  10
550599.030
  20
76887.888
  30
27.459
  0
VERTEX
  8
GEOMETRY_LAYER_1
  70
32
  10
550595.871
  20
76874.708
  30
27.757
  0
VERTEX
  8
GEOMETRY_LAYER_1
  70
32
  10
550594.364
  20
76865.190
  30
28.123
  0
VERTEX
  8
GEOMETRY_LAYER_1
  70
32
  10
550594.666
  20
76858.025
  30
28.163
  0
VERTEX
  8
GEOMETRY_LAYER_1
  70
32
  10
550584.612
  20
76856.346
  30
28.563
  0
VERTEX
  8
GEOMETRY_LAYER_1
  70
32
  10
550576.783
  20
76856.768
  30
28.553
  0
VERTEX
  8
GEOMETRY_LAYER_1
  70
32
  10
550554.332
  20
76851.507
  30
33.284
  0
VERTEX
  8
GEOMETRY_LAYER_1
  70
32
  10
550540.761
  20
76853.310
  30
33.087
  0
VERTEX
  8
GEOMETRY_LAYER_1
  70
32
  10
550541.798
  20
76863.094
  30
32.444
  0
VERTEX
  8
GEOMETRY_LAYER_1
  70
32
  10
550543.925
  20
76870.583
  30
32.153
  0
VERTEX
  8
GEOMETRY_LAYER_1
  70
32
  10
550546.675
  20
76880.374
  30
31.359
  0
VERTEX
  8
GEOMETRY_LAYER_1
  70
32
  10
550548.995
  20
76890.594
  30
30.839
  0
VERTEX
  8
GEOMETRY_LAYER_1
  70
32
  10
550550.683
  20
76899.149
  30
30.372
  0
VERTEX
  8
GEOMETRY_LAYER_1
  70
32
  10
550552.735
  20
76906.819
  30
29.952
  0
VERTEX
  8
GEOMETRY_LAYER_1
  70
32
  10
550554.200
  20
76915.866
  30
29.721
  0
VERTEX
  8
GEOMETRY_LAYER_1
  70
32
  10
550556.222
  20
76925.706
  30
29.934
  0
VERTEX
  8
GEOMETRY_LAYER_1
  70
32
  10
550557.454
  20
76933.290
  30
30.324
  0
VERTEX
  8
GEOMETRY_LAYER_1
  70
32
  10
550559.159
  20
76943.526
  30
30.94
  0
VERTEX
  8
GEOMETRY_LAYER_1
  70
32
  10
550561.896
  20
76953.483
  30
31.002
  0
VERTEX
  8
GEOMETRY_LAYER_1
  70
32
  10
550565.072
  20
76963.806
  30
30.517
  0
VERTEX
  8
GEOMETRY_LAYER_1
  70
32
  10
550568.205
  20
76972.346
  30
30.214
  0
VERTEX
  8
GEOMETRY_LAYER_1
  70
32
  10
550573.138
  20
76977.654
  30
30.125
  0
VERTEX
  8
GEOMETRY_LAYER_1
  70
32
  10
550577.252
  20
76984.845
  30
29.797
  0
VERTEX
  8
GEOMETRY_LAYER_1
  70
32
  10
550579.732
  20
76994.054
  30
29.285
  0
VERTEX
  8
GEOMETRY_LAYER_1
  70
32
  10
550582.729
  20
77002.110
  30
28.779
  0
VERTEX
  8
GEOMETRY_LAYER_1
  70
32
  10
550585.668
  20
77011.535
  30
28.288
  0
VERTEX
  8
GEOMETRY_LAYER_1
  70
32
  10
550588.718
  20
77020.724
  30
28.208
  0
VERTEX
  8
GEOMETRY_LAYER_1
  70
32
  10
550591.156
  20
77030.233
  30
27.402
  0
VERTEX
  8
GEOMETRY_LAYER_1
  70
32
  10
550593.757
  20
77039.230
  30
26.528
  0
VERTEX
  8
GEOMETRY_LAYER_1
  70
32
  10
550596.748
  20
77047.560
  30
26.324
  0
VERTEX
  8
GEOMETRY_LAYER_1
  70
32
  10
550604.875
  20
77051.818
  30
26.708
  0
VERTEX
  8
GEOMETRY_LAYER_1
  70
32
  10
550606.149
  20
77060.297
  30
26.504
  0
VERTEX
  8
GEOMETRY_LAYER_1
  70
32
  10
550607.669
  20
77069.273
  30
26.11
  0
VERTEX
  8
GEOMETRY_LAYER_1
  70
32
  10
550602.888
  20
77073.481
  30
26.638
  0
VERTEX
  8
GEOMETRY_LAYER_1
  70
32
  10
550603.633
  20
77083.061
  30
26.67
  0
VERTEX
  8
GEOMETRY_LAYER_1
  70
32
  10
550605.077
  20
77092.717
  30
26.616
  0
VERTEX
  8
GEOMETRY_LAYER_1
  70
32
  10
550606.597
  20
77101.326
  30
26.738
  0
VERTEX
  8
GEOMETRY_LAYER_1
  70
32
  10
550607.561
  20
77108.848
  30
26.965
  0
VERTEX
  8
GEOMETRY_LAYER_1
  70
32
  10
550611.230
  20
77120.796
  30
26.772
  0
VERTEX
  8
GEOMETRY_LAYER_1
  70
32
  10
550612.362
  20
77129.759
  30
26.265
  0
VERTEX
  8
GEOMETRY_LAYER_1
  70
32
  10
550615.811
  20
77140.390
  30
25.638
  0
VERTEX
  8
GEOMETRY_LAYER_1
  70
32
  10
550618.687
  20
77150.798
  30
25.179
  0
VERTEX
  8
GEOMETRY_LAYER_1
  70
32
  10
550626.017
  20
77152.694
  30
25.279
  0
SEQEND
  8
GEOMETRY_LAYER_1
  0
POLYLINE
  8
GEOMETRY_LAYER_1
  70
8
  66
1
 62
1
 39
1
  0
VERTEX
  8
GEOMETRY_LAYER_1
  70
32
  10
550628.368
  20
77156.918
  30
25.279
  0
VERTEX
  8
GEOMETRY_LAYER_1
  70
32
  10
550631.614
  20
77146.483
  30
25.353
  0
VERTEX
  8
GEOMETRY_LAYER_1
  70
32
  10
550629.473
  20
77137.769
  30
25.569
  0
VERTEX
  8
GEOMETRY_LAYER_1
  70
32
  10
550626.850
  20
77128.355
  30
26.333
  0
VERTEX
  8
GEOMETRY_LAYER_1
  70
32
  10
550625.170
  20
77119.647
  30
26.946
  0
VERTEX
  8
GEOMETRY_LAYER_1
  70
32
  10
550623.198
  20
77110.361
  30
27.19
  0
VERTEX
  8
GEOMETRY_LAYER_1
  70
32
  10
550622.506
  20
77102.279
  30
26.927
  0
VERTEX
  8
GEOMETRY_LAYER_1
  70
32
  10
550621.370
  20
77090.592
  30
26.694
  0
VERTEX
  8
GEOMETRY_LAYER_1
  70
32
  10
550620.025
  20
77081.923
  30
26.563
  0
VERTEX
  8
GEOMETRY_LAYER_1
  70
32
  10
550618.442
  20
77073.494
  30
26.394
  0
VERTEX
  8
GEOMETRY_LAYER_1
  70
32
  10
550616.088
  20
77063.524
  30
26.305
  0
VERTEX
  8
GEOMETRY_LAYER_1
  70
32
  10
550614.330
  20
77053.950
  30
26.858
  0
VERTEX
  8
GEOMETRY_LAYER_1
  70
32
  10
550612.985
  20
77043.872
  30
27.162
  0
VERTEX
  8
GEOMETRY_LAYER_1
  70
32
  10
550610.021
  20
77034.920
  30
27.365
  0
VERTEX
  8
GEOMETRY_LAYER_1
  70
32
  10
550607.218
  20
77025.320
  30
27.68
  0
VERTEX
  8
GEOMETRY_LAYER_1
  70
32
  10
550605.460
  20
77016.143
  30
28.276
  0
VERTEX
  8
GEOMETRY_LAYER_1
  70
32
  10
550601.896
  20
77006.906
  30
28.908
  0
VERTEX
  8
GEOMETRY_LAYER_1
  70
32
  10
550598.907
  20
76998.180
  30
29.264
  0
VERTEX
  8
GEOMETRY_LAYER_1
  70
32
  10
550596.522
  20
76990.381
  30
29.502
  0
VERTEX
  8
GEOMETRY_LAYER_1
  70
32
  10
550592.566
  20
76979.985
  30
30.066
  0
VERTEX
  8
GEOMETRY_LAYER_1
  70
32
  10
550588.972
  20
76971.878
  30
30.396
  0
VERTEX
  8
GEOMETRY_LAYER_1
  70
32
  10
550586.273
  20
76963.356
  30
30.828
  0
VERTEX
  8
GEOMETRY_LAYER_1
  70
32
  10
550585.171
  20
76956.553
  30
31.273
  0
VERTEX
  8
GEOMETRY_LAYER_1
  70
32
  10
550593.862
  20
76954.355
  30
26.506
  0
VERTEX
  8
GEOMETRY_LAYER_1
  70
32
  10
550596.125
  20
76960.046
  30
25.972
  0
VERTEX
  8
GEOMETRY_LAYER_1
  70
32
  10
550599.815
  20
76968.818
  30
24.443
  0
VERTEX
  8
GEOMETRY_LAYER_1
  70
32
  10
550612.022
  20
76975.429
  30
23.392
  0
VERTEX
  8
GEOMETRY_LAYER_1
  70
32
  10
550621.171
  20
76965.202
  30
26.325
  0
VERTEX
  8
GEOMETRY_LAYER_1
  70
32
  10
550620.383
  20
76956.350
  30
26.551
  0
VERTEX
  8
GEOMETRY_LAYER_1
  70
32
  10
550617.717
  20
76948.185
  30
26.858
  0
VERTEX
  8
GEOMETRY_LAYER_1
  70
32
  10
550614.858
  20
76938.872
  30
26.866
  0
VERTEX
  8
GEOMETRY_LAYER_1
  70
32
  10
550612.466
  20
76930.687
  30
26.757
  0
VERTEX
  8
GEOMETRY_LAYER_1
  70
32
  10
550610.421
  20
76923.723
  30
26.665
  0
VERTEX
  8
GEOMETRY_LAYER_1
  70
32
  10
550609.310
  20
76915.030
  30
26.671
  0
VERTEX
  8
GEOMETRY_LAYER_1
  70
32
  10
550606.591
  20
76906.068
  30
26.723
  0
VERTEX
  8
GEOMETRY_LAYER_1
  70
32
  10
550604.483
  20
76895.552
  30
26.976
  0
VERTEX
  8
GEOMETRY_LAYER_1
  70
32
  10
550602.432
  20
76887.068
  30
27.459
  0
VERTEX
  8
GEOMETRY_LAYER_1
  70
32
  10
550599.306
  20
76874.025
  30
27.757
  0
VERTEX
  8
GEOMETRY_LAYER_1
  70
32
  10
550597.876
  20
76864.988
  30
28.123
  0
VERTEX
  8
GEOMETRY_LAYER_1
  70
32
  10
550598.293
  20
76855.082
  30
28.163
  0
VERTEX
  8
GEOMETRY_LAYER_1
  70
32
  10
550584.808
  20
76852.830
  30
28.563
  0
VERTEX
  8
GEOMETRY_LAYER_1
  70
32
  10
550577.094
  20
76853.246
  30
28.553
  0
VERTEX
  8
GEOMETRY_LAYER_1
  70
32
  10
550554.507
  20
76847.952
  30
33.284
  0
VERTEX
  8
GEOMETRY_LAYER_1
  70
32
  10
550536.922
  20
76850.291
  30
33.087
  0
VERTEX
  8
GEOMETRY_LAYER_1
  70
32
  10
550538.349
  20
76863.761
  30
32.444
  0
VERTEX
  8
GEOMETRY_LAYER_1
  70
32
  10
550540.556
  20
76871.534
  30
32.153
  0
VERTEX
  8
GEOMETRY_LAYER_1
  70
32
  10
550543.281
  20
76881.235
  30
31.359
  0
VERTEX
  8
GEOMETRY_LAYER_1
  70
32
  10
550545.571
  20
76891.319
  30
30.839
  0
VERTEX
  8
GEOMETRY_LAYER_1
  70
32
  10
550547.272
  20
76899.941
  30
30.372
  0
VERTEX
  8
GEOMETRY_LAYER_1
  70
32
  10
550549.308
  20
76907.554
  30
29.952
  0
VERTEX
  8
GEOMETRY_LAYER_1
  70
32
  10
550550.757
  20
76916.498
  30
29.721
  0
VERTEX
  8
GEOMETRY_LAYER_1
  70
32
  10
550552.779
  20
76926.339
  30
29.934
  0
VERTEX
  8
GEOMETRY_LAYER_1
  70
32
  10
550554.000
  20
76933.858
  30
30.324
  0
VERTEX
  8
GEOMETRY_LAYER_1
  70
32
  10
550555.737
  20
76944.280
  30
30.94
  0
VERTEX
  8
GEOMETRY_LAYER_1
  70
32
  10
550558.535
  20
76954.462
  30
31.002
  0
VERTEX
  8
GEOMETRY_LAYER_1
  70
32
  10
550561.754
  20
76964.924
  30
30.517
  0
VERTEX
  8
GEOMETRY_LAYER_1
  70
32
  10
550565.162
  20
76974.212
  30
30.214
  0
VERTEX
  8
GEOMETRY_LAYER_1
  70
32
  10
550570.300
  20
76979.742
  30
30.125
  0
VERTEX
  8
GEOMETRY_LAYER_1
  70
32
  10
550573.990
  20
76986.191
  30
29.797
  0
VERTEX
  8
GEOMETRY_LAYER_1
  70
32
  10
550576.395
  20
76995.121
  30
29.285
  0
VERTEX
  8
GEOMETRY_LAYER_1
  70
32
  10
550579.416
  20
77003.242
  30
28.779
  0
VERTEX
  8
GEOMETRY_LAYER_1
  70
32
  10
550582.336
  20
77012.607
  30
28.288
  0
VERTEX
  8
GEOMETRY_LAYER_1
  70
32
  10
550585.358
  20
77021.712
  30
28.208
  0
VERTEX
  8
GEOMETRY_LAYER_1
  70
32
  10
550587.779
  20
77031.154
  30
27.402
  0
VERTEX
  8
GEOMETRY_LAYER_1
  70
32
  10
550590.426
  20
77040.309
  30
26.528
  0
VERTEX
  8
GEOMETRY_LAYER_1
  70
32
  10
550593.915
  20
77050.028
  30
26.324
  0
VERTEX
  8
GEOMETRY_LAYER_1
  70
32
  10
550601.678
  20
77054.095
  30
26.708
  0
VERTEX
  8
GEOMETRY_LAYER_1
  70
32
  10
550602.693
  20
77060.848
  30
26.504
  0
VERTEX
  8
GEOMETRY_LAYER_1
  70
32
  10
550603.893
  20
77067.934
  30
26.11
  0
VERTEX
  8
GEOMETRY_LAYER_1
  70
32
  10
550599.263
  20
77072.009
  30
26.638
  0
VERTEX
  8
GEOMETRY_LAYER_1
  70
32
  10
550600.153
  20
77083.457
  30
26.67
  0
VERTEX
  8
GEOMETRY_LAYER_1
  70
32
  10
550601.622
  20
77093.279
  30
26.616
  0
VERTEX
  8
GEOMETRY_LAYER_1
  70
32
  10
550603.136
  20
77101.853
  30
26.738
  0
VERTEX
  8
GEOMETRY_LAYER_1
  70
32
  10
550604.127
  20
77109.591
  30
26.965
  0
VERTEX
  8
GEOMETRY_LAYER_1
  70
32
  10
550607.796
  20
77121.534
  30
26.772
  0
VERTEX
  8
GEOMETRY_LAYER_1
  70
32
  10
550608.931
  20
77130.524
  30
26.265
  0
VERTEX
  8
GEOMETRY_LAYER_1
  70
32
  10
550612.458
  20
77141.396
  30
25.638
  0
VERTEX
  8
GEOMETRY_LAYER_1
  70
32
  10
550615.852
  20
77153.680
  30
25.179
  0
VERTEX
  8
GEOMETRY_LAYER_1
  70
32
  10
550628.368
  20
77156.918
  30
25.279
  0
SEQEND
  8
GEOMETRY_LAYER_1
  0
POLYLINE
  8
GEOMETRY_LAYER_1
  70
8
  66
1
 62
1
 39
1
  0
VERTEX
  8
GEOMETRY_LAYER_1
  70
32
  10
550830.443
  20
76358.934
  30
41.186
  0
VERTEX
  8
GEOMETRY_LAYER_1
  70
32
  10
550824.332
  20
76362.164
  30
41.504
  0
VERTEX
  8
GEOMETRY_LAYER_1
  70
32
  10
550825.306
  20
76372.461
  30
41.647
  0
VERTEX
  8
GEOMETRY_LAYER_1
  70
32
  10
550826.058
  20
76380.518
  30
41.921
  0
VERTEX
  8
GEOMETRY_LAYER_1
  70
32
  10
550827.144
  20
76389.663
  30
41.921
  0
VERTEX
  8
GEOMETRY_LAYER_1
  70
32
  10
550827.675
  20
76398.957
  30
41.882
  0
VERTEX
  8
GEOMETRY_LAYER_1
  70
32
  10
550829.105
  20
76408.310
  30
42.201
  0
VERTEX
  8
GEOMETRY_LAYER_1
  70
32
  10
550831.143
  20
76414.808
  30
42.448
  0
VERTEX
  8
GEOMETRY_LAYER_1
  70
32
  10
550833.178
  20
76422.531
  30
42.152
  0
VERTEX
  8
GEOMETRY_LAYER_1
  70
32
  10
550854.622
  20
76420.250
  30
42.32
  0
VERTEX
  8
GEOMETRY_LAYER_1
  70
32
  10
550873.812
  20
76419.995
  30
42.125
  0
VERTEX
  8
GEOMETRY_LAYER_1
  70
32
  10
550877.260
  20
76427.558
  30
42.504
  0
VERTEX
  8
GEOMETRY_LAYER_1
  70
32
  10
550877.950
  20
76434.703
  30
42.952
  0
VERTEX
  8
GEOMETRY_LAYER_1
  70
32
  10
550878.213
  20
76443.083
  30
43.438
  0
VERTEX
  8
GEOMETRY_LAYER_1
  70
32
  10
550884.476
  20
76447.998
  30
42.89
  0
VERTEX
  8
GEOMETRY_LAYER_1
  70
32
  10
550891.175
  20
76450.460
  30
42.302
  0
VERTEX
  8
GEOMETRY_LAYER_1
  70
32
  10
550899.287
  20
76451.672
  30
41.806
  0
VERTEX
  8
GEOMETRY_LAYER_1
  70
32
  10
550907.036
  20
76452.235
  30
41.297
  0
VERTEX
  8
GEOMETRY_LAYER_1
  70
32
  10
550912.959
  20
76452.559
  30
40.82
  0
VERTEX
  8
GEOMETRY_LAYER_1
  70
32
  10
550921.028
  20
76451.641
  30
40.59
  0
VERTEX
  8
GEOMETRY_LAYER_1
  70
32
  10
550930.588
  20
76452.141
  30
40.561
  0
VERTEX
  8
GEOMETRY_LAYER_1
  70
32
  10
550933.765
  20
76446.440
  30
40.531
  0
VERTEX
  8
GEOMETRY_LAYER_1
  70
32
  10
550933.029
  20
76437.631
  30
40.265
  0
VERTEX
  8
GEOMETRY_LAYER_1
  70
32
  10
550905.051
  20
76399.186
  30
41.877
  0
VERTEX
  8
GEOMETRY_LAYER_1
  70
32
  10
550898.266
  20
76360.645
  30
39.104
  0
VERTEX
  8
GEOMETRY_LAYER_1
  70
32
  10
550888.412
  20
76353.538
  30
39.218
  0
VERTEX
  8
GEOMETRY_LAYER_1
  70
32
  10
550872.027
  20
76345.793
  30
39.422
  0
VERTEX
  8
GEOMETRY_LAYER_1
  70
32
  10
550844.857
  20
76355.891
  30
40.459
  0
VERTEX
  8
GEOMETRY_LAYER_1
  70
32
  10
550830.443
  20
76358.934
  30
41.186
  0
SEQEND
  8
GEOMETRY_LAYER_1
  0
POLYLINE
  8
GEOMETRY_LAYER_1
  70
8
  66
1
 62
1
 39
1
  0
VERTEX
  8
GEOMETRY_LAYER_1
  70
32
  10
550829.240
  20
76355.610
  30
41.186
  0
VERTEX
  8
GEOMETRY_LAYER_1
  70
32
  10
550820.627
  20
76360.164
  30
41.504
  0
VERTEX
  8
GEOMETRY_LAYER_1
  70
32
  10
550821.821
  20
76372.788
  30
41.647
  0
VERTEX
  8
GEOMETRY_LAYER_1
  70
32
  10
550822.578
  20
76380.888
  30
41.921
  0
VERTEX
  8
GEOMETRY_LAYER_1
  70
32
  10
550823.656
  20
76389.970
  30
41.921
  0
VERTEX
  8
GEOMETRY_LAYER_1
  70
32
  10
550824.190
  20
76399.322
  30
41.882
  0
VERTEX
  8
GEOMETRY_LAYER_1
  70
32
  10
550825.685
  20
76409.103
  30
42.201
  0
VERTEX
  8
GEOMETRY_LAYER_1
  70
32
  10
550827.779
  20
76415.777
  30
42.448
  0
VERTEX
  8
GEOMETRY_LAYER_1
  70
32
  10
550830.559
  20
76426.329
  30
42.152
  0
VERTEX
  8
GEOMETRY_LAYER_1
  70
32
  10
550854.831
  20
76423.747
  30
42.32
  0
VERTEX
  8
GEOMETRY_LAYER_1
  70
32
  10
550871.575
  20
76423.524
  30
42.125
  0
VERTEX
  8
GEOMETRY_LAYER_1
  70
32
  10
550873.833
  20
76428.476
  30
42.504
  0
VERTEX
  8
GEOMETRY_LAYER_1
  70
32
  10
550874.455
  20
76434.927
  30
42.952
  0
VERTEX
  8
GEOMETRY_LAYER_1
  70
32
  10
550874.766
  20
76444.827
  30
43.438
  0
VERTEX
  8
GEOMETRY_LAYER_1
  70
32
  10
550882.750
  20
76451.092
  30
42.89
  0
VERTEX
  8
GEOMETRY_LAYER_1
  70
32
  10
550890.303
  20
76453.868
  30
42.302
  0
VERTEX
  8
GEOMETRY_LAYER_1
  70
32
  10
550898.901
  20
76455.153
  30
41.806
  0
VERTEX
  8
GEOMETRY_LAYER_1
  70
32
  10
550906.813
  20
76455.728
  30
41.297
  0
VERTEX
  8
GEOMETRY_LAYER_1
  70
32
  10
550913.062
  20
76456.070
  30
40.82
  0
VERTEX
  8
GEOMETRY_LAYER_1
  70
32
  10
550921.136
  20
76455.151
  30
40.59
  0
VERTEX
  8
GEOMETRY_LAYER_1
  70
32
  10
550932.584
  20
76455.750
  30
40.561
  0
VERTEX
  8
GEOMETRY_LAYER_1
  70
32
  10
550937.342
  20
76447.212
  30
40.531
  0
VERTEX
  8
GEOMETRY_LAYER_1
  70
32
  10
550936.436
  20
76436.363
  30
40.265
  0
VERTEX
  8
GEOMETRY_LAYER_1
  70
32
  10
550908.358
  20
76397.782
  30
41.877
  0
VERTEX
  8
GEOMETRY_LAYER_1
  70
32
  10
550901.466
  20
76358.639
  30
39.104
  0
VERTEX
  8
GEOMETRY_LAYER_1
  70
32
  10
550890.199
  20
76350.512
  30
39.218
  0
VERTEX
  8
GEOMETRY_LAYER_1
  70
32
  10
550872.190
  20
76341.998
  30
39.422
  0
VERTEX
  8
GEOMETRY_LAYER_1
  70
32
  10
550843.881
  20
76352.519
  30
40.459
  0
VERTEX
  8
GEOMETRY_LAYER_1
  70
32
  10
550829.240
  20
76355.610
  30
41.186
  0
SEQEND
  8
GEOMETRY_LAYER_1
  0
POLYLINE
  8
GEOMETRY_LAYER_1
  70
8
  66
1
 62
1
 39
1
  0
VERTEX
  8
GEOMETRY_LAYER_1
  70
32
  10
550549.396
  20
77076.922
  30
33.97
  0
VERTEX
  8
GEOMETRY_LAYER_1
  70
32
  10
550548.689
  20
77091.860
  30
33.939
  0
VERTEX
  8
GEOMETRY_LAYER_1
  70
32
  10
550550.581
  20
77099.701
  30
34.034
  0
VERTEX
  8
GEOMETRY_LAYER_1
  70
32
  10
550553.321
  20
77109.866
  30
32.806
  0
VERTEX
  8
GEOMETRY_LAYER_1
  70
32
  10
550554.981
  20
77119.234
  30
31.683
  0
VERTEX
  8
GEOMETRY_LAYER_1
  70
32
  10
550557.235
  20
77128.502
  30
30.895
  0
VERTEX
  8
GEOMETRY_LAYER_1
  70
32
  10
550559.217
  20
77137.233
  30
30.16
  0
VERTEX
  8
GEOMETRY_LAYER_1
  70
32
  10
550561.939
  20
77150.364
  30
29.67
  0
VERTEX
  8
GEOMETRY_LAYER_1
  70
32
  10
550544.980
  20
77153.563
  30
29.479
  0
VERTEX
  8
GEOMETRY_LAYER_1
  70
32
  10
550530.558
  20
77155.913
  30
29.264
  0
VERTEX
  8
GEOMETRY_LAYER_1
  70
32
  10
550528.004
  20
77144.315
  30
29.866
  0
VERTEX
  8
GEOMETRY_LAYER_1
  70
32
  10
550525.780
  20
77136.132
  30
30.805
  0
VERTEX
  8
GEOMETRY_LAYER_1
  70
32
  10
550523.795
  20
77125.802
  30
32.236
  0
VERTEX
  8
GEOMETRY_LAYER_1
  70
32
  10
550521.926
  20
77117.516
  30
33.168
  0
VERTEX
  8
GEOMETRY_LAYER_1
  70
32
  10
550517.128
  20
77108.798
  30
33.352
  0
VERTEX
  8
GEOMETRY_LAYER_1
  70
32
  10
550515.413
  20
77098.777
  30
33.412
  0
VERTEX
  8
GEOMETRY_LAYER_1
  70
32
  10
550513.905
  20
77090.541
  30
33.678
  0
VERTEX
  8
GEOMETRY_LAYER_1
  70
32
  10
550510.806
  20
77087.890
  30
33.68
  0
VERTEX
  8
GEOMETRY_LAYER_1
  70
32
  10
550507.674
  20
77076.952
  30
33.703
  0
VERTEX
  8
GEOMETRY_LAYER_1
  70
32
  10
550504.522
  20
77067.950
  30
33.668
  0
VERTEX
  8
GEOMETRY_LAYER_1
  70
32
  10
550503.351
  20
77057.621
  30
33.468
  0
VERTEX
  8
GEOMETRY_LAYER_1
  70
32
  10
550502.082
  20
77049.523
  30
33.168
  0
VERTEX
  8
GEOMETRY_LAYER_1
  70
32
  10
550499.315
  20
77040.461
  30
32.582
  0
VERTEX
  8
GEOMETRY_LAYER_1
  70
32
  10
550500.879
  20
77033.368
  30
32.488
  0
VERTEX
  8
GEOMETRY_LAYER_1
  70
32
  10
550500.171
  20
77026.721
  30
32.108
  0
VERTEX
  8
GEOMETRY_LAYER_1
  70
32
  10
550497.444
  20
77017.460
  30
31.813
  0
VERTEX
  8
GEOMETRY_LAYER_1
  70
32
  10
550494.880
  20
77008.068
  30
31.944
  0
VERTEX
  8
GEOMETRY_LAYER_1
  70
32
  10
550492.583
  20
76997.252
  30
32.112
  0
VERTEX
  8
GEOMETRY_LAYER_1
  70
32
  10
550491.642
  20
76987.968
  30
32.031
  0
VERTEX
  8
GEOMETRY_LAYER_1
  70
32
  10
550498.297
  20
76980.195
  30
32.365
  0
VERTEX
  8
GEOMETRY_LAYER_1
  70
32
  10
550520.398
  20
76980.747
  30
32.339
  0
VERTEX
  8
GEOMETRY_LAYER_1
  70
32
  10
550524.408
  20
76987.033
  30
32.24
  0
VERTEX
  8
GEOMETRY_LAYER_1
  70
32
  10
550527.783
  20
76997.323
  30
32.475
  0
VERTEX
  8
GEOMETRY_LAYER_1
  70
32
  10
550530.063
  20
77004.676
  30
32.287
  0
VERTEX
  8
GEOMETRY_LAYER_1
  70
32
  10
550534.954
  20
77009.186
  30
32.823
  0
VERTEX
  8
GEOMETRY_LAYER_1
  70
32
  10
550538.466
  20
77018.790
  30
32.728
  0
VERTEX
  8
GEOMETRY_LAYER_1
  70
32
  10
550541.979
  20
77029.949
  30
33.145
  0
VERTEX
  8
GEOMETRY_LAYER_1
  70
32
  10
550543.692
  20
77038.587
  30
33.572
  0
VERTEX
  8
GEOMETRY_LAYER_1
  70
32
  10
550545.330
  20
77048.694
  30
33.497
  0
VERTEX
  8
GEOMETRY_LAYER_1
  70
32
  10
550547.177
  20
77058.829
  30
33.718
  0
VERTEX
  8
GEOMETRY_LAYER_1
  70
32
  10
550549.396
  20
77076.922
  30
33.97
  0
SEQEND
  8
GEOMETRY_LAYER_1
  0
POLYLINE
  8
GEOMETRY_LAYER_1
  70
8
  66
1
 62
1
 39
1
  0
VERTEX
  8
GEOMETRY_LAYER_1
  70
32
  10
550544.599
  20
77068.239
  30
33.756
  0
VERTEX
  8
GEOMETRY_LAYER_1
  70
32
  10
550545.884
  20
77077.092
  30
33.97
  0
VERTEX
  8
GEOMETRY_LAYER_1
  70
32
  10
550545.169
  20
77092.195
  30
33.939
  0
VERTEX
  8
GEOMETRY_LAYER_1
  70
32
  10
550547.190
  20
77100.567
  30
34.034
  0
VERTEX
  8
GEOMETRY_LAYER_1
  70
32
  10
550549.901
  20
77110.629
  30
32.806
  0
VERTEX
  8
GEOMETRY_LAYER_1
  70
32
  10
550551.554
  20
77119.954
  30
31.683
  0
VERTEX
  8
GEOMETRY_LAYER_1
  70
32
  10
550553.828
  20
77129.303
  30
30.895
  0
VERTEX
  8
GEOMETRY_LAYER_1
  70
32
  10
550555.796
  20
77137.975
  30
30.16
  0
VERTEX
  8
GEOMETRY_LAYER_1
  70
32
  10
550557.788
  20
77147.586
  30
29.67
  0
VERTEX
  8
GEOMETRY_LAYER_1
  70
32
  10
550544.374
  20
77150.116
  30
29.479
  0
VERTEX
  8
GEOMETRY_LAYER_1
  70
32
  10
550533.264
  20
77151.926
  30
29.264
  0
VERTEX
  8
GEOMETRY_LAYER_1
  70
32
  10
550531.404
  20
77143.479
  30
29.866
  0
VERTEX
  8
GEOMETRY_LAYER_1
  70
32
  10
550529.192
  20
77135.342
  30
30.805
  0
VERTEX
  8
GEOMETRY_LAYER_1
  70
32
  10
550527.222
  20
77125.086
  30
32.236
  0
VERTEX
  8
GEOMETRY_LAYER_1
  70
32
  10
550525.232
  20
77116.264
  30
33.168
  0
VERTEX
  8
GEOMETRY_LAYER_1
  70
32
  10
550520.478
  20
77107.626
  30
33.352
  0
VERTEX
  8
GEOMETRY_LAYER_1
  70
32
  10
550518.859
  20
77098.167
  30
33.412
  0
VERTEX
  8
GEOMETRY_LAYER_1
  70
32
  10
550517.124
  20
77088.688
  30
33.678
  0
VERTEX
  8
GEOMETRY_LAYER_1
  70
32
  10
550513.881
  20
77085.915
  30
33.68
  0
VERTEX
  8
GEOMETRY_LAYER_1
  70
32
  10
550511.011
  20
77075.890
  30
33.703
  0
VERTEX
  8
GEOMETRY_LAYER_1
  70
32
  10
550507.956
  20
77067.165
  30
33.668
  0
VERTEX
  8
GEOMETRY_LAYER_1
  70
32
  10
550506.821
  20
77057.153
  30
33.468
  0
VERTEX
  8
GEOMETRY_LAYER_1
  70
32
  10
550505.502
  20
77048.738
  30
33.168
  0
VERTEX
  8
GEOMETRY_LAYER_1
  70
32
  10
550502.931
  20
77040.317
  30
32.582
  0
VERTEX
  8
GEOMETRY_LAYER_1
  70
32
  10
550504.420
  20
77033.564
  30
32.488
  0
VERTEX
  8
GEOMETRY_LAYER_1
  70
32
  10
550503.617
  20
77026.035
  30
32.108
  0
VERTEX
  8
GEOMETRY_LAYER_1
  70
32
  10
550500.811
  20
77016.505
  30
31.813
  0
VERTEX
  8
GEOMETRY_LAYER_1
  70
32
  10
550498.282
  20
77007.243
  30
31.944
  0
VERTEX
  8
GEOMETRY_LAYER_1
  70
32
  10
550496.046
  20
76996.711
  30
32.112
  0
VERTEX
  8
GEOMETRY_LAYER_1
  70
32
  10
550495.275
  20
76989.106
  30
32.031
  0
VERTEX
  8
GEOMETRY_LAYER_1
  70
32
  10
550500.326
  20
76983.207
  30
32.365
  0
VERTEX
  8
GEOMETRY_LAYER_1
  70
32
  10
550518.244
  20
76983.878
  30
32.339
  0
VERTEX
  8
GEOMETRY_LAYER_1
  70
32
  10
550521.219
  20
76988.543
  30
32.24
  0
VERTEX
  8
GEOMETRY_LAYER_1
  70
32
  10
550524.449
  20
76998.388
  30
32.475
  0
VERTEX
  8
GEOMETRY_LAYER_1
  70
32
  10
550526.999
  20
77006.611
  30
32.287
  0
VERTEX
  8
GEOMETRY_LAYER_1
  70
32
  10
550531.958
  20
77011.184
  30
32.823
  0
VERTEX
  8
GEOMETRY_LAYER_1
  70
32
  10
550535.152
  20
77019.917
  30
32.728
  0
VERTEX
  8
GEOMETRY_LAYER_1
  70
32
  10
550538.583
  20
77030.817
  30
33.145
  0
VERTEX
  8
GEOMETRY_LAYER_1
  70
32
  10
550540.247
  20
77039.208
  30
33.572
  0
VERTEX
  8
GEOMETRY_LAYER_1
  70
32
  10
550541.880
  20
77049.288
  30
33.497
  0
VERTEX
  8
GEOMETRY_LAYER_1
  70
32
  10
550543.708
  20
77059.318
  30
33.718
  0
VERTEX
  8
GEOMETRY_LAYER_1
  70
32
  10
550544.599
  20
77068.239
  30
33.756
  0
SEQEND
  8
GEOMETRY_LAYER_1
  0
POLYLINE
  8
GEOMETRY_LAYER_1
  70
8
  66
1
 62
1
 39
1
  0
VERTEX
  8
GEOMETRY_LAYER_1
  70
32
  10
550600.995
  20
77680.984
  30
38.315
  0
VERTEX
  8
GEOMETRY_LAYER_1
  70
32
  10
550605.142
  20
77688.722
  30
38.343
  0
VERTEX
  8
GEOMETRY_LAYER_1
  70
32
  10
550608.634
  20
77696.663
  30
38.289
  0
VERTEX
  8
GEOMETRY_LAYER_1
  70
32
  10
550612.396
  20
77703.532
  30
37.327
  0
VERTEX
  8
GEOMETRY_LAYER_1
  70
32
  10
550609.312
  20
77713.582
  30
36.722
  0
VERTEX
  8
GEOMETRY_LAYER_1
  70
32
  10
550604.730
  20
77717.450
  30
36.408
  0
VERTEX
  8
GEOMETRY_LAYER_1
  70
32
  10
550596.227
  20
77719.097
  30
36.943
  0
VERTEX
  8
GEOMETRY_LAYER_1
  70
32
  10
550592.982
  20
77711.957
  30
37.667
  0
VERTEX
  8
GEOMETRY_LAYER_1
  70
32
  10
550585.874
  20
77709.981
  30
37.784
  0
VERTEX
  8
GEOMETRY_LAYER_1
  70
32
  10
550572.596
  20
77686.469
  30
38.761
  0
VERTEX
  8
GEOMETRY_LAYER_1
  70
32
  10
550569.352
  20
77679.093
  30
38.791
  0
VERTEX
  8
GEOMETRY_LAYER_1
  70
32
  10
550566.424
  20
77671.563
  30
38.808
  0
VERTEX
  8
GEOMETRY_LAYER_1
  70
32
  10
550563.309
  20
77663.927
  30
38.46
  0
VERTEX
  8
GEOMETRY_LAYER_1
  70
32
  10
550559.241
  20
77655.389
  30
37.947
  0
VERTEX
  8
GEOMETRY_LAYER_1
  70
32
  10
550554.711
  20
77646.064
  30
37.77
  0
VERTEX
  8
GEOMETRY_LAYER_1
  70
32
  10
550556.622
  20
77636.502
  30
37.86
  0
VERTEX
  8
GEOMETRY_LAYER_1
  70
32
  10
550561.818
  20
77631.172
  30
37.92
  0
VERTEX
  8
GEOMETRY_LAYER_1
  70
32
  10
550567.677
  20
77625.882
  30
37.934
  0
VERTEX
  8
GEOMETRY_LAYER_1
  70
32
  10
550573.843
  20
77618.427
  30
37.809
  0
VERTEX
  8
GEOMETRY_LAYER_1
  70
32
  10
550576.250
  20
77613.060
  30
38.139
  0
VERTEX
  8
GEOMETRY_LAYER_1
  70
32
  10
550593.215
  20
77642.017
  30
38.195
  0
VERTEX
  8
GEOMETRY_LAYER_1
  70
32
  10
550587.227
  20
77649.184
  30
38.176
  0
VERTEX
  8
GEOMETRY_LAYER_1
  70
32
  10
550590.216
  20
77657.045
  30
37.974
  0
VERTEX
  8
GEOMETRY_LAYER_1
  70
32
  10
550593.885
  20
77664.599
  30
38.001
  0
VERTEX
  8
GEOMETRY_LAYER_1
  70
32
  10
550596.437
  20
77671.760
  30
38.272
  0
VERTEX
  8
GEOMETRY_LAYER_1
  70
32
  10
550600.995
  20
77680.984
  30
38.315
  0
SEQEND
  8
GEOMETRY_LAYER_1
  0
POLYLINE
  8
GEOMETRY_LAYER_1
  70
8
  66
1
 62
1
 39
1
  0
VERTEX
  8
GEOMETRY_LAYER_1
  70
32
  10
550608.292
  20
77687.189
  30
38.343
  0
VERTEX
  8
GEOMETRY_LAYER_1
  70
32
  10
550611.777
  20
77695.115
  30
38.289
  0
VERTEX
  8
GEOMETRY_LAYER_1
  70
32
  10
550616.176
  20
77703.146
  30
37.327
  0
VERTEX
  8
GEOMETRY_LAYER_1
  70
32
  10
550612.356
  20
77715.593
  30
36.722
  0
VERTEX
  8
GEOMETRY_LAYER_1
  70
32
  10
550606.292
  20
77720.713
  30
36.408
  0
VERTEX
  8
GEOMETRY_LAYER_1
  70
32
  10
550594.182
  20
77723.059
  30
36.943
  0
VERTEX
  8
GEOMETRY_LAYER_1
  70
32
  10
550590.471
  20
77714.891
  30
37.667
  0
VERTEX
  8
GEOMETRY_LAYER_1
  70
32
  10
550583.540
  20
77712.966
  30
37.784
  0
VERTEX
  8
GEOMETRY_LAYER_1
  70
32
  10
550569.462
  20
77688.038
  30
38.761
  0
VERTEX
  8
GEOMETRY_LAYER_1
  70
32
  10
550566.118
  20
77680.431
  30
38.791
  0
VERTEX
  8
GEOMETRY_LAYER_1
  70
32
  10
550563.173
  20
77672.858
  30
38.808
  0
VERTEX
  8
GEOMETRY_LAYER_1
  70
32
  10
550560.106
  20
77665.342
  30
38.46
  0
VERTEX
  8
GEOMETRY_LAYER_1
  70
32
  10
550556.087
  20
77656.907
  30
37.947
  0
VERTEX
  8
GEOMETRY_LAYER_1
  70
32
  10
550551.047
  20
77646.533
  30
37.77
  0
VERTEX
  8
GEOMETRY_LAYER_1
  70
32
  10
550553.393
  20
77634.801
  30
37.86
  0
VERTEX
  8
GEOMETRY_LAYER_1
  70
32
  10
550559.389
  20
77628.649
  30
37.92
  0
VERTEX
  8
GEOMETRY_LAYER_1
  70
32
  10
550565.142
  20
77623.455
  30
37.934
  0
VERTEX
  8
GEOMETRY_LAYER_1
  70
32
  10
550570.843
  20
77616.560
  30
37.809
  0
VERTEX
  8
GEOMETRY_LAYER_1
  70
32
  10
550575.837
  20
77605.432
  30
38.139
  0
VERTEX
  8
GEOMETRY_LAYER_1
  70
32
  10
550597.479
  20
77642.373
  30
38.195
  0
VERTEX
  8
GEOMETRY_LAYER_1
  70
32
  10
550591.227
  20
77649.856
  30
38.176
  0
VERTEX
  8
GEOMETRY_LAYER_1
  70
32
  10
550593.432
  20
77655.655
  30
37.974
  0
VERTEX
  8
GEOMETRY_LAYER_1
  70
32
  10
550597.117
  20
77663.244
  30
38.001
  0
VERTEX
  8
GEOMETRY_LAYER_1
  70
32
  10
550599.666
  20
77670.392
  30
38.272
  0
VERTEX
  8
GEOMETRY_LAYER_1
  70
32
  10
550608.292
  20
77687.189
  30
38.343
  0
SEQEND
  8
GEOMETRY_LAYER_1
  0
POLYLINE
  8
GEOMETRY_LAYER_1
  70
8
  66
1
 62
1
 39
1
  0
VERTEX
  8
GEOMETRY_LAYER_1
  70
32
  10
550838.928
  20
78248.273
  30
69.672
  0
VERTEX
  8
GEOMETRY_LAYER_1
  70
32
  10
550845.569
  20
78241.321
  30
69.598
  0
VERTEX
  8
GEOMETRY_LAYER_1
  70
32
  10
550850.925
  20
78233.951
  30
69.259
  0
VERTEX
  8
GEOMETRY_LAYER_1
  70
32
  10
550856.361
  20
78227.825
  30
68.662
  0
VERTEX
  8
GEOMETRY_LAYER_1
  70
32
  10
550860.717
  20
78221.219
  30
67.728
  0
VERTEX
  8
GEOMETRY_LAYER_1
  70
32
  10
550867.130
  20
78210.701
  30
66.201
  0
VERTEX
  8
GEOMETRY_LAYER_1
  70
32
  10
550867.235
  20
78205.977
  30
66.022
  0
VERTEX
  8
GEOMETRY_LAYER_1
  70
32
  10
550863.654
  20
78196.618
  30
66.441
  0
VERTEX
  8
GEOMETRY_LAYER_1
  70
32
  10
550861.653
  20
78191.213
  30
66.35
  0
VERTEX
  8
GEOMETRY_LAYER_1
  70
32
  10
550850.787
  20
78178.255
  30
67.47
  0
VERTEX
  8
GEOMETRY_LAYER_1
  70
32
  10
550843.965
  20
78186.257
  30
67.892
  0
VERTEX
  8
GEOMETRY_LAYER_1
  70
32
  10
550836.684
  20
78183.256
  30
67.986
  0
VERTEX
  8
GEOMETRY_LAYER_1
  70
32
  10
550831.349
  20
78182.525
  30
68.219
  0
VERTEX
  8
GEOMETRY_LAYER_1
  70
32
  10
550820.658
  20
78189.966
  30
68.099
  0
VERTEX
  8
GEOMETRY_LAYER_1
  70
32
  10
550807.499
  20
78197.451
  30
67.551
  0
VERTEX
  8
GEOMETRY_LAYER_1
  70
32
  10
550796.979
  20
78197.475
  30
66.513
  0
VERTEX
  8
GEOMETRY_LAYER_1
  70
32
  10
550790.293
  20
78195.735
  30
66.285
  0
VERTEX
  8
GEOMETRY_LAYER_1
  70
32
  10
550778.596
  20
78200.046
  30
65.825
  0
VERTEX
  8
GEOMETRY_LAYER_1
  70
32
  10
550771.641
  20
78205.369
  30
66.072
  0
VERTEX
  8
GEOMETRY_LAYER_1
  70
32
  10
550774.263
  20
78213.382
  30
66.658
  0
VERTEX
  8
GEOMETRY_LAYER_1
  70
32
  10
550774.343
  20
78223.810
  30
67.661
  0
VERTEX
  8
GEOMETRY_LAYER_1
  70
32
  10
550777.058
  20
78233.010
  30
68.552
  0
VERTEX
  8
GEOMETRY_LAYER_1
  70
32
  10
550770.618
  20
78239.122
  30
69.038
  0
VERTEX
  8
GEOMETRY_LAYER_1
  70
32
  10
550767.140
  20
78244.834
  30
69.2
  0
VERTEX
  8
GEOMETRY_LAYER_1
  70
32
  10
550769.986
  20
78251.721
  30
69.428
  0
VERTEX
  8
GEOMETRY_LAYER_1
  70
32
  10
550772.945
  20
78262.519
  30
68.938
  0
VERTEX
  8
GEOMETRY_LAYER_1
  70
32
  10
550769.603
  20
78267.213
  30
68.513
  0
VERTEX
  8
GEOMETRY_LAYER_1
  70
32
  10
550766.069
  20
78271.842
  30
68.537
  0
VERTEX
  8
GEOMETRY_LAYER_1
  70
32
  10
550770.638
  20
78281.915
  30
68.087
  0
VERTEX
  8
GEOMETRY_LAYER_1
  70
32
  10
550787.120
  20
78286.941
  30
68.776
  0
VERTEX
  8
GEOMETRY_LAYER_1
  70
32
  10
550790.249
  20
78302.959
  30
74.442
  0
VERTEX
  8
GEOMETRY_LAYER_1
  70
32
  10
550799.037
  20
78297.489
  30
74.722
  0
VERTEX
  8
GEOMETRY_LAYER_1
  70
32
  10
550804.530
  20
78289.955
  30
75.24
  0
VERTEX
  8
GEOMETRY_LAYER_1
  70
32
  10
550810.341
  20
78282.879
  30
76.02
  0
VERTEX
  8
GEOMETRY_LAYER_1
  70
32
  10
550817.496
  20
78273.550
  30
76.836
  0
VERTEX
  8
GEOMETRY_LAYER_1
  70
32
  10
550821.059
  20
78268.780
  30
76.964
  0
VERTEX
  8
GEOMETRY_LAYER_1
  70
32
  10
550826.455
  20
78262.832
  30
76.516
  0
VERTEX
  8
GEOMETRY_LAYER_1
  70
32
  10
550833.394
  20
78254.449
  30
70.199
  0
VERTEX
  8
GEOMETRY_LAYER_1
  70
32
  10
550838.928
  20
78248.273
  30
69.672
  0
SEQEND
  8
GEOMETRY_LAYER_1
  0
POLYLINE
  8
GEOMETRY_LAYER_1
  70
8
  66
1
 62
1
 39
1
  0
VERTEX
  8
GEOMETRY_LAYER_1
  70
32
  10
550841.459
  20
78250.690
  30
69.672
  0
VERTEX
  8
GEOMETRY_LAYER_1
  70
32
  10
550848.262
  20
78243.568
  30
69.598
  0
VERTEX
  8
GEOMETRY_LAYER_1
  70
32
  10
550853.656
  20
78236.146
  30
69.259
  0
VERTEX
  8
GEOMETRY_LAYER_1
  70
32
  10
550859.145
  20
78229.961
  30
68.662
  0
VERTEX
  8
GEOMETRY_LAYER_1
  70
32
  10
550863.673
  20
78223.094
  30
67.728
  0
VERTEX
  8
GEOMETRY_LAYER_1
  70
32
  10
550870.608
  20
78211.719
  30
66.201
  0
VERTEX
  8
GEOMETRY_LAYER_1
  70
32
  10
550870.750
  20
78205.368
  30
66.022
  0
VERTEX
  8
GEOMETRY_LAYER_1
  70
32
  10
550866.930
  20
78195.385
  30
66.441
  0
VERTEX
  8
GEOMETRY_LAYER_1
  70
32
  10
550864.725
  20
78189.428
  30
66.35
  0
VERTEX
  8
GEOMETRY_LAYER_1
  70
32
  10
550850.809
  20
78172.834
  30
67.47
  0
VERTEX
  8
GEOMETRY_LAYER_1
  70
32
  10
550842.950
  20
78182.052
  30
67.892
  0
VERTEX
  8
GEOMETRY_LAYER_1
  70
32
  10
550837.603
  20
78179.849
  30
67.986
  0
VERTEX
  8
GEOMETRY_LAYER_1
  70
32
  10
550830.471
  20
78178.872
  30
68.219
  0
VERTEX
  8
GEOMETRY_LAYER_1
  70
32
  10
550818.789
  20
78187.003
  30
68.099
  0
VERTEX
  8
GEOMETRY_LAYER_1
  70
32
  10
550806.569
  20
78193.953
  30
67.551
  0
VERTEX
  8
GEOMETRY_LAYER_1
  70
32
  10
550797.423
  20
78193.974
  30
66.513
  0
VERTEX
  8
GEOMETRY_LAYER_1
  70
32
  10
550790.113
  20
78192.072
  30
66.285
  0
VERTEX
  8
GEOMETRY_LAYER_1
  70
32
  10
550776.889
  20
78196.945
  30
65.825
  0
VERTEX
  8
GEOMETRY_LAYER_1
  70
32
  10
550767.542
  20
78204.098
  30
66.072
  0
VERTEX
  8
GEOMETRY_LAYER_1
  70
32
  10
550770.767
  20
78213.953
  30
66.658
  0
VERTEX
  8
GEOMETRY_LAYER_1
  70
32
  10
550770.847
  20
78224.329
  30
67.661
  0
VERTEX
  8
GEOMETRY_LAYER_1
  70
32
  10
550773.094
  20
78231.946
  30
68.552
  0
VERTEX
  8
GEOMETRY_LAYER_1
  70
32
  10
550767.871
  20
78236.903
  30
69.038
  0
VERTEX
  8
GEOMETRY_LAYER_1
  70
32
  10
550763.227
  20
78244.529
  30
69.2
  0
VERTEX
  8
GEOMETRY_LAYER_1
  70
32
  10
550766.668
  20
78252.857
  30
69.428
  0
VERTEX
  8
GEOMETRY_LAYER_1
  70
32
  10
550769.130
  20
78261.842
  30
68.938
  0
VERTEX
  8
GEOMETRY_LAYER_1
  70
32
  10
550766.786
  20
78265.135
  30
68.513
  0
VERTEX
  8
GEOMETRY_LAYER_1
  70
32
  10
550762.705
  20
78270.480
  30
68.537
  0
VERTEX
  8
GEOMETRY_LAYER_1
  70
32
  10
550768.747
  20
78284.950
  30
68.087
  0
VERTEX
  8
GEOMETRY_LAYER_1
  70
32
  10
550784.035
  20
78290.632
  30
68.776
  0
VERTEX
  8
GEOMETRY_LAYER_1
  70
32
  10
550788.106
  20
78308.415
  30
74.442
  0
VERTEX
  8
GEOMETRY_LAYER_1
  70
32
  10
550801.464
  20
78300.101
  30
74.722
  0
VERTEX
  8
GEOMETRY_LAYER_1
  70
32
  10
550807.299
  20
78292.097
  30
75.24
  0
VERTEX
  8
GEOMETRY_LAYER_1
  70
32
  10
550813.082
  20
78285.055
  30
76.02
  0
VERTEX
  8
GEOMETRY_LAYER_1
  70
32
  10
550820.287
  20
78275.663
  30
76.836
  0
VERTEX
  8
GEOMETRY_LAYER_1
  70
32
  10
550823.764
  20
78271.008
  30
76.964
  0
VERTEX
  8
GEOMETRY_LAYER_1
  70
32
  10
550829.101
  20
78265.125
  30
76.516
  0
VERTEX
  8
GEOMETRY_LAYER_1
  70
32
  10
550836.090
  20
78256.681
  30
70.199
  0
VERTEX
  8
GEOMETRY_LAYER_1
  70
32
  10
550841.459
  20
78250.690
  30
69.672
  0
SEQEND
  8
GEOMETRY_LAYER_1
  0
POLYLINE
  8
GEOMETRY_LAYER_1
  70
8
  66
1
 62
1
 39
1
  0
VERTEX
  8
GEOMETRY_LAYER_1
  70
32
  10
551726.590
  20
77615.070
  30
-8.144
  0
VERTEX
  8
GEOMETRY_LAYER_1
  70
32
  10
551736.193
  20
77609.051
  30
-7.295
  0
VERTEX
  8
GEOMETRY_LAYER_1
  70
32
  10
551738.300
  20
77607.365
  30
-7.328
  0
VERTEX
  8
GEOMETRY_LAYER_1
  70
32
  10
551738.446
  20
77600.252
  30
-7.653
  0
VERTEX
  8
GEOMETRY_LAYER_1
  70
32
  10
551732.214
  20
77597.334
  30
-7.919
  0
VERTEX
  8
GEOMETRY_LAYER_1
  70
32
  10
551725.185
  20
77594.046
  30
-8.731
  0
VERTEX
  8
GEOMETRY_LAYER_1
  70
32
  10
551725.586
  20
77586.007
  30
-8.575
  0
VERTEX
  8
GEOMETRY_LAYER_1
  70
32
  10
551727.152
  20
77577.223
  30
-9.608
  0
VERTEX
  8
GEOMETRY_LAYER_1
  70
32
  10
551728.679
  20
77568.467
  30
-9.885
  0
VERTEX
  8
GEOMETRY_LAYER_1
  70
32
  10
551730.798
  20
77560.110
  30
-10.05
  0
VERTEX
  8
GEOMETRY_LAYER_1
  70
32
  10
551720.885
  20
77559.899
  30
-11.579
  0
VERTEX
  8
GEOMETRY_LAYER_1
  70
32
  10
551713.161
  20
77563.088
  30
-12.547
  0
VERTEX
  8
GEOMETRY_LAYER_1
  70
32
  10
551704.890
  20
77561.512
  30
-13.916
  0
VERTEX
  8
GEOMETRY_LAYER_1
  70
32
  10
551704.931
  20
77565.479
  30
-13.646
  0
VERTEX
  8
GEOMETRY_LAYER_1
  70
32
  10
551706.148
  20
77574.773
  30
-13.005
  0
VERTEX
  8
GEOMETRY_LAYER_1
  70
32
  10
551708.811
  20
77580.893
  30
-12.237
  0
VERTEX
  8
GEOMETRY_LAYER_1
  70
32
  10
551709.536
  20
77587.558
  30
-11.404
  0
VERTEX
  8
GEOMETRY_LAYER_1
  70
32
  10
551713.206
  20
77594.502
  30
-10.619
  0
VERTEX
  8
GEOMETRY_LAYER_1
  70
32
  10
551714.016
  20
77602.925
  30
-10.301
  0
VERTEX
  8
GEOMETRY_LAYER_1
  70
32
  10
551712.230
  20
77608.045
  30
-10.429
  0
VERTEX
  8
GEOMETRY_LAYER_1
  70
32
  10
551707.478
  20
77609.107
  30
-10.783
  0
VERTEX
  8
GEOMETRY_LAYER_1
  70
32
  10
551698.104
  20
77612.946
  30
-11.516
  0
VERTEX
  8
GEOMETRY_LAYER_1
  70
32
  10
551689.129
  20
77616.805
  30
-12.364
  0
VERTEX
  8
GEOMETRY_LAYER_1
  70
32
  10
551680.928
  20
77619.239
  30
-12.73
  0
VERTEX
  8
GEOMETRY_LAYER_1
  70
32
  10
551673.691
  20
77616.305
  30
-13.442
  0
VERTEX
  8
GEOMETRY_LAYER_1
  70
32
  10
551670.280
  20
77621.485
  30
-13.573
  0
VERTEX
  8
GEOMETRY_LAYER_1
  70
32
  10
551668.367
  20
77630.461
  30
-13.606
  0
VERTEX
  8
GEOMETRY_LAYER_1
  70
32
  10
551668.489
  20
77639.368
  30
-13.511
  0
VERTEX
  8
GEOMETRY_LAYER_1
  70
32
  10
551674.645
  20
77643.230
  30
-13.402
  0
VERTEX
  8
GEOMETRY_LAYER_1
  70
32
  10
551681.179
  20
77648.182
  30
-13.377
  0
VERTEX
  8
GEOMETRY_LAYER_1
  70
32
  10
551681.671
  20
77656.571
  30
-13.519
  0
VERTEX
  8
GEOMETRY_LAYER_1
  70
32
  10
551685.904
  20
77674.745
  30
-12.166
  0
VERTEX
  8
GEOMETRY_LAYER_1
  70
32
  10
551687.686
  20
77680.138
  30
-12.052
  0
VERTEX
  8
GEOMETRY_LAYER_1
  70
32
  10
551693.740
  20
77680.361
  30
-10.809
  0
VERTEX
  8
GEOMETRY_LAYER_1
  70
32
  10
551694.346
  20
77672.605
  30
-11.122
  0
VERTEX
  8
GEOMETRY_LAYER_1
  70
32
  10
551693.188
  20
77663.470
  30
-11.764
  0
VERTEX
  8
GEOMETRY_LAYER_1
  70
32
  10
551695.584
  20
77653.308
  30
-12.441
  0
VERTEX
  8
GEOMETRY_LAYER_1
  70
32
  10
551699.023
  20
77644.484
  30
-11.704
  0
VERTEX
  8
GEOMETRY_LAYER_1
  70
32
  10
551700.740
  20
77633.219
  30
-11.452
  0
VERTEX
  8
GEOMETRY_LAYER_1
  70
32
  10
551709.125
  20
77628.179
  30
-10.301
  0
VERTEX
  8
GEOMETRY_LAYER_1
  70
32
  10
551717.574
  20
77624.928
  30
-9.459
  0
VERTEX
  8
GEOMETRY_LAYER_1
  70
32
  10
551726.590
  20
77615.070
  30
-8.144
  0
SEQEND
  8
GEOMETRY_LAYER_1
  0
POLYLINE
  8
GEOMETRY_LAYER_1
  70
8
  66
1
 62
1
 39
1
  0
VERTEX
  8
GEOMETRY_LAYER_1
  70
32
  10
551728.162
  20
77618.216
  30
-7.647
  0
VERTEX
  8
GEOMETRY_LAYER_1
  70
32
  10
551738.223
  20
77611.909
  30
-6.852
  0
VERTEX
  8
GEOMETRY_LAYER_1
  70
32
  10
551741.765
  20
77609.074
  30
-6.907
  0
VERTEX
  8
GEOMETRY_LAYER_1
  70
32
  10
551741.993
  20
77598.047
  30
-7.341
  0
VERTEX
  8
GEOMETRY_LAYER_1
  70
32
  10
551733.697
  20
77594.164
  30
-7.668
  0
VERTEX
  8
GEOMETRY_LAYER_1
  70
32
  10
551728.798
  20
77591.872
  30
-8.058
  0
VERTEX
  8
GEOMETRY_LAYER_1
  70
32
  10
551729.070
  20
77586.402
  30
-7.869
  0
VERTEX
  8
GEOMETRY_LAYER_1
  70
32
  10
551730.598
  20
77577.831
  30
-8.781
  0
VERTEX
  8
GEOMETRY_LAYER_1
  70
32
  10
551732.104
  20
77569.199
  30
-9.317
  0
VERTEX
  8
GEOMETRY_LAYER_1
  70
32
  10
551735.272
  20
77556.704
  30
-9.695
  0
VERTEX
  8
GEOMETRY_LAYER_1
  70
32
  10
551720.226
  20
77556.385
  30
-11.913
  0
VERTEX
  8
GEOMETRY_LAYER_1
  70
32
  10
551712.790
  20
77559.455
  30
-12.846
  0
VERTEX
  8
GEOMETRY_LAYER_1
  70
32
  10
551701.346
  20
77557.272
  30
-14.739
  0
VERTEX
  8
GEOMETRY_LAYER_1
  70
32
  10
551701.433
  20
77565.725
  30
-14.164
  0
VERTEX
  8
GEOMETRY_LAYER_1
  70
32
  10
551702.742
  20
77575.717
  30
-13.454
  0
VERTEX
  8
GEOMETRY_LAYER_1
  70
32
  10
551705.389
  20
77581.801
  30
-12.466
  0
VERTEX
  8
GEOMETRY_LAYER_1
  70
32
  10
551706.129
  20
77588.602
  30
-11.441
  0
VERTEX
  8
GEOMETRY_LAYER_1
  70
32
  10
551709.788
  20
77595.526
  30
-10.604
  0
VERTEX
  8
GEOMETRY_LAYER_1
  70
32
  10
551710.458
  20
77602.496
  30
-10.567
  0
VERTEX
  8
GEOMETRY_LAYER_1
  70
32
  10
551709.566
  20
77605.055
  30
-10.537
  0
VERTEX
  8
GEOMETRY_LAYER_1
  70
32
  10
551706.426
  20
77605.757
  30
-10.808
  0
VERTEX
  8
GEOMETRY_LAYER_1
  70
32
  10
551696.750
  20
77609.719
  30
-11.511
  0
VERTEX
  8
GEOMETRY_LAYER_1
  70
32
  10
551687.935
  20
77613.508
  30
-12.367
  0
VERTEX
  8
GEOMETRY_LAYER_1
  70
32
  10
551681.107
  20
77615.535
  30
-12.885
  0
VERTEX
  8
GEOMETRY_LAYER_1
  70
32
  10
551672.346
  20
77611.982
  30
-13.742
  0
VERTEX
  8
GEOMETRY_LAYER_1
  70
32
  10
551666.994
  20
77620.110
  30
-13.89
  0
VERTEX
  8
GEOMETRY_LAYER_1
  70
32
  10
551664.861
  20
77630.116
  30
-13.803
  0
VERTEX
  8
GEOMETRY_LAYER_1
  70
32
  10
551665.016
  20
77641.320
  30
-13.629
  0
VERTEX
  8
GEOMETRY_LAYER_1
  70
32
  10
551672.654
  20
77646.113
  30
-13.483
  0
VERTEX
  8
GEOMETRY_LAYER_1
  70
32
  10
551677.780
  20
77649.998
  30
-13.48
  0
VERTEX
  8
GEOMETRY_LAYER_1
  70
32
  10
551678.194
  20
77657.074
  30
-13.432
  0
VERTEX
  8
GEOMETRY_LAYER_1
  70
32
  10
551682.531
  20
77675.692
  30
-12.614
  0
VERTEX
  8
GEOMETRY_LAYER_1
  70
32
  10
551685.126
  20
77683.546
  30
-12.168
  0
VERTEX
  8
GEOMETRY_LAYER_1
  70
32
  10
551696.967
  20
77683.983
  30
-10.072
  0
VERTEX
  8
GEOMETRY_LAYER_1
  70
32
  10
551697.863
  20
77672.520
  30
-10.65
  0
VERTEX
  8
GEOMETRY_LAYER_1
  70
32
  10
551696.740
  20
77663.657
  30
-11.261
  0
VERTEX
  8
GEOMETRY_LAYER_1
  70
32
  10
551698.934
  20
77654.351
  30
-11.724
  0
VERTEX
  8
GEOMETRY_LAYER_1
  70
32
  10
551702.425
  20
77645.394
  30
-11.72
  0
VERTEX
  8
GEOMETRY_LAYER_1
  70
32
  10
551703.952
  20
77635.371
  30
-10.956
  0
VERTEX
  8
GEOMETRY_LAYER_1
  70
32
  10
551710.667
  20
77631.336
  30
-9.974
  0
VERTEX
  8
GEOMETRY_LAYER_1
  70
32
  10
551718.831
  20
77628.194
  30
-9.197
  0
VERTEX
  8
GEOMETRY_LAYER_1
  70
32
  10
551728.162
  20
77618.216
  30
-7.647
  0
SEQEND
  8
GEOMETRY_LAYER_1
  0
POLYLINE
  8
GEOMETRY_LAYER_2
  70
8
  66
1
 62
3
 39
1
  0
VERTEX
  8
GEOMETRY_LAYER_2
  70
32
  10
550963.783
  20
77455.346
  30
15.834
  0
VERTEX
  8
GEOMETRY_LAYER_2
  70
32
  10
550963.290
  20
77454.795
  30
15.76
  0
VERTEX
  8
GEOMETRY_LAYER_2
  70
32
  10
550958.049
  20
77446.794
  30
14.892
  0
VERTEX
  8
GEOMETRY_LAYER_2
  70
32
  10
550959.562
  20
77437.774
  30
14.489
  0
VERTEX
  8
GEOMETRY_LAYER_2
  70
32
  10
550960.192
  20
77431.659
  30
14.379
  0
VERTEX
  8
GEOMETRY_LAYER_2
  70
32
  10
550956.505
  20
77425.787
  30
14.011
  0
VERTEX
  8
GEOMETRY_LAYER_2
  70
32
  10
550949.679
  20
77416.786
  30
13.272
  0
VERTEX
  8
GEOMETRY_LAYER_2
  70
32
  10
550945.326
  20
77410.952
  30
13.101
  0
VERTEX
  8
GEOMETRY_LAYER_2
  70
32
  10
550940.454
  20
77403.569
  30
12.837
  0
VERTEX
  8
GEOMETRY_LAYER_2
  70
32
  10
550935.482
  20
77398.143
  30
12.676
  0
VERTEX
  8
GEOMETRY_LAYER_2
  70
32
  10
550931.863
  20
77392.031
  30
12.629
  0
VERTEX
  8
GEOMETRY_LAYER_2
  70
32
  10
550923.519
  20
77392.348
  30
13
  0
VERTEX
  8
GEOMETRY_LAYER_2
  70
32
  10
550924.116
  20
77402.602
  30
12.828
  0
VERTEX
  8
GEOMETRY_LAYER_2
  70
32
  10
550921.208
  20
77412.146
  30
13.472
  0
VERTEX
  8
GEOMETRY_LAYER_2
  70
32
  10
550921.535
  20
77418.619
  30
13.564
  0
VERTEX
  8
GEOMETRY_LAYER_2
  70
32
  10
550921.272
  20
77422.567
  30
13.575
  0
VERTEX
  8
GEOMETRY_LAYER_2
  70
32
  10
550927.395
  20
77425.129
  30
13.04
  0
VERTEX
  8
GEOMETRY_LAYER_2
  70
32
  10
550933.877
  20
77426.367
  30
13.249
  0
VERTEX
  8
GEOMETRY_LAYER_2
  70
32
  10
550943.427
  20
77435.711
  30
13.568
  0
VERTEX
  8
GEOMETRY_LAYER_2
  70
32
  10
550948.142
  20
77443.636
  30
14.376
  0
VERTEX
  8
GEOMETRY_LAYER_2
  70
32
  10
550952.392
  20
77449.745
  30
14.759
  0
VERTEX
  8
GEOMETRY_LAYER_2
  70
32
  10
550960.407
  20
77455.874
  30
15.639
  0
VERTEX
  8
GEOMETRY_LAYER_2
  70
32
  10
550963.783
  20
77455.346
  30
15.834
  0
SEQEND
  8
GEOMETRY_LAYER_2
  0
POLYLINE
  8
GEOMETRY_LAYER_2
  70
8
  66
1
 62
3
 39
1
  0
VERTEX
  8
GEOMETRY_LAYER_2
  70
32
  10
550970.684
  20
77457.808
  30
15.834
  0
VERTEX
  8
GEOMETRY_LAYER_2
  70
32
  10
550966.073
  20
77452.657
  30
15.76
  0
VERTEX
  8
GEOMETRY_LAYER_2
  70
32
  10
550961.727
  20
77446.022
  30
14.892
  0
VERTEX
  8
GEOMETRY_LAYER_2
  70
32
  10
550963.032
  20
77438.244
  30
14.489
  0
VERTEX
  8
GEOMETRY_LAYER_2
  70
32
  10
550963.797
  20
77430.818
  30
14.379
  0
VERTEX
  8
GEOMETRY_LAYER_2
  70
32
  10
550959.387
  20
77423.795
  30
14.011
  0
VERTEX
  8
GEOMETRY_LAYER_2
  70
32
  10
550952.476
  20
77414.681
  30
13.272
  0
VERTEX
  8
GEOMETRY_LAYER_2
  70
32
  10
550948.191
  20
77408.940
  30
13.101
  0
VERTEX
  8
GEOMETRY_LAYER_2
  70
32
  10
550943.222
  20
77401.409
  30
12.837
  0
VERTEX
  8
GEOMETRY_LAYER_2
  70
32
  10
550938.308
  20
77396.047
  30
12.676
  0
VERTEX
  8
GEOMETRY_LAYER_2
  70
32
  10
550933.813
  20
77388.454
  30
12.629
  0
VERTEX
  8
GEOMETRY_LAYER_2
  70
32
  10
550919.817
  20
77388.987
  30
13
  0
VERTEX
  8
GEOMETRY_LAYER_2
  70
32
  10
550920.585
  20
77402.180
  30
12.828
  0
VERTEX
  8
GEOMETRY_LAYER_2
  70
32
  10
550917.681
  20
77411.712
  30
13.472
  0
VERTEX
  8
GEOMETRY_LAYER_2
  70
32
  10
550918.029
  20
77418.591
  30
13.564
  0
VERTEX
  8
GEOMETRY_LAYER_2
  70
32
  10
550917.613
  20
77424.831
  30
13.575
  0
VERTEX
  8
GEOMETRY_LAYER_2
  70
32
  10
550926.380
  20
77428.498
  30
13.04
  0
VERTEX
  8
GEOMETRY_LAYER_2
  70
32
  10
550932.183
  20
77429.607
  30
13.249
  0
VERTEX
  8
GEOMETRY_LAYER_2
  70
32
  10
550940.652
  20
77437.893
  30
13.568
  0
VERTEX
  8
GEOMETRY_LAYER_2
  70
32
  10
550945.198
  20
77445.532
  30
14.376
  0
VERTEX
  8
GEOMETRY_LAYER_2
  70
32
  10
550949.831
  20
77452.193
  30
14.759
  0
VERTEX
  8
GEOMETRY_LAYER_2
  70
32
  10
550959.470
  20
77459.563
  30
15.639
  0
VERTEX
  8
GEOMETRY_LAYER_2
  70
32
  10
550970.684
  20
77457.808
  30
15.834
  0
SEQEND
  8
GEOMETRY_LAYER_2
  0
POLYLINE
  8
GEOMETRY_LAYER_2
  70
8
  66
1
 62
3
 39
1
  0
VERTEX
  8
GEOMETRY_LAYER_2
  70
32
  10
552052.868
  20
79225.390
  30
-28.563
  0
VERTEX
  8
GEOMETRY_LAYER_2
  70
32
  10
552054.565
  20
79213.225
  30
-29.368
  0
VERTEX
  8
GEOMETRY_LAYER_2
  70
32
  10
552054.944
  20
79210.191
  30
-29.441
  0
VERTEX
  8
GEOMETRY_LAYER_2
  70
32
  10
552058.181
  20
79200.231
  30
-29.869
  0
VERTEX
  8
GEOMETRY_LAYER_2
  70
32
  10
552061.434
  20
79195.005
  30
-30.173
  0
VERTEX
  8
GEOMETRY_LAYER_2
  70
32
  10
552065.585
  20
79185.548
  30
-30.001
  0
VERTEX
  8
GEOMETRY_LAYER_2
  70
32
  10
552070.222
  20
79193.445
  30
-30.689
  0
VERTEX
  8
GEOMETRY_LAYER_2
  70
32
  10
552066.418
  20
79203.633
  30
-29.924
  0
VERTEX
  8
GEOMETRY_LAYER_2
  70
32
  10
552066.138
  20
79211.583
  30
-29.569
  0
VERTEX
  8
GEOMETRY_LAYER_2
  70
32
  10
552065.676
  20
79219.372
  30
-28.878
  0
VERTEX
  8
GEOMETRY_LAYER_2
  70
32
  10
552065.068
  20
79229.795
  30
-28.491
  0
VERTEX
  8
GEOMETRY_LAYER_2
  70
32
  10
552062.624
  20
79241.035
  30
-27.026
  0
VERTEX
  8
GEOMETRY_LAYER_2
  70
32
  10
552061.404
  20
79247.965
  30
-26.526
  0
VERTEX
  8
GEOMETRY_LAYER_2
  70
32
  10
552059.954
  20
79257.210
  30
-26.112
  0
VERTEX
  8
GEOMETRY_LAYER_2
  70
32
  10
552058.357
  20
79266.266
  30
-26.163
  0
VERTEX
  8
GEOMETRY_LAYER_2
  70
32
  10
552056.349
  20
79277.669
  30
-26.025
  0
VERTEX
  8
GEOMETRY_LAYER_2
  70
32
  10
552054.519
  20
79285.545
  30
-25.767
  0
VERTEX
  8
GEOMETRY_LAYER_2
  70
32
  10
552047.290
  20
79296.738
  30
-25.133
  0
VERTEX
  8
GEOMETRY_LAYER_2
  70
32
  10
552043.009
  20
79306.781
  30
-24.31
  0
VERTEX
  8
GEOMETRY_LAYER_2
  70
32
  10
552040.179
  20
79315.315
  30
-24.007
  0
VERTEX
  8
GEOMETRY_LAYER_2
  70
32
  10
552037.629
  20
79322.382
  30
-24.062
  0
VERTEX
  8
GEOMETRY_LAYER_2
  70
32
  10
552035.419
  20
79332.551
  30
-23.859
  0
VERTEX
  8
GEOMETRY_LAYER_2
  70
32
  10
552033.152
  20
79337.147
  30
-23.763
  0
VERTEX
  8
GEOMETRY_LAYER_2
  70
32
  10
552026.553
  20
79333.791
  30
-23.866
  0
VERTEX
  8
GEOMETRY_LAYER_2
  70
32
  10
552027.739
  20
79324.992
  30
-24.174
  0
VERTEX
  8
GEOMETRY_LAYER_2
  70
32
  10
552029.693
  20
79313.306
  30
-24.19
  0
VERTEX
  8
GEOMETRY_LAYER_2
  70
32
  10
552030.644
  20
79305.431
  30
-24.074
  0
VERTEX
  8
GEOMETRY_LAYER_2
  70
32
  10
552033.160
  20
79298.612
  30
-24.614
  0
VERTEX
  8
GEOMETRY_LAYER_2
  70
32
  10
552034.943
  20
79290.322
  30
-25.417
  0
VERTEX
  8
GEOMETRY_LAYER_2
  70
32
  10
552036.949
  20
79283.458
  30
-25.874
  0
VERTEX
  8
GEOMETRY_LAYER_2
  70
32
  10
552038.629
  20
79277.362
  30
-26.377
  0
VERTEX
  8
GEOMETRY_LAYER_2
  70
32
  10
552042.763
  20
79266.775
  30
-26.394
  0
VERTEX
  8
GEOMETRY_LAYER_2
  70
32
  10
552047.267
  20
79254.962
  30
-26.429
  0
VERTEX
  8
GEOMETRY_LAYER_2
  70
32
  10
552048.395
  20
79241.755
  30
-26.852
  0
VERTEX
  8
GEOMETRY_LAYER_2
  70
32
  10
552049.722
  20
79235.072
  30
-27.36
  0
VERTEX
  8
GEOMETRY_LAYER_2
  70
32
  10
552052.868
  20
79225.390
  30
-28.563
  0
SEQEND
  8
GEOMETRY_LAYER_2
  0
POLYLINE
  8
GEOMETRY_LAYER_2
  70
8
  66
1
 62
3
 39
1
  0
VERTEX
  8
GEOMETRY_LAYER_2
  70
32
  10
552049.151
  20
79224.534
  30
-28.563
  0
VERTEX
  8
GEOMETRY_LAYER_2
  70
32
  10
552050.798
  20
79212.727
  30
-29.368
  0
VERTEX
  8
GEOMETRY_LAYER_2
  70
32
  10
552051.219
  20
79209.361
  30
-29.441
  0
VERTEX
  8
GEOMETRY_LAYER_2
  70
32
  10
552054.711
  20
79198.616
  30
-29.869
  0
VERTEX
  8
GEOMETRY_LAYER_2
  70
32
  10
552058.064
  20
79193.228
  30
-30.173
  0
VERTEX
  8
GEOMETRY_LAYER_2
  70
32
  10
552065.096
  20
79177.210
  30
-30.001
  0
VERTEX
  8
GEOMETRY_LAYER_2
  70
32
  10
552074.415
  20
79193.080
  30
-30.689
  0
VERTEX
  8
GEOMETRY_LAYER_2
  70
32
  10
552070.194
  20
79204.384
  30
-29.924
  0
VERTEX
  8
GEOMETRY_LAYER_2
  70
32
  10
552069.934
  20
79211.762
  30
-29.569
  0
VERTEX
  8
GEOMETRY_LAYER_2
  70
32
  10
552069.470
  20
79219.595
  30
-28.878
  0
VERTEX
  8
GEOMETRY_LAYER_2
  70
32
  10
552068.845
  20
79230.312
  30
-28.491
  0
VERTEX
  8
GEOMETRY_LAYER_2
  70
32
  10
552066.354
  20
79241.768
  30
-27.026
  0
VERTEX
  8
GEOMETRY_LAYER_2
  70
32
  10
552065.153
  20
79248.589
  30
-26.526
  0
VERTEX
  8
GEOMETRY_LAYER_2
  70
32
  10
552063.703
  20
79257.834
  30
-26.112
  0
VERTEX
  8
GEOMETRY_LAYER_2
  70
32
  10
552062.100
  20
79266.925
  30
-26.163
  0
VERTEX
  8
GEOMETRY_LAYER_2
  70
32
  10
552060.074
  20
79278.428
  30
-26.025
  0
VERTEX
  8
GEOMETRY_LAYER_2
  70
32
  10
552058.071
  20
79287.050
  30
-25.767
  0
VERTEX
  8
GEOMETRY_LAYER_2
  70
32
  10
552050.659
  20
79298.527
  30
-25.133
  0
VERTEX
  8
GEOMETRY_LAYER_2
  70
32
  10
552046.567
  20
79308.127
  30
-24.31
  0
VERTEX
  8
GEOMETRY_LAYER_2
  70
32
  10
552043.771
  20
79316.558
  30
-24.007
  0
VERTEX
  8
GEOMETRY_LAYER_2
  70
32
  10
552041.289
  20
79323.435
  30
-24.062
  0
VERTEX
  8
GEOMETRY_LAYER_2
  70
32
  10
552039.034
  20
79333.814
  30
-23.859
  0
VERTEX
  8
GEOMETRY_LAYER_2
  70
32
  10
552034.858
  20
79342.278
  30
-23.763
  0
VERTEX
  8
GEOMETRY_LAYER_2
  70
32
  10
552022.427
  20
79335.956
  30
-23.866
  0
VERTEX
  8
GEOMETRY_LAYER_2
  70
32
  10
552023.981
  20
79324.424
  30
-24.174
  0
VERTEX
  8
GEOMETRY_LAYER_2
  70
32
  10
552025.931
  20
79312.765
  30
-24.19
  0
VERTEX
  8
GEOMETRY_LAYER_2
  70
32
  10
552026.925
  20
79304.534
  30
-24.074
  0
VERTEX
  8
GEOMETRY_LAYER_2
  70
32
  10
552029.502
  20
79297.549
  30
-24.614
  0
VERTEX
  8
GEOMETRY_LAYER_2
  70
32
  10
552031.257
  20
79289.388
  30
-25.417
  0
VERTEX
  8
GEOMETRY_LAYER_2
  70
32
  10
552033.294
  20
79282.420
  30
-25.874
  0
VERTEX
  8
GEOMETRY_LAYER_2
  70
32
  10
552035.018
  20
79276.163
  30
-26.377
  0
VERTEX
  8
GEOMETRY_LAYER_2
  70
32
  10
552039.218
  20
79265.407
  30
-26.394
  0
VERTEX
  8
GEOMETRY_LAYER_2
  70
32
  10
552043.527
  20
79254.106
  30
-26.429
  0
VERTEX
  8
GEOMETRY_LAYER_2
  70
32
  10
552044.627
  20
79241.222
  30
-26.852
  0
VERTEX
  8
GEOMETRY_LAYER_2
  70
32
  10
552046.039
  20
79234.111
  30
-27.36
  0
VERTEX
  8
GEOMETRY_LAYER_2
  70
32
  10
552049.151
  20
79224.534
  30
-28.563
  0
SEQEND
  8
GEOMETRY_LAYER_2
  0
POLYLINE
  8
GEOMETRY_LAYER_2
  70
8
  66
1
 62
3
 39
1
  0
VERTEX
  8
GEOMETRY_LAYER_2
  70
32
  10
552302.988
  20
78950.966
  30
-16.156
  0
VERTEX
  8
GEOMETRY_LAYER_2
  70
32
  10
552306.752
  20
78941.377
  30
-16.009
  0
VERTEX
  8
GEOMETRY_LAYER_2
  70
32
  10
552299.092
  20
78934.910
  30
-17.089
  0
VERTEX
  8
GEOMETRY_LAYER_2
  70
32
  10
552292.433
  20
78928.481
  30
-17.875
  0
VERTEX
  8
GEOMETRY_LAYER_2
  70
32
  10
552285.790
  20
78922.326
  30
-19.022
  0
VERTEX
  8
GEOMETRY_LAYER_2
  70
32
  10
552280.333
  20
78919.811
  30
-19.833
  0
VERTEX
  8
GEOMETRY_LAYER_2
  70
32
  10
552269.979
  20
78917.752
  30
-20.58
  0
VERTEX
  8
GEOMETRY_LAYER_2
  70
32
  10
552266.674
  20
78923.702
  30
-20.825
  0
VERTEX
  8
GEOMETRY_LAYER_2
  70
32
  10
552266.109
  20
78929.452
  30
-20.699
  0
VERTEX
  8
GEOMETRY_LAYER_2
  70
32
  10
552264.383
  20
78935.282
  30
-20.551
  0
VERTEX
  8
GEOMETRY_LAYER_2
  70
32
  10
552262.240
  20
78942.318
  30
-20.431
  0
VERTEX
  8
GEOMETRY_LAYER_2
  70
32
  10
552258.938
  20
78952.725
  30
-20.811
  0
VERTEX
  8
GEOMETRY_LAYER_2
  70
32
  10
552256.623
  20
78959.943
  30
-21.254
  0
VERTEX
  8
GEOMETRY_LAYER_2
  70
32
  10
552253.279
  20
78971.128
  30
-23.039
  0
VERTEX
  8
GEOMETRY_LAYER_2
  70
32
  10
552249.155
  20
78981.184
  30
-24.271
  0
VERTEX
  8
GEOMETRY_LAYER_2
  70
32
  10
552251.882
  20
78986.797
  30
-24.57
  0
VERTEX
  8
GEOMETRY_LAYER_2
  70
32
  10
552257.235
  20
78988.662
  30
-24.518
  0
VERTEX
  8
GEOMETRY_LAYER_2
  70
32
  10
552259.792
  20
78981.075
  30
-23.276
  0
VERTEX
  8
GEOMETRY_LAYER_2
  70
32
  10
552265.044
  20
78968.207
  30
-20.688
  0
VERTEX
  8
GEOMETRY_LAYER_2
  70
32
  10
552267.662
  20
78960.402
  30
-19.859
  0
VERTEX
  8
GEOMETRY_LAYER_2
  70
32
  10
552271.082
  20
78951.660
  30
-19.84
  0
VERTEX
  8
GEOMETRY_LAYER_2
  70
32
  10
552278.063
  20
78949.950
  30
-18.936
  0
VERTEX
  8
GEOMETRY_LAYER_2
  70
32
  10
552284.006
  20
78950.889
  30
-18.122
  0
VERTEX
  8
GEOMETRY_LAYER_2
  70
32
  10
552290.271
  20
78953.616
  30
-16.921
  0
VERTEX
  8
GEOMETRY_LAYER_2
  70
32
  10
552296.383
  20
78955.349
  30
-16.188
  0
VERTEX
  8
GEOMETRY_LAYER_2
  70
32
  10
552301.271
  20
78956.083
  30
-15.603
  0
VERTEX
  8
GEOMETRY_LAYER_2
  70
32
  10
552302.988
  20
78950.966
  30
-16.156
  0
SEQEND
  8
GEOMETRY_LAYER_2
  0
POLYLINE
  8
GEOMETRY_LAYER_2
  70
8
  66
1
 62
3
 39
1
  0
VERTEX
  8
GEOMETRY_LAYER_2
  70
32
  10
552306.560
  20
78952.266
  30
-16.156
  0
VERTEX
  8
GEOMETRY_LAYER_2
  70
32
  10
552311.284
  20
78940.230
  30
-16.009
  0
VERTEX
  8
GEOMETRY_LAYER_2
  70
32
  10
552301.640
  20
78932.088
  30
-17.089
  0
VERTEX
  8
GEOMETRY_LAYER_2
  70
32
  10
552295.044
  20
78925.720
  30
-17.875
  0
VERTEX
  8
GEOMETRY_LAYER_2
  70
32
  10
552287.929
  20
78919.128
  30
-19.022
  0
VERTEX
  8
GEOMETRY_LAYER_2
  70
32
  10
552281.515
  20
78916.172
  30
-19.833
  0
VERTEX
  8
GEOMETRY_LAYER_2
  70
32
  10
552268.002
  20
78913.484
  30
-20.58
  0
VERTEX
  8
GEOMETRY_LAYER_2
  70
32
  10
552262.969
  20
78922.546
  30
-20.825
  0
VERTEX
  8
GEOMETRY_LAYER_2
  70
32
  10
552262.362
  20
78928.720
  30
-20.699
  0
VERTEX
  8
GEOMETRY_LAYER_2
  70
32
  10
552260.743
  20
78934.189
  30
-20.551
  0
VERTEX
  8
GEOMETRY_LAYER_2
  70
32
  10
552258.611
  20
78941.190
  30
-20.431
  0
VERTEX
  8
GEOMETRY_LAYER_2
  70
32
  10
552255.317
  20
78951.570
  30
-20.811
  0
VERTEX
  8
GEOMETRY_LAYER_2
  70
32
  10
552252.993
  20
78958.818
  30
-21.254
  0
VERTEX
  8
GEOMETRY_LAYER_2
  70
32
  10
552249.692
  20
78969.859
  30
-23.039
  0
VERTEX
  8
GEOMETRY_LAYER_2
  70
32
  10
552244.994
  20
78981.315
  30
-24.271
  0
VERTEX
  8
GEOMETRY_LAYER_2
  70
32
  10
552249.149
  20
78989.870
  30
-24.57
  0
VERTEX
  8
GEOMETRY_LAYER_2
  70
32
  10
552259.610
  20
78993.512
  30
-24.518
  0
VERTEX
  8
GEOMETRY_LAYER_2
  70
32
  10
552263.355
  20
78982.401
  30
-23.276
  0
VERTEX
  8
GEOMETRY_LAYER_2
  70
32
  10
552268.608
  20
78969.530
  30
-20.688
  0
VERTEX
  8
GEOMETRY_LAYER_2
  70
32
  10
552271.235
  20
78961.699
  30
-19.859
  0
VERTEX
  8
GEOMETRY_LAYER_2
  70
32
  10
552273.902
  20
78954.881
  30
-19.84
  0
VERTEX
  8
GEOMETRY_LAYER_2
  70
32
  10
552278.224
  20
78953.823
  30
-18.936
  0
VERTEX
  8
GEOMETRY_LAYER_2
  70
32
  10
552282.934
  20
78954.567
  30
-18.122
  0
VERTEX
  8
GEOMETRY_LAYER_2
  70
32
  10
552288.988
  20
78957.202
  30
-16.921
  0
VERTEX
  8
GEOMETRY_LAYER_2
  70
32
  10
552295.579
  20
78959.071
  30
-16.188
  0
VERTEX
  8
GEOMETRY_LAYER_2
  70
32
  10
552303.859
  20
78960.313
  30
-15.603
  0
VERTEX
  8
GEOMETRY_LAYER_2
  70
32
  10
552306.560
  20
78952.266
  30
-16.156
  0
SEQEND
  8
GEOMETRY_LAYER_2
  0
POLYLINE
  8
GEOMETRY_LAYER_2
  70
8
  66
1
 62
3
 39
1
  0
VERTEX
  8
GEOMETRY_LAYER_2
  70
32
  10
550609.338
  20
63642.039
  30
-45.769
  0
VERTEX
  8
GEOMETRY_LAYER_2
  70
32
  10
550621.495
  20
63649.895
  30
-45.488
  0
VERTEX
  8
GEOMETRY_LAYER_2
  70
32
  10
550628.924
  20
63646.055
  30
-46.231
  0
VERTEX
  8
GEOMETRY_LAYER_2
  70
32
  10
550635.095
  20
63643.972
  30
-46.916
  0
VERTEX
  8
GEOMETRY_LAYER_2
  70
32
  10
550644.669
  20
63641.072
  30
-48.72
  0
VERTEX
  8
GEOMETRY_LAYER_2
  70
32
  10
550645.654
  20
63634.871
  30
-49.067
  0
VERTEX
  8
GEOMETRY_LAYER_2
  70
32
  10
550637.214
  20
63637.684
  30
-47.417
  0
VERTEX
  8
GEOMETRY_LAYER_2
  70
32
  10
550629.607
  20
63639.431
  30
-47.346
  0
VERTEX
  8
GEOMETRY_LAYER_2
  70
32
  10
550626.637
  20
63637.133
  30
-47.118
  0
VERTEX
  8
GEOMETRY_LAYER_2
  70
32
  10
550617.754
  20
63633.556
  30
-46.614
  0
VERTEX
  8
GEOMETRY_LAYER_2
  70
32
  10
550611.759
  20
63634.407
  30
-46.341
  0
VERTEX
  8
GEOMETRY_LAYER_2
  70
32
  10
550606.113
  20
63638.405
  30
-45.534
  0
VERTEX
  8
GEOMETRY_LAYER_2
  70
32
  10
550609.338
  20
63642.039
  30
-45.769
  0
SEQEND
  8
GEOMETRY_LAYER_2
  0
POLYLINE
  8
GEOMETRY_LAYER_2
  70
8
  66
1
 62
3
 39
1
  0
VERTEX
  8
GEOMETRY_LAYER_2
  70
32
  10
550607.038
  20
63644.719
  30
-45.769
  0
VERTEX
  8
GEOMETRY_LAYER_2
  70
32
  10
550621.299
  20
63653.936
  30
-45.488
  0
VERTEX
  8
GEOMETRY_LAYER_2
  70
32
  10
550630.296
  20
63649.286
  30
-46.231
  0
VERTEX
  8
GEOMETRY_LAYER_2
  70
32
  10
550636.163
  20
63647.306
  30
-46.916
  0
VERTEX
  8
GEOMETRY_LAYER_2
  70
32
  10
550647.783
  20
63643.786
  30
-48.72
  0
VERTEX
  8
GEOMETRY_LAYER_2
  70
32
  10
550650.013
  20
63629.729
  30
-49.067
  0
VERTEX
  8
GEOMETRY_LAYER_2
  70
32
  10
550636.266
  20
63634.310
  30
-47.417
  0
VERTEX
  8
GEOMETRY_LAYER_2
  70
32
  10
550630.438
  20
63635.649
  30
-47.346
  0
VERTEX
  8
GEOMETRY_LAYER_2
  70
32
  10
550628.394
  20
63634.068
  30
-47.118
  0
VERTEX
  8
GEOMETRY_LAYER_2
  70
32
  10
550618.190
  20
63629.959
  30
-46.614
  0
VERTEX
  8
GEOMETRY_LAYER_2
  70
32
  10
550610.428
  20
63631.061
  30
-46.341
  0
VERTEX
  8
GEOMETRY_LAYER_2
  70
32
  10
550600.903
  20
63637.806
  30
-45.534
  0
VERTEX
  8
GEOMETRY_LAYER_2
  70
32
  10
550607.038
  20
63644.719
  30
-45.769
  0
SEQEND
  8
GEOMETRY_LAYER_2
  0
POLYLINE
  8
GEOMETRY_LAYER_2
  70
8
  66
1
 62
3
 39
1
  0
VERTEX
  8
GEOMETRY_LAYER_2
  70
32
  10
551021.827
  20
76332.050
  30
29.759
  0
VERTEX
  8
GEOMETRY_LAYER_2
  70
32
  10
551037.693
  20
76331.399
  30
28.78
  0
VERTEX
  8
GEOMETRY_LAYER_2
  70
32
  10
551038.003
  20
76341.500
  30
28.539
  0
VERTEX
  8
GEOMETRY_LAYER_2
  70
32
  10
551038.339
  20
76350.925
  30
28.745
  0
VERTEX
  8
GEOMETRY_LAYER_2
  70
32
  10
551037.977
  20
76356.906
  30
28.554
  0
VERTEX
  8
GEOMETRY_LAYER_2
  70
32
  10
551039.487
  20
76363.696
  30
28.649
  0
VERTEX
  8
GEOMETRY_LAYER_2
  70
32
  10
551040.720
  20
76373.085
  30
26.069
  0
VERTEX
  8
GEOMETRY_LAYER_2
  70
32
  10
551048.954
  20
76370.686
  30
25.622
  0
VERTEX
  8
GEOMETRY_LAYER_2
  70
32
  10
551056.016
  20
76370.008
  30
25.386
  0
VERTEX
  8
GEOMETRY_LAYER_2
  70
32
  10
551065.930
  20
76368.192
  30
25.087
  0
VERTEX
  8
GEOMETRY_LAYER_2
  70
32
  10
551074.518
  20
76363.757
  30
24.726
  0
VERTEX
  8
GEOMETRY_LAYER_2
  70
32
  10
551081.230
  20
76361.019
  30
24.626
  0
VERTEX
  8
GEOMETRY_LAYER_2
  70
32
  10
551087.862
  20
76361.257
  30
24.787
  0
VERTEX
  8
GEOMETRY_LAYER_2
  70
32
  10
551092.974
  20
76363.184
  30
25.117
  0
VERTEX
  8
GEOMETRY_LAYER_2
  70
32
  10
551087.074
  20
76370.554
  30
24.659
  0
VERTEX
  8
GEOMETRY_LAYER_2
  70
32
  10
551081.410
  20
76377.243
  30
24.43
  0
VERTEX
  8
GEOMETRY_LAYER_2
  70
32
  10
551073.193
  20
76387.550
  30
24.553
  0
VERTEX
  8
GEOMETRY_LAYER_2
  70
32
  10
551073.386
  20
76397.484
  30
24.103
  0
VERTEX
  8
GEOMETRY_LAYER_2
  70
32
  10
551073.642
  20
76403.209
  30
23.758
  0
VERTEX
  8
GEOMETRY_LAYER_2
  70
32
  10
551073.962
  20
76407.973
  30
23.069
  0
VERTEX
  8
GEOMETRY_LAYER_2
  70
32
  10
551074.261
  20
76420.834
  30
22.738
  0
VERTEX
  8
GEOMETRY_LAYER_2
  70
32
  10
551065.409
  20
76423.362
  30
23.438
  0
VERTEX
  8
GEOMETRY_LAYER_2
  70
32
  10
551057.461
  20
76426.707
  30
24.019
  0
VERTEX
  8
GEOMETRY_LAYER_2
  70
32
  10
551048.407
  20
76428.559
  30
24.156
  0
VERTEX
  8
GEOMETRY_LAYER_2
  70
32
  10
551040.070
  20
76429.181
  30
24.056
  0
VERTEX
  8
GEOMETRY_LAYER_2
  70
32
  10
551034.373
  20
76428.813
  30
24.345
  0
VERTEX
  8
GEOMETRY_LAYER_2
  70
32
  10
551030.019
  20
76425.408
  30
24.231
  0
VERTEX
  8
GEOMETRY_LAYER_2
  70
32
  10
551026.458
  20
76418.112
  30
24.242
  0
VERTEX
  8
GEOMETRY_LAYER_2
  70
32
  10
551017.898
  20
76404.242
  30
25.142
  0
VERTEX
  8
GEOMETRY_LAYER_2
  70
32
  10
551013.160
  20
76400.006
  30
25.317
  0
VERTEX
  8
GEOMETRY_LAYER_2
  70
32
  10
551012.700
  20
76392.642
  30
26.184
  0
VERTEX
  8
GEOMETRY_LAYER_2
  70
32
  10
551012.465
  20
76382.520
  30
27.956
  0
VERTEX
  8
GEOMETRY_LAYER_2
  70
32
  10
551008.980
  20
76378.812
  30
28.208
  0
VERTEX
  8
GEOMETRY_LAYER_2
  70
32
  10
551001.243
  20
76373.182
  30
28.306
  0
VERTEX
  8
GEOMETRY_LAYER_2
  70
32
  10
550990.896
  20
76370.809
  30
29.208
  0
VERTEX
  8
GEOMETRY_LAYER_2
  70
32
  10
550984.981
  20
76367.194
  30
28.808
  0
VERTEX
  8
GEOMETRY_LAYER_2
  70
32
  10
550979.994
  20
76363.998
  30
29.619
  0
VERTEX
  8
GEOMETRY_LAYER_2
  70
32
  10
550971.798
  20
76360.880
  30
29.97
  0
VERTEX
  8
GEOMETRY_LAYER_2
  70
32
  10
550964.650
  20
76359.830
  30
30.092
  0
VERTEX
  8
GEOMETRY_LAYER_2
  70
32
  10
550957.174
  20
76358.777
  30
29.904
  0
VERTEX
  8
GEOMETRY_LAYER_2
  70
32
  10
550951.116
  20
76352.593
  30
30.557
  0
VERTEX
  8
GEOMETRY_LAYER_2
  70
32
  10
550948.570
  20
76345.549
  30
30.49
  0
VERTEX
  8
GEOMETRY_LAYER_2
  70
32
  10
550946.369
  20
76338.659
  30
30.671
  0
VERTEX
  8
GEOMETRY_LAYER_2
  70
32
  10
550944.251
  20
76332.059
  30
31.072
  0
VERTEX
  8
GEOMETRY_LAYER_2
  70
32
  10
550948.827
  20
76326.858
  30
30.802
  0
VERTEX
  8
GEOMETRY_LAYER_2
  70
32
  10
550955.283
  20
76324.535
  30
30.638
  0
VERTEX
  8
GEOMETRY_LAYER_2
  70
32
  10
550964.440
  20
76333.005
  30
29.979
  0
VERTEX
  8
GEOMETRY_LAYER_2
  70
32
  10
550971.635
  20
76335.642
  30
29.481
  0
VERTEX
  8
GEOMETRY_LAYER_2
  70
32
  10
550977.102
  20
76336.306
  30
29.547
  0
VERTEX
  8
GEOMETRY_LAYER_2
  70
32
  10
550985.755
  20
76336.344
  30
29.007
  0
VERTEX
  8
GEOMETRY_LAYER_2
  70
32
  10
550992.521
  20
76329.980
  30
30.165
  0
VERTEX
  8
GEOMETRY_LAYER_2
  70
32
  10
550999.033
  20
76330.121
  30
29.812
  0
VERTEX
  8
GEOMETRY_LAYER_2
  70
32
  10
551006.610
  20
76331.033
  30
29.441
  0
VERTEX
  8
GEOMETRY_LAYER_2
  70
32
  10
551013.813
  20
76331.852
  30
29.67
  0
VERTEX
  8
GEOMETRY_LAYER_2
  70
32
  10
551021.827
  20
76332.050
  30
29.759
  0
SEQEND
  8
GEOMETRY_LAYER_2
  0
POLYLINE
  8
GEOMETRY_LAYER_2
  70
8
  66
1
 62
3
 39
1
  0
VERTEX
  8
GEOMETRY_LAYER_2
  70
32
  10
551021.799
  20
76328.548
  30
29.759
  0
VERTEX
  8
GEOMETRY_LAYER_2
  70
32
  10
551041.083
  20
76327.758
  30
28.78
  0
VERTEX
  8
GEOMETRY_LAYER_2
  70
32
  10
551041.501
  20
76341.384
  30
28.539
  0
VERTEX
  8
GEOMETRY_LAYER_2
  70
32
  10
551041.843
  20
76350.969
  30
28.745
  0
VERTEX
  8
GEOMETRY_LAYER_2
  70
32
  10
551041.500
  20
76356.627
  30
28.554
  0
VERTEX
  8
GEOMETRY_LAYER_2
  70
32
  10
551042.937
  20
76363.087
  30
28.649
  0
VERTEX
  8
GEOMETRY_LAYER_2
  70
32
  10
551043.659
  20
76368.583
  30
26.069
  0
VERTEX
  8
GEOMETRY_LAYER_2
  70
32
  10
551048.292
  20
76367.234
  30
25.622
  0
VERTEX
  8
GEOMETRY_LAYER_2
  70
32
  10
551055.533
  20
76366.538
  30
25.386
  0
VERTEX
  8
GEOMETRY_LAYER_2
  70
32
  10
551064.787
  20
76364.844
  30
25.087
  0
VERTEX
  8
GEOMETRY_LAYER_2
  70
32
  10
551073.051
  20
76360.575
  30
24.726
  0
VERTEX
  8
GEOMETRY_LAYER_2
  70
32
  10
551080.604
  20
76357.495
  30
24.626
  0
VERTEX
  8
GEOMETRY_LAYER_2
  70
32
  10
551088.560
  20
76357.779
  30
24.787
  0
VERTEX
  8
GEOMETRY_LAYER_2
  70
32
  10
551098.718
  20
76361.608
  30
25.117
  0
VERTEX
  8
GEOMETRY_LAYER_2
  70
32
  10
551089.776
  20
76372.778
  30
24.659
  0
VERTEX
  8
GEOMETRY_LAYER_2
  70
32
  10
551084.115
  20
76379.466
  30
24.43
  0
VERTEX
  8
GEOMETRY_LAYER_2
  70
32
  10
551076.717
  20
76388.744
  30
24.553
  0
VERTEX
  8
GEOMETRY_LAYER_2
  70
32
  10
551076.885
  20
76397.372
  30
24.103
  0
VERTEX
  8
GEOMETRY_LAYER_2
  70
32
  10
551077.137
  20
76403.014
  30
23.758
  0
VERTEX
  8
GEOMETRY_LAYER_2
  70
32
  10
551077.459
  20
76407.814
  30
23.069
  0
VERTEX
  8
GEOMETRY_LAYER_2
  70
32
  10
551077.823
  20
76423.457
  30
22.738
  0
VERTEX
  8
GEOMETRY_LAYER_2
  70
32
  10
551066.573
  20
76426.670
  30
23.438
  0
VERTEX
  8
GEOMETRY_LAYER_2
  70
32
  10
551058.501
  20
76430.067
  30
24.019
  0
VERTEX
  8
GEOMETRY_LAYER_2
  70
32
  10
551048.890
  20
76432.032
  30
24.156
  0
VERTEX
  8
GEOMETRY_LAYER_2
  70
32
  10
551040.088
  20
76432.689
  30
24.056
  0
VERTEX
  8
GEOMETRY_LAYER_2
  70
32
  10
551033.069
  20
76432.236
  30
24.345
  0
VERTEX
  8
GEOMETRY_LAYER_2
  70
32
  10
551027.228
  20
76427.668
  30
24.231
  0
VERTEX
  8
GEOMETRY_LAYER_2
  70
32
  10
551023.389
  20
76419.803
  30
24.242
  0
VERTEX
  8
GEOMETRY_LAYER_2
  70
32
  10
551015.187
  20
76406.513
  30
25.142
  0
VERTEX
  8
GEOMETRY_LAYER_2
  70
32
  10
551009.757
  20
76401.657
  30
25.317
  0
VERTEX
  8
GEOMETRY_LAYER_2
  70
32
  10
551009.203
  20
76392.791
  30
26.184
  0
VERTEX
  8
GEOMETRY_LAYER_2
  70
32
  10
551008.997
  20
76383.941
  30
27.956
  0
VERTEX
  8
GEOMETRY_LAYER_2
  70
32
  10
551006.655
  20
76381.449
  30
28.208
  0
VERTEX
  8
GEOMETRY_LAYER_2
  70
32
  10
550999.763
  20
76376.433
  30
28.306
  0
VERTEX
  8
GEOMETRY_LAYER_2
  70
32
  10
550989.558
  20
76374.093
  30
29.208
  0
VERTEX
  8
GEOMETRY_LAYER_2
  70
32
  10
550983.124
  20
76370.161
  30
28.808
  0
VERTEX
  8
GEOMETRY_LAYER_2
  70
32
  10
550978.411
  20
76367.141
  30
29.619
  0
VERTEX
  8
GEOMETRY_LAYER_2
  70
32
  10
550970.911
  20
76364.287
  30
29.97
  0
VERTEX
  8
GEOMETRY_LAYER_2
  70
32
  10
550964.152
  20
76363.294
  30
30.092
  0
VERTEX
  8
GEOMETRY_LAYER_2
  70
32
  10
550955.507
  20
76362.077
  30
29.904
  0
VERTEX
  8
GEOMETRY_LAYER_2
  70
32
  10
550948.083
  20
76354.498
  30
30.557
  0
VERTEX
  8
GEOMETRY_LAYER_2
  70
32
  10
550945.256
  20
76346.677
  30
30.49
  0
VERTEX
  8
GEOMETRY_LAYER_2
  70
32
  10
550943.036
  20
76339.726
  30
30.671
  0
VERTEX
  8
GEOMETRY_LAYER_2
  70
32
  10
550940.312
  20
76331.238
  30
31.072
  0
VERTEX
  8
GEOMETRY_LAYER_2
  70
32
  10
550946.794
  20
76323.870
  30
30.802
  0
VERTEX
  8
GEOMETRY_LAYER_2
  70
32
  10
550956.099
  20
76320.521
  30
30.638
  0
VERTEX
  8
GEOMETRY_LAYER_2
  70
32
  10
550966.302
  20
76329.960
  30
29.979
  0
VERTEX
  8
GEOMETRY_LAYER_2
  70
32
  10
550972.459
  20
76332.216
  30
29.481
  0
VERTEX
  8
GEOMETRY_LAYER_2
  70
32
  10
550977.322
  20
76332.807
  30
29.547
  0
VERTEX
  8
GEOMETRY_LAYER_2
  70
32
  10
550984.374
  20
76332.838
  30
29.007
  0
VERTEX
  8
GEOMETRY_LAYER_2
  70
32
  10
550991.166
  20
76326.450
  30
30.165
  0
VERTEX
  8
GEOMETRY_LAYER_2
  70
32
  10
550999.281
  20
76326.626
  30
29.812
  0
VERTEX
  8
GEOMETRY_LAYER_2
  70
32
  10
551007.017
  20
76327.557
  30
29.441
  0
VERTEX
  8
GEOMETRY_LAYER_2
  70
32
  10
551014.054
  20
76328.357
  30
29.67
  0
VERTEX
  8
GEOMETRY_LAYER_2
  70
32
  10
551021.799
  20
76328.548
  30
29.759
  0
SEQEND
  8
GEOMETRY_LAYER_2
  0
POLYLINE
  8
GEOMETRY_LAYER_2
  70
8
  66
1
 62
3
 39
1
  0
VERTEX
  8
GEOMETRY_LAYER_2
  70
32
  10
550905.941
  20
78120.365
  30
53.979
  0
VERTEX
  8
GEOMETRY_LAYER_2
  70
32
  10
550917.545
  20
78123.471
  30
54.097
  0
VERTEX
  8
GEOMETRY_LAYER_2
  70
32
  10
550923.866
  20
78126.777
  30
54.03
  0
VERTEX
  8
GEOMETRY_LAYER_2
  70
32
  10
550923.559
  20
78119.389
  30
53.882
  0
VERTEX
  8
GEOMETRY_LAYER_2
  70
32
  10
550924.454
  20
78110.473
  30
53.951
  0
VERTEX
  8
GEOMETRY_LAYER_2
  70
32
  10
550924.647
  20
78101.899
  30
54.17
  0
VERTEX
  8
GEOMETRY_LAYER_2
  70
32
  10
550925.384
  20
78092.989
  30
54.065
  0
VERTEX
  8
GEOMETRY_LAYER_2
  70
32
  10
550925.752
  20
78084.195
  30
54.904
  0
VERTEX
  8
GEOMETRY_LAYER_2
  70
32
  10
550926.666
  20
78075.784
  30
54.252
  0
VERTEX
  8
GEOMETRY_LAYER_2
  70
32
  10
550927.108
  20
78067.000
  30
53.725
  0
VERTEX
  8
GEOMETRY_LAYER_2
  70
32
  10
550927.963
  20
78058.549
  30
52.983
  0
VERTEX
  8
GEOMETRY_LAYER_2
  70
32
  10
550928.064
  20
78049.900
  30
52.208
  0
VERTEX
  8
GEOMETRY_LAYER_2
  70
32
  10
550921.364
  20
78053.480
  30
52.774
  0
VERTEX
  8
GEOMETRY_LAYER_2
  70
32
  10
550914.517
  20
78050.164
  30
52.524
  0
VERTEX
  8
GEOMETRY_LAYER_2
  70
32
  10
550907.913
  20
78052.150
  30
52.697
  0
VERTEX
  8
GEOMETRY_LAYER_2
  70
32
  10
550902.010
  20
78048.377
  30
51.858
  0
VERTEX
  8
GEOMETRY_LAYER_2
  70
32
  10
550901.010
  20
78057.038
  30
52.73
  0
VERTEX
  8
GEOMETRY_LAYER_2
  70
32
  10
550900.270
  20
78064.720
  30
53.11
  0
VERTEX
  8
GEOMETRY_LAYER_2
  70
32
  10
550900.496
  20
78073.659
  30
53.596
  0
VERTEX
  8
GEOMETRY_LAYER_2
  70
32
  10
550900.155
  20
78081.624
  30
53.826
  0
VERTEX
  8
GEOMETRY_LAYER_2
  70
32
  10
550898.946
  20
78091.684
  30
53.553
  0
VERTEX
  8
GEOMETRY_LAYER_2
  70
32
  10
550898.316
  20
78099.466
  30
53.463
  0
VERTEX
  8
GEOMETRY_LAYER_2
  70
32
  10
550897.344
  20
78107.846
  30
53.899
  0
VERTEX
  8
GEOMETRY_LAYER_2
  70
32
  10
550896.576
  20
78116.128
  30
54.051
  0
VERTEX
  8
GEOMETRY_LAYER_2
  70
32
  10
550905.941
  20
78120.365
  30
53.979
  0
SEQEND
  8
GEOMETRY_LAYER_2
  0
POLYLINE
  8
GEOMETRY_LAYER_2
  70
8
  66
1
 62
3
 39
1
  0
VERTEX
  8
GEOMETRY_LAYER_2
  70
32
  10
550904.760
  20
78123.672
  30
53.979
  0
VERTEX
  8
GEOMETRY_LAYER_2
  70
32
  10
550916.266
  20
78126.753
  30
54.097
  0
VERTEX
  8
GEOMETRY_LAYER_2
  70
32
  10
550927.615
  20
78132.687
  30
54.03
  0
VERTEX
  8
GEOMETRY_LAYER_2
  70
32
  10
550927.067
  20
78119.492
  30
53.882
  0
VERTEX
  8
GEOMETRY_LAYER_2
  70
32
  10
550927.950
  20
78110.688
  30
53.951
  0
VERTEX
  8
GEOMETRY_LAYER_2
  70
32
  10
550928.144
  20
78102.083
  30
54.17
  0
VERTEX
  8
GEOMETRY_LAYER_2
  70
32
  10
550928.877
  20
78093.207
  30
54.065
  0
VERTEX
  8
GEOMETRY_LAYER_2
  70
32
  10
550929.244
  20
78084.458
  30
54.904
  0
VERTEX
  8
GEOMETRY_LAYER_2
  70
32
  10
550930.157
  20
78076.061
  30
54.252
  0
VERTEX
  8
GEOMETRY_LAYER_2
  70
32
  10
550930.599
  20
78067.264
  30
53.725
  0
VERTEX
  8
GEOMETRY_LAYER_2
  70
32
  10
550931.461
  20
78058.746
  30
52.983
  0
VERTEX
  8
GEOMETRY_LAYER_2
  70
32
  10
550931.632
  20
78044.025
  30
52.208
  0
VERTEX
  8
GEOMETRY_LAYER_2
  70
32
  10
550921.286
  20
78049.553
  30
52.774
  0
VERTEX
  8
GEOMETRY_LAYER_2
  70
32
  10
550914.815
  20
78046.420
  30
52.524
  0
VERTEX
  8
GEOMETRY_LAYER_2
  70
32
  10
550908.444
  20
78048.336
  30
52.697
  0
VERTEX
  8
GEOMETRY_LAYER_2
  70
32
  10
550899.176
  20
78042.411
  30
51.858
  0
VERTEX
  8
GEOMETRY_LAYER_2
  70
32
  10
550897.530
  20
78056.669
  30
52.73
  0
VERTEX
  8
GEOMETRY_LAYER_2
  70
32
  10
550896.765
  20
78064.596
  30
53.11
  0
VERTEX
  8
GEOMETRY_LAYER_2
  70
32
  10
550896.994
  20
78073.629
  30
53.596
  0
VERTEX
  8
GEOMETRY_LAYER_2
  70
32
  10
550896.664
  20
78081.340
  30
53.826
  0
VERTEX
  8
GEOMETRY_LAYER_2
  70
32
  10
550895.463
  20
78091.334
  30
53.553
  0
VERTEX
  8
GEOMETRY_LAYER_2
  70
32
  10
550894.833
  20
78099.123
  30
53.463
  0
VERTEX
  8
GEOMETRY_LAYER_2
  70
32
  10
550893.863
  20
78107.483
  30
53.899
  0
VERTEX
  8
GEOMETRY_LAYER_2
  70
32
  10
550892.861
  20
78118.288
  30
54.051
  0
VERTEX
  8
GEOMETRY_LAYER_2
  70
32
  10
550904.760
  20
78123.672
  30
53.979
  0
SEQEND
  8
GEOMETRY_LAYER_2
  0
POLYLINE
  8
GEOMETRY_LAYER_2
  70
8
  66
1
 62
3
 39
1
  0
VERTEX
  8
GEOMETRY_LAYER_2
  70
32
  10
550948.675
  20
77710.254
  30
34.822
  0
VERTEX
  8
GEOMETRY_LAYER_2
  70
32
  10
550946.366
  20
77722.296
  30
34.863
  0
VERTEX
  8
GEOMETRY_LAYER_2
  70
32
  10
550943.216
  20
77734.496
  30
36.234
  0
VERTEX
  8
GEOMETRY_LAYER_2
  70
32
  10
550940.755
  20
77742.618
  30
37.022
  0
VERTEX
  8
GEOMETRY_LAYER_2
  70
32
  10
550938.215
  20
77752.769
  30
37.381
  0
VERTEX
  8
GEOMETRY_LAYER_2
  70
32
  10
550933.330
  20
77767.352
  30
37.929
  0
VERTEX
  8
GEOMETRY_LAYER_2
  70
32
  10
550917.809
  20
77783.003
  30
37.341
  0
VERTEX
  8
GEOMETRY_LAYER_2
  70
32
  10
550910.928
  20
77788.832
  30
90.062
  0
VERTEX
  8
GEOMETRY_LAYER_2
  70
32
  10
550911.485
  20
77803.877
  30
37.555
  0
VERTEX
  8
GEOMETRY_LAYER_2
  70
32
  10
550913.099
  20
77811.302
  30
37.784
  0
VERTEX
  8
GEOMETRY_LAYER_2
  70
32
  10
550913.886
  20
77818.043
  30
37.883
  0
VERTEX
  8
GEOMETRY_LAYER_2
  70
32
  10
550915.080
  20
77824.772
  30
38.315
  0
VERTEX
  8
GEOMETRY_LAYER_2
  70
32
  10
550917.035
  20
77839.771
  30
38.895
  0
VERTEX
  8
GEOMETRY_LAYER_2
  70
32
  10
550918.570
  20
77848.258
  30
39.223
  0
VERTEX
  8
GEOMETRY_LAYER_2
  70
32
  10
550918.319
  20
77859.398
  30
39.205
  0
VERTEX
  8
GEOMETRY_LAYER_2
  70
32
  10
550921.663
  20
77874.318
  30
39.304
  0
VERTEX
  8
GEOMETRY_LAYER_2
  70
32
  10
550926.433
  20
77889.213
  30
39.446
  0
VERTEX
  8
GEOMETRY_LAYER_2
  70
32
  10
550926.461
  20
77897.931
  30
40.504
  0
VERTEX
  8
GEOMETRY_LAYER_2
  70
32
  10
550927.222
  20
77906.353
  30
41.026
  0
VERTEX
  8
GEOMETRY_LAYER_2
  70
32
  10
550926.967
  20
77915.736
  30
41.585
  0
VERTEX
  8
GEOMETRY_LAYER_2
  70
32
  10
550930.025
  20
77920.990
  30
41.729
  0
VERTEX
  8
GEOMETRY_LAYER_2
  70
32
  10
550938.295
  20
77920.966
  30
41.683
  0
VERTEX
  8
GEOMETRY_LAYER_2
  70
32
  10
550942.696
  20
77921.711
  30
42.046
  0
VERTEX
  8
GEOMETRY_LAYER_2
  70
32
  10
550946.539
  20
77906.371
  30
41.6
  0
VERTEX
  8
GEOMETRY_LAYER_2
  70
32
  10
550949.993
  20
77893.649
  30
41.113
  0
VERTEX
  8
GEOMETRY_LAYER_2
  70
32
  10
550949.520
  20
77886.580
  30
40.955
  0
VERTEX
  8
GEOMETRY_LAYER_2
  70
32
  10
550949.849
  20
77874.101
  30
40.705
  0
VERTEX
  8
GEOMETRY_LAYER_2
  70
32
  10
550947.733
  20
77859.456
  30
40.008
  0
VERTEX
  8
GEOMETRY_LAYER_2
  70
32
  10
550948.249
  20
77850.757
  30
39.82
  0
VERTEX
  8
GEOMETRY_LAYER_2
  70
32
  10
550948.678
  20
77841.118
  30
39.551
  0
VERTEX
  8
GEOMETRY_LAYER_2
  70
32
  10
550951.312
  20
77824.045
  30
38.745
  0
VERTEX
  8
GEOMETRY_LAYER_2
  70
32
  10
550952.640
  20
77813.027
  30
37.98
  0
VERTEX
  8
GEOMETRY_LAYER_2
  70
32
  10
550955.197
  20
77796.713
  30
37.822
  0
VERTEX
  8
GEOMETRY_LAYER_2
  70
32
  10
550958.648
  20
77781.081
  30
37.595
  0
VERTEX
  8
GEOMETRY_LAYER_2
  70
32
  10
550962.847
  20
77764.856
  30
37.057
  0
VERTEX
  8
GEOMETRY_LAYER_2
  70
32
  10
550964.648
  20
77755.139
  30
36.08
  0
VERTEX
  8
GEOMETRY_LAYER_2
  70
32
  10
550967.352
  20
77744.110
  30
35.755
  0
VERTEX
  8
GEOMETRY_LAYER_2
  70
32
  10
550969.111
  20
77729.061
  30
35.075
  0
VERTEX
  8
GEOMETRY_LAYER_2
  70
32
  10
550975.121
  20
77712.847
  30
33.342
  0
VERTEX
  8
GEOMETRY_LAYER_2
  70
32
  10
550979.201
  20
77697.039
  30
32.954
  0
VERTEX
  8
GEOMETRY_LAYER_2
  70
32
  10
550981.683
  20
77690.954
  30
32.452
  0
VERTEX
  8
GEOMETRY_LAYER_2
  70
32
  10
550983.815
  20
77682.403
  30
32.004
  0
VERTEX
  8
GEOMETRY_LAYER_2
  70
32
  10
550984.563
  20
77674.012
  30
31.596
  0
VERTEX
  8
GEOMETRY_LAYER_2
  70
32
  10
550986.786
  20
77668.888
  30
31.221
  0
VERTEX
  8
GEOMETRY_LAYER_2
  70
32
  10
550989.755
  20
77661.866
  30
30.757
  0
VERTEX
  8
GEOMETRY_LAYER_2
  70
32
  10
550992.605
  20
77656.432
  30
30.428
  0
VERTEX
  8
GEOMETRY_LAYER_2
  70
32
  10
550995.647
  20
77651.543
  30
30.255
  0
VERTEX
  8
GEOMETRY_LAYER_2
  70
32
  10
551000.396
  20
77643.063
  30
30.108
  0
VERTEX
  8
GEOMETRY_LAYER_2
  70
32
  10
551003.588
  20
77637.238
  30
29.592
  0
VERTEX
  8
GEOMETRY_LAYER_2
  70
32
  10
551008.177
  20
77631.069
  30
28.885
  0
VERTEX
  8
GEOMETRY_LAYER_2
  70
32
  10
551010.713
  20
77626.486
  30
28.441
  0
VERTEX
  8
GEOMETRY_LAYER_2
  70
32
  10
551013.962
  20
77621.740
  30
28.26
  0
VERTEX
  8
GEOMETRY_LAYER_2
  70
32
  10
551017.730
  20
77615.859
  30
27.915
  0
VERTEX
  8
GEOMETRY_LAYER_2
  70
32
  10
551022.347
  20
77610.525
  30
27.481
  0
VERTEX
  8
GEOMETRY_LAYER_2
  70
32
  10
551022.667
  20
77605.411
  30
26.903
  0
VERTEX
  8
GEOMETRY_LAYER_2
  70
32
  10
551019.514
  20
77602.404
  30
26.933
  0
VERTEX
  8
GEOMETRY_LAYER_2
  70
32
  10
551022.782
  20
77594.374
  30
25.843
  0
VERTEX
  8
GEOMETRY_LAYER_2
  70
32
  10
551027.075
  20
77588.513
  30
24.667
  0
VERTEX
  8
GEOMETRY_LAYER_2
  70
32
  10
551031.462
  20
77582.437
  30
23.393
  0
VERTEX
  8
GEOMETRY_LAYER_2
  70
32
  10
551039.177
  20
77575.890
  30
22.015
  0
VERTEX
  8
GEOMETRY_LAYER_2
  70
32
  10
551044.297
  20
77568.729
  30
21.66
  0
VERTEX
  8
GEOMETRY_LAYER_2
  70
32
  10
551050.163
  20
77562.667
  30
21.974
  0
VERTEX
  8
GEOMETRY_LAYER_2
  70
32
  10
551055.172
  20
77555.894
  30
21.752
  0
VERTEX
  8
GEOMETRY_LAYER_2
  70
32
  10
551060.309
  20
77547.978
  30
21.669
  0
VERTEX
  8
GEOMETRY_LAYER_2
  70
32
  10
551062.690
  20
77539.305
  30
21.891
  0
VERTEX
  8
GEOMETRY_LAYER_2
  70
32
  10
551065.743
  20
77536.351
  30
22.307
  0
VERTEX
  8
GEOMETRY_LAYER_2
  70
32
  10
551069.810
  20
77531.257
  30
22.396
  0
VERTEX
  8
GEOMETRY_LAYER_2
  70
32
  10
551075.255
  20
77525.809
  30
23.066
  0
VERTEX
  8
GEOMETRY_LAYER_2
  70
32
  10
551072.425
  20
77520.129
  30
22.112
  0
VERTEX
  8
GEOMETRY_LAYER_2
  70
32
  10
551069.341
  20
77510.659
  30
21.222
  0
VERTEX
  8
GEOMETRY_LAYER_2
  70
32
  10
551062.269
  20
77509.204
  30
20.118
  0
VERTEX
  8
GEOMETRY_LAYER_2
  70
32
  10
551055.772
  20
77500.139
  30
18.743
  0
VERTEX
  8
GEOMETRY_LAYER_2
  70
32
  10
551045.007
  20
77506.688
  30
19.026
  0
VERTEX
  8
GEOMETRY_LAYER_2
  70
32
  10
551040.122
  20
77509.133
  30
19.039
  0
VERTEX
  8
GEOMETRY_LAYER_2
  70
32
  10
551033.637
  20
77514.427
  30
19.14
  0
VERTEX
  8
GEOMETRY_LAYER_2
  70
32
  10
551025.704
  20
77517.421
  30
19.307
  0
VERTEX
  8
GEOMETRY_LAYER_2
  70
32
  10
551018.080
  20
77521.034
  30
18.956
  0
VERTEX
  8
GEOMETRY_LAYER_2
  70
32
  10
551018.430
  20
77529.404
  30
20.468
  0
VERTEX
  8
GEOMETRY_LAYER_2
  70
32
  10
551019.111
  20
77533.698
  30
21.016
  0
VERTEX
  8
GEOMETRY_LAYER_2
  70
32
  10
551018.420
  20
77545.350
  30
22.241
  0
VERTEX
  8
GEOMETRY_LAYER_2
  70
32
  10
551008.314
  20
77556.451
  30
23.218
  0
VERTEX
  8
GEOMETRY_LAYER_2
  70
32
  10
551000.359
  20
77561.791
  30
23.263
  0
VERTEX
  8
GEOMETRY_LAYER_2
  70
32
  10
550998.805
  20
77571.027
  30
23.395
  0
VERTEX
  8
GEOMETRY_LAYER_2
  70
32
  10
550999.768
  20
77578.999
  30
24.372
  0
VERTEX
  8
GEOMETRY_LAYER_2
  70
32
  10
550999.024
  20
77584.537
  30
25.157
  0
VERTEX
  8
GEOMETRY_LAYER_2
  70
32
  10
550994.732
  20
77593.938
  30
26.348
  0
VERTEX
  8
GEOMETRY_LAYER_2
  70
32
  10
550991.511
  20
77599.344
  30
26.607
  0
VERTEX
  8
GEOMETRY_LAYER_2
  70
32
  10
550986.442
  20
77604.116
  30
26.594
  0
VERTEX
  8
GEOMETRY_LAYER_2
  70
32
  10
550980.492
  20
77609.523
  30
26.765
  0
VERTEX
  8
GEOMETRY_LAYER_2
  70
32
  10
550973.387
  20
77615.287
  30
26.923
  0
VERTEX
  8
GEOMETRY_LAYER_2
  70
32
  10
550967.914
  20
77623.023
  30
27.873
  0
VERTEX
  8
GEOMETRY_LAYER_2
  70
32
  10
550965.184
  20
77632.809
  30
28.449
  0
VERTEX
  8
GEOMETRY_LAYER_2
  70
32
  10
550964.133
  20
77639.470
  30
28.944
  0
VERTEX
  8
GEOMETRY_LAYER_2
  70
32
  10
550963.583
  20
77647.450
  30
29.619
  0
VERTEX
  8
GEOMETRY_LAYER_2
  70
32
  10
550960.816
  20
77659.219
  30
30.334
  0
VERTEX
  8
GEOMETRY_LAYER_2
  70
32
  10
550959.059
  20
77665.102
  30
30.904
  0
VERTEX
  8
GEOMETRY_LAYER_2
  70
32
  10
550955.845
  20
77674.355
  30
31.298
  0
VERTEX
  8
GEOMETRY_LAYER_2
  70
32
  10
550954.401
  20
77683.700
  30
32.051
  0
VERTEX
  8
GEOMETRY_LAYER_2
  70
32
  10
550953.308
  20
77690.074
  30
32.304
  0
VERTEX
  8
GEOMETRY_LAYER_2
  70
32
  10
550951.487
  20
77694.793
  30
33.326
  0
VERTEX
  8
GEOMETRY_LAYER_2
  70
32
  10
550951.348
  20
77697.925
  30
33.444
  0
VERTEX
  8
GEOMETRY_LAYER_2
  70
32
  10
550948.675
  20
77710.254
  30
34.822
  0
SEQEND
  8
GEOMETRY_LAYER_2
  0
POLYLINE
  8
GEOMETRY_LAYER_2
  70
8
  66
1
 62
3
 39
1
  0
VERTEX
  8
GEOMETRY_LAYER_2
  70
32
  10
550945.238
  20
77709.595
  30
34.822
  0
VERTEX
  8
GEOMETRY_LAYER_2
  70
32
  10
550942.949
  20
77721.528
  30
34.863
  0
VERTEX
  8
GEOMETRY_LAYER_2
  70
32
  10
550939.845
  20
77733.551
  30
36.234
  0
VERTEX
  8
GEOMETRY_LAYER_2
  70
32
  10
550937.381
  20
77741.685
  30
37.022
  0
VERTEX
  8
GEOMETRY_LAYER_2
  70
32
  10
550934.853
  20
77751.787
  30
37.381
  0
VERTEX
  8
GEOMETRY_LAYER_2
  70
32
  10
550930.271
  20
77765.467
  30
37.929
  0
VERTEX
  8
GEOMETRY_LAYER_2
  70
32
  10
550915.431
  20
77780.430
  30
37.341
  0
VERTEX
  8
GEOMETRY_LAYER_2
  70
32
  10
550907.368
  20
77787.261
  30
90.062
  0
VERTEX
  8
GEOMETRY_LAYER_2
  70
32
  10
550907.999
  20
77804.316
  30
37.555
  0
VERTEX
  8
GEOMETRY_LAYER_2
  70
32
  10
550909.642
  20
77811.879
  30
37.784
  0
VERTEX
  8
GEOMETRY_LAYER_2
  70
32
  10
550910.421
  20
77818.552
  30
37.883
  0
VERTEX
  8
GEOMETRY_LAYER_2
  70
32
  10
550911.620
  20
77825.304
  30
38.315
  0
VERTEX
  8
GEOMETRY_LAYER_2
  70
32
  10
550913.576
  20
77840.309
  30
38.895
  0
VERTEX
  8
GEOMETRY_LAYER_2
  70
32
  10
550915.063
  20
77848.532
  30
39.223
  0
VERTEX
  8
GEOMETRY_LAYER_2
  70
32
  10
550914.811
  20
77859.747
  30
39.205
  0
VERTEX
  8
GEOMETRY_LAYER_2
  70
32
  10
550918.282
  20
77875.236
  30
39.304
  0
VERTEX
  8
GEOMETRY_LAYER_2
  70
32
  10
550922.935
  20
77889.765
  30
39.446
  0
VERTEX
  8
GEOMETRY_LAYER_2
  70
32
  10
550922.961
  20
77898.094
  30
40.504
  0
VERTEX
  8
GEOMETRY_LAYER_2
  70
32
  10
550923.718
  20
77906.464
  30
41.026
  0
VERTEX
  8
GEOMETRY_LAYER_2
  70
32
  10
550923.441
  20
77916.636
  30
41.585
  0
VERTEX
  8
GEOMETRY_LAYER_2
  70
32
  10
550928.017
  20
77924.496
  30
41.729
  0
VERTEX
  8
GEOMETRY_LAYER_2
  70
32
  10
550938.006
  20
77924.467
  30
41.683
  0
VERTEX
  8
GEOMETRY_LAYER_2
  70
32
  10
550945.305
  20
77925.702
  30
42.046
  0
VERTEX
  8
GEOMETRY_LAYER_2
  70
32
  10
550949.926
  20
77907.255
  30
41.6
  0
VERTEX
  8
GEOMETRY_LAYER_2
  70
32
  10
550953.524
  20
77894.001
  30
41.113
  0
VERTEX
  8
GEOMETRY_LAYER_2
  70
32
  10
550953.023
  20
77886.509
  30
40.955
  0
VERTEX
  8
GEOMETRY_LAYER_2
  70
32
  10
550953.355
  20
77873.895
  30
40.705
  0
VERTEX
  8
GEOMETRY_LAYER_2
  70
32
  10
550951.248
  20
77859.307
  30
40.008
  0
VERTEX
  8
GEOMETRY_LAYER_2
  70
32
  10
550951.744
  20
77850.938
  30
39.82
  0
VERTEX
  8
GEOMETRY_LAYER_2
  70
32
  10
550952.166
  20
77841.464
  30
39.551
  0
VERTEX
  8
GEOMETRY_LAYER_2
  70
32
  10
550954.779
  20
77824.521
  30
38.745
  0
VERTEX
  8
GEOMETRY_LAYER_2
  70
32
  10
550956.107
  20
77813.508
  30
37.98
  0
VERTEX
  8
GEOMETRY_LAYER_2
  70
32
  10
550958.638
  20
77797.361
  30
37.822
  0
VERTEX
  8
GEOMETRY_LAYER_2
  70
32
  10
550962.052
  20
77781.897
  30
37.595
  0
VERTEX
  8
GEOMETRY_LAYER_2
  70
32
  10
550966.266
  20
77765.615
  30
37.057
  0
VERTEX
  8
GEOMETRY_LAYER_2
  70
32
  10
550968.071
  20
77755.876
  30
36.08
  0
VERTEX
  8
GEOMETRY_LAYER_2
  70
32
  10
550970.803
  20
77744.732
  30
35.755
  0
VERTEX
  8
GEOMETRY_LAYER_2
  70
32
  10
550972.539
  20
77729.885
  30
35.075
  0
VERTEX
  8
GEOMETRY_LAYER_2
  70
32
  10
550978.465
  20
77713.895
  30
33.342
  0
VERTEX
  8
GEOMETRY_LAYER_2
  70
32
  10
550982.531
  20
77698.142
  30
32.954
  0
VERTEX
  8
GEOMETRY_LAYER_2
  70
32
  10
550985.018
  20
77692.044
  30
32.452
  0
VERTEX
  8
GEOMETRY_LAYER_2
  70
32
  10
550987.277
  20
77682.985
  30
32.004
  0
VERTEX
  8
GEOMETRY_LAYER_2
  70
32
  10
550987.999
  20
77674.887
  30
31.596
  0
VERTEX
  8
GEOMETRY_LAYER_2
  70
32
  10
550990.003
  20
77670.266
  30
31.221
  0
VERTEX
  8
GEOMETRY_LAYER_2
  70
32
  10
550992.922
  20
77663.363
  30
30.757
  0
VERTEX
  8
GEOMETRY_LAYER_2
  70
32
  10
550995.644
  20
77658.172
  30
30.428
  0
VERTEX
  8
GEOMETRY_LAYER_2
  70
32
  10
550998.661
  20
77653.323
  30
30.255
  0
VERTEX
  8
GEOMETRY_LAYER_2
  70
32
  10
551003.457
  20
77644.760
  30
30.108
  0
VERTEX
  8
GEOMETRY_LAYER_2
  70
32
  10
551006.541
  20
77639.133
  30
29.592
  0
VERTEX
  8
GEOMETRY_LAYER_2
  70
32
  10
551011.125
  20
77632.970
  30
28.885
  0
VERTEX
  8
GEOMETRY_LAYER_2
  70
32
  10
551013.695
  20
77628.326
  30
28.441
  0
VERTEX
  8
GEOMETRY_LAYER_2
  70
32
  10
551016.880
  20
77623.673
  30
28.26
  0
VERTEX
  8
GEOMETRY_LAYER_2
  70
32
  10
551020.541
  20
77617.960
  30
27.915
  0
VERTEX
  8
GEOMETRY_LAYER_2
  70
32
  10
551025.766
  20
77611.923
  30
27.481
  0
VERTEX
  8
GEOMETRY_LAYER_2
  70
32
  10
551026.262
  20
77604.003
  30
26.903
  0
VERTEX
  8
GEOMETRY_LAYER_2
  70
32
  10
551023.654
  20
77601.516
  30
26.933
  0
VERTEX
  8
GEOMETRY_LAYER_2
  70
32
  10
551025.861
  20
77596.094
  30
25.843
  0
VERTEX
  8
GEOMETRY_LAYER_2
  70
32
  10
551029.905
  20
77590.572
  30
24.667
  0
VERTEX
  8
GEOMETRY_LAYER_2
  70
32
  10
551034.051
  20
77584.831
  30
23.393
  0
VERTEX
  8
GEOMETRY_LAYER_2
  70
32
  10
551041.772
  20
77578.279
  30
22.015
  0
VERTEX
  8
GEOMETRY_LAYER_2
  70
32
  10
551046.993
  20
77570.976
  30
21.66
  0
VERTEX
  8
GEOMETRY_LAYER_2
  70
32
  10
551052.839
  20
77564.934
  30
21.974
  0
VERTEX
  8
GEOMETRY_LAYER_2
  70
32
  10
551058.049
  20
77557.889
  30
21.752
  0
VERTEX
  8
GEOMETRY_LAYER_2
  70
32
  10
551063.540
  20
77549.429
  30
21.669
  0
VERTEX
  8
GEOMETRY_LAYER_2
  70
32
  10
551065.811
  20
77541.155
  30
21.891
  0
VERTEX
  8
GEOMETRY_LAYER_2
  70
32
  10
551068.338
  20
77538.711
  30
22.307
  0
VERTEX
  8
GEOMETRY_LAYER_2
  70
32
  10
551072.423
  20
77533.593
  30
22.396
  0
VERTEX
  8
GEOMETRY_LAYER_2
  70
32
  10
551079.510
  20
77526.503
  30
23.066
  0
VERTEX
  8
GEOMETRY_LAYER_2
  70
32
  10
551075.673
  20
77518.800
  30
22.112
  0
VERTEX
  8
GEOMETRY_LAYER_2
  70
32
  10
551072.039
  20
77507.640
  30
21.222
  0
VERTEX
  8
GEOMETRY_LAYER_2
  70
32
  10
551064.316
  20
77506.052
  30
20.118
  0
VERTEX
  8
GEOMETRY_LAYER_2
  70
32
  10
551056.726
  20
77495.463
  30
18.743
  0
VERTEX
  8
GEOMETRY_LAYER_2
  70
32
  10
551043.311
  20
77503.623
  30
19.026
  0
VERTEX
  8
GEOMETRY_LAYER_2
  70
32
  10
551038.209
  20
77506.177
  30
19.039
  0
VERTEX
  8
GEOMETRY_LAYER_2
  70
32
  10
551031.866
  20
77511.354
  30
19.14
  0
VERTEX
  8
GEOMETRY_LAYER_2
  70
32
  10
551024.334
  20
77514.197
  30
19.307
  0
VERTEX
  8
GEOMETRY_LAYER_2
  70
32
  10
551014.486
  20
77518.864
  30
18.956
  0
VERTEX
  8
GEOMETRY_LAYER_2
  70
32
  10
551014.941
  20
77529.753
  30
20.468
  0
VERTEX
  8
GEOMETRY_LAYER_2
  70
32
  10
551015.594
  20
77533.871
  30
21.016
  0
VERTEX
  8
GEOMETRY_LAYER_2
  70
32
  10
551014.999
  20
77543.909
  30
22.241
  0
VERTEX
  8
GEOMETRY_LAYER_2
  70
32
  10
551006.011
  20
77553.781
  30
23.218
  0
VERTEX
  8
GEOMETRY_LAYER_2
  70
32
  10
550997.157
  20
77559.724
  30
23.263
  0
VERTEX
  8
GEOMETRY_LAYER_2
  70
32
  10
550995.269
  20
77570.945
  30
23.395
  0
VERTEX
  8
GEOMETRY_LAYER_2
  70
32
  10
550996.239
  20
77578.975
  30
24.372
  0
VERTEX
  8
GEOMETRY_LAYER_2
  70
32
  10
550995.624
  20
77583.556
  30
25.157
  0
VERTEX
  8
GEOMETRY_LAYER_2
  70
32
  10
550991.627
  20
77592.311
  30
26.348
  0
VERTEX
  8
GEOMETRY_LAYER_2
  70
32
  10
550988.755
  20
77597.131
  30
26.607
  0
VERTEX
  8
GEOMETRY_LAYER_2
  70
32
  10
550984.065
  20
77601.547
  30
26.594
  0
VERTEX
  8
GEOMETRY_LAYER_2
  70
32
  10
550978.210
  20
77606.867
  30
26.765
  0
VERTEX
  8
GEOMETRY_LAYER_2
  70
32
  10
550970.808
  20
77612.872
  30
26.923
  0
VERTEX
  8
GEOMETRY_LAYER_2
  70
32
  10
550964.706
  20
77621.498
  30
27.873
  0
VERTEX
  8
GEOMETRY_LAYER_2
  70
32
  10
550961.758
  20
77632.064
  30
28.449
  0
VERTEX
  8
GEOMETRY_LAYER_2
  70
32
  10
550960.652
  20
77639.077
  30
28.944
  0
VERTEX
  8
GEOMETRY_LAYER_2
  70
32
  10
550960.111
  20
77646.926
  30
29.619
  0
VERTEX
  8
GEOMETRY_LAYER_2
  70
32
  10
550957.432
  20
77658.316
  30
30.334
  0
VERTEX
  8
GEOMETRY_LAYER_2
  70
32
  10
550955.727
  20
77664.027
  30
30.904
  0
VERTEX
  8
GEOMETRY_LAYER_2
  70
32
  10
550952.434
  20
77673.507
  30
31.298
  0
VERTEX
  8
GEOMETRY_LAYER_2
  70
32
  10
550950.946
  20
77683.137
  30
32.051
  0
VERTEX
  8
GEOMETRY_LAYER_2
  70
32
  10
550949.917
  20
77689.139
  30
32.304
  0
VERTEX
  8
GEOMETRY_LAYER_2
  70
32
  10
550948.015
  20
77694.066
  30
33.326
  0
VERTEX
  8
GEOMETRY_LAYER_2
  70
32
  10
550947.865
  20
77697.473
  30
33.444
  0
VERTEX
  8
GEOMETRY_LAYER_2
  70
32
  10
550945.255
  20
77709.512
  30
34.822
  0
VERTEX
  8
GEOMETRY_LAYER_2
  70
32
  10
550945.238
  20
77709.595
  30
34.822
  0
SEQEND
  8
GEOMETRY_LAYER_2
  0
POLYLINE
  8
GEOMETRY_LAYER_2
  70
8
  66
1
 62
3
 39
1
  0
VERTEX
  8
GEOMETRY_LAYER_2
  70
32
  10
551138.029
  20
76961.183
  30
2.969
  0
VERTEX
  8
GEOMETRY_LAYER_2
  70
32
  10
551138.546
  20
76972.270
  30
2.961
  0
VERTEX
  8
GEOMETRY_LAYER_2
  70
32
  10
551131.940
  20
76977.929
  30
2.537
  0
VERTEX
  8
GEOMETRY_LAYER_2
  70
32
  10
551132.580
  20
76984.968
  30
2.66
  0
VERTEX
  8
GEOMETRY_LAYER_2
  70
32
  10
551133.214
  20
76994.776
  30
2.464
  0
VERTEX
  8
GEOMETRY_LAYER_2
  70
32
  10
551134.454
  20
77006.186
  30
2.415
  0
VERTEX
  8
GEOMETRY_LAYER_2
  70
32
  10
551121.814
  20
77014.569
  30
2.388
  0
VERTEX
  8
GEOMETRY_LAYER_2
  70
32
  10
551112.319
  20
76997.119
  30
2.359
  0
VERTEX
  8
GEOMETRY_LAYER_2
  70
32
  10
551111.428
  20
76987.027
  30
2.503
  0
VERTEX
  8
GEOMETRY_LAYER_2
  70
32
  10
551111.035
  20
76977.929
  30
2.476
  0
VERTEX
  8
GEOMETRY_LAYER_2
  70
32
  10
551110.461
  20
76967.364
  30
2.718
  0
VERTEX
  8
GEOMETRY_LAYER_2
  70
32
  10
551109.245
  20
76960.049
  30
2.884
  0
VERTEX
  8
GEOMETRY_LAYER_2
  70
32
  10
551108.907
  20
76959.851
  30
2.867
  0
VERTEX
  8
GEOMETRY_LAYER_2
  70
32
  10
551108.636
  20
76948.467
  30
3.091
  0
VERTEX
  8
GEOMETRY_LAYER_2
  70
32
  10
551107.932
  20
76939.164
  30
3.497
  0
VERTEX
  8
GEOMETRY_LAYER_2
  70
32
  10
551107.915
  20
76929.346
  30
4.031
  0
VERTEX
  8
GEOMETRY_LAYER_2
  70
32
  10
551106.454
  20
76920.327
  30
3.696
  0
VERTEX
  8
GEOMETRY_LAYER_2
  70
32
  10
551106.107
  20
76910.474
  30
3.71
  0
VERTEX
  8
GEOMETRY_LAYER_2
  70
32
  10
551105.514
  20
76897.659
  30
3.706
  0
VERTEX
  8
GEOMETRY_LAYER_2
  70
32
  10
551115.097
  20
76899.583
  30
55.669
  0
VERTEX
  8
GEOMETRY_LAYER_2
  70
32
  10
551122.689
  20
76893.763
  30
55.84
  0
VERTEX
  8
GEOMETRY_LAYER_2
  70
32
  10
551131.159
  20
76903.195
  30
4.178
  0
VERTEX
  8
GEOMETRY_LAYER_2
  70
32
  10
551134.076
  20
76913.180
  30
4.368
  0
VERTEX
  8
GEOMETRY_LAYER_2
  70
32
  10
551134.913
  20
76922.833
  30
4.467
  0
VERTEX
  8
GEOMETRY_LAYER_2
  70
32
  10
551136.048
  20
76932.325
  30
4.019
  0
VERTEX
  8
GEOMETRY_LAYER_2
  70
32
  10
551136.818
  20
76942.111
  30
3.377
  0
VERTEX
  8
GEOMETRY_LAYER_2
  70
32
  10
551136.848
  20
76954.373
  30
2.89
  0
VERTEX
  8
GEOMETRY_LAYER_2
  70
32
  10
551138.029
  20
76961.183
  30
2.969
  0
SEQEND
  8
GEOMETRY_LAYER_2
  0
POLYLINE
  8
GEOMETRY_LAYER_2
  70
8
  66
1
 62
3
 39
1
  0
VERTEX
  8
GEOMETRY_LAYER_2
  70
32
  10
551134.532
  20
76961.346
  30
2.969
  0
VERTEX
  8
GEOMETRY_LAYER_2
  70
32
  10
551134.970
  20
76970.725
  30
2.961
  0
VERTEX
  8
GEOMETRY_LAYER_2
  70
32
  10
551128.290
  20
76976.445
  30
2.537
  0
VERTEX
  8
GEOMETRY_LAYER_2
  70
32
  10
551129.090
  20
76985.239
  30
2.66
  0
VERTEX
  8
GEOMETRY_LAYER_2
  70
32
  10
551129.726
  20
76995.079
  30
2.464
  0
VERTEX
  8
GEOMETRY_LAYER_2
  70
32
  10
551130.744
  20
77004.446
  30
2.415
  0
VERTEX
  8
GEOMETRY_LAYER_2
  70
32
  10
551123.062
  20
77009.541
  30
2.388
  0
VERTEX
  8
GEOMETRY_LAYER_2
  70
32
  10
551115.741
  20
76996.086
  30
2.359
  0
VERTEX
  8
GEOMETRY_LAYER_2
  70
32
  10
551114.922
  20
76986.798
  30
2.503
  0
VERTEX
  8
GEOMETRY_LAYER_2
  70
32
  10
551114.531
  20
76977.758
  30
2.476
  0
VERTEX
  8
GEOMETRY_LAYER_2
  70
32
  10
551113.946
  20
76966.980
  30
2.718
  0
VERTEX
  8
GEOMETRY_LAYER_2
  70
32
  10
551112.428
  20
76957.855
  30
2.884
  0
VERTEX
  8
GEOMETRY_LAYER_2
  70
32
  10
551112.360
  20
76957.815
  30
2.867
  0
VERTEX
  8
GEOMETRY_LAYER_2
  70
32
  10
551112.133
  20
76948.293
  30
3.091
  0
VERTEX
  8
GEOMETRY_LAYER_2
  70
32
  10
551111.432
  20
76939.028
  30
3.497
  0
VERTEX
  8
GEOMETRY_LAYER_2
  70
32
  10
551111.414
  20
76929.060
  30
4.031
  0
VERTEX
  8
GEOMETRY_LAYER_2
  70
32
  10
551109.944
  20
76919.984
  30
3.696
  0
VERTEX
  8
GEOMETRY_LAYER_2
  70
32
  10
551109.604
  20
76910.331
  30
3.71
  0
VERTEX
  8
GEOMETRY_LAYER_2
  70
32
  10
551109.217
  20
76901.973
  30
3.706
  0
VERTEX
  8
GEOMETRY_LAYER_2
  70
32
  10
551115.965
  20
76903.328
  30
55.669
  0
VERTEX
  8
GEOMETRY_LAYER_2
  70
32
  10
551122.249
  20
76898.511
  30
55.84
  0
VERTEX
  8
GEOMETRY_LAYER_2
  70
32
  10
551128.023
  20
76904.941
  30
4.178
  0
VERTEX
  8
GEOMETRY_LAYER_2
  70
32
  10
551130.619
  20
76913.828
  30
4.368
  0
VERTEX
  8
GEOMETRY_LAYER_2
  70
32
  10
551131.431
  20
76923.192
  30
4.467
  0
VERTEX
  8
GEOMETRY_LAYER_2
  70
32
  10
551132.564
  20
76932.671
  30
4.019
  0
VERTEX
  8
GEOMETRY_LAYER_2
  70
32
  10
551133.318
  20
76942.254
  30
3.377
  0
VERTEX
  8
GEOMETRY_LAYER_2
  70
32
  10
551133.348
  20
76954.382
  30
2.89
  0
VERTEX
  8
GEOMETRY_LAYER_2
  70
32
  10
551134.532
  20
76961.346
  30
2.969
  0
SEQEND
  8
GEOMETRY_LAYER_2
  0
POLYLINE
  8
GEOMETRY_WORK_LAYER
  70
8
  66
1
 62
1
 39
1
  0
VERTEX
  8
GEOMETRY_WORK_LAYER
  70
32
  10
550929.428
  20
78139.188
  30
62.716
  0
VERTEX
  8
GEOMETRY_WORK_LAYER
  70
32
  10
550901.444
  20
78132.329
  30
55.594
  0
VERTEX
  8
GEOMETRY_WORK_LAYER
  70
32
  10
550901.944
  20
78138.766
  30
62.881
  0
VERTEX
  8
GEOMETRY_WORK_LAYER
  70
32
  10
550899.866
  20
78148.016
  30
63.744
  0
VERTEX
  8
GEOMETRY_WORK_LAYER
  70
32
  10
550892.733
  20
78154.219
  30
65.077
  0
VERTEX
  8
GEOMETRY_WORK_LAYER
  70
32
  10
550883.632
  20
78159.844
  30
65.201
  0
VERTEX
  8
GEOMETRY_WORK_LAYER
  70
32
  10
550877.280
  20
78165.782
  30
66.406
  0
VERTEX
  8
GEOMETRY_WORK_LAYER
  70
32
  10
550872.218
  20
78171.266
  30
66.919
  0
VERTEX
  8
GEOMETRY_WORK_LAYER
  70
32
  10
550869.561
  20
78180.110
  30
67.968
  0
VERTEX
  8
GEOMETRY_WORK_LAYER
  70
32
  10
550877.780
  20
78198.407
  30
68.267
  0
VERTEX
  8
GEOMETRY_WORK_LAYER
  70
32
  10
550884.249
  20
78192.532
  30
67.215
  0
VERTEX
  8
GEOMETRY_WORK_LAYER
  70
32
  10
550892.421
  20
78186.188
  30
66.308
  0
VERTEX
  8
GEOMETRY_WORK_LAYER
  70
32
  10
550906.335
  20
78173.907
  30
65.156
  0
VERTEX
  8
GEOMETRY_WORK_LAYER
  70
32
  10
550911.593
  20
78169.657
  30
64.507
  0
VERTEX
  8
GEOMETRY_WORK_LAYER
  70
32
  10
550923.319
  20
78164.360
  30
65.409
  0
VERTEX
  8
GEOMETRY_WORK_LAYER
  70
32
  10
550926.460
  20
78157.141
  30
65.013
  0
VERTEX
  8
GEOMETRY_WORK_LAYER
  70
32
  10
550929.428
  20
78139.188
  30
62.716
  0
SEQEND
  8
GEOMETRY_WORK_LAYER
  0
POLYLINE
  8
GEOMETRY_WORK_LAYER
  70
8
  66
1
 62
1
 39
1
  0
VERTEX
  8
GEOMETRY_WORK_LAYER
  70
32
  10
550933.410
  20
78136.560
  30
62.716
  0
VERTEX
  8
GEOMETRY_WORK_LAYER
  70
32
  10
550897.580
  20
78127.778
  30
55.594
  0
VERTEX
  8
GEOMETRY_WORK_LAYER
  70
32
  10
550898.414
  20
78138.512
  30
62.881
  0
VERTEX
  8
GEOMETRY_WORK_LAYER
  70
32
  10
550896.703
  20
78146.129
  30
63.744
  0
VERTEX
  8
GEOMETRY_WORK_LAYER
  70
32
  10
550890.651
  20
78151.391
  30
65.077
  0
VERTEX
  8
GEOMETRY_WORK_LAYER
  70
32
  10
550881.496
  20
78157.050
  30
65.201
  0
VERTEX
  8
GEOMETRY_WORK_LAYER
  70
32
  10
550874.796
  20
78163.313
  30
66.406
  0
VERTEX
  8
GEOMETRY_WORK_LAYER
  70
32
  10
550869.098
  20
78169.486
  30
66.919
  0
VERTEX
  8
GEOMETRY_WORK_LAYER
  70
32
  10
550865.834
  20
78180.353
  30
67.968
  0
VERTEX
  8
GEOMETRY_WORK_LAYER
  70
32
  10
550876.563
  20
78204.240
  30
68.267
  0
VERTEX
  8
GEOMETRY_WORK_LAYER
  70
32
  10
550886.502
  20
78195.214
  30
67.215
  0
VERTEX
  8
GEOMETRY_WORK_LAYER
  70
32
  10
550894.654
  20
78188.885
  30
66.308
  0
VERTEX
  8
GEOMETRY_WORK_LAYER
  70
32
  10
550908.594
  20
78176.581
  30
65.156
  0
VERTEX
  8
GEOMETRY_WORK_LAYER
  70
32
  10
550913.443
  20
78172.662
  30
64.507
  0
VERTEX
  8
GEOMETRY_WORK_LAYER
  70
32
  10
550925.990
  20
78166.994
  30
65.409
  0
VERTEX
  8
GEOMETRY_WORK_LAYER
  70
32
  10
550929.842
  20
78158.140
  30
65.013
  0
VERTEX
  8
GEOMETRY_WORK_LAYER
  70
32
  10
550933.410
  20
78136.560
  30
62.716
  0
SEQEND
  8
GEOMETRY_WORK_LAYER
  0
POLYLINE
  8
GEOMETRY_WORK_LAYER
  70
8
  66
1
 62
3
 39
1
  0
VERTEX
  8
GEOMETRY_WORK_LAYER
  70
32
  10
550932.329
  20
78033.228
  30
49.606
  0
VERTEX
  8
GEOMETRY_WORK_LAYER
  70
32
  10
550934.284
  20
78023.533
  30
48.862
  0
VERTEX
  8
GEOMETRY_WORK_LAYER
  70
32
  10
550938.614
  20
77969.392
  30
44.423
  0
VERTEX
  8
GEOMETRY_WORK_LAYER
  70
32
  10
550938.456
  20
77961.017
  30
43.788
  0
VERTEX
  8
GEOMETRY_WORK_LAYER
  70
32
  10
550939.546
  20
77951.930
  30
43.21
  0
VERTEX
  8
GEOMETRY_WORK_LAYER
  70
32
  10
550939.100
  20
77942.495
  30
42.716
  0
VERTEX
  8
GEOMETRY_WORK_LAYER
  70
32
  10
550939.769
  20
77932.674
  30
42.134
  0
VERTEX
  8
GEOMETRY_WORK_LAYER
  70
32
  10
550941.459
  20
77920.994
  30
41.819
  0
VERTEX
  8
GEOMETRY_WORK_LAYER
  70
32
  10
550920.141
  20
77924.717
  30
41.565
  0
VERTEX
  8
GEOMETRY_WORK_LAYER
  70
32
  10
550912.368
  20
77928.032
  30
41.469
  0
VERTEX
  8
GEOMETRY_WORK_LAYER
  70
32
  10
550907.303
  20
77930.929
  30
41.57
  0
VERTEX
  8
GEOMETRY_WORK_LAYER
  70
32
  10
550904.447
  20
77941.473
  30
41.505
  0
VERTEX
  8
GEOMETRY_WORK_LAYER
  70
32
  10
550903.040
  20
77949.641
  30
43.929
  0
VERTEX
  8
GEOMETRY_WORK_LAYER
  70
32
  10
550901.671
  20
77956.510
  30
44.795
  0
VERTEX
  8
GEOMETRY_WORK_LAYER
  70
32
  10
550902.483
  20
77960.365
  30
44.392
  0
VERTEX
  8
GEOMETRY_WORK_LAYER
  70
32
  10
550902.466
  20
77969.057
  30
45.056
  0
VERTEX
  8
GEOMETRY_WORK_LAYER
  70
32
  10
550903.971
  20
77978.023
  30
45.741
  0
VERTEX
  8
GEOMETRY_WORK_LAYER
  70
32
  10
550903.678
  20
77983.133
  30
45.871
  0
VERTEX
  8
GEOMETRY_WORK_LAYER
  70
32
  10
550904.873
  20
77990.512
  30
46.934
  0
VERTEX
  8
GEOMETRY_WORK_LAYER
  70
32
  10
550904.322
  20
78000.649
  30
47.502
  0
VERTEX
  8
GEOMETRY_WORK_LAYER
  70
32
  10
550903.894
  20
78009.279
  30
48.458
  0
VERTEX
  8
GEOMETRY_WORK_LAYER
  70
32
  10
550904.159
  20
78017.711
  30
49.601
  0
VERTEX
  8
GEOMETRY_WORK_LAYER
  70
32
  10
550902.561
  20
78026.728
  30
50.316
  0
VERTEX
  8
GEOMETRY_WORK_LAYER
  70
32
  10
550901.190
  20
78034.666
  30
50.791
  0
VERTEX
  8
GEOMETRY_WORK_LAYER
  70
32
  10
550932.329
  20
78033.228
  30
49.606
  0
SEQEND
  8
GEOMETRY_WORK_LAYER
  0
POLYLINE
  8
GEOMETRY_WORK_LAYER
  70
8
  66
1
 62
3
 39
1
  0
VERTEX
  8
GEOMETRY_WORK_LAYER
  70
32
  10
550935.220
  20
78036.598
  30
49.606
  0
VERTEX
  8
GEOMETRY_WORK_LAYER
  70
32
  10
550937.756
  20
78024.020
  30
48.862
  0
VERTEX
  8
GEOMETRY_WORK_LAYER
  70
32
  10
550942.117
  20
77969.499
  30
44.423
  0
VERTEX
  8
GEOMETRY_WORK_LAYER
  70
32
  10
550941.960
  20
77961.193
  30
43.788
  0
VERTEX
  8
GEOMETRY_WORK_LAYER
  70
32
  10
550943.056
  20
77952.057
  30
43.21
  0
VERTEX
  8
GEOMETRY_WORK_LAYER
  70
32
  10
550942.605
  20
77942.531
  30
42.716
  0
VERTEX
  8
GEOMETRY_WORK_LAYER
  70
32
  10
550943.252
  20
77933.044
  30
42.134
  0
VERTEX
  8
GEOMETRY_WORK_LAYER
  70
32
  10
550945.615
  20
77916.716
  30
41.819
  0
VERTEX
  8
GEOMETRY_WORK_LAYER
  70
32
  10
550919.141
  20
77921.339
  30
41.565
  0
VERTEX
  8
GEOMETRY_WORK_LAYER
  70
32
  10
550910.807
  20
77924.892
  30
41.469
  0
VERTEX
  8
GEOMETRY_WORK_LAYER
  70
32
  10
550904.305
  20
77928.613
  30
41.57
  0
VERTEX
  8
GEOMETRY_WORK_LAYER
  70
32
  10
550901.026
  20
77940.717
  30
41.505
  0
VERTEX
  8
GEOMETRY_WORK_LAYER
  70
32
  10
550899.598
  20
77949.002
  30
43.929
  0
VERTEX
  8
GEOMETRY_WORK_LAYER
  70
32
  10
550898.098
  20
77956.530
  30
44.795
  0
VERTEX
  8
GEOMETRY_WORK_LAYER
  70
32
  10
550898.983
  20
77960.726
  30
44.392
  0
VERTEX
  8
GEOMETRY_WORK_LAYER
  70
32
  10
550898.966
  20
77969.345
  30
45.056
  0
VERTEX
  8
GEOMETRY_WORK_LAYER
  70
32
  10
550900.455
  20
77978.216
  30
45.741
  0
VERTEX
  8
GEOMETRY_WORK_LAYER
  70
32
  10
550900.162
  20
77983.314
  30
45.871
  0
VERTEX
  8
GEOMETRY_WORK_LAYER
  70
32
  10
550901.358
  20
77990.699
  30
46.934
  0
VERTEX
  8
GEOMETRY_WORK_LAYER
  70
32
  10
550900.827
  20
78000.468
  30
47.502
  0
VERTEX
  8
GEOMETRY_WORK_LAYER
  70
32
  10
550900.391
  20
78009.247
  30
48.458
  0
VERTEX
  8
GEOMETRY_WORK_LAYER
  70
32
  10
550900.649
  20
78017.458
  30
49.601
  0
VERTEX
  8
GEOMETRY_WORK_LAYER
  70
32
  10
550899.113
  20
78026.125
  30
50.316
  0
VERTEX
  8
GEOMETRY_WORK_LAYER
  70
32
  10
550897.000
  20
78038.363
  30
50.791
  0
VERTEX
  8
GEOMETRY_WORK_LAYER
  70
32
  10
550935.220
  20
78036.598
  30
49.606
  0
SEQEND
  8
GEOMETRY_WORK_LAYER
  0
POLYLINE
  8
GEOMETRY_WORK_LAYER
  70
8
  66
1
 62
1
 39
1
  0
VERTEX
  8
GEOMETRY_WORK_LAYER
  70
32
  10
552249.149
  20
78989.870
  30
-24.57
  0
VERTEX
  8
GEOMETRY_WORK_LAYER
  70
32
  10
552244.994
  20
78981.315
  30
-24.271
  0
VERTEX
  8
GEOMETRY_WORK_LAYER
  70
32
  10
552249.692
  20
78969.859
  30
-23.039
  0
VERTEX
  8
GEOMETRY_WORK_LAYER
  70
32
  10
552255.317
  20
78951.570
  30
-20.811
  0
VERTEX
  8
GEOMETRY_WORK_LAYER
  70
32
  10
552260.743
  20
78934.189
  30
-20.551
  0
VERTEX
  8
GEOMETRY_WORK_LAYER
  70
32
  10
552262.362
  20
78928.720
  30
-20.699
  0
VERTEX
  8
GEOMETRY_WORK_LAYER
  70
32
  10
552252.927
  20
78929.867
  30
-21.75
  0
VERTEX
  8
GEOMETRY_WORK_LAYER
  70
32
  10
552246.826
  20
78927.984
  30
-22.138
  0
VERTEX
  8
GEOMETRY_WORK_LAYER
  70
32
  10
552237.930
  20
78930.720
  30
-22.943
  0
VERTEX
  8
GEOMETRY_WORK_LAYER
  70
32
  10
552228.633
  20
78935.769
  30
-23.382
  0
VERTEX
  8
GEOMETRY_WORK_LAYER
  70
32
  10
552225.323
  20
78938.007
  30
-23.651
  0
VERTEX
  8
GEOMETRY_WORK_LAYER
  70
32
  10
552221.117
  20
78941.675
  30
-24.143
  0
VERTEX
  8
GEOMETRY_WORK_LAYER
  70
32
  10
552221.130
  20
78946.864
  30
-24.48
  0
VERTEX
  8
GEOMETRY_WORK_LAYER
  70
32
  10
552217.688
  20
78950.948
  30
-24.352
  0
VERTEX
  8
GEOMETRY_WORK_LAYER
  70
32
  10
552215.527
  20
78965.703
  30
-24.924
  0
VERTEX
  8
GEOMETRY_WORK_LAYER
  70
32
  10
552210.800
  20
78972.920
  30
-25.114
  0
VERTEX
  8
GEOMETRY_WORK_LAYER
  70
32
  10
552207.420
  20
78981.455
  30
-25.909
  0
VERTEX
  8
GEOMETRY_WORK_LAYER
  70
32
  10
552204.461
  20
78996.286
  30
-27.833
  0
VERTEX
  8
GEOMETRY_WORK_LAYER
  70
32
  10
552202.805
  20
78999.190
  30
-27.756
  0
VERTEX
  8
GEOMETRY_WORK_LAYER
  70
32
  10
552201.436
  20
79009.594
  30
-26.513
  0
VERTEX
  8
GEOMETRY_WORK_LAYER
  70
32
  10
552199.318
  20
79020.006
  30
-29.174
  0
VERTEX
  8
GEOMETRY_WORK_LAYER
  70
32
  10
552200.264
  20
79024.361
  30
-29.117
  0
VERTEX
  8
GEOMETRY_WORK_LAYER
  70
32
  10
552206.304
  20
79031.638
  30
-28.837
  0
VERTEX
  8
GEOMETRY_WORK_LAYER
  70
32
  10
552213.200
  20
79039.766
  30
-28.515
  0
VERTEX
  8
GEOMETRY_WORK_LAYER
  70
32
  10
552222.488
  20
79045.184
  30
-29.803
  0
VERTEX
  8
GEOMETRY_WORK_LAYER
  70
32
  10
552227.874
  20
79052.967
  30
-29.883
  0
VERTEX
  8
GEOMETRY_WORK_LAYER
  70
32
  10
552234.032
  20
79060.727
  30
-29.952
  0
VERTEX
  8
GEOMETRY_WORK_LAYER
  70
32
  10
552240.596
  20
79043.550
  30
-29.605
  0
VERTEX
  8
GEOMETRY_WORK_LAYER
  70
32
  10
552243.805
  20
79033.434
  30
-28.607
  0
VERTEX
  8
GEOMETRY_WORK_LAYER
  70
32
  10
552245.681
  20
79024.270
  30
-27.822
  0
VERTEX
  8
GEOMETRY_WORK_LAYER
  70
32
  10
552247.855
  20
79014.797
  30
-27.086
  0
VERTEX
  8
GEOMETRY_WORK_LAYER
  70
32
  10
552249.775
  20
79005.142
  30
-26.235
  0
VERTEX
  8
GEOMETRY_WORK_LAYER
  70
32
  10
552253.005
  20
78994.441
  30
-25.207
  0
VERTEX
  8
GEOMETRY_WORK_LAYER
  70
32
  10
552249.149
  20
78989.870
  30
-24.57
  0
SEQEND
  8
GEOMETRY_WORK_LAYER
  0
POLYLINE
  8
GEOMETRY_WORK_LAYER
  70
8
  66
1
 62
1
 39
1
  0
VERTEX
  8
GEOMETRY_WORK_LAYER
  70
32
  10
552252.360
  20
78987.783
  30
-24.57
  0
VERTEX
  8
GEOMETRY_WORK_LAYER
  70
32
  10
552249.155
  20
78981.184
  30
-24.271
  0
VERTEX
  8
GEOMETRY_WORK_LAYER
  70
32
  10
552253.273
  20
78971.141
  30
-23.039
  0
VERTEX
  8
GEOMETRY_WORK_LAYER
  70
32
  10
552258.947
  20
78952.695
  30
-20.811
  0
VERTEX
  8
GEOMETRY_WORK_LAYER
  70
32
  10
552264.379
  20
78935.295
  30
-20.551
  0
VERTEX
  8
GEOMETRY_WORK_LAYER
  70
32
  10
552267.649
  20
78924.250
  30
-20.699
  0
VERTEX
  8
GEOMETRY_WORK_LAYER
  70
32
  10
552253.273
  20
78925.997
  30
-21.75
  0
VERTEX
  8
GEOMETRY_WORK_LAYER
  70
32
  10
552246.827
  20
78924.007
  30
-22.138
  0
VERTEX
  8
GEOMETRY_WORK_LAYER
  70
32
  10
552236.450
  20
78927.200
  30
-22.943
  0
VERTEX
  8
GEOMETRY_WORK_LAYER
  70
32
  10
552226.658
  20
78932.518
  30
-23.382
  0
VERTEX
  8
GEOMETRY_WORK_LAYER
  70
32
  10
552223.001
  20
78934.990
  30
-23.651
  0
VERTEX
  8
GEOMETRY_WORK_LAYER
  70
32
  10
552217.312
  20
78939.951
  30
-24.143
  0
VERTEX
  8
GEOMETRY_WORK_LAYER
  70
32
  10
552217.326
  20
78945.480
  30
-24.48
  0
VERTEX
  8
GEOMETRY_WORK_LAYER
  70
32
  10
552214.085
  20
78949.327
  30
-24.352
  0
VERTEX
  8
GEOMETRY_WORK_LAYER
  70
32
  10
552211.888
  20
78964.322
  30
-24.924
  0
VERTEX
  8
GEOMETRY_WORK_LAYER
  70
32
  10
552207.409
  20
78971.161
  30
-25.114
  0
VERTEX
  8
GEOMETRY_WORK_LAYER
  70
32
  10
552203.761
  20
78980.375
  30
-25.909
  0
VERTEX
  8
GEOMETRY_WORK_LAYER
  70
32
  10
552200.855
  20
78994.938
  30
-27.833
  0
VERTEX
  8
GEOMETRY_WORK_LAYER
  70
32
  10
552199.135
  20
78997.955
  30
-27.756
  0
VERTEX
  8
GEOMETRY_WORK_LAYER
  70
32
  10
552197.686
  20
79008.967
  30
-26.513
  0
VERTEX
  8
GEOMETRY_WORK_LAYER
  70
32
  10
552195.435
  20
79020.032
  30
-29.174
  0
VERTEX
  8
GEOMETRY_WORK_LAYER
  70
32
  10
552196.747
  20
79026.074
  30
-29.117
  0
VERTEX
  8
GEOMETRY_WORK_LAYER
  70
32
  10
552203.394
  20
79034.081
  30
-28.837
  0
VERTEX
  8
GEOMETRY_WORK_LAYER
  70
32
  10
552210.723
  20
79042.720
  30
-28.515
  0
VERTEX
  8
GEOMETRY_WORK_LAYER
  70
32
  10
552219.844
  20
79048.041
  30
-29.803
  0
VERTEX
  8
GEOMETRY_WORK_LAYER
  70
32
  10
552224.820
  20
79055.232
  30
-29.883
  0
VERTEX
  8
GEOMETRY_WORK_LAYER
  70
32
  10
552235.201
  20
79068.313
  30
-29.952
  0
VERTEX
  8
GEOMETRY_WORK_LAYER
  70
32
  10
552244.185
  20
79044.804
  30
-29.605
  0
VERTEX
  8
GEOMETRY_WORK_LAYER
  70
32
  10
552247.488
  20
79034.392
  30
-28.607
  0
VERTEX
  8
GEOMETRY_WORK_LAYER
  70
32
  10
552249.395
  20
79025.077
  30
-27.822
  0
VERTEX
  8
GEOMETRY_WORK_LAYER
  70
32
  10
552251.571
  20
79015.593
  30
-27.086
  0
VERTEX
  8
GEOMETRY_WORK_LAYER
  70
32
  10
552253.466
  20
79006.064
  30
-26.235
  0
VERTEX
  8
GEOMETRY_WORK_LAYER
  70
32
  10
552257.238
  20
78993.566
  30
-25.207
  0
VERTEX
  8
GEOMETRY_WORK_LAYER
  70
32
  10
552252.360
  20
78987.783
  30
-24.57
  0
SEQEND
  8
GEOMETRY_WORK_LAYER
  0
TEXT
  8
GEOMETRY_LAYER_1
 62
7
  1
280325 L03-057B RL -44 RJR^J
 40
5.24933290
 50
297.6
 72
0
 73
0
  10
550374.999
  20
63879.238
 30
-35.583
  0
TEXT
  8
GEOMETRY_LAYER_1
 62
7
  1
160325 W03-067A RL 51. TOCRMN^J
 40
5.24933290
 50
63.7
 72
0
 73
0
  10
550659.683
  20
76209.004
 30
60.725
  0
TEXT
  8
GEOMETRY_LAYER_1
 62
7
  1
170325 W03-076A RL 51. TOCRBN/R
 40
5.24933290
 50
306.8
 72
0
 73
0
  10
550864.538
  20
78186.824
 30
64.507
  0
TEXT
  8
GEOMETRY_LAYER_1
 62
7
  1
290325 W03-133A RL 21. TOCFMLLR
 40
5.24933290
 50
256.9
 72
0
 73
0
  10
550605.229
  20
77063.627
 30
25.279
  0
TEXT
  8
GEOMETRY_LAYER_1
 62
7
  1
^J
 40
5.24933290
 50
256.9
 72
0
 73
0
  10
550583.261
  20
77001.728
 30
25.279
  0
TEXT
  8
GEOMETRY_LAYER_1
 62
7
  1
290325 W03-134A RL 35. TOCRKU^J
 40
5.24933290
 50
30.1
 72
0
 73
0
  10
550881.263
  20
76412.548
 30
41.921
  0
TEXT
  8
GEOMETRY_LAYER_1
 62
7
  1
^J
 40
5.24933290
 50
30.1
 72
0
 73
0
  10
550937.573
  20
76436.751
 30
41.921
  0
TEXT
  8
GEOMETRY_LAYER_1
 62
7
  1
290325 W03-135A RL 27. TOCRTM^J
 40
5.24933290
 50
257.2
 72
0
 73
0
  10
550538.707
  20
77125.258
 30
29.479
  0
TEXT
  8
GEOMETRY_LAYER_1
 62
7
  1
^J
 40
5.24933290
 50
257.2
 72
0
 73
0
  10
550517.991
  20
77067.356
 30
29.479
  0
TEXT
  8
GEOMETRY_LAYER_1
 62
7
  1
290325 W03-136A RL 31. TOCFU3^J
 40
5.24933290
 50
247.2
 72
0
 73
0
  10
550608.229
  20
77725.756
 30
36.408
  0
TEXT
  8
GEOMETRY_LAYER_1
 62
7
  1
^J
 40
5.24933290
 50
247.2
 72
0
 73
0
  10
550578.185
  20
77673.295
 30
36.408
  0
TEXT
  8
GEOMETRY_LAYER_1
 62
7
  1
290325 W03-137A RL 66. TOCRJ3^J
 40
5.24933290
 50
311.9
 72
0
 73
0
  10
550780.811
  20
78282.831
 30
126.882
  0
TEXT
  8
GEOMETRY_LAYER_1
 62
7
  1
^J
 40
5.24933290
 50
311.9
 72
0
 73
0
  10
550815.187
  20
78233.608
 30
126.882
  0
TEXT
  8
GEOMETRY_LAYER_1
 62
7
  1
290325 W03-138A RL -17 TOCRK19^
 40
5.24933290
 50
273.2
 72
0
 73
0
  10
551687.932
  20
77675.715
 30
-12.551
  0
TEXT
  8
GEOMETRY_LAYER_1
 62
7
  1
^J
 40
5.24933290
 50
273.2
 72
0
 73
0
  10
551684.090
  20
77612.868
 30
-12.551
  0
TEXT
  8
GEOMETRY_LAYER_1
 62
7
  1
300325 W03-141A RL 29. TOCFK7/R
 40
5.24933290
 50
249.1
 72
0
 73
0
  10
550989.237
  20
76285.381
 30
37.153
  0
TEXT
  8
GEOMETRY_LAYER_1
 62
7
  1
^J
 40
5.24933290
 50
249.1
 72
0
 73
0
  10
550958.097
  20
76224.238
 30
37.153
  0
TEXT
  8
GEOMETRY_LAYER_1
 62
7
  1
^J
 40
5.24933290
 50
249.1
 72
0
 73
0
  10
550951.457
  20
76226.769
 30
37.153
  0
TEXT
  8
GEOMETRY_LAYER_1
 62
7
  1
300325 W03-143A RL -5. TOCR/FKA
 40
5.24933290
 50
282.1
 72
0
 73
0
  10
551079.248
  20
77262.673
 30
2.193
  0
TEXT
  8
GEOMETRY_LAYER_1
 62
7
  1
^J
 40
5.24933290
 50
282.1
 72
0
 73
0
  10
551085.297
  20
77199.373
 30
2.193
  0
TEXT
  8
GEOMETRY_LAYER_1
 62
7
  1
^J
 40
5.24933290
 50
282.1
 72
0
 73
0
  10
551078.348
  20
77197.887
 30
2.193
  0
TEXT
  8
GEOMETRY_LAYER_1
 62
7
  1
300325 W03-136B RL 31. TOCRU3^J
 40
5.24933290
 50
75.8
 72
0
 73
0
  10
550522.598
  20
77447.405
 30
36.831
  0
TEXT
  8
GEOMETRY_LAYER_1
 62
7
  1
^J
 40
5.24933290
 50
75.8
 72
0
 73
0
  10
550544.488
  20
77504.207
 30
36.831
  0
TEXT
  8
GEOMETRY_LAYER_1
 62
7
  1
^J
 40
5.24933290
 50
75.8
 72
0
 73
0
  10
550551.379
  20
77502.468
 30
36.831
  0
TEXT
  8
GEOMETRY_LAYER_1
 62
7
  1
300325 W03-145A RL 32. TOCFTM/R
 40
5.24933290
 50
80.2
 72
0
 73
0
  10
550429.799
  20
76927.313
 30
38.453
  0
TEXT
  8
GEOMETRY_LAYER_1
 62
7
  1
^J
 40
5.24933290
 50
80.2
 72
0
 73
0
  10
550448.763
  20
76994.337
 30
38.453
  0
TEXT
  8
GEOMETRY_LAYER_1
 62
7
  1
^J
 40
5.24933290
 50
80.2
 72
0
 73
0
  10
550455.766
  20
76993.132
 30
38.453
  0
TEXT
  8
GEOMETRY_LAYER_1
 62
7
  1
230325 D03-080A RL -19 TOCFK30^
 40
5.24933290
 50
292.3
 72
0
 73
0
  10
552373.425
  20
78898.717
 30
-10.91
  0
TEXT
  8
GEOMETRY_LAYER_1
 62
7
  1
^J
 40
5.24933290
 50
292.3
 72
0
 73
0
  10
552389.856
  20
78839.233
 30
-10.91
  0
TEXT
  8
GEOMETRY_LAYER_1
 62
7
  1
^J
 40
5.24933290
 50
292.3
 72
0
 73
0
  10
552383.279
  20
78836.542
 30
-10.91
  0
TEXT
  8
GEOMETRY_LAYER_1
 62
7
  1
^J
 40
5.24933290
 50
292.3
 72
0
 73
0
  10
552376.701
  20
78833.849
 30
-10.91
  0
TEXT
  8
GEOMETRY_LAYER_1
 62
7
  1
230325 D03-081A RL -24 TOCRK24^
 40
5.24933290
 50
278.6
 72
0
 73
0
  10
551830.473
  20
79051.991
 30
-13.94
  0
TEXT
  8
GEOMETRY_LAYER_1
 62
7
  1
^J
 40
5.24933290
 50
278.6
 72
0
 73
0
  10
551832.436
  20
78989.891
 30
-13.94
  0
TEXT
  8
GEOMETRY_LAYER_1
 62
7
  1
^J
 40
5.24933290
 50
278.6
 72
0
 73
0
  10
551825.409
  20
78988.831
 30
-13.94
  0
TEXT
  8
GEOMETRY_LAYER_1
 62
7
  1
270325 D03-098A RL -5. TOCRK30^
 40
5.24933290
 50
270.3
 72
0
 73
0
  10
552468.870
  20
78807.090
 30
-0.786
  0
TEXT
  8
GEOMETRY_LAYER_1
 62
7
  1
^J
 40
5.24933290
 50
270.3
 72
0
 73
0
  10
552461.839
  20
78746.411
 30
-0.786
  0
TEXT
  8
GEOMETRY_LAYER_1
 62
7
  1
^J
 40
5.24933290
 50
270.3
 72
0
 73
0
  10
552454.732
  20
78746.377
 30
-0.786
  0
TEXT
  8
GEOMETRY_LAYER_1
 62
7
  1
270325 D03-100A RL 11. TOCFK21^
 40
5.24933290
 50
302.3
 72
0
 73
0
  10
551758.700
  20
78343.884
 30
22.073
  0
TEXT
  8
GEOMETRY_LAYER_1
 62
7
  1
^J
 40
5.24933290
 50
302.3
 72
0
 73
0
  10
551785.164
  20
78288.363
 30
22.073
  0
TEXT
  8
GEOMETRY_LAYER_1
 62
7
  1
^J
 40
5.24933290
 50
302.3
 72
0
 73
0
  10
551779.159
  20
78284.563
 30
22.073
  0
TEXT
  8
GEOMETRY_LAYER_1
 62
7
  1
290325 D03-107A RL 47. TOCRK20^
 40
5.24933290
 50
266.4
 72
0
 73
0
  10
551473.272
  20
78860.425
 30
52.605
  0
TEXT
  8
GEOMETRY_LAYER_1
 62
7
  1
^J
 40
5.24933290
 50
266.4
 72
0
 73
0
  10
551462.127
  20
78799.514
 30
52.605
  0
TEXT
  8
GEOMETRY_LAYER_1
 62
7
  1
290325 D03-108A RL -36 TOCF/RK2
 40
5.24933290
 50
276.8
 72
0
 73
0
  10
552208.416
  20
78913.391
 30
-30.87
  0
TEXT
  8
GEOMETRY_LAYER_1
 62
7
  1
^J
 40
5.24933290
 50
276.8
 72
0
 73
0
  10
552208.794
  20
78847.917
 30
-30.87
  0
TEXT
  8
GEOMETRY_LAYER_1
 62
7
  1
290325 D03-109A RL -41 TOCRK26^
 40
5.24933290
 50
291.2
 72
0
 73
0
  10
551964.968
  20
79366.704
 30
-35.518
  0
TEXT
  8
GEOMETRY_LAYER_1
 62
7
  1
^J
 40
5.24933290
 50
291.2
 72
0
 73
0
  10
551980.401
  20
79306.519
 30
-35.518
  0
TEXT
  8
GEOMETRY_LAYER_1
 62
7
  1
180325 L03-040A RL -42 TOCRE1^J
 40
5.24933290
 50
348.1
 72
0
 73
0
  10
550694.324
  20
63684.427
 30
-46.422
  0
TEXT
  8
GEOMETRY_LAYER_1
 62
7
  1
^J
 40
5.24933290
 50
348.1
 72
0
 73
0
  10
550750.509
  20
63665.108
 30
-46.422
  0
TEXT
  8
GEOMETRY_LAYER_1
 62
7
  1
^J
 40
5.24933290
 50
348.1
 72
0
 73
0
  10
550749.044
  20
63658.154
 30
-46.422
  0
TEXT
  8
GEOMETRY_LAYER_1
 62
7
  1
270325 L03-056A RL -41 R/FL1^J
 40
5.24933290
 50
324.6
 72
0
 73
0
  10
550300.290
  20
63941.025
 30
-30.087
  0
TEXT
  8
GEOMETRY_LAYER_1
 62
7
  1
^J
 40
5.24933290
 50
324.6
 72
0
 73
0
  10
550340.016
  20
63903.857
 30
-30.087
  0
TEXT
  8
GEOMETRY_LAYER_1
 62
7
  1
^J
 40
5.24933290
 50
324.6
 72
0
 73
0
  10
550335.903
  20
63898.061
 30
-30.087
  0
TEXT
  8
GEOMETRY_LAYER_1
 62
7
  1
290325 L03-060A RL -49 TOCFL1^J
 40
5.24933290
 50
317.1
 72
0
 73
0
  10
550276.023
  20
63918.721
 30
-44.549
  0
TEXT
  8
GEOMETRY_LAYER_1
 62
7
  1
^J
 40
5.24933290
 50
317.1
 72
0
 73
0
  10
550313.629
  20
63873.809
 30
-44.549
  0
TEXT
  8
GEOMETRY_LAYER_1
 62
7
  1
300325 L03-062A RL -13 TOCFE2^J
 40
5.24933290
 50
322.9
 72
0
 73
0
  10
550517.791
  20
63812.240
 30
-2.414
  0
TEXT
  8
GEOMETRY_LAYER_1
 62
7
  1
^J
 40
5.24933290
 50
322.9
 72
0
 73
0
  10
550560.073
  20
63771.097
 30
-2.414
  0
TEXT
  8
GEOMETRY_LAYER_1
 62
7
  1
^J
 40
5.24933290
 50
322.9
 72
0
 73
0
  10
550555.788
  20
63765.428
 30
-2.414
  0
TEXT
  8
GEOMETRY_LAYER_1
 62
7
  1
160325 M03-004A RL -19 RK19^J
 40
5.24933290
 50
347.6
 72
0
 73
0
  10
551547.045
  20
75098.817
 30
-9.236
  0
TEXT
  8
GEOMETRY_LAYER_1
 62
7
  1
190325 M03-006A RL -12 TOCRK19
 40
5.24933290
 50
251.6
 72
0
 73
0
  10
551503.915
  20
74983.550
 30
-7.655
  0
TEXT
  8
GEOMETRY_LAYER_1
 62
7
  1
150325 P03-015A RL 2.4 FK29
 40
5.24933290
 50
330.1
 72
0
 73
0
  10
555424.007
  20
80396.993
 30
9.383
  0
TEXT
  8
GEOMETRY_LAYER_1
 62
7
  1
300325 P03-020A RL -9. PDNE^J
 40
5.24933290
 50
310.7
 72
0
 73
0
  10
555452.967
  20
80347.985
 30
-0.549
  0
TEXT
  8
GEOMETRY_LAYER_1
 62
7
  1
^J
 40
5.24933290
 50
310.7
 72
0
 73
0
  10
555482.282
  20
80302.653
 30
-0.549
  0
TEXT
  8
GEOMETRY_LAYER_1
 62
7
  1
^J
 40
5.24933290
 50
310.7
 72
0
 73
0
  10
555476.892
  20
80298.022
 30
-0.549
  0
TEXT
  8
GEOMETRY_LAYER_1
 62
7
  1
270325 w03121a^J
 40
5.24933290
 50
262.2
 72
0
 73
0
  10
550380.314
  20
76462.477
 30
68.139
  0
TEXT
  8
GEOMETRY_LAYER_1
 62
7
  1
^J
 40
5.24933290
 50
262.2
 72
0
 73
0
  10
550369.112
  20
76434.682
 30
68.139
  0
TEXT
  8
GEOMETRY_LAYER_1
 62
7
  1
270325 W03-127A RL -0. FK8^J
 40
5.24933290
 50
262.9
 72
0
 73
0
  10
551345.127
  20
77646.576
 30
7.76
  0
TEXT
  8
GEOMETRY_LAYER_1
 62
7
  1
^J
 40
5.24933290
 50
262.9
 72
0
 73
0
  10
551331.543
  20
77596.925
 30
7.76
  0
TEXT
  8
GEOMETRY_LAYER_1
 62
7
  1
^J
 40
5.24933290
 50
262.9
 72
0
 73
0
  10
551324.491
  20
77597.808
 30
7.76
  0
TEXT
  8
GEOMETRY_LAYER_1
 62
7
  1
071124 w11035a
 40
5.24933290
 50
83.4
 72
0
 73
0
  10
551782.768
  20
76610.672
 30
-53.722
  0
TEXT
  8
GEOMETRY_LAYER_1
 62
7
  1
3
 40
5.08400011
 72
0
 73
0
  10
551474.241
  20
74410.766
 30
-8.19
  0
TEXT
  8
GEOMETRY_LAYER_1
 62
7
  1
^J
 40
5.08400011
 72
0
 73
0
  10
550857.893
  20
63603.607
 30
-13.927
  0
TEXT
  8
GEOMETRY_LAYER_1
 62
7
  1
/10
 40
5.08400011
 72
0
 73
0
  10
551482.666
  20
74410.766
 30
-8.19
  0
TEXT
  8
GEOMETRY_LAYER_1
 62
7
  1
171224 D12071A
 40
4.37444448
 72
0
 73
0
  10
552179.138
  20
76987.894
 30
51.986
  0
TEXT
  8
GEOMETRY_LAYER_1
 62
7
  1
111024 k10019a
 40
5.24933290
 72
0
 73
0
  10
551160.412
  20
74142.024
 30
27.17
  0
TEXT
  8
GEOMETRY_LAYER_1
 62
7
  1
^J
 40
5.08400011
 50
76.1
 72
0
 73
0
  10
550696.358
  20
77380.867
 30
30.158
  0
TEXT
  8
GEOMETRY_LAYER_1
 62
7
  1
^J
 40
5.08400011
 72
0
 73
0
  10
550898.599
  20
76808.229
 30
27.288
  0
TEXT
  8
GEOMETRY_LAYER_1
 62
7
  1
1
 40
5.08400011
 72
0
 73
0
  10
551478.454
  20
74410.766
 30
-8.19
  0
TEXT
  8
GEOMETRY_LAYER_1
 62
7
  1
^J
 40
5.08400011
 72
0
 73
0
  10
552240.310
  20
79027.898
 30
-9.914
  0
TEXT
  8
GEOMETRY_LAYER_1
 62
7
  1
w10172a
 40
5.08400011
 72
0
 73
0
  10
551474.241
  20
74419.156
 30
-8.19
  0
TEXT
  8
GEOMETRY_LAYER_1
 62
7
  1
^J
 40
5.08400011
 72
0
 73
0
  10
550778.968
  20
76374.671
 30
60.658
  0
TEXT
  8
GEOMETRY_LAYER_1
 62
7
  1
230125 D01050A-23.5091-TOCK28
 40
5.24933290
 50
267.6
 72
0
 73
0
  10
552350.933
  20
78318.392
 30
-16.481
  0
TEXT
  8
GEOMETRY_LAYER_1
 62
7
  1
260125 W010105a
 40
5.24933290
 50
67.5
 72
0
 73
0
  10
550965.192
  20
74479.720
 30
18.018
  0
TEXT
  8
GEOMETRY_LAYER_1
 62
7
  1
250125 w010100a
 40
5.24933290
 50
73.8
 72
0
 73
0
  10
550926.873
  20
74483.947
 30
16.935
  0
TEXT
  8
GEOMETRY_LAYER_1
 62
7
  1
230125 W01096A+3.3844-TOCK19LR
 40
5.24933290
 50
79.4
 72
0
 73
0
  10
551015.568
  20
74414.116
 30
12.554
  0
TEXT
  8
GEOMETRY_LAYER_1
 62
7
  1
180125 w01069a
 40
5.24933290
 50
79.5
 72
0
 73
0
  10
551600.182
  20
77732.574
 30
-17.493
  0
TEXT
  8
GEOMETRY_LAYER_1
 62
7
  1
160225 W02-093A 22. TOCRK2
 40
5.24933290
 50
78.0
 72
0
 73
0
  10
551188.613
  20
77726.416
 30
71.865
  0
TEXT
  8
GEOMETRY_LAYER_1
 62
7
  1
210225
 40
5.24933290
 50
73.2
 72
0
 73
0
  10
550816.585
  20
77673.807
 30
27.191
  0
TEXT
  8
GEOMETRY_LAYER_1
 62
7
  1
W02-124A 20. TOCRML/FL4
 40
5.24933290
 50
73.2
 72
0
 73
0
  10
550823.911
  20
77697.999
 30
27.191
  0
TEXT
  8
GEOMETRY_LAYER_1
 62
7
  1
100225 D02032A-K28
 40
5.24933290
 50
81.8
 72
0
 73
0
  10
552270.865
  20
78242.736
 30
-24.851
  0
TEXT
  8
GEOMETRY_LAYER_1
 62
7
  1
120225 D02-040B -90 TOCRK21
 40
5.24933290
 50
322.5
 72
0
 73
0
  10
552166.978
  20
76788.561
 30
-84.51
  0
TEXT
  8
GEOMETRY_LAYER_1
 62
7
  1
190225 K02-006A -12 TOCFK21
 40
5.24933290
 50
59.0
 72
0
 73
0
  10
552342.488
  20
74271.012
 30
-119.94
  0
TEXT
  8
GEOMETRY_LAYER_1
 62
7
  1
070225 W02-036A 12. TOCRPN
 40
5.24933290
 50
248.5
 72
0
 73
0
  10
550978.549
  20
77572.890
 30
21.905
  0
TEXT
  8
GEOMETRY_LAYER_1
 62
7
  1
190225 W02-113A 28. TOCRK17
 40
5.24933290
 50
245.0
 72
0
 73
0
  10
551354.241
  20
77935.556
 30
35.695
  0
TEXT
  8
GEOMETRY_LAYER_1
 62
7
  1
190225 W02-113A 35. TOCRK17
 40
5.24933290
 50
256.6
 72
0
 73
0
  10
550420.059
  20
77545.053
 30
42.075
  0
TEXT
  8
GEOMETRY_LAYER_1
 62
7
  1
28022025  W02-162A 36. TOCRBM
 40
5.24933290
 50
68.5
 72
0
 73
0
  10
550402.696
  20
77565.095
 30
45.205
  0
TEXT
  8
GEOMETRY_LAYER_1
 62
7
  1
050325 ^J
 40
5.24933290
 50
255.2
 72
0
 73
0
  10
550726.391
  20
76934.596
 30
20.88
  0
TEXT
  8
GEOMETRY_LAYER_1
 62
7
  1
W03-018A RL 22.^J
 40
5.24933290
 50
255.2
 72
0
 73
0
  10
550722.554
  20
76952.590
 30
20.88
  0
TEXT
  8
GEOMETRY_LAYER_1
 62
7
  1
TOCRU3^J
 40
5.24933290
 50
255.2
 72
0
 73
0
  10
550710.995
  20
76941.703
 30
20.88
  0
TEXT
  8
GEOMETRY_LAYER_1
 62
7
  1
^J
 40
5.24933290
 50
255.2
 72
0
 73
0
  10
550699.667
  20
76927.492
 30
20.88
  0
TEXT
  8
GEOMETRY_LAYER_1
 62
7
  1
^J
 40
5.24933290
 50
255.2
 72
0
 73
0
  10
550692.796
  20
76929.307
 30
20.88
  0
TEXT
  8
GEOMETRY_LAYER_1
 62
7
  1
080325 W03-036A RL 7.2 TOCRBN
 40
5.24933290
 50
266.5
 72
0
 73
0
  10
550824.746
  20
77386.432
 30
13.186
  0
TEXT
  8
GEOMETRY_LAYER_1
 62
7
  1
080325 W03-039A RL 37. TOCFK10
 40
5.24933290
 50
54.8
 72
0
 73
0
  10
551059.537
  20
76120.524
 30
46.779
  0
TEXT
  8
GEOMETRY_LAYER_1
 62
7
  1
100325 W03-045A RL 38. TOCRO5
 40
5.24933290
 50
254.0
 72
0
 73
0
  10
550599.700
  20
78046.105
 30
42.503
  0
TEXT
  8
GEOMETRY_LAYER_1
 62
7
  1
110325 W03-048A RL 35. TOCFU1
 40
5.24933290
 50
248.3
 72
0
 73
0
  10
550625.975
  20
77872.468
 30
44.476
  0
TEXT
  8
GEOMETRY_LAYER_1
 62
7
  1
200325 D03-075A RL 5.9 TOCRK24^
 40
5.24933290
 50
281.7
 72
0
 73
0
  10
551923.886
  20
77241.671
 30
-2.567
  0
TEXT
  8
GEOMETRY_LAYER_1
 62
7
  1
^J
 40
5.24933290
 50
281.7
 72
0
 73
0
  10
551929.138
  20
77179.970
 30
-2.567
  0
TEXT
  8
GEOMETRY_LAYER_1
 62
7
  1
300325 D03-113A RL 0.5 FNG
 40
5.24933290
 50
265.7
 72
0
 73
0
  10
552430.043
  20
79070.095
 30
8.163
  0
TEXT
  8
GEOMETRY_LAYER_1
 62
7
  1
210325  D03-074A RL -2. TOCRK26
 40
5.24933290
 50
271.9
 72
0
 73
0
  10
551789.600
  20
79319.859
 30
4.949
  0
TEXT
  8
GEOMETRY_LAYER_1
 62
7
  1
220325 D03-075B RL -7. RK20^J
 40
5.24933290
 50
277.3
 72
0
 73
0
  10
551900.433
  20
77366.743
 30
7.537
  0
TEXT
  8
GEOMETRY_LAYER_1
 62
7
  1
^J
 40
5.24933290
 50
277.3
 72
0
 73
0
  10
551899.874
  20
77313.599
 30
7.537
  0
TEXT
  8
GEOMETRY_LAYER_1
 62
7
  1
^J
 40
5.24933290
 50
277.3
 72
0
 73
0
  10
551892.825
  20
77312.695
 30
7.537
  0
TEXT
  8
GEOMETRY_LAYER_1
 62
7
  1
^J
 40
5.24933290
 50
277.3
 72
0
 73
0
  10
551885.776
  20
77311.792
 30
7.537
  0
TEXT
  8
GEOMETRY_LAYER_1
 62
7
  1
220325 D03-077A RL -12 TOCRK24^
 40
5.24933290
 50
291.5
 72
0
 73
0
  10
551785.083
  20
79190.460
 30
-2.529
  0
TEXT
  8
GEOMETRY_LAYER_1
 62
7
  1
^J
 40
5.24933290
 50
291.5
 72
0
 73
0
  10
551800.906
  20
79130.378
 30
-2.529
  0
TEXT
  8
GEOMETRY_LAYER_1
 62
7
  1
^J
 40
5.24933290
 50
291.5
 72
0
 73
0
  10
551794.295
  20
79127.770
 30
-2.529
  0
TEXT
  8
GEOMETRY_LAYER_1
 62
7
  1
^J
 40
5.24933290
 50
291.5
 72
0
 73
0
  10
551787.684
  20
79125.163
 30
-2.529
  0
TEXT
  8
GEOMETRY_LAYER_1
 62
7
  1
260325 D03-095A RL 27. TOCRK20^
 40
5.24933290
 50
292.4
 72
0
 73
0
  10
551662.215
  20
78426.637
 30
39.94
  0
TEXT
  8
GEOMETRY_LAYER_1
 62
7
  1
210325 L03-044A RL -39 TOCR/FE1
 40
5.24933290
 50
48.2
 72
0
 73
0
  10
550752.764
  20
63494.454
 30
-34.804
  0
TEXT
  8
GEOMETRY_LAYER_1
 62
7
  1
170325 M03-005A RL 25. TOCRK19L
 40
5.24933290
 50
256.1
 72
0
 73
0
  10
551350.973
  20
75048.085
 30
33.285
  0
TEXT
  8
GEOMETRY_LAYER_1
 62
7
  1
^J
 40
5.24933290
 50
256.1
 72
0
 73
0
  10
551327.877
  20
74985.029
 30
33.285
  0
TEXT
  8
GEOMETRY_LAYER_1
 62
7
  1
210325 W03-090A RL -4. RP5^J
 40
5.24933290
 50
267.2
 72
0
 73
0
  10
551022.605
  20
77355.370
 30
2.031
  0
TEXT
  8
GEOMETRY_LAYER_1
 62
7
  1
^J
 40
5.24933290
 50
267.2
 72
0
 73
0
  10
551012.840
  20
77304.403
 30
2.031
  0
TEXT
  8
GEOMETRY_LAYER_1
 62
7
  1
^J
 40
5.24933290
 50
267.2
 72
0
 73
0
  10
551005.742
  20
77304.745
 30
2.031
  0
TEXT
  8
GEOMETRY_LAYER_1
 62
7
  1
210325 ^J
 40
5.24933290
 50
251.8
 72
0
 73
0
  10
551247.946
  20
77334.195
 30
-1.507
  0
TEXT
  8
GEOMETRY_LAYER_1
 62
7
  1
W03-091A RL -8. ^J
 40
5.24933290
 50
251.8
 72
0
 73
0
  10
551245.235
  20
77352.580
 30
-1.507
  0
TEXT
  8
GEOMETRY_LAYER_1
 62
7
  1
TOCRK7/FK8^J
 40
5.24933290
 50
251.8
 72
0
 73
0
  10
551235.094
  20
77348.598
 30
-1.507
  0
TEXT
  8
GEOMETRY_LAYER_1
 62
7
  1
^J
 40
5.24933290
 50
251.8
 72
0
 73
0
  10
551220.853
  20
77328.671
 30
-1.507
  0
TEXT
  8
GEOMETRY_LAYER_1
 62
7
  1
210325 W03-095A RL 41. TOCRO5^J
 40
5.24933290
 50
254.8
 72
0
 73
0
  10
550376.181
  20
77001.583
 30
45.803
  0
TEXT
  8
GEOMETRY_LAYER_1
 62
7
  1
03032025 W03-006A 46. TOCRKA
 40
5.24933290
 50
18.4
 72
0
 73
0
  10
551169.579
  20
77908.926
 30
54.695
  0
TEXT
  8
GEOMETRY_LAYER_1
 62
7
  1
030325 W03-012A -3. FKA
 40
5.24933290
 50
73.1
 72
0
 73
0
  10
551036.504
  20
77105.038
 30
6.802
  0
TEXT
  8
GEOMETRY_LAYER_1
 62
7
  1
040325 W03-015A RL 35. TOCRU1
 40
5.24933290
 50
255.1
 72
0
 73
0
  10
550646.857
  20
77871.433
 30
41.586
  0
TEXT
  8
GEOMETRY_LAYER_1
 62
7
  1
070325 W03-030A RL 34. TOCFBN^J
 40
5.24933290
 50
258.6
 72
0
 73
0
  10
550838.004
  20
78050.523
 30
47.075
  0
TEXT
  8
GEOMETRY_LAYER_1
 62
7
  1
140325 W03-068A RL 9.3 TOCFBN
 40
5.24933290
 50
262.3
 72
0
 73
0
  10
550771.709
  20
77386.459
 30
13.627
  0
TEXT
  8
GEOMETRY_LAYER_1
 62
7
  1
190325 ^J
 40
5.24933290
 50
261.0
 72
0
 73
0
  10
550992.513
  20
76970.273
 30
3.573
  0
TEXT
  8
GEOMETRY_LAYER_1
 62
7
  1
W03-089A RL -1. ^J
 40
5.24933290
 50
261.0
 72
0
 73
0
  10
550986.909
  20
76987.991
 30
3.573
  0
TEXT
  8
GEOMETRY_LAYER_1
 62
7
  1
TOCFKA/RP5
 40
5.24933290
 50
261.0
 72
0
 73
0
  10
550977.597
  20
76982.861
 30
3.573
  0
TEXT
  8
GEOMETRY_LAYER_1
 62
7
  1
240325 ^J
 40
5.24933290
 50
239.5
 72
0
 73
0
  10
550748.646
  20
77078.733
 30
15.519
  0
TEXT
  8
GEOMETRY_LAYER_1
 62
7
  1
W03-111A RL 14.^J
 40
5.24933290
 50
239.5
 72
0
 73
0
  10
550749.810
  20
77097.095
 30
15.519
  0
TEXT
  8
GEOMETRY_LAYER_1
 62
7
  1
TOCRBN/RL4^J
 40
5.24933290
 50
239.5
 72
0
 73
0
  10
550740.010
  20
77096.994
 30
15.519
  0
TEXT
  8
GEOMETRY_LAYER_1
 62
7
  1
^J
 40
5.24933290
 50
239.5
 72
0
 73
0
  10
550720.998
  20
77079.108
 30
15.519
  0
TEXT
  8
GEOMETRY_LAYER_1
 62
7
  1
^J
 40
5.24933290
 50
239.5
 72
0
 73
0
  10
550714.871
  20
77082.710
 30
15.519
  0
TEXT
  8
GEOMETRY_LAYER_1
 62
7
  1
^J
 40
5.24933290
 50
239.5
 72
0
 73
0
  10
550708.745
  20
77086.311
 30
15.519
  0
TEXT
  8
GEOMETRY_LAYER_1
 62
7
  1
^J
 40
5.24933290
 50
239.5
 72
0
 73
0
  10
550702.619
  20
77089.914
 30
15.519
  0
TEXT
  8
GEOMETRY_LAYER_1
 62
7
  1
240325 W03-112A RL -7. TOCFKA^J
 40
5.24933290
 50
257.2
 72
0
 73
0
  10
551133.795
  20
77390.283
 30
0.194
  0
TEXT
  8
GEOMETRY_LAYER_1
 62
7
  1
^J
 40
5.24933290
 50
257.2
 72
0
 73
0
  10
551113.462
  20
77334.018
 30
0.194
  0
TEXT
  8
GEOMETRY_LAYER_1
 62
7
  1
^J
 40
5.24933290
 50
257.2
 72
0
 73
0
  10
551106.533
  20
77335.597
 30
0.194
  0
TEXT
  8
GEOMETRY_LAYER_1
 62
7
  1
^J
 40
5.24933290
 50
257.2
 72
0
 73
0
  10
551099.604
  20
77337.177
 30
0.194
  0
TEXT
  8
GEOMETRY_LAYER_1
 62
7
  1
^J
 40
5.24933290
 50
257.2
 72
0
 73
0
  10
551092.675
  20
77338.756
 30
0.194
  0
TEXT
  8
GEOMETRY_LAYER_1
 62
7
  1
^J
 40
5.24933290
 50
257.2
 72
0
 73
0
  10
551085.746
  20
77340.334
 30
0.194
  0
TEXT
  8
GEOMETRY_LAYER_1
 62
7
  1
250325 W03-115A RL 33. TOCRU3^J
 40
5.24933290
 50
254.2
 72
0
 73
0
  10
550718.733
  20
78008.553
 30
39.998
  0
TEXT
  8
GEOMETRY_LAYER_1
 62
7
  1
^J
 40
5.24933290
 50
254.2
 72
0
 73
0
  10
550695.202
  20
77952.413
 30
39.998
  0
TEXT
  8
GEOMETRY_LAYER_1
 62
7
  1
^J
 40
5.24933290
 50
254.2
 72
0
 73
0
  10
550688.365
  20
77954.351
 30
39.998
  0
TEXT
  8
GEOMETRY_LAYER_1
 62
7
  1
^J
 40
5.24933290
 50
254.2
 72
0
 73
0
  10
550681.528
  20
77956.290
 30
39.998
  0
TEXT
  8
GEOMETRY_LAYER_1
 62
7
  1
^J
 40
5.24933290
 50
254.2
 72
0
 73
0
  10
550674.691
  20
77958.228
 30
39.998
  0
TEXT
  8
GEOMETRY_LAYER_1
 62
7
  1
^J
 40
5.24933290
 50
254.2
 72
0
 73
0
  10
550667.854
  20
77960.167
 30
39.998
  0
TEXT
  8
GEOMETRY_LAYER_1
 62
7
  1
280325 W03-125A RL -3. TOCR/FK1
 40
5.24933290
 50
257.6
 72
0
 73
0
  10
551656.030
  20
77780.518
 30
44.984
  0
TEXT
  8
GEOMETRY_LAYER_1
 62
7
  1
250325 D03-002C RL -46 TOCCOAL 
 40
5.24933290
 50
301.6
 72
0
 73
0
  10
551988.506
  20
78544.873
 30
-36.669
  0
TEXT
  8
GEOMETRY_LAYER_1
 62
7
  1
^J
 40
5.24933290
 50
301.6
 72
0
 73
0
  10
552019.254
  20
78480.965
 30
-36.669
  0
TEXT
  8
GEOMETRY_LAYER_1
 62
7
  1
^J
 40
5.24933290
 50
301.6
 72
0
 73
0
  10
552013.203
  20
78477.239
 30
-36.669
  0
TEXT
  8
GEOMETRY_LAYER_1
 62
7
  1
^J
 40
5.24933290
 50
301.6
 72
0
 73
0
  10
552007.151
  20
78473.512
 30
-36.669
  0
TEXT
  8
GEOMETRY_LAYER_1
 62
7
  1
^J
 40
5.24933290
 50
301.6
 72
0
 73
0
  10
552001.100
  20
78469.787
 30
-36.669
  0
TEXT
  8
GEOMETRY_LAYER_1
 62
7
  1
^J
 40
5.24933290
 50
301.6
 72
0
 73
0
  10
551995.049
  20
78466.061
 30
-36.669
  0
TEXT
  8
GEOMETRY_LAYER_1
 62
7
  1
250325 D03-002C RL -46 TOCCOAL 
 40
5.24933290
 50
276.4
 72
0
 73
0
  10
552006.069
  20
78732.399
 30
-41.635
  0
TEXT
  8
GEOMETRY_LAYER_1
 62
7
  1
^J
 40
5.24933290
 50
276.4
 72
0
 73
0
  10
552006.605
  20
78661.481
 30
-41.635
  0
TEXT
  8
GEOMETRY_LAYER_1
 62
7
  1
^J
 40
5.24933290
 50
276.4
 72
0
 73
0
  10
551999.542
  20
78660.694
 30
-41.635
  0
TEXT
  8
GEOMETRY_LAYER_1
 62
7
  1
^J
 40
5.24933290
 50
276.4
 72
0
 73
0
  10
551992.479
  20
78659.907
 30
-41.635
  0
TEXT
  8
GEOMETRY_LAYER_1
 62
7
  1
^J
 40
5.24933290
 50
276.4
 72
0
 73
0
  10
551985.416
  20
78659.120
 30
-41.635
  0
TEXT
  8
GEOMETRY_LAYER_1
 62
7
  1
^J
 40
5.24933290
 50
276.4
 72
0
 73
0
  10
551978.353
  20
78658.332
 30
-41.635
  0
TEXT
  8
GEOMETRY_LAYER_1
 62
7
  1
250325 D03-090A RL -49 TOCRK26^
 40
5.24933290
 50
287.4
 72
0
 73
0
  10
552183.852
  20
78612.889
 30
-46.91
  0
TEXT
  8
GEOMETRY_LAYER_1
 62
7
  1
^J
 40
5.24933290
 50
287.4
 72
0
 73
0
  10
552195.266
  20
78551.816
 30
-46.91
  0
TEXT
  8
GEOMETRY_LAYER_1
 62
7
  1
^J
 40
5.24933290
 50
287.4
 72
0
 73
0
  10
552188.483
  20
78549.696
 30
-46.91
  0
TEXT
  8
GEOMETRY_LAYER_1
 62
7
  1
^J
 40
5.24933290
 50
287.4
 72
0
 73
0
  10
552181.700
  20
78547.576
 30
-46.91
  0
TEXT
  8
GEOMETRY_LAYER_1
 62
7
  1
^J
 40
5.24933290
 50
287.4
 72
0
 73
0
  10
552174.917
  20
78545.456
 30
-46.91
  0
TEXT
  8
GEOMETRY_LAYER_1
 62
7
  1
^J
 40
5.24933290
 50
287.4
 72
0
 73
0
  10
552168.134
  20
78543.336
 30
-46.91
  0
TEXT
  8
GEOMETRY_LAYER_1
 62
7
  1
260325 D03-091A RL -42 TOCFK29^
 40
5.24933290
 50
292.5
 72
0
 73
0
  10
552150.399
  20
78940.987
 30
-35.714
  0
TEXT
  8
GEOMETRY_LAYER_1
 62
7
  1
280325 D03-103A RL 29. TOCRK20^
 40
5.24933290
 50
287.9
 72
0
 73
0
  10
551639.475
  20
78387.550
 30
42.21
  0
TEXT
  8
GEOMETRY_LAYER_1
 62
7
  1
280325 L03-058A RL -16 TOCFJ1
 40
5.24933290
 50
357.4
 72
0
 73
0
  10
550077.141
  20
64083.983
 30
-9.009
  0
TEXT
  8
GEOMETRY_LAYER_1
 62
7
  1
060325 M03-002A RL 9.8 TOCRK19
 40
5.24933290
 50
75.0
 72
0
 73
0
  10
551412.131
  20
74700.996
 30
-1.507
  0
TEXT
  8
GEOMETRY_LAYER_1
 62
7
  1
040325 W03-020A RL -8. TOCRJ3
 40
5.24933290
 50
64.7
 72
0
 73
0
  10
551485.687
  20
75022.419
 30
-1.13
  0
TEXT
  8
GEOMETRY_LAYER_1
 62
7
  1
260325 W03-118A RL 50. TOCRP5^J
 40
5.24933290
 50
259.2
 72
0
 73
0
  10
550731.960
  20
76524.736
 30
61.598
  0
TEXT
  8
GEOMETRY_LAYER_1
 62
7
  1
260325 W03-120A RL 55. TOCRO5/R
 40
5.24933290
 50
327.0
 72
0
 73
0
  10
550654.692
  20
78367.800
 30
55.963
  0
TEXT
  8
GEOMETRY_LAYER_1
 62
7
  1
260325 ^J
 40
5.24933290
 50
248.7
 72
0
 73
0
  10
550665.417
  20
76934.585
 30
24.653
  0
TEXT
  8
GEOMETRY_LAYER_1
 62
7
  1
W03-122A RL 19. ^J
 40
5.24933290
 50
248.7
 72
0
 73
0
  10
550664.023
  20
76953.878
 30
24.653
  0
TEXT
  8
GEOMETRY_LAYER_1
 62
7
  1
TOCFBN/FL4^J
 40
5.24933290
 50
248.7
 72
0
 73
0
  10
550653.295
  20
76949.471
 30
24.653
  0
TEXT
  8
GEOMETRY_LAYER_1
 62
7
  1
280325 W03-129A RL 37. TOCR/FKA
 40
5.24933290
 50
246.3
 72
0
 73
0
  10
550891.557
  20
76300.657
 30
40.15
  0
TEXT
  8
GEOMETRY_LAYER_1
 62
7
  1
280325 W03-130A RL 3.5 TOCFK8/R
 40
5.24933290
 50
281.3
 72
0
 73
0
  10
551343.774
  20
77766.021
 30
11.037
  0
TEXT
  8
GEOMETRY_LAYER_1
 62
7
  1
280325 W03-131A RL -10 TOCRK2
 40
5.24933290
 50
348.3
 72
0
 73
0
  10
551197.714
  20
77187.730
 30
-3.561
  0
TEXT
  8
GEOMETRY_LAYER_1
 62
7
  1
03042025
 40
5.24933290
 50
4.6
 72
0
 73
0
  10
555506.726
  20
80321.040
 30
-2.434
  0
TEXT
  8
GEOMETRY_LAYER_1
 62
7
  1
P04-001A RL -6. RK28
 40
5.24933290
 50
4.6
 72
0
 73
0
  10
555540.317
  20
80323.764
 30
-2.434
  0
TEXT
  8
GEOMETRY_LAYER_1
 62
7
  1
160325 W03-073A RL 60. TOCRJ3/F
 40
5.24933290
 50
5.1
 72
0
 73
0
  10
550362.354
  20
76512.395
 30
64.117
  0
TEXT
  8
GEOMETRY_LAYER_1
 62
7
  1
03042025 W04-009A RL 38. RPN
 40
5.24933290
 50
273.4
 72
0
 73
0
  10
550913.252
  20
78052.355
 30
52.827
  0
TEXT
  8
GEOMETRY_LAYER_1
 62
7
  1
020425 W04-005A RL -17 TOCFK19
 40
5.24933290
 50
284.0
 72
0
 73
0
  10
551787.685
  20
77468.058
 30
-11.221
  0
TEXT
  8
GEOMETRY_LAYER_1
 62
7
  1
03042025 W04-008A RL 22. TOCRML
 40
5.24933290
 50
352.8
 72
0
 73
0
  10
550737.019
  20
77822.607
 30
30.166
  0
TEXT
  8
GEOMETRY_LAYER_1
 62
7
  1
03042025 W04-010A RL 8.7 TOCRPN
 40
5.24933290
 50
303.8
 72
0
 73
0
  10
550775.556
  20
77235.370
 30
15.768
  0
TEXT
  8
GEOMETRY_LAYER_1
 62
7
  1
03042025 W04-012A RL -5. FKA
 40
5.24933290
 50
265.1
 72
0
 73
0
  10
551032.447
  20
77263.872
 30
1.915
  0
TEXT
  8
GEOMETRY_LAYER_1
 62
7
  1
02042025 D04-001A RL -51 TOCRK2
 40
5.24933290
 50
279.8
 72
0
 73
0
  10
552098.623
  20
78550.457
 30
-46.301
  0
TEXT
  8
GEOMETRY_LAYER_1
 62
7
  1
02042025 D04-002A RL -46 RK26
 40
5.24933290
 50
19.6
 72
0
 73
0
  10
552225.232
  20
78458.315
 30
-40.813
  0
TEXT
  8
GEOMETRY_LAYER_1
 62
7
  1
02042025 D04-004A RL -51 FK29
 40
5.24933290
 50
300.1
 72
0
 73
0
  10
552056.183
  20
79083.377
 30
-43.463
  0
TEXT
  8
GEOMETRY_LAYER_1
 62
7
  1
03042025 D04-005A RL -26 RK29
 40
5.24933290
 50
284.8
 72
0
 73
0
  10
552367.378
  20
78838.319
 30
-22.015
  0
TEXT
  8
GEOMETRY_LAYER_1
 62
7
  1
03042025 D04-009A RL -5. TOCFNG
 40
5.24933290
 50
282.0
 72
0
 73
0
  10
552434.469
  20
78951.288
 30
2.07
  0
TEXT
  8
GEOMETRY_LAYER_1
 62
7
  1
040425 D04-010A RL -42 TOCFK29
 40
5.24933290
 50
301.2
 72
0
 73
0
  10
552285.087
  20
78713.413
 30
-39.256
  0
TEXT
  8
GEOMETRY_LAYER_1
 62
7
  1
040425 D04-012A RL -31 TOCRK29
 40
5.24933290
 50
286.7
 72
0
 73
0
  10
552212.242
  20
79042.958
 30
-28.515
  0
TEXT
  8
GEOMETRY_LAYER_1
 62
7
  1
040425 D04-016A RL 19. TOCFK19
 40
5.24933290
 50
283.1
 72
0
 73
0
  10
551823.324
  20
77877.666
 30
27.181
  0
TEXT
  8
GEOMETRY_LAYER_1
 62
7
  1
020425 L04-002A RL -58 FBE
 40
5.24933290
 50
287.5
 72
0
 73
0
  10
550714.949
  20
63574.740
 30
-52.192
  0
TEXT
  8
GEOMETRY_LAYER_1
 62
7
  1
03042025 L04-003A RL -23 TOCFL1
 40
5.24933290
 50
305.4
 72
0
 73
0
  10
550771.230
  20
63752.734
 30
-23.28
  0
TEXT
  8
GEOMETRY_LAYER_1
 62
7
  1
040425 L04-006A RL -41 TOCRJR
 40
5.24933290
 50
312.8
 72
0
 73
0
  10
550196.751
  20
64013.958
 30
-31.589
  0
TEXT
  8
GEOMETRY_LAYER_1
 62
7
  1
02042025 W04-003A RL 44. TOCRO5
 40
5.24933290
 50
253.7
 72
0
 73
0
  10
550323.327
  20
76891.943
 30
46.58
  0
TEXT
  8
GEOMETRY_LAYER_1
 62
7
  1
02042025 W04-004A RL 10. TOCFKA
 40
5.24933290
 50
329.5
 72
0
 73
0
  10
551055.955
  20
77456.473
 30
18.368
  0
TEXT
  8
GEOMETRY_LAYER_1
 62
7
  1
02042025 W04-006A RL 25. TOCRTM
 40
5.24933290
 50
262.9
 72
0
 73
0
  10
550597.954
  20
77576.319
 30
31.242
  0
TEXT
  8
GEOMETRY_LAYER_1
 62
7
  1
02042025 W04-007A RL 11. R/FBN
 40
5.24933290
 50
253.9
 72
0
 73
0
  10
550833.217
  20
77625.304
 30
19.704
  0
TEXT
  8
GEOMETRY_LAYER_1
 62
7
  1
03042025 W04-011A RL 19. TOCRK8
 40
5.24933290
 50
352.7
 72
0
 73
0
  10
551041.051
  20
76342.926
 30
27.922
  0
TEXT
  8
GEOMETRY_LAYER_1
 62
7
  1
040425 W04-013A RL -3. FKA
 40
5.24933290
 50
262.1
 72
0
 73
0
  10
551046.921
  20
77034.905
 30
1.333
  0
TEXT
  8
GEOMETRY_LAYER_1
 62
7
  1
040425
 40
5.24933290
 50
246.3
 72
0
 73
0
  10
550544.822
  20
76533.895
 30
60.696
  0
TEXT
  8
GEOMETRY_LAYER_1
 62
7
  1
W04-015A RL 61. TOCFBN
 40
5.24933290
 50
246.3
 72
0
 73
0
  10
550534.648
  20
76510.758
 30
60.696
  0
TEXT
  8
GEOMETRY_LAYER_1
 62
7
  1
020425 W04-001A RL 27. TOCFK8/R
 40
5.24933290
 50
247.7
 72
0
 73
0
  10
551073.985
  20
76293.474
 30
29.086
  0
TEXT
  8
GEOMETRY_LAYER_1
 62
7
  1
020425 W04-002A RL 13. TOCRK10
 40
5.24933290
 50
265.9
 72
0
 73
0
  10
551239.839
  20
76384.476
 30
18.116
  0
TEXT
  8
GEOMETRY_LAYER_1
 62
1
  1
1842
 40
23.99400139
 72
0
 73
0
  10
551114.694
  20
76981.647
 30
2.652
  0
TEXT
  8
GEOMETRY_LAYER_1
 62
7
  1
270225 W02-157A 18. TOCRK13
 40
5.24933290
 50
252.7
 72
0
 73
0
  10
551271.116
  20
76280.935
 30
24.643
  0
TEXT
  8
GEOMETRY_LAYER_1
 62
7
  1
240225  d02095a
 40
5.24933290
 50
284.6
 72
0
 73
0
  10
551979.651
  20
78987.613
 30
-37.948
  0
TEXT
  8
GEOMETRY_LAYER_1
 62
7
  1
100325 W03-046A RL 21. TOCR/FJ3
 40
5.24933290
 50
263.0
 72
0
 73
0
  10
550639.467
  20
77537.402
 30
28.711
  0
TEXT
  8
GEOMETRY_LAYER_1
 62
7
  1
110325
 40
5.24933290
 50
256.8
 72
0
 73
0
  10
550437.525
  20
76436.997
 30
69.471
  0
TEXT
  8
GEOMETRY_LAYER_1
 62
7
  1
W03-047A RL 59. TOCFL4/U3
 40
5.24933290
 50
256.8
 72
0
 73
0
  10
550431.769
  20
76412.385
 30
69.471
  0
TEXT
  8
GEOMETRY_LAYER_1
 62
7
  1
120325 D03-043A RL -31 TOCFK29
 40
4.37444448
 50
358.8
 72
0
 73
0
  10
552223.001
  20
78801.475
 30
-26.348
  0
TEXT
  8
GEOMETRY_LAYER_1
 62
7
  1
230325 D03-082A RL 13. RK20^J
 40
5.24933290
 50
273.6
 72
0
 73
0
  10
551868.577
  20
77673.024
 30
28.056
  0
TEXT
  8
GEOMETRY_LAYER_1
 62
7
  1
^J
 40
5.24933290
 50
273.6
 72
0
 73
0
  10
551864.653
  20
77619.181
 30
28.056
  0
TEXT
  8
GEOMETRY_LAYER_1
 62
7
  1
^J
 40
5.24933290
 50
273.6
 72
0
 73
0
  10
551857.561
  20
77618.734
 30
28.056
  0
TEXT
  8
GEOMETRY_LAYER_1
 62
7
  1
^J
 40
5.24933290
 50
273.6
 72
0
 73
0
  10
551850.468
  20
77618.286
 30
28.056
  0
TEXT
  8
GEOMETRY_LAYER_1
 62
7
  1
^J
 40
5.24933290
 50
273.6
 72
0
 73
0
  10
551843.376
  20
77617.839
 30
28.056
  0
TEXT
  8
GEOMETRY_LAYER_1
 62
7
  1
200225 W02-120A 40. RGN
 40
5.24933290
 50
351.1
 72
0
 73
0
  10
550150.121
  20
77131.501
 30
44.899
  0
TEXT
  8
GEOMETRY_LAYER_1
 62
7
  1
200225 W02-122A -12 TOCR/FK29
 40
5.24933290
 50
261.7
 72
0
 73
0
  10
551326.791
  20
77455.478
 30
2.318
  0
TEXT
  8
GEOMETRY_LAYER_1
 62
7
  1
03032025 W03-013A 1.8 TOCRKA
 40
5.24933290
 50
78.5
 72
0
 73
0
  10
550901.430
  20
77126.278
 30
8.193
  0
TEXT
  8
GEOMETRY_LAYER_1
 62
7
  1
070325 W03-035A RL 50. TOCRPN
 40
5.24933290
 50
262.8
 72
0
 73
0
  10
550609.416
  20
76377.898
 30
56.471
  0
TEXT
  8
GEOMETRY_LAYER_1
 62
7
  1
090325 W03-043A RL -4. RK9^J
 40
5.24933290
 50
263.1
 72
0
 73
0
  10
551289.461
  20
77089.738
 30
2.573
  0
TEXT
  8
GEOMETRY_LAYER_1
 62
7
  1
130325
 40
5.24933290
 50
262.6
 72
0
 73
0
  10
550924.192
  20
77014.412
 30
7.195
  0
TEXT
  8
GEOMETRY_LAYER_1
 62
7
  1
W03-057A RL 7.5 TOCR/FP5
 40
5.24933290
 50
262.6
 72
0
 73
0
  10
550920.953
  20
76989.345
 30
7.195
  0
TEXT
  8
GEOMETRY_LAYER_1
 62
7
  1
130325 W03-060A RL 56. TOCRBN
 40
5.24933290
 50
254.3
 72
0
 73
0
  10
550555.648
  20
76452.453
 30
62.333
  0
TEXT
  8
GEOMETRY_LAYER_1
 62
7
  1
170325 W03-077A RL 23. TOCRK19
 40
5.24933290
 50
288.4
 72
0
 73
0
  10
551822.424
  20
77982.396
 30
29.145
  0
TEXT
  8
GEOMETRY_LAYER_1
 62
7
  1
240325 W03-109A RL 14. TOCRL4^J
 40
5.24933290
 50
253.4
 72
0
 73
0
  10
550804.447
  20
77669.202
 30
21.684
  0
TEXT
  8
GEOMETRY_LAYER_1
 62
7
  1
^J
 40
5.24933290
 50
253.4
 72
0
 73
0
  10
550780.365
  20
77613.977
 30
21.684
  0
TEXT
  8
GEOMETRY_LAYER_1
 62
7
  1
^J
 40
5.24933290
 50
253.4
 72
0
 73
0
  10
550773.553
  20
77616.005
 30
21.684
  0
TEXT
  8
GEOMETRY_LAYER_1
 62
7
  1
^J
 40
5.24933290
 50
253.4
 72
0
 73
0
  10
550766.742
  20
77618.033
 30
21.684
  0
TEXT
  8
GEOMETRY_LAYER_1
 62
7
  1
^J
 40
5.24933290
 50
253.4
 72
0
 73
0
  10
550759.931
  20
77620.060
 30
21.684
  0
TEXT
  8
GEOMETRY_LAYER_1
 62
7
  1
^J
 40
5.24933290
 50
253.4
 72
0
 73
0
  10
550753.120
  20
77622.088
 30
21.684
  0
TEXT
  8
GEOMETRY_LAYER_1
 62
7
  1
300325 W03-140A RL 42. TOCRKU^J
 40
5.24933290
 50
267.6
 72
0
 73
0
  10
550780.394
  20
76448.172
 30
50.349
  0
TEXT
  8
GEOMETRY_LAYER_1
 62
7
  1
^J
 40
5.24933290
 50
267.6
 72
0
 73
0
  10
550770.526
  20
76387.680
 30
50.349
  0
TEXT
  8
GEOMETRY_LAYER_1
 62
7
  1
300325 W03-142A RL -5. TOCRK2^J
 40
5.24933290
 50
61.0
 72
0
 73
0
  10
551119.451
  20
77063.981
 30
1.447
  0
TEXT
  8
GEOMETRY_LAYER_1
 62
7
  1
^J
 40
5.24933290
 50
61.0
 72
0
 73
0
  10
551154.608
  20
77112.389
 30
1.447
  0
TEXT
  8
GEOMETRY_LAYER_1
 62
7
  1
^J
 40
5.24933290
 50
61.0
 72
0
 73
0
  10
551160.826
  20
77108.947
 30
1.447
  0
TEXT
  8
GEOMETRY_LAYER_1
 62
7
  1
120225 D02-040A -87 TOCRK21
 40
5.24933290
 50
276.3
 72
0
 73
0
  10
552199.136
  20
76936.648
 30
-79.99
  0
TEXT
  8
GEOMETRY_LAYER_1
 62
7
  1
150225 D02-058A -86 TOCRK21
 40
5.24933290
 50
309.0
 72
0
 73
0
  10
552171.249
  20
76851.841
 30
-83.947
  0
TEXT
  8
GEOMETRY_LAYER_1
 62
7
  1
28022025  D02-114A -40 TOCRK26/
 40
5.24933290
 50
279.5
 72
0
 73
0
  10
551948.047
  20
79200.296
 30
-33
  0
TEXT
  8
GEOMETRY_LAYER_1
 62
7
  1
01032025  D03-001A -59 RK6
 40
5.24933290
 50
104.9
 72
0
 73
0
  10
552076.935
  20
78880.366
 30
-44.129
  0
TEXT
  8
GEOMETRY_LAYER_1
 62
7
  1
01032025  D03-002A -60 TOCRK26
 40
5.24933290
 50
119.0
 72
0
 73
0
  10
552214.319
  20
78354.875
 30
-54.365
  0
TEXT
  8
GEOMETRY_LAYER_1
 62
7
  1
050225 W02028A-6.1914-K9
 40
5.24933290
 50
83.7
 72
0
 73
0
  10
551343.279
  20
77380.419
 30
-4.891
  0
TEXT
  8
GEOMETRY_LAYER_1
 62
7
  1
090325  W03-042A RL -2. FKA^J
 40
5.24933290
 50
253.6
 72
0
 73
0
  10
551083.419
  20
77391.096
 30
9.346
  0
TEXT
  8
GEOMETRY_LAYER_1
 62
7
  1
24022025 W02-147A 40. TOCRJ3/RM
 40
5.24933290
 50
53.8
 72
0
 73
0
  10
550185.750
  20
76958.974
 30
46.614
  0
TEXT
  8
GEOMETRY_LAYER_1
 62
7
  1
28022025  W02-161A 27. TOCFK15
 40
5.24933290
 50
21.0
 72
0
 73
0
  10
551402.038
  20
78028.521
 30
34.673
  0
TEXT
  8
GEOMETRY_LAYER_1
 62
7
  1
28022025
 40
5.24933290
 50
267.8
 72
0
 73
0
  10
550215.147
  20
76509.043
 30
57.729
  0
TEXT
  8
GEOMETRY_LAYER_1
 62
7
  1
W02-166A 54. TOCRU1
 40
5.24933290
 50
267.8
 72
0
 73
0
  10
550213.834
  20
76475.367
 30
57.729
  0
TEXT
  8
GEOMETRY_LAYER_1
 62
7
  1
01032025  W03-001A -17 TOCRK9
 40
5.24933290
 50
87.5
 72
0
 73
0
  10
551364.749
  20
77322.288
 30
-12.12
  0
TEXT
  8
GEOMETRY_LAYER_2
 62
7
  1
050425 w04018a
 40
5.24933290
 50
52.5
 72
0
 73
0
  10
550923.381
  20
77401.645
 30
12.828
  0
TEXT
  8
GEOMETRY_LAYER_2
 62
7
  1
040425 W04018A
 40
5.24933290
 50
286.6
 72
0
 73
0
  10
550984.215
  20
77739.619
 30
41.729
  0
TEXT
  8
GEOMETRY_LAYER_2
 62
7
  1
050425 d04017a
 40
5.24933290
 50
107.0
 72
0
 73
0
  10
552054.813
  20
79241.524
 30
-29.924
  0
TEXT
  8
GEOMETRY_LAYER_2
 62
7
  1
050425 d04018a
 40
5.24933290
 50
358.8
 72
0
 73
0
  10
552256.068
  20
78942.449
 30
-20.431
  0
TEXT
  8
GEOMETRY_LAYER_2
 62
7
  1
050425 l04008a
 40
5.24933290
 50
358.4
 72
0
 73
0
  10
550599.845
  20
63642.299
 30
-45.769
  0
TEXT
  8
GEOMETRY_LAYER_2
 62
7
  1
040425 w04016a
 40
5.24933290
 50
266.2
 72
0
 73
0
  10
551121.452
  20
76985.438
 30
2.388
  0
TEXT
  8
GEOMETRY_LAYER_2
 62
7
  1
050425 w04023a
 40
5.24933290
 50
24.9
 72
0
 73
0
  10
550983.504
  20
76355.857
 30
30.671
  0
TEXT
  8
GEOMETRY_LAYER_2
 62
7
  1
050425 w04521a
 40
5.24933290
 50
74.4
 72
0
 73
0
  10
550905.134
  20
78059.580
 30
51.858
  0
ENDSEC
  0
EOF
