gid,objectname,the_geom_text,geom_type,properties
32477,IN CS. MERPATI,"LINESTRING(117.475840109912 0.698008857140614,117.476780029895 0.698401261909611,117.477843578687 0.698382493401515,117.478050032276 0.698094709610698,117.477929461361 0.697808304094042)",road,305.315
24911,JL. RO BONTANG 03,"LINESTRING(117.48197716823 0.718173859015505,117.481580020289 0.717887391648432,117.480086245088 0.715284233935451)",road,386.8
24910,JL. RO BONTANG 04,"LINESTRING(117.487534720164 0.718032268194853,117.486882610611 0.717965206723208,117.486046876137 0.718025259499822,117.484200253256 0.718140360655,117.483149329665 0.718340536577048,117.48266729416 0.718369177674873,117.48197716823 0.718173859015505)",road,624.771
35268,IN MHR TULIP,"LINESTRING(117.467129086982 0.6405422128321,117.466828029359 0.641929405363684,117.466455711264 0.642651917030565)",road,247.007
36557,IN DISP. HYDROS 3 RL70,"LINESTRING(117.447750350665 0.717610538036213,117.448825028947 0.717555309930015,117.449044569669 0.71742225494704,117.449137708157 0.717235977970875,117.448906751721 0.714842989173499,117.448925434099 0.71425760801252,117.448857112084 0.713661151206864,117.448576142392 0.712219551023876,117.448479918469 0.711248147611468,117.448434097554 0.711032789307774,117.448255395983 0.71072578917272)",road,902.45
37158,IN DISP. IPD MERAK RL-30 BARAT,"LINESTRING(117.469906097923 0.69783687375402,117.469840756383 0.697033965865271)",road,89.079
18687,JL. KATARA,"LINESTRING(117.463950471408 0.648731171305069,117.4647955428 0.648264478144039,117.465018209569 0.647580573065558,117.465479447878 0.646912572756344,117.465558971724 0.646276381985664,117.466179257726 0.645481143522314,117.467578877421 0.645226667214042,117.469073925732 0.645338000598911,117.47021906912 0.645258476752576,117.471062021891 0.645226667214042,117.472223070047 0.644924476597969,117.473352308665 0.644638190751163,117.474099832821 0.644192857211687,117.474640594976 0.643938380903415,117.475022986293 0.643382570658278)",road,1507.391
31550,JL. RO MELATI 6400,"LINESTRING(117.444003767155 0.620401060124818,117.445003579025 0.621690441760916)",road,180.867
34388,JL. HIMALAYA0 09,"LINESTRING(117.437002601186 0.65772751452181,117.437620791768 0.660437370513484)",road,307.441
34986,JL. RO PANAMA 1,"LINESTRING(117.447212180165 0.694510811479288,117.446756897426 0.694347136856769)",road,53.813
25719,JL. RO DI PANJAITAN 01,"LINESTRING(117.460809951041 0.668027854971458,117.460781967503 0.667290955141592,117.460940516028 0.66608173687576)",road,216.41
11248,JL. RO MOH NATSIR 01,"LINESTRING(117.431586856618 0.59636540171354,117.431961390065 0.596822965696597,117.432087872701 0.597548957010968,117.431761519219 0.599220523626354,117.431331687804 0.601584596410972,117.431116772096 0.602372620672511,117.431171380264 0.602713118510374)",road,729.675
34389,JL. HIMALAYA 01,"LINESTRING(117.436611695829 0.656151394621249,117.436760814259 0.65689494404948,117.437002601186 0.65772751452181)",road,179.791
28708,JL. ALBATROS,"LINESTRING(117.461550166825 0.718037551436151,117.462327777223 0.717961843459898,117.462385534922 0.717953979354108)",road,93.448
8841,JL. RO SOEDIRMAN 01,"LINESTRING(117.453737103054 0.630415623323806,117.454075904468 0.631010523394558,117.454042357185 0.631274109191404,117.453888998176 0.631542487457285,117.453730846698 0.631930677449004,117.45362061991 0.632318867440724,117.453558317812 0.632683095087276,117.453548732874 0.633191096804835,117.453513393149 0.633834032273407)",road,398.731
17216,IN DISP. CADAS TENGAH 01,"LINESTRING(117.456482481091 0.708906217161832,117.456482481091 0.708906217161832)",road,0
37081,IN FRONT EX762,"LINESTRING(117.465292182825 0.705741810685873,117.465366874561 0.705819375180744,117.465623003792 0.705852571509795,117.465992879651 0.705704277222123,117.466022979762 0.705497338961693,117.465685747757 0.704905774271402)",road,183.55
3243,JL. RO KENARI 05,"LINESTRING(117.477672348903 0.705439323321324,117.478018869654 0.708337103102048)",road,322.734
26767,JL. RO HASSANUDIN 2500,"LINESTRING(117.457150585186 0.598385757948365,117.457220362947 0.59937769770398,117.457107198258 0.600188716422734)",road,200.516
34987,JL. RO PANAMA 2,"LINESTRING(117.446756897426 0.694347136856769,117.446392588446 0.694200453409556,117.44553455103 0.693535563304597,117.444854157631 0.692964605274525,117.444479375749 0.692638992924628,117.444048504264 0.692155661474252)",road,389.717
11252,JL. RO AHMAD DAHLAN 05,"LINESTRING(117.44314718163 0.604474055206843,117.44348636505 0.604481978544308,117.444026153861 0.604502612152627)",road,97.895
32476,IN CS. BANGAU,"LINESTRING(117.474912720073 0.698998251809101,117.474083620898 0.698989341829977,117.473345392913 0.699433529854934,117.473351649083 0.699840180863697)",road,232.997
35908,IN DISP. HYDROS 3 RL90 BARAT,"LINESTRING(117.44886706368 0.707897261837508,117.448679978969 0.709025336047981,117.448853309666 0.709946155376115,117.449037473532 0.711820293538083,117.449243303735 0.713055274754639,117.44967035155 0.715759914757816)",road,879.621
31554,JL. RO MELATI 5500,"LINESTRING(117.442073466337 0.615065069329288,117.441913632511 0.614505650939435,117.441630849589 0.613999510491472,117.441286592118 0.613606073382124,117.440890389069 0.613179820383108)",road,251.099
11612,JL. RO ELANG 4900,"LINESTRING(117.443522365874 0.608937164786074,117.442821671763 0.609198624858104,117.442496532521 0.609429368836055,117.441914428395 0.609938054423813,117.441410986989 0.610011472962252,117.441263665163 0.610120023950262)",road,290.215
28709,JL. ALBATROS 01,"LINESTRING(117.462385534922 0.717953979354108,117.463068661561 0.717769834083638,117.463313272658 0.71771906574279,117.463599421488 0.717663682098228,117.463719742072 0.717659160946059)",road,152.356
15513,IN WIGHTBRIDGE 01,"LINESTRING(117.441650995607 0.608997448390084,117.441644971931 0.608823717429291,117.441633690623 0.608707143910735,117.441250126143 0.608466476001459,117.441016979106 0.608308537685996)",road,113.764
32483,IN CS. MHR KOLIBRI,"LINESTRING(117.477467604662 0.709710551699755,117.477017336968 0.708853628870094,117.475983741967 0.708541503647093,117.47514427864 0.708663759636085)",road,321.723
32481,IN CS. CENDRAWASIH,"LINESTRING(117.470001208465 0.719606397143391,117.469949150748 0.719213661539602,117.47075220247 0.718792785034574,117.471087990148 0.719001751334092)",road,188.531
32696,JL. RO TOKYO 03,"LINESTRING(117.45254952075 0.709199063327353,117.452292449454 0.708948320746145)",road,39.844
35454,IN STP. TULIP,"LINESTRING(117.466556635964 0.643566176076629,117.466828029359 0.641929405363684,117.467129086982 0.6405422128321)",road,340.495
32697,JL. RO TOKYO 04,"LINESTRING(117.452292449454 0.708948320746145,117.451649278673 0.708195495721491,117.45011763407 0.705870653199936,117.450027238151 0.705727012371383,117.449903563123 0.705615704846377)",road,455.527
37165,IN FRONT EX1305,"LINESTRING(117.465097381945 0.706156675184575,117.464631949632 0.705942563586762,117.46403739889 0.705854481995298,117.463417492953 0.70572356872992)",road,194.358
32679,JL. MANILA 01,"LINESTRING(117.455209566884 0.708696234183098,117.455459114976 0.708140223523459,117.455445980865 0.70756670071706,117.454997980703 0.705840283604747)",road,328.202
26494,JL. ALBATROS 06,"LINESTRING(117.466265166097 0.721816584207399,117.466824840135 0.721109939876002)",road,99.932
37164,IN FRONT EX1151,"LINESTRING(117.468567731882 0.713830940373533,117.468718819347 0.714415388291123)",road,66.777
32482,IN CS. KOLIBRI COAL,"LINESTRING(117.473505697593 0.708435763544398,117.473701646074 0.707953070849632,117.474786409144 0.708101458250731,117.474909548103 0.708564917791261)",road,232.562
33712,JL. RO RAJAWALI 16500,"LINESTRING(117.476378240046 0.679279326796566,117.476256348547 0.679753366984355,117.476047921157 0.680523085691649)",road,142.361
36110,JL. MELBOURNE 07,"LINESTRING(117.465857717895 0.698705135842425,117.465746517695 0.699009909570956,117.46570018835 0.699248174770886,117.465714372141 0.699806337693076,117.465650593386 0.700476655549871)",road,198.945
33711,JL. RO RAJAWALI 16700,"LINESTRING(117.476047921157 0.680523085691649,117.475971893049 0.681059506232932,117.476014802175 0.68244002847155)",road,212.64
8720,JL. RO HOS COKRO AMINOTO 03,"LINESTRING(117.454267730654 0.653779903947992,117.454402908375 0.654333806023455,117.454538463102 0.654791529351226)",road,115.882
35741,JL. RO ROMA 10,"LINESTRING(117.456373390297 0.697977510995904,117.457017169937 0.697959927786216,117.457601296494 0.697933233162737)",road,136.773
36303,JL. ROMA 12,"LINESTRING(117.459045291058 0.698944938575499,117.460896470943 0.698585818210766,117.461014845872 0.698567717853657,117.461158508124 0.698520308915525,117.461649827839 0.698202120910068,117.461776167194 0.698094498496458,117.461846355724 0.697963479905975,117.461869941468 0.697853668954165,117.46185103496 0.697607858017524,117.461640740587 0.696866342080793,117.461505917717 0.69612924061698)",road,547.744
15520,IN WEIGHTBRIDGE 03,"LINESTRING(117.441018976116 0.608596083395866,117.441016979106 0.608308537685996)",road,31.796
26768,JL. RO HASSANUDIN 2700,"LINESTRING(117.457107198258 0.600188716422734,117.456532131789 0.601069253803132,117.456025368524 0.601638874133786)",road,201.076
26760,JL.GELATIC 01,"LINESTRING(117.462987400628 0.68916437989175,117.463097526341 0.689162302048106,117.463170250869 0.689174769109971,117.463215963429 0.68920801460828,117.463261675989 0.689251649324809,117.463299077175 0.68930567325956,117.463315699924 0.689368008568888,117.463326089142 0.689424110347283,117.46331362208 0.689555014496872,117.463200611696 0.689938372642163,117.463164113194 0.690236443737594,117.463148905485 0.690628802628517,117.463158030111 0.690917749098577,117.463287383158 0.692450859747734,117.463433414179 0.693255899693405,117.463626780782 0.694043178006457,117.463727990893 0.694848506467442,117.463797441992 0.695377403297191,117.463834776766 0.695602675947181,117.463892247544 0.695759762741058,117.463942055552 0.695824896289739,117.464007189101 0.69589002983842,117.464122130657 0.695951332001885,117.464558908572 0.696020296935782)",road,847.65
36306,JL. ROMA 15,"LINESTRING(117.460949428891 0.693129639389952,117.461011938908 0.691687198707835)",road,159.649
34050,JL. RO MERPATI 06,"LINESTRING(117.486146165373 0.698526841509115,117.486854000051 0.698569447488257,117.487462878478 0.698433471204039,117.488535832396 0.698214003357075,117.489755098213 0.698201810698911,117.490966229842 0.698372076796969,117.491705783546 0.698415072907336,117.493146781617 0.698863383418388,117.495922930115 0.69958680518128)",road,1111.616
36950,JL. RANGKONG 11,"LINESTRING(117.469726368972 0.708019780458005,117.469214822787 0.708021243977695,117.468746134699 0.708000254053525,117.468414799867 0.707874430699897,117.468223755592 0.70766227475733,117.46817693352 0.707365734966594,117.468137915126 0.706788262742528)",road,277.446
35393,JL. IN FRONT RANGKONG 01,"LINESTRING(117.468812001684 0.701043264378785,117.46885687817 0.701462364074497,117.468852344347 0.702146971456472,117.468725397282 0.702963059726376,117.468648322279 0.703556990633918,117.468527769228 0.704048433075891)",road,335.855
26771,JL. RO HASSANUDIN 3300,"LINESTRING(117.453148959463 0.603791810566691,117.451473138709 0.604401199931758)",road,198.338
31935,JL. RANGKONG 03,"LINESTRING(117.468812001684 0.701043264378785,117.468830445604 0.700374672295691,117.468784335805 0.699618471594812,117.468768952579 0.69924369172907,117.4686816336 0.698998785960546)",road,227.98
35957,JL. RO  BANGAU NEW 01,"LINESTRING(117.470180270342 0.706084217603388,117.47030116752 0.706077501093516,117.470455647247 0.706117800152748,117.470556394895 0.706326011958783,117.470628912173 0.707004251686733)",road,132.279
36951,JL. RANGKONG 02,"LINESTRING(117.468527769228 0.704048433075891,117.468137915126 0.706788262742528)",road,306.047
32275,JL. RO SAMARINDA 12,"LINESTRING(117.50187197091 0.724246762820455,117.501801188762 0.724394224648363,117.501539533247 0.724674479157746)",road,60.637
19357,JL. OSAKA 09,"LINESTRING(117.448501720838 0.703821230159146,117.448501720838 0.703821230159146)",road,0
34974,JL. RO HIMALAYA 08,"LINESTRING(117.433327976872 0.646408530841243,117.433530074793 0.64892016204506,117.433697511212 0.649701465610982)",road,367.012
35831,JL. IP FLAMINGGO 02,"LINESTRING(117.469131695903 0.717908469281307,117.469117411354 0.717884661698767,117.469079319222 0.717522786444165,117.469145980453 0.717179957255595,117.470479205075 0.715213450937825)",road,345.201
35150,JL. RO BANGAU NEW 03,"LINESTRING(117.471885885328 0.70135369594748,117.470525757231 0.704933119059063,117.470327671015 0.705490888140899,117.470180270342 0.706084217603388)",road,556.886
36112,JL. RO MAROKO 03B,"LINESTRING(117.452719928253 0.691319187275099,117.452204090129 0.691188121421687,117.45131754477 0.690822394857058)",road,165.867
36938,IN DISP. CADAS RL60,"LINESTRING(117.459760629917 0.718502292825678,117.459772559479 0.718195156876602,117.459907923064 0.717769336183052)",road,83.424
17838,JL. RO PARIS 05,"LINESTRING(117.44824358529 0.701786323612023,117.448212896669 0.701194021600749,117.448102732781 0.700751450889568)",road,116.032
34004,JL. RO MELATI 5200,"LINESTRING(117.440890389069 0.613179820383108,117.440787460563 0.612461771518633,117.440897741105 0.611743722654158)",road,160.561
35936,IN MHR GATSU,"LINESTRING(117.460470720022 0.657859570862293,117.459786944908 0.657377445279679)",road,92.926
33626,JL. RO SAMARINDA 02,"LINESTRING(117.498557010167 0.720888035174438,117.498263428977 0.720973036387896,117.496949439854 0.721631396341923,117.495514076715 0.722343681210691)",road,375.509
11265,JL. CRUSHER 78 04,"LINESTRING(117.439997847477 0.607948551070436,117.440214729902 0.608141335448151,117.441018976116 0.608596083395866)",road,134.885
37171,IN FRONT EX2385,"LINESTRING(117.440897741105 0.611743722654158,117.442461642282 0.612801021992189)",road,209.697
11266,JL. RO AHMAD DAHLAN 02,"LINESTRING(117.431171380264 0.602713118510374,117.431430991692 0.602791568966569,117.432503354793 0.602984353344284,117.433256273671 0.603192129462298,117.433840796413 0.603369922099713,117.43420131493 0.603629766018769,117.434521614149 0.603950065237637,117.435105943892 0.60465916762568,117.435539708742 0.604864001027002,117.435949375545 0.604839902979787,117.436407238442 0.604671216649287)",road,661.07
32489,IN CS. KASWARI COAL,"LINESTRING(117.472031361322 0.686340387298386,117.471909532853 0.686743200131617,117.472501038316 0.687372622611051,117.472956227155 0.687342020651155)",road,193.147
14144,JL. RO CRUSHER 04,"LINESTRING(117.502212304022 0.552266874374648,117.503067976408 0.551675682543807,117.503565822161 0.551115606072483,117.504141456312 0.550384395123811,117.504514840626 0.549979895450077,117.505090474777 0.54963762649538)",road,437.269
14145,JL. RO CRUSHER 05,"LINESTRING(117.505090474777 0.54963762649538,117.505697224288 0.549404261298995,117.506599569714 0.549342030579959,117.507221876904 0.549310915220441)",road,242.338
31763,JL. RO KETAMPI,"LINESTRING(117.498603613453 0.706173146521099,117.499698312086 0.706236737229588,117.500578088151 0.706170339036024,117.501657058796 0.706618526842581,117.502819027183 0.706967117358792,117.503516208216 0.70726590922983,117.503798400538 0.707299108326612,117.505989540926 0.705390160261648,117.506919115636 0.704493784648534,117.507417102088 0.704493784648534,117.50759969712 0.704211592325887)",road,1159.623
30485,JL. RO COTHA 01,"LINESTRING(117.457898510931 0.660060172534757,117.45802271035 0.659832084294828,117.458158838456 0.659716230587978,117.458975607089 0.659302053585991)",road,150.403
31762,JL. RO LIMING KELAYANG,"LINESTRING(117.495915936269 0.710603351498879,117.496406230739 0.709362045100914,117.496485934429 0.708910390857739,117.496353094946 0.708491946485387,117.496386304816 0.708013724345555,117.496744971421 0.707475724438245,117.49830583535 0.706519280158582,117.498584798265 0.706333304881981,117.498603613453 0.706173146521099)",road,630.133
11267,JL. RO AHMAD DAHLAN 04,"LINESTRING(117.439299004107 0.604562775436823,117.439985798453 0.604430236177144,117.440865377176 0.604357942035501,117.441720857852 0.604430236177144,117.44314718163 0.604474055206843)",road,430.48
18065,JL. RO NEW DAGO 01,"LINESTRING(117.453254879562 0.649948947599957,117.453910412891 0.649565441262912,117.454758820791 0.649072267077285,117.45548346998 0.64861394194904,117.456579734139 0.647858324845718,117.457634127849 0.647138964482265,117.457890540166 0.646934881209402,117.458081329568 0.64677136695795)",road,642.659
8357,IN DISP. HIGHRISK PERI,"LINESTRING(117.431586856618 0.59636540171354,117.431717136396 0.596236005594778,117.431805197782 0.595931148558592,117.431985111634 0.595702167292113,117.432589142027 0.595337859419304,117.432884283517 0.595074721569613,117.432908040353 0.594837153216199,117.433248554992 0.594726287984606,117.432774466861 0.594569104553704,117.43255127384 0.594467753869174,117.432342042249 0.594555376788247,117.432366762716 0.59427401718916)",road,415.539
34543,IN CS. BANGAU COAL,"LINESTRING(117.475596782193 0.698115777763749,117.475424444136 0.697264253548719)",road,96.091
21167,JL. RO NEW DAGO 05,"LINESTRING(117.458081329568 0.64677136695795,117.45842981981 0.646458077751101,117.458732548706 0.646179989578729,117.459688912711 0.645089793327807,117.460080748327 0.644652264682408,117.460260273602 0.644455138889334,117.460365876706 0.644317854854872)",road,372.359
35303,IN MHR KELADI,"LINESTRING(117.489682366662 0.698304017117856,117.488535832396 0.698214003357075,117.486854000051 0.698569447488257,117.486146165373 0.698526841509115)",road,398.229
25987,JL. KASWARI 01,"LINESTRING(117.462507140168 0.690069158939138,117.4626987573 0.689649426172103,117.462987400628 0.68916437989175)",road,113.599
19586,JL. TEMBUSAN GATSU,"LINESTRING(117.462036576663 0.655606917570353,117.462553918215 0.655860414930984)",road,64.046
25990,JL. KASWARI 04,"LINESTRING(117.464684385174 0.685331615534925,117.464848892138 0.685037420253773,117.464957577196 0.684874392666273,117.465154568864 0.684758914791793,117.465419488694 0.684677400998043,117.46619561227 0.684701515552871)",road,201.683
31761,JL. RO LIMING,"LINESTRING(117.483718730244 0.698867812521791,117.483423953539 0.701614398815116,117.483448202197 0.702269112581401,117.483957424015 0.702632842451559,117.485388094838 0.702778334399622,117.4863337925 0.703336053533865,117.487667468691 0.704233253880255,117.488419177089 0.704596983750413,117.489073890855 0.704621232408424,117.489898345227 0.705154702884656,117.491135026786 0.705469935438793,117.491741243236 0.705566930070835,117.492298962371 0.705227448858687,117.493293157349 0.705542681412824,117.494020617089 0.705930659940993,117.494820822804 0.706367135785183,117.495499785228 0.706512627733246,117.496542477522 0.706536876391257,117.498603613453 0.706173146521099)",road,2201.017
25988,JL. KASWARI 02,"LINESTRING(117.462987400628 0.68916437989175,117.463269926302 0.68838598852802,117.463590991019 0.687629041168984,117.463804776762 0.686932214447324)",road,263.287
25989,JL. KASWARI 03,"LINESTRING(117.463804776762 0.686932214447324,117.464684385174 0.685331615534925)",road,202.263
35114,IN DISP. KELADI RL 25,"LINESTRING(117.495922930115 0.69958680518128,117.498936699515 0.700648641441404)",road,355.42
9523,JL. CANBERA,"LINESTRING(117.459882588651 0.706300136547313,117.459762384351 0.706403168804767)",road,17.573
36151,IN SUPPORT ADISUCIPTO,"LINESTRING(117.476564285761 0.678737321408103,117.476779211198 0.678794634858069,117.477065778448 0.678601201964431,117.477204380999 0.678303816576422,117.477396124435 0.67761821920751,117.478351467208 0.677429244304821)",road,286.608
34917,JL. RANGKONG 01,"LINESTRING(117.46982724268 0.707164195386407,117.469781863923 0.707403513058058,117.469726368972 0.708019780458005)",road,95.363
27763,JL. KARAKUM 01AA,"LINESTRING(117.466602582554 0.671921728341566,117.466826746485 0.672514455419895)",road,70.13
34552,IN STOCK SCOREA KENARI,"LINESTRING(117.480016423059 0.710346573419423,117.480149343181 0.709760871616351)",road,66.432
35775,JL. FUJIYAMA 05,"LINESTRING(117.44092223516 0.665211557640952,117.441151901287 0.665709982002739)",road,60.754
29289,JL. RO JUANDA 12500,"LINESTRING(117.466108799955 0.653248807635712,117.466873184882 0.653442462075948,117.467445392561 0.653593223380616,117.467877118116 0.653781675011451)",road,205.957
34472,IN CS. SUTAN SJAHRIR,"LINESTRING(117.458554198349 0.577866227087904,117.458724882342 0.578704279945287,117.459608289178 0.578740460430002,117.460065785066 0.577808970015288)",road,307.912
27596,JL. RO CIRU 03,"LINESTRING(117.460155772175 0.653746898979587,117.460027162382 0.653821357280632,117.459939166208 0.653865355367613,117.459851170034 0.653882277708759,117.459732713646 0.653902584518135,117.459626531946 0.653961887006725)",road,64.315
31596,JL. RO BEO 4,"LINESTRING(117.471971878738 0.709839272468351,117.472156629586 0.710229000149677,117.472565154154 0.710816613506114,117.472809737786 0.711049934059427,117.473265870195 0.711428345288654,117.474216665864 0.712039913646616)",road,355.95
26726,JL. RO ADAM MALIK 100,"LINESTRING(117.463861998997 0.580604483376774,117.464202055303 0.580219794680492)",road,56.94
34338,IN DISP. CADAS RL100,"LINESTRING(117.454311779444 0.71954219588518,117.455862535081 0.71836671134734)",road,216.08
34717,IN DISP SUPPORT TAMAN SARI,"LINESTRING(117.459760629917 0.718502292825678,117.459793668136 0.718964827885526,117.459708673489 0.719289311865115,117.459608798777 0.719542327800923,117.459535557322 0.719795343736731,117.459533866236 0.720111042966926,117.459468323571 0.720480465259803,117.459164443943 0.721272935662265)",road,317.961
30095,JL. RO HOS COKRO AMINOTO 08,"LINESTRING(117.459723830895 0.663717831800382,117.45999375965 0.664368829335567,117.460572090969 0.665490680873692)",road,217.76
35170,IN WF BALIKPAPAN,"LINESTRING(117.488876700853 0.715885078948471,117.489171275125 0.715802172019709)",road,34.047
27488,JL. RO CIRU 01,"LINESTRING(117.458975607089 0.659302053585991,117.45941005849 0.658821260702566,117.459621491505 0.658563486204826,117.460282006145 0.658018943841775,117.460470720022 0.657859570862293)",road,231.284
27234,JL. RO SAKURA 10200,"LINESTRING(117.470015187527 0.637362398375775,117.470317401198 0.635584792245258)",road,199.416
27235,JL. RO SAKURA 10400,"LINESTRING(117.469296534729 0.638938874380488,117.469593741153 0.638578767992984,117.469919248515 0.637756433603885,117.470015187527 0.637362398375775)",road,194.511
27108,JL. RO BEO 8,"LINESTRING(117.478136144087 0.711444240523359,117.477568781005 0.711850469851318)",road,77.499
30096,JL. RO HOS COKRO AMINOTO 09,"LINESTRING(117.460572090969 0.665490680873692,117.460940516028 0.66608173687576)",road,77.157
26766,JL. RO HASSANUDIN 2300,"LINESTRING(117.456985964047 0.595781707716101,117.457319866247 0.597155457338427,117.457311574306 0.597719309371478,117.457150585186 0.598385757948365)",road,294.577
27791,IN SUPPORT TSSP THIESSS,"LINESTRING(117.417457214724 0.59982246635936,117.419359543571 0.598693187545396,117.420291057483 0.598145238185919,117.421962303029 0.597474000220559,117.42380400334 0.596723268535725,117.425022722288 0.595298395626065)",road,995.303
25493,JL. RO IKN 2,"LINESTRING(117.46517586346 0.665792503390346,117.465281369299 0.666396764107694)",road,67.84
17962,JL. RO GATSU 10,"LINESTRING(117.460155772175 0.653746898979587,117.459852320124 0.651778205473324,117.45952558745 0.649933981043516)",road,427.434
25995,JL. RO KASWARI 09,"LINESTRING(117.472956227155 0.687342020651155,117.473955070349 0.688235345574033)",road,148.724
25564,JL. RO MOH NATSIR 02,"LINESTRING(117.425022722288 0.595298395626065,117.427883487405 0.595464719179357,117.431586856618 0.59636540171354)",road,743.067
19058,JL. RO BEIJING 12,"LINESTRING(117.453144637759 0.714254895335197,117.453028464285 0.714513058610038)",road,31.339
25965,JL. RO IKN 6,"LINESTRING(117.466056326333 0.670402420134635,117.46587646932 0.670489147939869,117.465757476898 0.671650654927464)",road,151.313
18237,JL. RO GATSU 11,"LINESTRING(117.45952558745 0.649933981043516,117.459336987558 0.649076734822246,117.459217378184 0.648742825321237,117.459067866467 0.648324192514001,117.458509689391 0.647367317526034)",road,308.226
25997,JL. RO KASWARI 11,"LINESTRING(117.4755082849 0.689099655511434,117.476175565652 0.689104434015463)",road,74.278
29352,JL. RO MERPATI 4,"LINESTRING(117.477929461361 0.697808304094042,117.478663213367 0.697691102718239,117.480579922665 0.697346370830153,117.481238391422 0.697365898398361,117.481862325289 0.697725575907048,117.482662560292 0.698298982187635,117.483718730244 0.698867812521791)",road,695.454
26504,JL. RO KOLIBRI 04,"LINESTRING(117.478955613521 0.71097737005256,117.478225241123 0.71021225547941)",road,117.333
24820,JL. RO MT HARYONO 01,"LINESTRING(117.460940516028 0.66608173687576,117.461150491338 0.666203242812118,117.461381514039 0.666411616228338,117.461801861986 0.667001389329783,117.462079347522 0.667227050686991,117.462724378641 0.66752933560813)",road,260.656
24821,JL. RO MT HARYONO 02,"LINESTRING(117.462724378641 0.66752933560813,117.46318489228 0.667820824149592,117.463303078509 0.667873351362669,117.463477074903 0.667896332018389,117.463637939493 0.667886483165938,117.463759408673 0.667840521854496,117.463913707361 0.667745316280795,117.464026950453 0.66760296858629,117.464203614871 0.667335707030704)",road,202.657
26021,JL. RO KENARI 12,"LINESTRING(117.489897434009 0.713792032593971,117.489265311704 0.713113223812081)",road,102.882
26502,JL. RO KOLIBRI 2,"LINESTRING(117.480451984349 0.713663544349426,117.479849506898 0.712390051451821)",road,155.969
26503,JL. RO KOLIBRI 3,"LINESTRING(117.479849506898 0.712390051451821,117.479147848152 0.711141110098717,117.478955613521 0.71097737005256)",road,186.686
24822,JL. RO MT HARYONO 03,"LINESTRING(117.464203614871 0.667335707030704,117.464501071784 0.666432044497677,117.464774488863 0.665830526922398,117.46506795976 0.665737352610588,117.46517586346 0.665792503390346)",road,226.133
32710,IN CS. LAS VEGAS,"LINESTRING(117.470015187527 0.637362398375775,117.469651024536 0.637371114310486,117.468989968412 0.638428804110332,117.468352243679 0.638825437785275)",road,262.166
26508,JL. RO KOLIBRI 08,"LINESTRING(117.474909548103 0.708564917791261,117.473505697593 0.708435763544398)",road,156.915
26026,JL. RO BALIKPAPAN 07,"LINESTRING(117.494127546826 0.713937544195983,117.49554704537 0.715065759389672)",road,201.318
26022,JL. RO BALIKPAPAN 03,"LINESTRING(117.490666048542 0.714190385310107,117.489897434009 0.713792032593971)",road,96.228
26499,JL. RO KOLIBRI 06,"LINESTRING(117.477467604662 0.709710551699755,117.47514427864 0.708663759636085)",road,283.333
26500,JL. RO KOLIBRI 07,"LINESTRING(117.47514427864 0.708663759636085,117.474909548103 0.708564917791261)",road,28.322
34487,IN CS. CANBERA,"LINESTRING(117.458364289491 0.707415996880749,117.458235905221 0.70704508310925,117.459165762825 0.706421932463593,117.459535758521 0.706606930311522)",road,213.758
26498,JL. RO KOLIBRI 05,"LINESTRING(117.478225241123 0.71021225547941,117.477721521643 0.709916823435891,117.477467604662 0.709710551699755)",road,101.211
34721,IN DISP. HIMALAYA,"LINESTRING(117.438158863432 0.654674357840061,117.437828442658 0.656958909587213,117.437624026452 0.657392271943954,117.437002601186 0.65772751452181)",road,386.802
26028,JL. RO BALIKPAPAN 09,"LINESTRING(117.497057251708 0.715824189847766,117.497836386804 0.716294917301575,117.498104214493 0.716635788906057,117.498435093686 0.717467976074362)",road,248.319
36237,IN DISP. LR KERTAJATI,"LINESTRING(117.432202154064 0.635074451176991,117.43195468103 0.634807158923985,117.431678197921 0.634687175688007,117.428314091179 0.631860779346518)",road,561.666
26501,JL. RO KOLIBRI 1,"LINESTRING(117.48039125657 0.714777586775423,117.480451984349 0.713663544349426)",road,123.37
30098,JL. RO SOEDIRMAN 05,"LINESTRING(117.452382180516 0.647303027659512,117.452574675648 0.647911469149453,117.453254879562 0.649948947599957)",road,308.283
23437,JL. STP MERAK 02,"LINESTRING(117.469224143446 0.569705970309575,117.469471747313 0.569839588876004)",road,31.272
23919,JL. RO STP BELUT 02,"LINESTRING(117.437976134626 0.601878526798674,117.437693749721 0.600089166063648)",road,200.339
23438,JL. STP MERAK 03,"LINESTRING(117.469471747313 0.569839588876004,117.469508598937 0.570054936701811,117.46949278001 0.57023158139071,117.469371501567 0.570418772031184)",road,68.486
26380,JL. RO SAMARINDA 10,"LINESTRING(117.499639621225 0.720678620896505,117.499798183252 0.720857227230089,117.499887177456 0.721162350213212,117.500078694058 0.72164894434789)",road,119.524
26537,JL. RO KOLIBRI 10,"LINESTRING(117.473081626915 0.708535002474287,117.472984612709 0.708747687463957,117.472932374291 0.709232758493029,117.473004659398 0.709846530883918)",road,148.172
26741,JL. RO ADAM MALIK 1100,"LINESTRING(117.457682531613 0.587728674678332,117.45886647943 0.586230548600045)",road,211.683
36954,JL. SIDNEY RANGKONG,"LINESTRING(117.468527769228 0.704048433075891,117.468259331685 0.704135675277172,117.468011026959 0.704263183109815,117.467715745662 0.704800058194624,117.46744730812 0.705726167715921,117.46725940184 0.706155667783769,117.466907624605 0.706629504663974,117.466252761056 0.707658918021236,117.465312199098 0.708954494289297)",road,666.863
36073,IN MJ HIMALAYA,"LINESTRING(117.436611695829 0.656151394621249,117.436787672022 0.656216703739812)",road,20.877
25986,JL. KASWARI 06,"LINESTRING(117.462338442775 0.690460329933994,117.462397997863 0.690393686096213,117.462507140168 0.690069158939138)",road,47.797
37093,IN SUPPORT JL. HIMALAYA,"LINESTRING(117.433327976872 0.646408530841243,117.433423325024 0.646660563644359)",road,29.821
3406,JL. DUBAI2 02,"LINESTRING(117.458926408561 0.719651020604857,117.458926408561 0.719651020604857)",road,0
37198,IN FRONT EX2406,"LINESTRING(117.440897741105 0.611743722654158,117.443196313955 0.613291361194847)",road,307.815
34971,JL. RO HIMALAYA 06,"LINESTRING(117.433092259065 0.644001356429079,117.432926726086 0.643050876741689)",road,106.702
37200,IN FRONT EX1777,"LINESTRING(117.468416703881 0.71250584475643,117.468592471784 0.712385004322679,117.468740775953 0.712104874226258,117.468773732435 0.711802773141883,117.468735283206 0.711357860635802)",road,141.779
33743,JL RO TAMRIN 14400,"LINESTRING(117.477796526684 0.661172405333478,117.477693734886 0.661933064643395,117.477610947311 0.662995657193222)",road,202.741
26742,JL. RO ADAM MALIK 700,"LINESTRING(117.459999341092 0.584875702872703,117.46131509055 0.583363550020353)",road,222.28
37094,IN SUPPORT KALTIM,"LINESTRING(117.49625565101 0.727233619487515,117.496842432573 0.726934459175738)",road,73.214
36520,JL. ROCO 01,"LINESTRING(117.458538697305 0.697940747062644,117.458390995645 0.697092171465557)",road,95.26
27489,JL. RO CIRU 02,"LINESTRING(117.460470720022 0.657859570862293,117.460028434643 0.655906863535666,117.459722857934 0.655062889768439,117.459500438414 0.654257068642974,117.459626531946 0.653961887006725)",road,448.797
35985,JL. DUBAI,"LINESTRING(117.465292182825 0.705741810685873,117.465226584501 0.705949865964635,117.465097381945 0.706156675184575)",road,51.151
32361,JL. RO KUDA 2.2,"LINESTRING(117.437996058789 0.621292210136143,117.438287867786 0.621389479801755,117.438323238573 0.621610547223599,117.438303859181 0.622285643273859,117.438314395876 0.622813153998431,117.438503243643 0.623252657917503,117.439280843048 0.623621519173327,117.440277765361 0.624419057023755,117.440846011079 0.625226564097314,117.441743241161 0.625744963700093)",road,706.953
37199,IN FRONT EX758,"LINESTRING(117.498552157846 0.727921967945582,117.497943355358 0.727724304800209,117.497801037893 0.727526641654836,117.497675604225 0.727303676977051,117.497455787602 0.727151223512692,117.497448696744 0.72692786146026,117.497551514196 0.726690317690213,117.497742967384 0.72636059275567,117.497774876249 0.726098230979797,117.497745692212 0.725905803862779,117.497728785667 0.725779142333465,117.497750058243 0.72492823927658,117.497844225197 0.724549068298105)",road,454.053
37142,IN FRONT EX1166,"LINESTRING(117.462338442775 0.690460329933994,117.461899970836 0.691937610529776,117.461462614212 0.692742831701813)",road,271.962
35894,IN MHR TAMRIN,"LINESTRING(117.476556681985 0.682938417345842,117.476014802175 0.68244002847155)",road,81.702
37197,IN FRONT EX1223,"LINESTRING(117.451495445346 0.699718994776273,117.45207231771 0.699222422550108)",road,84.488
31717,JL. RO BEO O3,"LINESTRING(117.471971878738 0.709839272468351,117.471264718321 0.708651754502833)",road,153.095
37137,IN FRONT EX771,"LINESTRING(117.443644941392 0.668144862831228,117.442912316178 0.668491578309382,117.442704011771 0.668583895035199,117.442552517657 0.668446603494241,117.441972732151 0.667131638876499)",road,297.217
35900,IN SUPPORT ANGGREK,"LINESTRING(117.450891170288 0.626987961668397,117.452690211713 0.626260334611102,117.453399986696 0.626891478848454)",road,321.231
37187,IN FRONT EX1849,"LINESTRING(117.453048345583 0.700090377027173,117.453025228088 0.70020225669287,117.453002230307 0.700416902648682,117.453063557723 0.70064688045848,117.453155548847 0.700876858268278,117.453215813407 0.701534836149366)",road,163.316
35184,IN STP. NURI,"LINESTRING(117.441018976116 0.608596083395866,117.440202130409 0.609277001931655)",road,118.053
33185,JL. RO PENAJAM 04,"LINESTRING(117.490180348029 0.72221085482109,117.490333375753 0.722521161038672,117.490562917338 0.723095015002694,117.490894477406 0.723524342783184,117.491196282084 0.723911162862636,117.491402637819 0.724104094500316,117.491587352933 0.724153456758557,117.491715333235 0.724116449772478)",road,288.673
30231,JL. RO BALIKPAPAN 10,"LINESTRING(117.498435093686 0.717467976074362,117.499162935971 0.718818170026871,117.499514915374 0.719903437155834,117.499639621225 0.720678620896505)",road,382.931
37202,IN FRONT EX1881,"LINESTRING(117.460949428891 0.693129639389952,117.460958323433 0.69343574717519,117.4612793807 0.693928693995234)",road,99.04
34651,IN BD_SOULMATE,"LINESTRING(117.445003579025 0.621690441760916,117.448839336356 0.621686833517254)",road,426.97
26748,JL. RO HASSANUDIN 1900,"LINESTRING(117.456503399768 0.594104407678993,117.456304982125 0.593298135403895)",road,91.848
7735,IN CRUSHER 8 03,"LINESTRING(117.441769784635 0.606781361188646,117.441727102009 0.606917480567384,117.441536639949 0.607526450386256)",road,86.379
27152,JL. RO HASSANUDIN 4000,"LINESTRING(117.444930725476 0.60444551850531,117.445985382395 0.60450465192718)",road,117.579
32285,JL. RO SAMARINDA 13,"LINESTRING(117.500801955913 0.725377260435313,117.501539533247 0.724674479157746)",road,113.045
35418,IN MHR SAKURA,"LINESTRING(117.460740368799 0.628037187951801,117.461541022586 0.628224028750601)",road,91.486
36894, JL DISP SRIGUNTING,"LINESTRING(117.443433338628 0.690172605585117,117.442720167802 0.689554310432038,117.4424665899 0.688506673020298,117.442011228645 0.687501737837661,117.441854207523 0.687117036088058,117.441438101549 0.686700930113997,117.440715804386 0.686088547737077,117.440464570591 0.685798058660846,117.440134826234 0.685091463610554,117.439914996663 0.684361315391919,117.439755774963 0.683376375224218,117.439786825744 0.682966570231815,117.439980764987 0.682298298026649,117.440055761661 0.681285842919366,117.439799746791 0.681073636842984)",road,1157.744
32678,JL. MANILA 02,"LINESTRING(117.454997980703 0.705840283604747,117.454705120814 0.704820291088136,117.454548652998 0.704037952007091)",road,205.644
35492,IN UNDERPASS,"LINESTRING(117.437620791768 0.660437370513484,117.437745354022 0.660524029851635)",road,16.854
10960,IN DISP. REHAB MALAGA,"LINESTRING(117.438753211414 0.617072360292048,117.440003643746 0.616192243726324)",road,169.837
36913,JL. RANGKONG 10,"LINESTRING(117.469527982034 0.712484684705944,117.469207849127 0.713213445051652,117.468940460131 0.713572519509173,117.468758981752 0.713743322689498,117.468567731882 0.713830940373533)",road,188.775
9524,JL. CANBERA 01,"LINESTRING(117.459535758521 0.706606930311522,117.459691992015 0.706478791150911,117.459762384351 0.706403168804767)",road,33.891
35488,IN MHR HIMALAYA 2,"LINESTRING(117.435829290642 0.652822263730006,117.436237681492 0.653063964437151)",road,52.733
36896,IN DISP. SRIGUNTING RL50S,"LINESTRING(117.439799746791 0.681073636842984,117.440055761661 0.681285842919366,117.4404087827 0.679679623361638,117.440872930319 0.679470809048726,117.441372130703 0.679387608984642,117.441652383551 0.679492703802432,117.442173478689 0.680048830546571)",road,449.553
33595,JL. MAROKO 06,"LINESTRING(117.459811822289 0.690024179071911,117.458876964296 0.68987092366325)",road,105.431
33749,JL RO TAMRIN 15700,"LINESTRING(117.475826350544 0.67375754787998,117.475644751699 0.672630264488257,117.475720132352 0.672325315485633)",road,161.025
37099,IN FRONT EX1240,"LINESTRING(117.459773536799 0.675292406266107,117.45928921662 0.675588781301093,117.458836144278 0.675891967241942,117.458348159794 0.675821063513532,117.458068715688 0.675479057294145,117.45798112873 0.673760684582099)",road,417.754
34973,JL. RO HIMALAYA 07,"LINESTRING(117.433327976872 0.646408530841243,117.433092259065 0.644001356429079)",road,267.462
34052,IN DISP. KELADI RL35,"LINESTRING(117.495922930115 0.69958680518128,117.496187364679 0.69930497731832,117.496297837552 0.698894649503239,117.496129497936 0.698552709657337,117.495887509737 0.698110818164172)",road,187.868
8760,JL. RO KENARI 09,"LINESTRING(117.482694922093 0.711881401005861,117.480734766728 0.710778264242012)",road,249.969
36788,IN FRONT EX759,"LINESTRING(117.466824840135 0.721109939876002,117.466008892283 0.720837378895923,117.465465000362 0.720534593702898,117.465313607766 0.720248629909486,117.465369679098 0.719699130855478,117.465661403232 0.716787609535723)",road,585.36
33806,JL. RO TOKYO 050,"LINESTRING(117.449903563123 0.705615704846377,117.449677856197 0.705512127010607,117.449316106741 0.705536862016164,117.448957570785 0.705614518571479,117.448767563218 0.705730787865704)",road,133.544
24441,IN DISP. SRIGUNTING RL50 W,"LINESTRING(117.445353957455 0.691090794734332,117.445353957455 0.691090794734332)",road,0
30219,IN CRUSHER 8 01,"LINESTRING(117.439997847477 0.607948551070436,117.44054137838 0.606481539333643,117.441254993179 0.606280835171278,117.441769784635 0.606781361188646)",road,335.273
33976,IN +DISP. BLOCK 4,"LINESTRING(117.500078694058 0.72164894434789,117.499116712832 0.722372467743511)",road,133.665
36891,IN DISP. HYDROS 3 RL60,"LINESTRING(117.449177043343 0.71915969270005,117.448204397167 0.71901784846609,117.447586967793 0.718414527503603,117.447425185047 0.71732827192433,117.447916321207 0.716283866244659,117.448106242444 0.71544071934285)",road,549.999
36787,JL. RO. ROMA 13,"LINESTRING(117.457129903004 0.700675571971165,117.457032977116 0.701172888728155)",road,56.039
36852,IN FRONT EX1743,"LINESTRING(117.495441192235 0.727850816790772,117.495506869501 0.727964992039609,117.495477610645 0.728229030789615,117.495371414176 0.728483258698848,117.494378475461 0.729857878943575)",road,262.395
36847,IN DISP. HYDROS 3 RL30,"LINESTRING(117.446596712459 0.715603881661846,117.447116706957 0.715882124915821,117.448106242444 0.71544071934285)",road,186.026
37172,IN FRONT EX769,"LINESTRING(117.468567731882 0.713830940373533,117.468722799973 0.713604258995632,117.468911997571 0.713112345240964,117.469120114929 0.712573132086809,117.469214713728 0.71205283869245,117.469405398339 0.711670947214155,117.469498510124 0.71153254529809,117.469553760306 0.711192320424664,117.469453917937 0.710888038920464,117.469339812373 0.710835740536929,117.46944440914 0.710916565311482)",road,379.145
34977,JL. RO HIMALAYA 09,"LINESTRING(117.435829290642 0.652822263730006,117.435885166205 0.6530562181069,117.435721129988 0.652306338254328,117.435510226279 0.651837663346471,117.435047611144 0.65110781970767,117.434203798686 0.650451521129216,117.433697511212 0.649701465610982)",road,483.103
37144,IN FRONT EX1858,"LINESTRING(117.456057260178 0.702006582618251,117.455861825735 0.701749559379446,117.455481005159 0.701678241368916,117.454963949437 0.701416665627719,117.454285801143 0.701236059663219)",road,221.403
34968,JL. RO HIMALAYA 04,"LINESTRING(117.432202154064 0.635074451176991,117.433392538677 0.632727130498127)",road,291.42
25292,JL. RO DUBAI TO CADAS,"LINESTRING(117.461550166825 0.718037551436151,117.460624343346 0.71832294249635,117.459760629917 0.718502292825678)",road,205.942
34976,JL. RO HIMALAYA 10,"LINESTRING(117.436611695829 0.656151394621249,117.435829290642 0.652822263730006)",road,378.279
26490,JL. ALBATROS 02,"LINESTRING(117.463719742072 0.717659160946059,117.46399729832 0.717749731932533,117.464131693978 0.717939638839656,117.464163471116 0.718028853209829)",road,68.74
33752,JL RO TAMRIN 16200,"LINESTRING(117.476474733495 0.679002396114199,117.476564285761 0.678737321408103)",road,30.959
23921,IN STP BELUT 4,"LINESTRING(117.437693749721 0.600089166063648,117.438015648957 0.600053393037081,117.438393860251 0.600040005026678,117.438661516537 0.600037224149305)",road,107.971
14397,JL. RO CENDRAWASIH 02,"LINESTRING(117.471087990148 0.719001751334092,117.471616625014 0.718715104065857,117.47214839402 0.718367819021414,117.472595866958 0.717987582949909,117.472926859768 0.717524135438504,117.473248824865 0.71698037216262,117.473592254303 0.715907155170745,117.47388358555 0.715144952404673)",road,550.666
4316,JL. RO AHMAD YANI 04,"LINESTRING(117.4975430663 0.649778957534379,117.496553562146 0.650477078524796,117.495956633658 0.65080267588196,117.49534490529 0.650995074320284,117.495108107212 0.651118406652544)",road,311.09
477,JL. RO JALAK 02,"LINESTRING(117.493645820239 0.666936895511964,117.492633985987 0.668266877807204,117.492031753395 0.669601054626792,117.491364664985 0.670842580278354)",road,503.355
481,JL. RO SAMRAT 02,"LINESTRING(117.482636734826 0.676095287176006,117.480202019945 0.6752107024902)",road,288.123
478,JL. RO JALAK 01,"LINESTRING(117.491364664985 0.670842580278354,117.491077446364 0.671898803593862,117.490929204495 0.672816050157329,117.490873613794 0.673909333940047,117.490748687342 0.674165330281301)",road,376.431
25730,JL. IP FLAMINGGO 10,"LINESTRING(117.467622866301 0.722421411786831,117.467622866301 0.722421411786831)",road,0
476,JL. RO JALAK 03,"LINESTRING(117.496039785471 0.664616035898863,117.493645820239 0.666936895511964)",road,369.957
36464,JL. CARACAS,"LINESTRING(117.460149062571 0.692427983137069,117.460194989971 0.692035512624373,117.460390091569 0.691838932747267,117.460677446223 0.691710109165674,117.461011938908 0.691687198707835)",road,146.757
34526,IN DISP. HYDROS 2 DEKAT,"LINESTRING(117.447861420644 0.699825298675574,117.448027549606 0.698985070479888,117.448188561104 0.698730135608021,117.448141599417 0.69832089805055,117.447995238857 0.697653491844109,117.447733650073 0.696548320824945)",road,374.886
34734,IN DISP. HYDROS 3 BAROKAH,"LINESTRING(117.453048915713 0.71115977778606,117.452135844604 0.709289399106502,117.452292449454 0.708948320746145)",road,271.988
26749,JL. RO HASSANUDIN 2100,"LINESTRING(117.456985964047 0.595781707716101,117.456503399768 0.594104407678993)",road,193.089
35350,JL. RO TOKYO 08,"LINESTRING(117.448806812326 0.707130437418586,117.44886706368 0.707897261837508)",road,85.056
26747,JL. RO ADAM MALIK 1700,"LINESTRING(117.456304982125 0.593298135403895,117.45651102319 0.591251942547361)",road,227.416
26689,JL. RO ADAM MALIK 1300,"LINESTRING(117.45702246959 0.589462594937289,117.457682531613 0.587728674678332)",road,205.323
17961,JL. RO GATSU 09,"LINESTRING(117.460857449534 0.655049918765327,117.460625522994 0.654949405226323,117.460423650369 0.654801365301255,117.460282339532 0.654572576326151,117.460181225547 0.653946176796526,117.460155772175 0.653746898979587)",road,178.086
37102,IN FRONT EX764,"LINESTRING(117.464238147265 0.701213636280289,117.463074006483 0.700965953669066)",road,132.444
35372,JL. RO SRIGUNTING 09,"LINESTRING(117.443442114863 0.691272441923882,117.443525976286 0.691128236160603,117.443564981615 0.691006344505566,117.443640961151 0.690622430716413)",road,75.922
9506,JL. RO KOLIBRI KEN 01,"LINESTRING(117.479550792016 0.710710347672171,117.478955613521 0.71097737005256)",road,72.532
34190,JL. RO PARIS 08,"LINESTRING(117.448597247242 0.704222942409098,117.448722524239 0.70482954681517,117.448784494977 0.705221021957448,117.448767563218 0.705730787865704)",road,168.741
37204,IN FRONT EX773,"LINESTRING(117.466696758154 0.698824870693887,117.466387395602 0.698882115224434,117.466260848485 0.699103572678947)",road,63.262
35349,JL. RO TOKYO 07,"LINESTRING(117.4487800511 0.706600565148342,117.448806812326 0.707130437418586)",road,58.666
34507,JL. CANBERA 04,"LINESTRING(117.456482481091 0.708906217161832,117.456363866748 0.709029393595319,117.455815109961 0.709356877419684,117.454908898908 0.709829985343201)",road,203.609
37170,IN FRONT EX2393,"LINESTRING(117.440897741105 0.611743722654158,117.442396368505 0.613407135643972)",road,248.311
31495,JL. RO CADAS 03,"LINESTRING(117.456184677499 0.719566968156913,117.455821304076 0.719914369121667,117.455585710318 0.720221838941048,117.455404122566 0.720353028293656,117.455202371323 0.720401529095231,117.454980995552 0.720408590426748,117.454733102958 0.720259000068424,117.454506580416 0.720049573566771,117.454266482698 0.7196426213607,117.454311779444 0.71954219588518)",road,302.279
4050,JL. RO MALAGA 04,"LINESTRING(117.438753211414 0.617072360292048,117.438423183838 0.616501501781337,117.437579162233 0.615841996948219,117.437178807214 0.615126769704377,117.437067822761 0.614678047164581,117.436993600928 0.614399835030548,117.43702226231 0.614097151415052)",road,399.349
27160,JL. RO ELANG 4500,"LINESTRING(117.444570374054 0.607942926276388,117.444645733701 0.607494097786862,117.444599273184 0.606910719722713,117.444449197482 0.606123545124275)",road,203.677
26491,JL. ALBATROS 03,"LINESTRING(117.464163471116 0.718028853209829,117.464574376637 0.719804367326301)",road,201.584
18627,JL. RO PARIS 01,"LINESTRING(117.44713356017 0.694932190383529,117.447212180165 0.694510811479288)",road,47.408
33723,JL. RO GARUDA 06,"LINESTRING(117.475976007026 0.690974878040513,117.475487648759 0.691699128103925)",road,96.79
4048,JL. RO MALAGA 06,"LINESTRING(117.438484938171 0.620199279858558,117.438747995314 0.619072979921888)",road,127.936
14146,IN CRUSHER 1,"LINESTRING(117.507221876904 0.549310915220441,117.508047263663 0.549478050342794)",road,93.718
14147,IN CRUSHER 2,"LINESTRING(117.507221876904 0.549310915220441,117.508412474164 0.549362620158943)",road,132.654
33714,JL. RO RAJAWALI 16300,"LINESTRING(117.476474733495 0.679002396114199,117.476378240046 0.679279326796566)",road,32.451
32485,IN CS. SAKURA,"LINESTRING(117.460740368799 0.628037187951801,117.461423392133 0.628126111490584,117.461829993454 0.627713965606526,117.461478837768 0.627401621864796)",road,193.052
36757,IN SUPPORT MT H,"LINESTRING(117.462724378641 0.66752933560813,117.463133683917 0.667476557152815)",road,45.933
37176,IN FRONT EX1161,"LINESTRING(117.443701568947 0.669269920449437,117.443332969239 0.66966659264138,117.443118817905 0.669851205859935,117.443074510733 0.670139202480881,117.443118817905 0.670441968159311,117.443229585836 0.670722580251514)",road,190.897
26440,IN DISP. SUPPORT M2,"LINESTRING(117.49461908659 0.552993008935434,117.494813313982 0.553595113851421,117.496115028669 0.553782498009696)",road,216.373
37173,IN FRONT EX1168,"LINESTRING(117.469131695903 0.717908469281307,117.46967566413 0.717711113358641,117.470046198341 0.717221660795288,117.470258996928 0.717036320090919,117.47054044022 0.716981404326661,117.470869934805 0.716926488562404,117.471226887273 0.716864708327614,117.471371041154 0.71672741891697,117.471425956918 0.716500891389408,117.471371586802 0.716124877227481,117.471377905624 0.716068429745879)",road,369.301
33724,JL. RO GARUDA 07,"LINESTRING(117.476184268779 0.689694068257467,117.475976007026 0.690974878040513)",road,143.51
11262,JL. RO AHMAD DAHLAN 03,"LINESTRING(117.436407238442 0.604671216649287,117.437009689622 0.60465916762568,117.437551895684 0.604647118602073,117.438021807605 0.604671216649287,117.438551964644 0.60465916762568,117.439299004107 0.604562775436823)",road,322.683
33725,JL. RO GARUDA 08,"LINESTRING(117.476175565652 0.689104434015463,117.476184268779 0.689694068257467)",road,65.206
14143,JL. RO CRUSHER 03,"LINESTRING(117.499223657261 0.55354524980923,117.499940882777 0.553091431401874,117.500921016602 0.552749162447176,117.502212304022 0.552266874374648)",road,363.091
15528,JL. RO KAKAKTUA 01,"LINESTRING(117.474068610787 0.714747490783275,117.475056338023 0.714695788873501,117.477396489169 0.714793295171246)",road,370.801
35726,JL. CAMAR 01,"LINESTRING(117.465765207934 0.696275740463093,117.465892100402 0.695225353183327,117.465884654428 0.694663977256047,117.465910401924 0.694395058958206,117.465968414725 0.694147866479669)",road,237.04
14150,IN CRUSHER 5,"LINESTRING(117.505090474777 0.54963762649538,117.506490665955 0.550757779438027,117.50750191514 0.551426759667663,117.508500316869 0.551651698097247)",road,447.665
34506,JL. CANBERA 03,"LINESTRING(117.458364289491 0.707415996880749,117.457730294305 0.707805335672627,117.456482481091 0.708906217161832)",road,267.354
11470,IN STP. BELUT 2,"LINESTRING(117.437976134626 0.601878526798674,117.437929000778 0.601541907307973,117.438460089425 0.601237846184811,117.438619894029 0.601302429764237,117.438802559734 0.60139299020041)",road,147.432
28721,JL. RO STP BELUT 00,"LINESTRING(117.436407238442 0.604671216649287,117.436379870278 0.604487968338642,117.436327689383 0.604239487887029,117.436384839887 0.603909008886384,117.436514049722 0.603677922066384,117.436839559113 0.603590953908319,117.437075615542 0.603613317148964)",road,178.868
18628,JL. RO PARIS 02,"LINESTRING(117.447256889323 0.697518100268548,117.447136237988 0.697065910971199,117.447038944648 0.696476559875331,117.447014527739 0.695957700559904,117.44713356017 0.694932190383529)",road,289.437
26775,JL. RO HASSANUDIN 2900,"LINESTRING(117.456025368524 0.601638874133786,117.454702902344 0.602877726519091)",road,201.085
36968,IN FRONT EX1802,"LINESTRING(117.44092223516 0.665211557640952,117.440746320679 0.666066697477351,117.440689412929 0.666697682957891,117.440687682519 0.666892518233644,117.440619271332 0.667058659687573,117.440384718691 0.667219914628151,117.440229845274 0.667115501035044)",road,260.417
4049,JL. RO MALAGA 05,"LINESTRING(117.438747995314 0.619072979921888,117.43884902532 0.618662183681413,117.438753211414 0.617072360292048)",road,222.912
26776,JL. RO HASSANUDIN 3100,"LINESTRING(117.454702902344 0.602877726519091,117.453148959463 0.603791810566691)",road,200.34
37110,IN FRONT EX1854,"LINESTRING(117.45406178143 0.691457632297619,117.454328926862 0.691985851675405,117.454790359882 0.692271211569152,117.455312507773 0.692435141720879,117.455628225102 0.692386569824071,117.456120015557 0.692246925620748,117.456666449396 0.692325854953061,117.457081815607 0.692481590172013,117.457339154894 0.692589943555994,117.457493558466 0.692741638293566,117.457378660482 0.692934191345309,117.456831787927 0.69288339562712,117.456303315004 0.69312206025417)",road,595.426
37127,IN MHR BONTANG,"LINESTRING(117.488025816649 0.717988197002495,117.487534720164 0.718032268194853)",road,54.881
32488,IN CS. SINERGIS,"LINESTRING(117.45952558745 0.649933981043516,117.458632518139 0.649941241769618,117.458338458732 0.648993717013359,117.458977402629 0.648779525593361)",road,284.141
27227,JL RO SAKURA 9400,"LINESTRING(117.466917555507 0.628837205776931,117.469206558711 0.629766084456474)",road,274.718
18389,JL. RO GARUDA 01,"LINESTRING(117.47763708768 0.696933097230517,117.477929461361 0.697808304094042)",road,102.101
36115,JL. RANGKONG 06,"LINESTRING(117.469726368972 0.708019780458005,117.469918597782 0.708228300322645,117.469989974618 0.708346071794529)",road,46.711
32487,IN CS. HASSANUDIN,"LINESTRING(117.456985964047 0.595781707716101,117.457480203269 0.595392542974313,117.457063796996 0.594166674037679,117.456503399768 0.594104407678993)",road,275.86
35941,IN MHR SAMRAT,"LINESTRING(117.480202019945 0.6752107024902,117.478946102885 0.674603800244857)",road,155.071
32471,IN CS. PARIS 1,"LINESTRING(117.447256889323 0.697518100268548,117.446905423721 0.69784839324379,117.447467083126 0.699791220124639,117.447861420644 0.699825298675574)",road,321.315
14148,IN CRUSHER 3,"LINESTRING(117.507221876904 0.549310915220441,117.508294648407 0.549097696299112)",road,121.72
11698,JL. RO HOS COKRO AMINOTO 04,"LINESTRING(117.454538463102 0.654791529351226,117.45471940008 0.655522077382975,117.454822760085 0.655899941581572,117.454892085926 0.656134327201567,117.455032643926 0.656354766899359,117.455375814737 0.656725050251125)",road,238.592
26048,JL. RO SOEDIRMAN 03,"LINESTRING(117.452633702595 0.640062143301584,117.453040597141 0.638733747061463,117.453209333011 0.637510411999896,117.453309519934 0.636218527990914)",road,433.562
29294,JL. RO JUANDA 13500,"LINESTRING(117.470938964523 0.660169985937666,117.472002812613 0.661702459723149)",road,206.73
23279,JL. RO MERPATI 02,"LINESTRING(117.477133880325 0.697836519677912,117.475840109912 0.698008857140614)",road,145.267
23280,JL. RO MERPATI 001,"LINESTRING(117.475840109912 0.698008857140614,117.475596782193 0.698115777763749)",road,29.553
8880,JL RO SAKURA 9600C,"LINESTRING(117.470202407609 0.630223761212772,117.470251050956 0.630255381999215,117.470475214606 0.630551278017963,117.470532002731 0.630805330155272,117.470504381743 0.631437641555812)",road,146.372
36770,JL. RANGKONG 09,"LINESTRING(117.470037807568 0.71104545326233,117.469527982034 0.712484684705944)",road,168.958
26047,JL. RO SOEDIRMAN 02,"LINESTRING(117.453513393149 0.633834032273407,117.453309519934 0.636218527990914)",road,264.639
36769,JL. RANGKONG 08,"LINESTRING(117.47000173522 0.71068677838011,117.470037807568 0.71104545326233)",road,39.863
35519,JL.RO MAROKO 02,"LINESTRING(117.448732269752 0.689883924716204,117.448306479257 0.689578044682875,117.448074660862 0.68944800021772,117.447633640502 0.689329263966926,117.445189909072 0.689622961138478)",road,412.529
11683,JL. RO MERPATI 03,"LINESTRING(117.477929461361 0.697808304094042,117.477133880325 0.697836519677912)",road,88.612
14149,IN CRUSHER 4,"LINESTRING(117.507221876904 0.549310915220441,117.508079512029 0.549012584491439)",road,101.006
32675,IN STP. BELUT 1,"LINESTRING(117.437976134626 0.601878526798674,117.437141446014 0.602218528455452)",road,100.23
14151,IN CRUSHER 6,"LINESTRING(117.499223657261 0.55354524980923,117.498933862461 0.556208185730068,117.499272826083 0.557396331161024,117.49952877362 0.557801581428954,117.50010465558 0.557812245909689,117.500872498193 0.557385666680289,117.501821636978 0.556831113682068,117.502536157188 0.556372541010463,117.503197354993 0.555679349762687,117.503431973569 0.555050145399321,117.503645263184 0.55377040771112)",road,1188.288
25846,JL. IN FRONT CAPODACIA 25,"LINESTRING(117.450565771501 0.699936064552495,117.450565771501 0.699936064552495)",road,0
25993,JL. RO KASWARI 07,"LINESTRING(117.469786592174 0.684948158264799,117.470640635548 0.685169612897686,117.471384320798 0.685653135216925,117.472031361322 0.686340387298386)",road,301.414
25992,JL. RO KASWARI 06,"LINESTRING(117.467992826996 0.684708414649708,117.469786592174 0.684948158264799)",road,201.419
36488,IN SUPPORT KERTAJATI,"LINESTRING(117.432202154064 0.635074451176991,117.429721919415 0.632968396934651)",road,361.182
11702,JL. RO TULIP  10900,"LINESTRING(117.467129086982 0.6405422128321,117.466559029354 0.640978830351602,117.465778973446 0.641844573222328,117.465086153565 0.642387866482811)",road,306.731
4053,JL. RO MALAGA 01,"LINESTRING(117.439655633115 0.6112544618297,117.439845128126 0.611435717927086,117.440484856582 0.611614106838637,117.440897741105 0.611743722654158)",road,151.131
8861,JL. RO KENARI 07,"LINESTRING(117.479161144963 0.709691455834836,117.480016423059 0.710346573419423)",road,119.628
36814,JL. IP FLAMINGGO 08,"LINESTRING(117.468567731882 0.713830940373533,117.468356283664 0.713796640298762,117.468103617302 0.713637350636091,117.468103617302 0.713395669768591,117.468257414218 0.713082583190238,117.468416703881 0.71250584475643)",road,188.561
36046,JL. RO ROMA 11,"LINESTRING(117.457601296494 0.697933233162737,117.458538697305 0.697940747062644)",road,104.347
11701,JL. RO TULIP 10700,"LINESTRING(117.468926248761 0.639222213746804,117.467129086982 0.6405422128321)",road,247.634
32121,IN WF ROMA,"LINESTRING(117.449790251945 0.69860080187859,117.44984890119 0.699861931210018,117.449443576678 0.70030946231811)",road,206.567
27201,JL RO ANGGREK 7600,"LINESTRING(117.452895927224 0.629322283825387,117.453636675517 0.630278749109291)",road,134.105
34440,JL. RO PENAJAM 06,"LINESTRING(117.491715333235 0.724116449772478,117.491760865622 0.724318815934169,117.492032863259 0.724584316573166,117.493301699253 0.725571277728168)",road,243.602
35513,IN SUPPORT KESATRIA,"LINESTRING(117.460967856567 0.672457756887422,117.462218277442 0.673354528838357,117.462550497908 0.674777895422857,117.462672804326 0.676402243655513,117.462686922265 0.679758877509741)",road,883.858
30029,IN FRONT SUPPORT NIA,"LINESTRING(117.470186800018 0.586023890963993,117.470495776562 0.585432247756977,117.470732048983 0.585089652745647,117.470448522078 0.584687989628914,117.469881468266 0.584191817543539,117.468263002178 0.58325854147819,117.464410237031 0.579832987223047)",road,1037.953
36111,JL. MELBOURNE 06,"LINESTRING(117.465765207934 0.696275740463093,117.466291766349 0.696579753245256,117.466347488447 0.696720784401312,117.46634510203 0.696872062710395,117.465857717895 0.698705135842425)",road,310.906
36987, JL DISP SRIGUNTING 01,"LINESTRING(117.439953289506 0.687399878165564,117.440714811688 0.688999074746304,117.441537255643 0.690232740680017,117.442298777825 0.690781036650556,117.442793767243 0.691078030301265,117.443442114863 0.691272441923882)",road,604.042
27681,IN PSV SUPERNOVA,"LINESTRING(117.486851836082 0.697394054318777,117.486888397668 0.695958890725639,117.487045285658 0.695096006781883,117.487303030212 0.694300360548031,117.487553864868 0.693527898136191,117.488121089016 0.692641830370423,117.49056826457 0.689497966349319)",road,996.344
36749,IN FRONT EX1769,"LINESTRING(117.439531789312 0.663144257438909,117.439423653919 0.663355298710884,117.438856581938 0.663115834388671)",road,94.708
33486,JL. BEO - BANGAU 04,"LINESTRING(117.472159562838 0.709753039233405,117.472499423234 0.709595790393209)",road,41.635
32776,JL. MANILA 03,"LINESTRING(117.454548652998 0.704037952007091,117.454494140751 0.703706831800521,117.454478906127 0.70336659185343,117.454538550431 0.703057744889239,117.4546398377 0.702845962419061,117.455047798603 0.702502399837093,117.4555863667 0.702148483659182,117.455932589048 0.70205231078475)",road,306.329
36744,JL. FUJIYAMA 07,"LINESTRING(117.440397849317 0.66379784088084,117.440166928473 0.663643732671469,117.439531789312 0.663144257438909)",road,120.553
19206,JL. RO KOLIBRI 11,"LINESTRING(117.473004659398 0.709846530883918,117.473253523374 0.710511581681118,117.474216665864 0.712039913646616)",road,278.714
35517,IN SUPPORT PSV KEDASIH,"LINESTRING(117.476378240046 0.679279326796566,117.4766438548 0.679323034758927,117.47761338204 0.67902502100972)",road,142.797
34167,IN DISP. UNDERPASS MELATI MJ,"LINESTRING(117.44090589262 0.617250011847483,117.440932741889 0.61653581829913,117.440890389069 0.613179820383108)",road,450.145
37189,JL MELBOURNE 10,"LINESTRING(117.4654140921 0.70352043740104,117.465292182825 0.705741810685873)",road,246.002
37191,JL MELBOURNE 11,"LINESTRING(117.465650593386 0.700476655549871,117.4654140921 0.70352043740104)",road,337.592
37178,IN FRONT EX1853,"LINESTRING(117.466696758154 0.698824870693887,117.466465147754 0.698532699704883,117.466641310937 0.697657388889713)",road,140.086
37079,IN FRONT EX1771,"LINESTRING(117.465097381945 0.706156675184575,117.464893341286 0.706461385456746,117.464684167705 0.706661714811572,117.464417874083 0.706675488619581,117.464032207459 0.706698444966263,117.463342355603 0.706577761768755)",road,223.394
23918,IN STP. BEO 2,"LINESTRING(117.441018976116 0.608596083395866,117.440915182077 0.608751777950892,117.440792213742 0.609008033319588,117.440627484577 0.609516755741475,117.440513099361 0.60977811595831,117.440461547487 0.609997523571962)",road,167.877
15228,JL. STP TO CRUSHER 78,"LINESTRING(117.441018976116 0.608596083395866,117.441650995607 0.608997448390084)",road,83.181
20877,JL. RO TENGKU UMAR02,"LINESTRING(117.465947582262 0.660523621214994,117.465849096777 0.659335229693665)",road,131.862
20878,JL. RO TENGKU UMAR03,"LINESTRING(117.465849096777 0.659335229693665,117.465744045592 0.658507951618043,117.46562586301 0.658133706774309,117.465533943224 0.657910473007872)",road,162.363
17036,JL. RO TENGKUUMAR3,"LINESTRING(117.462553918215 0.655860414930984,117.462916057302 0.655922495917261)",road,40.891
20876,JL. RO TENGKU UMAR01,"LINESTRING(117.466161225073 0.662193042835793,117.466077494166 0.661742653629886,117.465947582262 0.660523621214994)",road,186.233
7727,JL. STP MELAWAN,"LINESTRING(117.441263665163 0.610120023950262,117.441586291819 0.60931885991932,117.441636342607 0.609107106582921,117.441650995607 0.608997448390084)",road,131.894
7775,JL. STP MERAK 01,"LINESTRING(117.468675239046 0.569404724867831,117.469224143446 0.569705970309575)",road,69.591
28722,JL. RO STP BELUT 01,"LINESTRING(117.437075615542 0.603613317148964,117.437560152423 0.603476652900577,117.437845904942 0.603379745524448,117.438029780477 0.603171021945093,117.438119233439 0.602870360598642,117.438146566289 0.602616910537996,117.437976134626 0.601878526798674)",road,267.141
35004,JL. FUJIYAMA 06,"LINESTRING(117.44092223516 0.665211557640952,117.440854256377 0.664967326469525,117.440397849317 0.66379784088084)",road,166.983
34266,JL. MAROKO 05,"LINESTRING(117.45406178143 0.691457632297619,117.455719297409 0.690814054664914,117.456807717519 0.69015269681493,117.457200099264 0.690004552686818,117.457424317404 0.689944494256502,117.458045553704 0.689874755048466,117.458876964296 0.68987092366325)",road,573.862
28629,JL. RO PANAMA 02,"LINESTRING(117.443442114863 0.691272441923882,117.443668277562 0.691602504480617,117.444048504264 0.692155661474252)",road,118.717
25746,JL. RO BALIKPAPAN 01,"LINESTRING(117.487534720164 0.718032268194853,117.488084736559 0.717471108944117,117.488347199989 0.717280226449868,117.488693174509 0.716970042396713,117.488876700853 0.715885078948471)",road,296.477
25716,JL. BEIJING 01,"LINESTRING(117.454908898908 0.709829985343201,117.45388691003 0.710386448979562)",road,129.333
24419,JL. TEUKU UMAR 007,"LINESTRING(117.462916057302 0.655922495917261,117.463133340754 0.655974230072491)",road,24.854
24420,JL. TEUKU UMAR 008,"LINESTRING(117.465533943224 0.657910473007872,117.465296997102 0.657381271850442,117.465146257751 0.657045000960661,117.464759739552 0.657004314834448,117.464257943995 0.65710603014998,117.463994457076 0.656969323950637,117.46379829141 0.656698615330765,117.463871684818 0.656498441754575,117.46374079014 0.656351839714623,117.463133340754 0.655974230072491)",road,400.121
35321,JL. IP FLAMINGGO 01,"LINESTRING(117.469191929945 0.720084475077949,117.469019921862 0.719716026773499,117.468945573011 0.719387447519008,117.468976345842 0.718825943200345,117.469131695903 0.717908469281307)",road,247.374
34550,IN DISP. OPD MERAK SELATAN,"LINESTRING(117.477003597827 0.703334283883377,117.476809659328 0.703387501312106,117.476434718906 0.703609215284363,117.4760138871 0.704072130271539,117.475866595968 0.704443865033968,117.475642152338 0.705243445466362)",road,276.292
31230,JL. RO ROMA 02,"LINESTRING(117.449751243989 0.700225368276802,117.449443576678 0.70030946231811)",road,35.487
35334,IN MHR  FUJIYAMA,"LINESTRING(117.441703108794 0.673074473053674,117.441578857173 0.67300105164091)",road,16.037
35333,IN DISP. HR KERTAJATI,"LINESTRING(117.432202154064 0.635074451176991,117.431110657751 0.633848685515462,117.428835028374 0.632612688934278,117.428316027932 0.631891514105043,117.428076863635 0.632066288014645,117.427627749389 0.63239261203594)",road,662.869
35967,JL.RO CAMAR 05,"LINESTRING(117.469119572963 0.692312822749524,117.469791542914 0.692261609255461,117.47056120073 0.692091014997154,117.471217176323 0.692070580603826,117.47161252044 0.692027689915196,117.471940953214 0.692145720443399,117.472058983742 0.692499812028008,117.472074379028 0.692946275330341)",road,409.564
36130,JL. GELATIC 04,"LINESTRING(117.465857717895 0.698705135842425,117.46611234364 0.69863442562509,117.466696758154 0.698824870693887)",road,97.777
9976,JL. RO GARUDA 03,"LINESTRING(117.476672966092 0.694408566609795,117.47588459923 0.693168065856003)",road,162.837
36118,JL MELBOURNE 07,"LINESTRING(117.465650593386 0.700476655549871,117.465502025247 0.700646447708501,117.465356489111 0.700989064028593,117.465268561029 0.701252848275035)",road,96.988
36253,JL. IP FLAMINGGO 06,"LINESTRING(117.470367956126 0.713162070533011,117.470256300089 0.713087842878205,117.470015122151 0.713099512778426,117.469913983016 0.713146192379308,117.46977783418 0.713278451248475)",road,75.216
33876,JL. CAMAR 05,"LINESTRING(117.470638848039 0.697429601219274,117.470308706079 0.697616845913264,117.469906097923 0.69783687375402)",road,93.173
36606,IN FRONT EX1811,"LINESTRING(117.452665169075 0.692041107206808,117.452440900603 0.692875789130576)",road,95.611
36727,IN FRONT EX1893,"LINESTRING(117.459773536799 0.675292406266107,117.461768409646 0.674159840117449)",road,254.933
35353,IN DISP. HYDROS 3 RL50,"LINESTRING(117.448106242444 0.71544071934285,117.446732105707 0.715833329839182)",road,158.998
35972,JL. PDWM 02,"LINESTRING(117.460871541676 0.672246970956025,117.460902065685 0.67305077945388,117.460753717706 0.673849835611716,117.460590944861 0.674383319339073,117.460228747012 0.674940989043951,117.459773536799 0.675292406266107)",road,378.069
36087,IN DISP. IPD MERAK RL-50,"LINESTRING(117.472074379028 0.692946275330341,117.471136035899 0.694160218501993)",road,170.081
35707,JL. RO CAMAR 08,"LINESTRING(117.471910162641 0.694131712374467,117.471992270835 0.693454319777823,117.472074379028 0.692946275330341)",road,132.373
35451,JL. BUTRESS 03,"LINESTRING(117.496043903374 0.726343900998657,117.496160255278 0.726781605779258,117.49625565101 0.727233619487515)",road,101.199
35070,JL. BUTRESS 01,"LINESTRING(117.496515044581 0.727866715660137,117.496361167039 0.727580943082217,117.49625565101 0.727233619487515)",road,76.104
36501,JL. RANGKONG 04,"LINESTRING(117.470008353716 0.710424504095441,117.47000173522 0.71068677838011)",road,29.01
36114,JL. RANGKONG 07,"LINESTRING(117.469989974618 0.708346071794529,117.470003907929 0.708449797550266,117.470008353716 0.710424504095441)",road,229.926
36560,JL. RO PENAJAM 08,"LINESTRING(117.493301699253 0.725571277728168,117.493496772183 0.725351820681965,117.493789381578 0.725262412255735,117.494819438102 0.725706735811706,117.495467684422 0.726072413223347,117.4958222807 0.726266333062854,117.496043903374 0.726343900998657)",road,345.09
4493,JL. RO AHMAD YANI 02,"LINESTRING(117.48720140916 0.652955824746008,117.486286504977 0.654525274129763,117.485724504327 0.655213095820562,117.485028294567 0.655875753303162,117.484357249015 0.656597127271561,117.483652651185 0.657058471088561,117.482956441425 0.657410770003361,117.482403771155 0.657830595195036)",road,772.991
26746,JL. RO ADAM MALIK 1500,"LINESTRING(117.45651102319 0.591251942547361,117.45702246959 0.589462594937289)",road,205.884
5948,JL. RO KOLIBRI KEN 02,"LINESTRING(117.480016423059 0.710346573419423,117.479550792016 0.710710347672171)",road,65.607
37145,IN FRONT EX755,"LINESTRING(117.460223542977 0.693237512689846,117.460204920086 0.694299017439698,117.460518737507 0.694937637165325)",road,196.176
34055,IN DISP. KERTAJATI RL110,"LINESTRING(117.429450548456 0.632921298685066,117.429700924896 0.632974997744916,117.431110657751 0.633848685515462,117.432202154064 0.635074451176991)",road,394.793
2630,JL. RO AHMAD YANI 03,"LINESTRING(117.48720140916 0.652955824746008,117.488219557419 0.651567440757361,117.489268558654 0.650256189212528,117.489695677027 0.649671000809399,117.489993603626 0.649006643622746,117.490247338749 0.648450075059988,117.490404789769 0.648357645479691,117.490550966518 0.648445798612529,117.490734075087 0.648898658201406,117.490796862247 0.649243356063546,117.490965472418 0.649654556150781,117.491613384946 0.650317895167579,117.49244641534 0.650873248763038,117.493587975508 0.651243484493344,117.495108107212 0.651118406652544)",road,1304.211
36284,IN CS. KAIRO,"LINESTRING(117.459811822289 0.690024179071911,117.459773508436 0.689533761764195,117.459110678794 0.689468628215514,117.458876964296 0.68987092366325)",road,180.059
37106,IN FRONT EX1722,"LINESTRING(117.469405398339 0.711670947214155,117.469478100027 0.711271299101761,117.46944440914 0.710916565311482,117.469363584366 0.710769178957885,117.469097338049 0.710726389371357,117.468883390117 0.710488669446201,117.468921425305 0.710269967115057,117.468955632475 0.710026133844964,117.46893107191 0.709909471164785,117.468845354929 0.709813544858756)",road,247.659
26509,JL. RO  KOLIBRI 09,"LINESTRING(117.473505697593 0.708435763544398,117.473081626915 0.708535002474287)",road,48.462
32454,IN DISP PSV JALAK,"LINESTRING(117.491364664985 0.670842580278354,117.49349103121 0.671086970570289)",road,238.228
37206,IN FRONT EX768,"LINESTRING(117.454657782404 0.576037912944445,117.456425702698 0.576321332720619)",road,199.274
34142,JL.RO MAROKO 01,"LINESTRING(117.444105919961 0.689961468645397,117.445189909072 0.689622961138478)",road,126.333
9959,JL. RO BIDADARI 14150,"LINESTRING(117.477316548016 0.660524961933032,117.477456918731 0.660590082367757,117.477582818238 0.660665332647885,117.477738277998 0.660798928465096)",road,56.255
30568,JL. RO SRIGUNTING 06,"LINESTRING(117.444105919961 0.689961468645397,117.443688242474 0.69013465199397,117.443433338628 0.690172605585117)",road,78.964
37174,IN FRONT EX1842,"LINESTRING(117.462338442775 0.690460329933994,117.462255840797 0.691554400056489,117.462524477849 0.69327421210799)",road,313.829
35186,JL. RO FUJIYAMA 04 A 02,"LINESTRING(117.443644941392 0.668144862831228,117.443495944904 0.667670281422607,117.443131550558 0.667082245151859,117.442784402796 0.666867956409638,117.442260309626 0.666810988022255,117.441792034536 0.666863199153539,117.441581914462 0.666716603753014,117.441435319061 0.666496710652225,117.441278950634 0.666081357017403,117.441151901287 0.665709982002739)",road,438.405
27110,JL. RO BEO 6,"LINESTRING(117.476515476052 0.712134364033037,117.476161641367 0.712147469021371,117.475330785107 0.712081944079703)",road,132.179
9960,JL RO TAMRIN 14200,"LINESTRING(117.477738277998 0.660798928465096,117.477796526684 0.661172405333478)",road,41.803
37121,IN FRONT EX1844,"LINESTRING(117.454988575933 0.575751554366968,117.456553673676 0.574724613261536)",road,207.957
37207,IN DISP. INPIT PSE,"LINESTRING(117.450417968331 0.578553311959295,117.449869535981 0.577992519365867,117.44997869464 0.577152837373303,117.449533663184 0.576632234537913)",road,256.602
35845,IN CS. PARIS 2,"LINESTRING(117.44886706368 0.707897261837508,117.44929405559 0.707551035381835,117.449299133798 0.706718209242686,117.4487800511 0.706600565148342)",road,212.347
34180,JL. RO TOKYO 06,"LINESTRING(117.448767563218 0.705730787865704,117.4487800511 0.706600565148342)",road,96.185
27218,JL RO SAKURA 8600,"LINESTRING(117.460740368799 0.628037187951801,117.461563717183 0.626959134672029,117.462002046539 0.626734046624604)",road,205.137
29353,JL. RO MERPATI 5,"LINESTRING(117.483718730244 0.698867812521791,117.484206716645 0.698956534795825,117.484735292022 0.698971636949463,117.485168220427 0.698891092130056,117.48576223847 0.698689730081539,117.486146165373 0.698526841509115)",road,279.208
480,JL. RO SAMRAT 03,"LINESTRING(117.48659742215 0.676195136436267,117.482636734826 0.676095287176006)",road,441.009
33542,JL. TEMBUSAN TOKYO,"LINESTRING(117.454908898908 0.709829985343201,117.454974523596 0.709354950897663,117.455089512474 0.708917493212024,117.455209566884 0.708696234183098)",road,130.946
1774,JL. RO SAMRAT 04,"LINESTRING(117.490748687342 0.674165330281301,117.489854832103 0.674797569352961,117.487806860133 0.675808682884601,117.48659742215 0.676195136436267)",road,516.749
27217,JL RO SAKURA 8400,"LINESTRING(117.459889806627 0.628419812545185,117.460740368799 0.628037187951801)",road,103.702
27111,JL. RO BEO 5,"LINESTRING(117.475330785107 0.712081944079703,117.474765159603 0.71201293623544,117.474402994373 0.711996436994523,117.474216665864 0.712039913646616)",road,125.066
27204,JL RO SAKURA 8200,"LINESTRING(117.457356244101 0.628849462284569,117.459067782773 0.628641214233269)",road,191.903
4676,JL. RO AHMAD YANI 05,"LINESTRING(117.4975430663 0.649778957534379,117.498976397401 0.648620890499801)",road,204.58
34961,JL. RO HOS COKRO AMINOTO 07,"LINESTRING(117.457898510931 0.660060172534757,117.458417136611 0.660799140829938,117.458759075302 0.661403639587415,117.459033847465 0.661995926248781,117.459381892204 0.662911833457079,117.459723830895 0.663717831800382)",road,454.591
33362,JL. BLOCK 01,"LINESTRING(117.50187197091 0.724246762820455,117.502114757733 0.723713713262537,117.502022709496 0.723572705369627,117.501902703255 0.723497426931125,117.501283159853 0.723210696100564,117.501093712697 0.723118532619313,117.500933067605 0.723152665068649)",road,216.835
8882,JL RO SAKURA 9800,"LINESTRING(117.470504381743 0.631437641555812,117.4704997684 0.633761120226791)",road,256.918
33363,JL. BLOCK 02,"LINESTRING(117.500933067605 0.723152665068649,117.500834933377 0.723335178157538,117.500740978788 0.723640530570344,117.500556425132 0.723966016109268,117.500301405535 0.724184124975558,117.500026252811 0.724392167278788)",road,175.288
27216,JL RO SAKURA  8100,"LINESTRING(117.455800891468 0.629448175432057,117.456508345186 0.629077379405603,117.457356244101 0.628849462284569)",road,186.472
27202,JL RO SAKURA 7900,"LINESTRING(117.454344174233 0.630383060118827,117.455059007786 0.629819117273435,117.455800891468 0.629448175432057)",road,193.3
27205,JL RO SAKURA 8300,"LINESTRING(117.459067782773 0.628641214233269,117.459889806627 0.628419812545185)",road,94.72
17639,IN CS. HCR,"LINESTRING(117.441263665163 0.610120023950262,117.441410986989 0.610011472962252,117.441914428395 0.609938054423813,117.441800303074 0.610373671247854,117.441306300129 0.61138856165119,117.440897741105 0.611743722654158)",road,311.819
28384,JL. DAGO RAYA 01,"LINESTRING(117.452633702595 0.640062143301584,117.453133133826 0.640207554432532,117.453394313512 0.64027751327714,117.453580870431 0.640310160737957,117.453823793217 0.640274755350117)",road,136.355
9957,JL. RO TAMRIN 15100,"LINESTRING(117.475143499004 0.668631592992851,117.475146695219 0.668629716887147,117.475087217446 0.668295154415665,117.475273085486 0.667975461387359,117.475463923718 0.667815966447229)",road,106.562
33710,JL. RO RAJAWALI 16900,"LINESTRING(117.476014802175 0.68244002847155,117.476071080961 0.684285478536318)",road,204.156
33747,JL RO TAMRIN 15300,"LINESTRING(117.475143499004 0.668631592992851,117.475596782193 0.669327221358709,117.475870893656 0.669710977406956,117.476042213321 0.670067322308898,117.476186121839 0.670454504750433)",road,233.741
36556,JL. RO TOKYO 10,"LINESTRING(117.448255395983 0.71072578917272,117.448195493936 0.710182272673275,117.448030664074 0.709196236891638,117.448042437636 0.708843030044485,117.448082335207 0.70842969011296,117.44852515366 0.707494957244516,117.448682924833 0.70720541126158,117.4487800511 0.706600565148342)",road,474.803
5011,JL. RO MELAWAN 01,"LINESTRING(117.468675239046 0.569404724867831,117.468282973739 0.570094285987104,117.468080647422 0.570598037223938,117.46782421558 0.571767092571891,117.467083953038 0.574513227806269)",road,594.964
26004,JL. RO KENARI 10,"LINESTRING(117.48573520606 0.712849840427765,117.487525707255 0.712614105668437)",road,201
32464,JL. RO BEIJING 03,"LINESTRING(117.453995457061 0.712441792703384,117.454007580975 0.712250101848666,117.454007580975 0.71196497351693,117.45389702101 0.711429630526731,117.453834457008 0.710979912222231)",road,163.441
33750,JL RO TAMRIN 15900,"LINESTRING(117.476314993677 0.675381549563006,117.475826350544 0.67375754787998)",road,187.63
25422,JL. RO TULIP 11100,"LINESTRING(117.465086153565 0.642387866482811,117.464525210352 0.642824045607133,117.464436388098 0.643067812699992,117.464436388098 0.643067812699992)",road,107.609
17640,IN CS. MERAK,"LINESTRING(117.468675239046 0.569404724867831,117.468717593232 0.569624580049948,117.46902646945 0.569764387180293,117.469224143446 0.569705970309575)",road,85.393
36555,JL. DISP HIDROS 3,"LINESTRING(117.448106242444 0.71544071934285,117.448101121135 0.715524793739158,117.448208295127 0.714585445220064,117.448127097419 0.713804954706391,117.448069599373 0.713494792241517,117.447766990454 0.7130030527483,117.447723873361 0.712897700575934,117.44769179872 0.712384506320323,117.447705544994 0.711852983698439,117.447774276368 0.711458923823594,117.448149996087 0.71097102877292,117.448255395983 0.71072578917272)",road,569.786
34213,IN DISP. SUPPORT TW 02,"LINESTRING(117.501539533247 0.724674479157746,117.501798621397 0.725163205771029)",road,61.254
5012,JL. RO MELAWAN 02,"LINESTRING(117.464410237031 0.579832987223047,117.46579446345 0.577689192903419,117.467083953038 0.574513227806269)",road,662.108
33708,JL. RO RAJAWALI 17300,"LINESTRING(117.476143423168 0.688027160412349,117.476132467486 0.686117485857505)",road,211.165
33709,JL. RO RAJAWALI 17100,"LINESTRING(117.476071080961 0.684285478536318,117.476132467486 0.686117485857505)",road,202.688
28386,IN DISP. DAGO 60,"LINESTRING(117.453823793217 0.640274755350117,117.454387729106 0.63969452290541,117.454639580946 0.639307417298582,117.454737523329 0.638957623075544,117.454798154328 0.638244042860548,117.454868113172 0.637749667025321,117.454975383401 0.637343905726597,117.455079918197 0.637089222168923,117.455231899164 0.636919488735978,117.45550707062 0.636765579277842,117.455734474854 0.636691639607222,117.456639261624 0.636269400747629,117.456978192477 0.636225562464044,117.457140291615 0.636301899990264,117.457316329179 0.636250442856092,117.457402993826 0.636109612804674,117.457411118637 0.635928158699962,117.457313620909 0.635649206867345)",road,739.803
32468,JL. RO TOKYO 02,"LINESTRING(117.453101684706 0.709973726931826,117.45254952075 0.709199063327353)",road,105.427
32465,JL. RO BEIJING 04,"LINESTRING(117.453254856817 0.71387147317394,117.453809736827 0.713018202660691,117.453914477847 0.7127388932745,117.453995457061 0.712441792703384)",road,179.846
32466,JL. RO TOKYO UTR 005,"LINESTRING(117.453144637759 0.714254895335197,117.453254856817 0.71387147317394)",road,44.136
33748,JL RO TAMRIN 15500,"LINESTRING(117.475720132352 0.672325315485633,117.476059345287 0.671383057331457,117.476150959006 0.671038473479923,117.476210106592 0.67085196637183,117.476220385772 0.670697778673874,117.476186121839 0.670454504750433)",road,216.169
34594,JL. RO RAJAWALI 17400,"LINESTRING(117.476175565652 0.689104434015463,117.476143423168 0.688027160412349)",road,119.173
37108,IN FRONT EX1306,"LINESTRING(117.468812001684 0.701043264378785,117.468573284523 0.701055200367007,117.468201758681 0.70108427630245,117.467946536581 0.701087506961944,117.467688083822 0.701229655979666,117.467565318761 0.701475186101185,117.467565180147 0.701914069695101,117.467499564437 0.7022898687609,117.467318438172 0.702589958011677)",road,289.22
37162,JL. RANGKONG 13,"LINESTRING(117.470568577372 0.697923800725913,117.470638848039 0.697429601219274)",road,55.203
32463,JL. RO BEIJING 02,"LINESTRING(117.453834457008 0.710979912222231,117.453806522923 0.710589429270268,117.45388691003 0.710386448979562)",road,67.452
7736,IN CRUSHER 7 02,"LINESTRING(117.442217155383 0.607000518518321,117.442072473212 0.606993369307025,117.441951670729 0.607028990552162,117.441536639949 0.607526450386256)",road,101.969
37161,JL. RANGKONG 12,"LINESTRING(117.468812001684 0.701043264378785,117.46909503938 0.700959251517271,117.46957305282 0.70098704299632,117.469934342047 0.70098148470051,117.470568577372 0.697923800725913)",road,471.757
36895,IN  DISP. SRIGUNTING RL40,"LINESTRING(117.436062987238 0.681483062437029,117.435875299799 0.681290033373019,117.435697242172 0.681025118367418,117.435593013317 0.680621231555599,117.435627127805 0.680256286649857,117.435803191689 0.679946841036076,117.436069955149 0.6798187945752,117.43646476507 0.67973343026795,117.436892464095 0.679698514487271,117.43722923516 0.679615264905077,117.437763332704 0.679252004241742,117.438070774429 0.679160061404209,117.438520822236 0.679204967500247,117.438911220387 0.679545265801635,117.439171233215 0.6799908013145,117.439341444362 0.680355941504558,117.439489641663 0.68086690009062,117.439799746791 0.681073636842984)",road,772.82
33745,JL RO TAMRIN 14800,"LINESTRING(117.476949529212 0.666614373768411,117.476936379153 0.666610875970375,117.477691373358 0.665734995777684,117.477998191913 0.664859320219349)",road,232.417
34593,IN LIMING KURCICA,"LINESTRING(117.477482925656 0.687534577874052,117.476143423168 0.688027160412349)",road,158.739
33746,JL RO TAMRIN 15000,"LINESTRING(117.475463923718 0.667815966447229,117.476949529212 0.666614373768411)",road,212.13
20869,IN  SUPPORT GERDAS BAWAH,"LINESTRING(117.457051654882 0.630614794139086,117.454907397508 0.63190642791832,117.454643199047 0.632662582134411,117.453832383081 0.633810478896189,117.453513393149 0.633834032273407)",road,558.131
26496,JL. IP ALBATROS 02,"LINESTRING(117.467737425049 0.720699921599398,117.468442967524 0.720562238186513,117.468847703094 0.720342524591605,117.469191929945 0.720084475077949)",road,178.955
2577,JL. RO KENARI 04,"LINESTRING(117.477256524002 0.703035335610858,117.477672348903 0.705439323321324)",road,269.819
36081,JL. RO SAMRAT 01,"LINESTRING(117.476186121839 0.670454504750433,117.476210106592 0.67085196637183,117.480202019945 0.6752107024902)",road,699.572
10805,IN DISP SUPPORT  M1,"LINESTRING(117.49461908659 0.552993008935434,117.494813313982 0.553595113851421,117.494237561539 0.554048472519725)",road,151.366
33975,JL. RO SAMARINDA 11,"LINESTRING(117.500078694058 0.72164894434789,117.500933067605 0.723152665068649)",road,191.549
35727,JL. RO CAMAR 02,"LINESTRING(117.465968414725 0.694147866479669,117.46614786569 0.693950166263313,117.466400313659 0.693740299879795,117.467209972323 0.693206473587132)",road,173.79
27109,JL. RO BEO 9,"LINESTRING(117.478955613521 0.71097737005256,117.478631899945 0.711176746355467,117.478136144087 0.711444240523359)",road,104.852
36090,IN MHR MAROKO2,"LINESTRING(117.462338442775 0.690460329933994,117.461395350687 0.690417341462934,117.461322218235 0.690179735302703)",road,132.59
33744,JL RO TAMRIN 14600,"LINESTRING(117.477610947311 0.662995657193222,117.47794616831 0.664241755256677,117.477997952369 0.664720757805348,117.477998191913 0.664859320219349)",road,211.349
26023,JL. RO BALIKPAPAN 04,"LINESTRING(117.490666048542 0.714190385310107,117.491483179976 0.71424461746184,117.492471790326 0.714076979811359)",road,202.746
10804,IN DISP SUPPORT M1,"LINESTRING(117.49461908659 0.552993008935434,117.49461908659 0.552993008935434)",road,0
30220,JL RO BCR 78,"LINESTRING(117.439299004107 0.604562775436823,117.43956015803 0.604987408347144,117.439549007799 0.605611821296726,117.439370604099 0.606124731933883,117.439169899937 0.606570741183584,117.43892459485 0.606827196502162,117.438913444618 0.607529661070441,117.439136449243 0.607797266620262,117.439437505487 0.6079645200889,117.439997847477 0.607948551070436)",road,494.861
23920,IN STP BELUT 3,"LINESTRING(117.437693749721 0.600089166063648,117.43763409066 0.599638364714574,117.437516945569 0.599491096600136,117.437269267377 0.599524566626145,117.437142081278 0.59958481267296,117.437034855347 0.600068337425912)",road,169.394
9977,JL. RO GARUDA 04,"LINESTRING(117.47588459923 0.693168065856003,117.475398051383 0.692410832939375)",road,99.719
29713,IN STP. MELATI,"LINESTRING(117.440897741105 0.611743722654158,117.441834738163 0.612037019728305,117.44239119563 0.612632844437508,117.442798756053 0.613668167348744)",road,322.796
20125,IN STP. BEO,"LINESTRING(117.439655633115 0.6112544618297,117.439822611251 0.611093331406064,117.43992125241 0.61097276999002,117.440074694212 0.610729455132185,117.440188679551 0.610554093072485,117.440296088812 0.610251593519501,117.440461547487 0.609997523571962)",road,167.173
9962,JL. RO BIDADARI 13600,"LINESTRING(117.472002812613 0.661702459723149,117.472067089429 0.661770854706245,117.472165898065 0.661817658796717,117.472353114426 0.661859262432693,117.472545531243 0.661843661069202,117.472855667563 0.661737760225984)",road,101.849
23728,IN STP.MELAWAN2,"LINESTRING(117.441536639949 0.607526450386256,117.441374753493 0.607455414029893,117.441174907233 0.607285733243455,117.440970938813 0.606790416935105)",road,108.048
24383,IN STP. MERAK SELATAN,"LINESTRING(117.469471747313 0.569839588876004,117.469917829217 0.56949108738799)",road,62.854
9978,JL. RO GARUDA 05C,"LINESTRING(117.475398051383 0.692410832939375,117.47532267073 0.692208675735388,117.475334948845 0.692055427902653,117.475374280641 0.691944373419933,117.475487648759 0.691699128103925)",road,83.824
20311,JL. RO PENAJAM 03,"LINESTRING(117.489246933305 0.721383066765718,117.489758589962 0.721720393202798,117.48996212006 0.721880503546795,117.490180348029 0.72221085482109)",road,140.7
30758,IN SETPOND KELAYANG,"LINESTRING(117.492755909635 0.71315420780081,117.492471790326 0.714076979811359)",road,106.824
14398,JL. RO CENDRAWASIH 01,"LINESTRING(117.47388358555 0.715144952404673,117.474068610787 0.714747490783275)",road,48.535
33627,JL. RO SAMARINDA 03,"LINESTRING(117.491715333235 0.724116449772478,117.491887344473 0.723909024456745,117.492646217579 0.723489114671236,117.493314025913 0.723281689355503,117.494416921494 0.722882016186163,117.495514076715 0.722343681210691)",road,470.396
36942,IN MHR COKRO,"LINESTRING(117.453254879562 0.649948947599957,117.453808925016 0.649941247491921)",road,61.678
15569,IN STP. ELANG 02,"LINESTRING(117.442165597455 0.608324462743818,117.442269251565 0.608417751442322,117.442518021427 0.60854213637366,117.442792346333 0.608589515983726)",road,77.378
29290,JL. RO JUANDA 12700,"LINESTRING(117.467877118116 0.653781675011451,117.468230036624 0.654278502038199,117.468577893664 0.655370685041551)",road,194.36
36822,JL. SUTAN SJAHRIR 02,"LINESTRING(117.463358066742 0.57885677444416,117.461955268463 0.578106706792891)",road,176.81
36823,JL. SUTAN SJAHRIR 03,"LINESTRING(117.461955268463 0.578106706792891,117.460889075454 0.577754443400865,117.460065785066 0.577808970015288)",road,216.752
29293,JL. RO JUANDA 13300,"LINESTRING(117.469959042957 0.658603654616265,117.470938964523 0.660169985937666)",road,204.682
31870,JL. RO ADAM MALIK 900,"LINESTRING(117.45886647943 0.586230548600045,117.459999341092 0.584875702872703)",road,195.82
36829,JL. SUTAN SJAHRIR 09,"LINESTRING(117.45361863869 0.578742260298928,117.453271665792 0.578939173584812,117.452933814979 0.578894126809757,117.452695067071 0.578853584712207,117.452141406216 0.579154511221763)",road,179.264
36830,JL. SUTAN SJAHRIR 10,"LINESTRING(117.452141406216 0.579154511221763,117.451555383662 0.579488744240483,117.45134366382 0.579610370533131,117.451168035982 0.579566762144598)",road,122.245
29286,JL. RO TULIP 12100,"LINESTRING(117.46403613124 0.650430662375873,117.464262273197 0.651434595609231,117.464478135974 0.651931422635979,117.464611911894 0.652176295056034)",road,204.69
11700,JL. RO SAKURA 10500,"LINESTRING(117.469296534729 0.638938874380488,117.468926248761 0.639222213746804)",road,51.773
29288,JL. RO JUANDA 12300,"LINESTRING(117.464611911894 0.652176295056034,117.466108799955 0.653248807635712)",road,204.517
17507,IN SUPPORT CMD. WS THIES,"LINESTRING(117.431171380264 0.602713118510374,117.427204483381 0.60198869479063,117.424023293901 0.605169884270563,117.420456505696 0.605603682836008,117.415058123548 0.609989868331068,117.412744531199 0.611002064983774,117.407336331884 0.611764640331449)",road,3008.72
4051,JL. RO MALAGA 03,"LINESTRING(117.43702226231 0.614097151415052,117.437090834228 0.613867366957362,117.437295625016 0.613539035890996,117.439009143241 0.611597942698705)",road,356.538
25745,JL. RO BALIKPAPAN 02,"LINESTRING(117.488876700853 0.715885078948471,117.489048643592 0.714918905964624,117.489204794614 0.714478843994386,117.489897434009 0.713792032593971)",road,268.426
21232,JL. RO KELADI 1,"LINESTRING(117.486146165373 0.698526841509115,117.486536141291 0.698016158759373,117.486851836082 0.697394054318777)",road,148.47
35470,IN SUPPORT BALIKPAPAN,"LINESTRING(117.498435093686 0.717467976074362,117.498952424199 0.717410371489154)",road,57.936
4052,JL. RO MALAGA 02,"LINESTRING(117.439009143241 0.611597942698705,117.439202185892 0.611492096335233,117.439655633115 0.6112544618297)",road,81.373
4054,JL. RO ELANG 5100,"LINESTRING(117.440897741105 0.611743722654158,117.441068139227 0.610640147418134,117.441263665163 0.610120023950262)",road,184.985
4058,JL. RO HASSANUDIN 4100,"LINESTRING(117.444026153861 0.604502612152627,117.444585297167 0.604449725927787,117.444930725476 0.60444551850531)",road,100.968
8825,JL. RO HOS COKRO AMINOTO 02,"LINESTRING(117.453891607816 0.652119572746154,117.454267730654 0.653779903947992)",road,188.303
37186,JL. RO ROMA 08,"LINESTRING(117.454656972585 0.698857924478669,117.454895714275 0.698960376519962,117.454895714275 0.699129026913814,117.45478072537 0.699405000285571,117.454328435677 0.699696305511315,117.453745825226 0.699795962562227,117.453226252741 0.699972831225991,117.453048345583 0.700090377027173)",road,290.915
37083,IN FRONT EX1724,"LINESTRING(117.455209566884 0.708696234183098,117.455879436066 0.708007581225895,117.456162130923 0.707682252993437,117.45631662728 0.707220588822095,117.456137139565 0.706712769922044)",road,267.836
12493,JL. RO CENDRAWASIH,"LINESTRING(117.466161225073 0.662193042835793,117.466812243773 0.663363904827074)",road,148.368
35773,JL. MANILA 06,"LINESTRING(117.45683204467 0.701833095335319,117.457416029414 0.703818925797948)",road,229.002
36821,JL. SUTAN SJAHRIR 01,"LINESTRING(117.464410237031 0.579832987223047,117.463358066742 0.57885677444416)",road,159.277
8833,JL. RO TULIP 11900,"LINESTRING(117.463950471408 0.648731171305069,117.463909354688 0.649543226514304,117.46403613124 0.650430662375873)",road,189.046
33792,JL. RO PARIS 07,"LINESTRING(117.448501720838 0.703821230159146,117.448597247242 0.704222942409098)",road,45.674
36826,JL. SUTAN SJAHRIR 06,"LINESTRING(117.457300268459 0.57792348416052,117.456555575693 0.5780292287287,117.455891744473 0.578026546891229)",road,157.609
33734,JL. RO BIDADARI 13700,"LINESTRING(117.472855667563 0.661737760225984,117.473571138996 0.661124089568793)",road,104.628
36827,JL. SUTAN SJAHRIR 07,"LINESTRING(117.455891744473 0.578026546891229,117.455204172442 0.578065266148744,117.45476079732 0.578130539293838)",road,126.535
15529,JL. RO KAKAKTUA 02,"LINESTRING(117.477396489169 0.714793295171246,117.478480396053 0.714802872873803,117.479372949459 0.714927814322542,117.480086245088 0.715284233935451)",road,309.603
36832,JL. SUTAN SJAHRIR 12,"LINESTRING(117.450417968331 0.578553311959295,117.450591382676 0.578281490669009,117.45106456485 0.577787452025419)",road,111.606
301,JL. RO CHR MERAK 01,"LINESTRING(117.49461908659 0.552993008935434,117.492502008014 0.553148390849237,117.490151856568 0.553575691112196,117.489064183172 0.554119527810507,117.487296713902 0.555556810513187,117.485237903544 0.556994093215867,117.481534395912 0.55986746690842,117.47927539717 0.561556889044953,117.476871590816 0.563391118793188,117.47570442973 0.564483864341584,117.473555280416 0.566847928586831,117.472600102944 0.56749267338099,117.470888366303 0.56778932653909,117.469269536278 0.568298392584649,117.468675239046 0.569404724867831)",road,3519.596
35716,IN DISP. HYDROS 3 RL90,"LINESTRING(117.452030686632 0.71703999712924,117.45172351518 0.714494999566968,117.451759974935 0.714203919134281,117.451969941466 0.713582102190937,117.452037148634 0.713318874113185,117.452059551024 0.713106051412024,117.452014746245 0.712786817360283,117.451672362278 0.711498445330709,117.451428631114 0.710997137651793,117.451294165179 0.710717386103478,117.451101214457 0.709917058760628,117.450973262553 0.709686411110289,117.450850278958 0.709508084896386,117.450647356025 0.709212924266476,117.450456731451 0.70857340956834,117.450352195395 0.70827824893843,117.450229211799 0.708063027645788,117.450044736405 0.707946193229782,117.449761874135 0.707909298151044,117.449064433974 0.707979385337499,117.44886706368 0.707897261837508)",road,1199.163
36998,IN FRONT EX1170,"LINESTRING(117.497844225197 0.724549068298105,117.497750058243 0.72492823927658,117.497728785667 0.725779142333465,117.497774876249 0.726098230979797,117.497742967384 0.72636059275567,117.497551514196 0.726690317690213,117.497448696744 0.72692786146026,117.497455787602 0.727151223512692,117.497675604225 0.727303676977051,117.497682506887 0.72717924818975)",road,341.302
35532,IN DISP. HYDROS 3 RL100_S,"LINESTRING(117.44886706368 0.707897261837508,117.450263099427 0.707524255764775)",road,160.775
35534,IN DISP. BLOCK 3,"LINESTRING(117.498557010167 0.720888035174438,117.497829746546 0.719965058034952,117.49725163028 0.718885681698294,117.496646300015 0.718092987304555)",road,376.416
36698,JL. RO. ROMA 12,"LINESTRING(117.459045291058 0.698944938575499,117.457724339842 0.699316456573641,117.457439434964 0.699452183749885,117.457242906735 0.699835413795106,117.457129903004 0.700675571971165)",road,329.189
23441,IN STP. MERAK UTARA,"LINESTRING(117.469371501567 0.570418772031184,117.469165257163 0.570616270139712,117.468914968073 0.570810699362208)",road,66.877
32637,IN DISP. RASAMALA JEMBATAN,"LINESTRING(117.436611695829 0.656151394621249,117.436611695829 0.656151394621249)",road,0
37095,IN FRONT EX3009,"LINESTRING(117.457129903004 0.700675571971165,117.45740995573 0.700346387188733,117.457773532952 0.700297255131653,117.458102717734 0.70004176843484)",road,135.025
17736,IN WF CUCAKROWO,"LINESTRING(117.490748687342 0.674165330281301,117.49139856443 0.674925599889892,117.492086224504 0.67539143413363,117.493446756264 0.675302703801489,117.494902710909 0.674626256993488)",road,533.422
32578,IN MHR SOEDIRMAN,"LINESTRING(117.454179479132 0.63600153163368,117.453309519934 0.636218527990914)",road,99.766
8827,JL. RO SOEDIRMAN 04,"LINESTRING(117.452633702595 0.640062143301584,117.452370890217 0.640571615588814,117.452187940978 0.641172734515858,117.452084699388 0.64377802641462,117.452145475105 0.645494940419787,117.452382180516 0.647303027659512)",road,812.928
36988, JL DISP SRIGUNTING 02,"LINESTRING(117.439953289506 0.687399878165564,117.439700656775 0.686803299731041,117.439442663433 0.686505615106025,117.438966368033 0.686059088168501,117.438738143154 0.685473641739303,117.43868852905 0.684610356326756,117.438708374691 0.684014987076724,117.438728220333 0.683250929872516,117.438869431405 0.68261124143869,117.439125133166 0.682060191372452,117.439218299675 0.681532334012291,117.43939273381 0.681067176319472,117.439799746791 0.681073636842984)",road,802.663
33594,JL. MAROKO 07,"LINESTRING(117.461395350687 0.690417341462934,117.460544565568 0.69025758613863,117.459811822289 0.690024179071911)",road,181.884
16740,JL. RO GATSU 08,"LINESTRING(117.462036576663 0.655606917570353,117.460857449534 0.655049918765327)",road,144.983
36457,IN SUPPORT CAMAR,"LINESTRING(117.467209972323 0.693206473587132,117.466759901097 0.692459448151423)",road,96.607
36525,JL. AFRIKO 01,"LINESTRING(117.452719928253 0.691319187275099,117.452665169075 0.692041107206808)",road,80.058
2141,JL. RO KENARI 02,"LINESTRING(117.476693427782 0.700873912426133,117.475977553789 0.698751227315248)",road,247.872
34595,JL. RO BIDADARI 14100,"LINESTRING(117.477316548016 0.660524961933032,117.476515055595 0.660620756014124,117.475675589239 0.660816060431535,117.475310283999 0.660822802707036)",road,226.418
34297,JL. GELATIC 02,"LINESTRING(117.465765207934 0.696275740463093,117.465712155522 0.696334470523538,117.465620202277 0.696349796064404,117.465520586261 0.696342133293971,117.465332848386 0.696299988056589,117.465187255747 0.696231023122692,117.464938215708 0.696139069877495,117.464750477833 0.696062442173164,117.464558908572 0.696020296935782)",road,143.498
34722,JL.ROMA 10,"LINESTRING(117.458538697305 0.697940747062644,117.458726106682 0.69813164108428,117.458797885099 0.698323050196864,117.45878193434 0.698506483929757,117.458765983581 0.698729794561106,117.458853712757 0.698865376015853,117.459045291058 0.698944938575499)",road,138.377
26024,JL. RO BALIKPAPAN 05,"LINESTRING(117.494127546826 0.713937544195983,117.493760022742 0.713710622114628,117.49332037897 0.713746828072359,117.492471790326 0.714076979811359)",road,198.358
26492,JL. ALBATROS 04,"LINESTRING(117.464574376637 0.719804367326301,117.464649724467 0.720227450272003,117.464971468006 0.720820466337952,117.465076515283 0.721533287146268)",road,201.926
26020,JL. RO KENARI 11,"LINESTRING(117.487525707255 0.712614105668437,117.488383438019 0.712730475116076,117.489265311704 0.713113223812081)",road,203.235
36909,IN FRONT EX763,"LINESTRING(117.451495445346 0.699718994776273,117.451754269756 0.699756464162837,117.452391915634 0.702043482639107,117.45282721557 0.70240836640843,117.452871497794 0.703485403436924,117.453100344698 0.703784882101214)",road,515.79
9521,JL. CANBERA 02,"LINESTRING(117.458364289491 0.707415996880749,117.459535758521 0.706606930311522)",road,158.136
37115,JL. RANGKONG 15,"LINESTRING(117.470037807568 0.71104545326233,117.470243890129 0.711192655091362,117.470415625596 0.711511592387598,117.470543200514 0.712007171878671,117.470611894701 0.712424243727595,117.470555031542 0.712900239542216,117.470367956126 0.713162070533011)",road,260.272
32461,IN CS. ALBATROS,"LINESTRING(117.462385534922 0.717953979354108,117.462542319247 0.717323171802687,117.463217219179 0.717220914237313,117.463719742072 0.717659160946059)",road,221.879
2142,JL. RO KENARI 01,"LINESTRING(117.475977553789 0.698751227315248,117.47581004426 0.698286497758233,117.475596782193 0.698115777763749)",road,84.995
37049,IN  DISP. SRIGUNTING RL40P,"LINESTRING(117.439953289506 0.687399878165564,117.439700656775 0.686803299731041,117.439442663433 0.686505615106025,117.438966368033 0.686059088168501,117.438033484489 0.684460045240799,117.437502341309 0.684367672513839,117.436923887425 0.682619123752945)",road,656.674
32467,IN CS. IKHLAS,"LINESTRING(117.453995457061 0.712441792703384,117.454513829238 0.712069714536751,117.454304347198 0.711063036957355,117.453834457008 0.710979912222231)",road,237.701
35356,JL. MANILA 04,"LINESTRING(117.456057260178 0.702006582618251,117.456304170727 0.701948103803987,117.45683204467 0.701833095335319)",road,88.353
12483,JL. RO CARACAS 11,"LINESTRING(117.450598405835 0.69280793080953,117.450328502674 0.69291129797757,117.449995430688 0.692871099634443,117.449668101323 0.692940011079804,117.449260375271 0.693221399481693,117.448829678738 0.693795661526364,117.448205508464 0.694665612901404,117.448116335171 0.694729308110331,117.447999863932 0.694754786193902,117.447907050913 0.694731127973444,117.447212180165 0.694510811479288)",road,477.147
34965,JL. RO HIMALAYA 01,"LINESTRING(117.436086791253 0.622908338372717,117.435324815264 0.625730267385766)",road,323.355
31436,JL. RO BEO 02,"LINESTRING(117.471264718321 0.708651754502833,117.470790733403 0.707416373414489,117.470628912173 0.707004251686733)",road,195.437
33751,JL RO TAMRIN 16100,"LINESTRING(117.476564285761 0.678737321408103,117.476834791534 0.676769928914932,117.476715379417 0.676322133475321,117.476506408212 0.675835955569457,117.476314993677 0.675381549563006)",road,384.037
25489,JL. RO IKN TEMBUS GATSU,"LINESTRING(117.464904699146 0.664666628554589,117.464295036713 0.662147105107807,117.464127808626 0.661322909537424,117.463825205422 0.659344043844283,117.463721683273 0.658495958547222,117.463566400049 0.657747413777986,117.463133340754 0.655974230072491)",road,982.092
34596,JL. RO AHMAD YANI 01,"LINESTRING(117.482403771155 0.657830595195036,117.477738277998 0.660798928465096)",road,614.353
2136,JL. RO BANGAU 04,"LINESTRING(117.477491400833 0.706394088507421,117.477328837787 0.70535177251001)",road,116.665
34541,IN CS. TAMRIN,"LINESTRING(117.475463923718 0.667815966447229,117.476044168731 0.668146882576499,117.476767249004 0.667522685075892,117.476949529212 0.666614373768411)",road,282.726
26036,JL. RO PARIS 06,"LINESTRING(117.44824358529 0.701786323612023,117.448262320327 0.702430669742661,117.448367778399 0.702974331946213,117.448501720838 0.703821230159146)",road,227.354
34966,JL. RO HIMALAYA 02,"LINESTRING(117.435324815264 0.625730267385766,117.434614123096 0.62968171583785)",road,444.033
34967,JL. RO HIMALAYA 03,"LINESTRING(117.433392538677 0.632727130498127,117.434503272709 0.630875907111008,117.434614123096 0.62968171583785)",road,371.762
25994,JL. RO KASWARI 08,"LINESTRING(117.472031361322 0.686340387298386,117.472956227155 0.687342020651155)",road,151.212
35413,IN SUPPORT PS BEIJING,"LINESTRING(117.453995457061 0.712441792703384,117.453665681363 0.713114315392815,117.453284889759 0.714325375216426)",road,223.391
35365,JL. RO ROMA 06,"LINESTRING(117.45273855906 0.699358261011152,117.453591624439 0.699213572540413)",road,96.294
29291,JL. RO JUANDA 12900,"LINESTRING(117.468577893664 0.655370685041551,117.468847950788 0.656258015593083,117.46905628057 0.656967880034309)",road,184.464
37153,IN FRONT EX1311,"LINESTRING(117.468416703881 0.71250584475643,117.468821865758 0.712258520503295)",road,52.743
33763,JL. BUTRES 02,"LINESTRING(117.500026252811 0.724392167278788,117.499845054676 0.724509610514482,117.499449103196 0.724647186876295,117.498868993592 0.724686529053528,117.498449743451 0.724577458224246,117.498057351664 0.724551298771777,117.497869003606 0.724540834990789,117.497844225197 0.724549068298105)",road,251.207
21258,IN DISP. HYDROS,"LINESTRING(117.448102732781 0.700751450889568,117.447741233063 0.701033404985792,117.447198053768 0.701269025079841,117.4467293286 0.701618819981767)",road,181.688
33520,IN BUFFER PEDAYAK,"LINESTRING(117.478384956305 0.69692445578467,117.47763708768 0.696933097230517)",road,83.252
36893,IN FRONT EX766,"LINESTRING(117.45271109225 0.697225926690792,117.453325428065 0.697870774778101,117.45397363111 0.698194624451178,117.454412249709 0.69854593259805,117.454656972585 0.698857924478669)",road,285.692
34969,JL. RO HIMALAYA 05,"LINESTRING(117.432926726086 0.643050876741689,117.432932065859 0.642079037960201,117.432591770321 0.640891506987598,117.431003806884 0.637385618935078,117.431299755367 0.636488148377869,117.432202154064 0.635074451176991)",road,960.558
35363,JL. RO ROMA 04,"LINESTRING(117.450565771501 0.699936064552495,117.451495445346 0.699718994776273)",road,106.23
36801,IN SUPPORT PARIS,"LINESTRING(117.44846744822 0.711396635911144,117.448434097554 0.711032789307774,117.448255395983 0.71072578917272)",road,79.748
32480,IN CS.SAMARINDA,"LINESTRING(117.500801955913 0.725377260435313,117.500744860457 0.72487821875416,117.501172214511 0.724546641216629,117.501539533247 0.724674479157746)",road,158.866
35362,JL. RO ROMA 03,"LINESTRING(117.449751243989 0.700225368276802,117.450565771501 0.699936064552495)",road,96.144
29292,JL. RO JUANDA 13100,"LINESTRING(117.46905628057 0.656967880034309,117.469449832635 0.657817966304612,117.469959042957 0.658603654616265)",road,207.437
33764,JL. BUTRES 03,"LINESTRING(117.497844225197 0.724549068298105,117.497173743735 0.724746362278685,117.496753564001 0.725014302978376,117.496412165704 0.72529846176221,117.496193498679 0.725584843341159,117.496038362807 0.725939439619114,117.496027281674 0.726089034923876,117.496043903374 0.726343900998657)",road,310.042
2135,JL. RO BANGAU 05,"LINESTRING(117.477607225762 0.707657225395226,117.477491400833 0.706394088507421)",road,140.264
27226,JL RO SAKURA 9200,"LINESTRING(117.465289276919 0.628120763198248,117.466917555507 0.628837205776931)",road,197.805
4317,JL. RO JALAK 07,"LINESTRING(117.495108107212 0.651118406652544,117.495066882548 0.651486146213826,117.496429636509 0.654963115697637,117.496656603477 0.656681009177265)",road,645.856
36835,JL. SUTAN SJAHRIR 15,"LINESTRING(117.454657782404 0.576037912944445,117.454988575933 0.575751554366968)",road,48.564
36381,JL. RO FUJIYAMA 05,"LINESTRING(117.443644941392 0.668144862831228,117.443724035047 0.669024061989427,117.443741024359 0.669166349994,117.443701568947 0.669269920449437)",road,125.727
36185,JL. MAROKO 10,"LINESTRING(117.461395350687 0.690417341462934,117.461102315182 0.691524716097769,117.461011938908 0.691687198707835)",road,147.309
27220,JL RO SAKURA 9000,"LINESTRING(117.463660590046 0.627421157506217,117.465289276919 0.628120763198248)",road,197.109
36745,JL. FUJIYAMA 08,"LINESTRING(117.439531789312 0.663144257438909,117.4391383868 0.662924162843575,117.438726725399 0.662501474797522)",road,115.553
37098,IN FRONT EX1754,"LINESTRING(117.459773536799 0.675292406266107,117.459515566979 0.675492825821648,117.459670490257 0.675657431804491,117.459864144354 0.675741348580058,117.460132032522 0.675650976667909,117.460390237986 0.675128110604761,117.46072267752 0.674924773802425)",road,224.128
36834,JL. SUTAN SJAHRIR 14,"LINESTRING(117.453435736611 0.576900301789269,117.453543258446 0.576872864016008,117.453792667767 0.576626583296398,117.454141978905 0.576257785074418,117.454449518376 0.576071298374043,117.454657782404 0.576037912944445)",road,171.021
26763,JL. RO HASSANUDIN 3500,"LINESTRING(117.451473138709 0.604401199931758,117.449683869151 0.604736680552795)",road,202.595
3242,JL. RO KENARI 03,"LINESTRING(117.476693427782 0.700873912426133,117.477256524002 0.703035335610858)",road,247.08
22015,JL. RO KOLIBRI,"LINESTRING(117.480086245088 0.715284233935451,117.480257819683 0.715120829559501,117.48039125657 0.714777586775423)",road,67.047
20399,JL. NEW DAGO 03,"LINESTRING(117.458081329568 0.64677136695795,117.458163194212 0.645743288665557,117.458166841525 0.645156071268407,117.458054192728 0.644018322332287)",road,305.406
26035,JL. RO PARIS 04,"LINESTRING(117.447861420644 0.699825298675574,117.448102732781 0.700751450889568)",road,105.873
27223,JL RO SAKURA 9600,"LINESTRING(117.469206558711 0.629766084456474,117.470202407609 0.630223761212772)",road,121.856
2702,JL. RO BANGAU 001,"LINESTRING(117.475596782193 0.698115777763749,117.475517975148 0.698221995955674,117.475529834381 0.698359584355328,117.475579650227 0.698581767250905)",road,55.116
26034,JL. RO PARIS 03,"LINESTRING(117.447256889323 0.697518100268548,117.447861420644 0.699825298675574)",road,263.843
33625,JL. RO SAMARINDA 01,"LINESTRING(117.499639621225 0.720678620896505,117.499329152911 0.720654110240113,117.498557010167 0.720888035174438)",road,124.42
8759,JL. RO KENARI 08,"LINESTRING(117.480016423059 0.710346573419423,117.480734766728 0.710778264242012)",road,93.124
27150,JL. RO HASSANUDIN 3700,"LINESTRING(117.447782303921 0.604844989745668,117.449683869151 0.604736680552795)",road,212.008
4629,JL. RO JALAK 04,"LINESTRING(117.496656603477 0.656681009177265,117.497218921958 0.661380894155968,117.497372531857 0.662579942176672,117.496770661093 0.663691161691533,117.496039785471 0.664616035898863)",road,927.755
32970,IN DISP MHR MURAI 1,"LINESTRING(117.490496237784 0.715841393987008,117.490496237784 0.715841393987008)",road,0
37061,JL. ROMA 13,"LINESTRING(117.460949428891 0.693129639389952,117.460958323433 0.69343574717519,117.461069282835 0.69400983963494,117.461222479921 0.694407194576556,117.461452275549 0.695115731098957,117.46147474265 0.695710352873769,117.461505917717 0.69612924061698)",road,340.324
32479,IN CS. BEO,"LINESTRING(117.475330785107 0.712081944079703,117.475661474042 0.711716541946522,117.476380123058 0.711854155587926,117.476515476052 0.712134364033037)",road,170.538
37159,IN DISP. IPD MERAK RL-30 TIMUR,"LINESTRING(117.470638848039 0.697429601219274,117.470705973755 0.696971273772253,117.47096593017 0.695918938612484)",road,171.132
35373,JL. RO SRIGUNTING 09 A,"LINESTRING(117.443640961151 0.690622430716413,117.443433338628 0.690172605585117)",road,54.846
37160,IN DISP. RANGKONG,"LINESTRING(117.470568577372 0.697923800725913,117.471011225391 0.698471161179455)",road,78.044
31552,JL. RO MELATI 5900,"LINESTRING(117.442317941918 0.619106224809066,117.441795919623 0.618330632916509,117.44167827015 0.6178707395034,117.441754115863 0.616946369866705)",road,258.664
36747,JL. FUJIYAMA 10,"LINESTRING(117.438028371236 0.661398810329555,117.437620791768 0.660437370513484)",road,115.587
7434,JL. RO CHR M 01,"LINESTRING(117.49461908659 0.552993008935434,117.499223657261 0.55354524980923)",road,516.179
30810,JL. PDWM 01,"LINESTRING(117.460871541676 0.672246970956025,117.460967856567 0.672457756887422)",road,25.655
33067,IN DISP. TAHA RL-110,"LINESTRING(117.466826746485 0.672514455419895,117.467137411196 0.673036917678586,117.467349795332 0.673120116034519,117.467726686029 0.672997975531045,117.468141963741 0.672607125919925,117.46835483719 0.672275601696208,117.468480467422 0.672003402859892,117.46869140463 0.670374187177566)",road,458.563
36746,JL. FUJIYAMA 09,"LINESTRING(117.438726725399 0.662501474797522,117.438348143931 0.662067760106788,117.438028371236 0.661398810329555)",road,145.929
27151,JL. RO HASSANUDIN 3900,"LINESTRING(117.445985382395 0.60450465192718,117.447782303921 0.604844989745668)",road,203.531
31742,JL. RO FUJIYAMA 02,"LINESTRING(117.441660411655 0.67819262013623,117.441580958691 0.677442782791981,117.441546198019 0.67682205651363,117.441417086954 0.676196364425051,117.441405268484 0.674400869748987,117.441703108794 0.673074473053674)",road,571.697
31553,JL. RO MELATI 5600,"LINESTRING(117.441754115863 0.616946369866705,117.442086859533 0.616148370281954,117.442171589741 0.615717016496751,117.442073466337 0.615065069329288)",road,217.228
31551,JL. RO MELATI 6100,"LINESTRING(117.442317941918 0.619106224809066,117.444003767155 0.620401060124818)",road,236.037
21598,JL. RO KENARI 10,"LINESTRING(117.48573520606 0.712849840427765,117.483815638726 0.712312107790152,117.482694922093 0.711881401005861)",road,355.318
27161,JL. RO ELANG 4650,"LINESTRING(117.443522365874 0.608937164786074,117.443995560069 0.608749938747323,117.444304436546 0.608546361069026,117.444570374054 0.607942926276388)",road,170.687
36976,IN DISP. TAHA RL-40,"LINESTRING(117.465341674056 0.666670710305123,117.465626131484 0.666711058615919,117.466270276536 0.665605073714008,117.466513350141 0.665039927582813,117.466822368065 0.664753915862357)",road,288.563
35148,JL. RO BANGAU NEW 02,"LINESTRING(117.470180270342 0.706084217603388,117.469994052125 0.706528234377211,117.46982724268 0.707164195386407)",road,126.024
37132,IN FRONT EX1843,"LINESTRING(117.457601296494 0.697933233162737,117.457633398085 0.69741960769881,117.457196816441 0.696520763136938,117.456941740529 0.695755328144616)",road,256.813
36831,JL. SUTAN SJAHRIR 11,"LINESTRING(117.451168035982 0.579566762144598,117.450834635261 0.57928152907523,117.450532821869 0.578889622132251,117.450417968331 0.578553311959295)",road,142.86
18250,JL. IN WF KALAJENGKING,"LINESTRING(117.450891170288 0.626987961668397,117.452690211713 0.626260334611102,117.453148683491 0.625911497388555,117.453254791864 0.625687870485446)",road,307.189
2138,JL. RO BANGAU 02,"LINESTRING(117.477003597827 0.703334283883377,117.476497301917 0.701240476437076,117.475579650227 0.698581767250905)",road,549.507
27185,JL RO CEMPAKA 6500,"LINESTRING(117.445003579025 0.621690441760916,117.446131981905 0.62310495649295)",road,200.601
28703,JL. RO CENDRAWASIH 04,"LINESTRING(117.469191929945 0.720084475077949,117.470001208465 0.719606397143391)",road,104.447
36629,JL. TEMBUSAN ASIA,"LINESTRING(117.45683204467 0.701833095335319,117.456975367895 0.701620985643049,117.457032977116 0.701172888728155)",road,78.327
21231,IN WS. SUPERNOVA,"LINESTRING(117.486851836082 0.697394054318777,117.486762010208 0.696932812339134,117.486402638587 0.69662181766676,117.485570739989 0.696896566978928)",road,202.18
27186,JL RO CEMPAKA 6620,"LINESTRING(117.446131981905 0.62310495649295,117.446813276353 0.624013042735043)",road,125.832
37185,IN FRONT EX1242,"LINESTRING(117.453048345583 0.700090377027173,117.452962568917 0.699976008139536,117.452710925081 0.700041272226012,117.452565272469 0.70029424781679,117.452924487073 0.701953867177571)",road,264.92
27199,JL RO ANGGREK 7300,"LINESTRING(117.450891170288 0.626987961668397,117.451842072766 0.627993833488301)",road,153.54
27200,JL RO ANGGREK 7500,"LINESTRING(117.451842072766 0.627993833488301,117.452895927224 0.629322283825387)",road,187.985
11689,JL. SIDNEY 02,"LINESTRING(117.462074025938 0.714070054947846,117.46250652598 0.713748274916522,117.462727966002 0.713554514897661,117.463086641794 0.712999818116948,117.463189674109 0.712391126950523,117.463238283018 0.711786216080982,117.463377860242 0.711252496874632,117.463572542238 0.711046003216556,117.464160686488 0.710916588420207,117.464543307366 0.710641336972548,117.464748996178 0.710269138170333,117.464822456468 0.709985091716011,117.465312199098 0.708954494289297)",road,718.83
36205,JL. RO ROMA 07,"LINESTRING(117.453591624439 0.699213572540413,117.454656972585 0.698857924478669)",road,124.936
33954,JL.P 03,"LINESTRING(117.468193445783 0.699041292785698,117.467621681611 0.699039182226777,117.466696758154 0.698824870693887)",road,169.291
36824,JL. SUTAN SJAHRIR 04,"LINESTRING(117.460065785066 0.577808970015288,117.458554198349 0.577866227087904)",road,168.38
37196,IN FRONT EX1281,"LINESTRING(117.456373390297 0.697977510995904,117.456365849077 0.69854804920511)",road,63.093
36825,JL. SUTAN SJAHRIR 05,"LINESTRING(117.458554198349 0.577866227087904,117.457300268459 0.57792348416052)",road,139.723
36119,JL MELBOURNE 04,"LINESTRING(117.465268561029 0.701252848275035,117.465104832876 0.701701584694271,117.464988311636 0.701940789474643,117.464895624681 0.702144257107841,117.464780408573 0.702144257107841,117.464712177512 0.702088061007676,117.464647000448 0.701971432946379,117.464631840434 0.701665200660279,117.464546944355 0.701410512422334,117.464482065742 0.701287272046806,117.464331672154 0.701225560249541,117.464238147265 0.701213636280289)",road,252.107
33873,JL. CAMAR 04,"LINESTRING(117.4686816336 0.698998785960546,117.469058602709 0.698719681268823,117.469674045662 0.698114327544387,117.469906097923 0.69783687375402)",road,187.972
36828,JL. SUTAN SJAHRIR 08,"LINESTRING(117.45476079732 0.578130539293838,117.454424863233 0.578254462603975,117.45361863869 0.578742260298928)",road,144.531
35405,IN DISP. HYDROS 3  RL40,"LINESTRING(117.448106242444 0.71544071934285,117.44782405365 0.716348631115619,117.447633882941 0.716508129129754,117.44702582888 0.716591290787027,117.446168383265 0.71689818074596)",road,302.344
36977,IN FRONT EX1773,"LINESTRING(117.456057260178 0.702006582618251,117.456101650002 0.702393048246589,117.455942486808 0.702462008719089,117.455636256593 0.703077442258338,117.455124350035 0.703580723847893)",road,218.065
34441,JL. RO PENAJAM 05,"LINESTRING(117.493301699253 0.725571277728168,117.493482718921 0.725718098518394,117.49380849733 0.726034502008466,117.494325937058 0.726446349701469,117.494706548049 0.72689724514004,117.495001763882 0.727240172623182,117.495249268065 0.72761590186558,117.495441192235 0.727850816790772)",road,348.775
21913,IN BD. TYRE SUPERNOVA,"LINESTRING(117.486851836082 0.697394054318777,117.486762010208 0.696932812339134,117.486402638587 0.69662181766676,117.486610812636 0.694895868947919)",road,296.971
27258,JL. RO TULIP 11300,"LINESTRING(117.464450945712 0.643876338615745,117.464436388098 0.643067812699992)",road,89.417
26725,JL. RO ADAM MALIK 50,"LINESTRING(117.464202055303 0.580219794680492,117.464410237031 0.579832987223047)",road,48.645
27259,JL. RO TULIP 11500,"LINESTRING(117.464273193873 0.646765337466738,117.464441464998 0.644928697894443,117.464450945712 0.643876338615745)",road,320.316
8867,JL. RO MALAGA 06S,"LINESTRING(117.437996058789 0.621292210136143,117.438484938171 0.620199279858558)",road,132.537
2137,JL. RO BANGAU 03,"LINESTRING(117.477328837787 0.70535177251001,117.477125746613 0.703975565009,117.477003597827 0.703334283883377)",road,226.044
36833,JL. SUTAN SJAHRIR 13,"LINESTRING(117.45106456485 0.577787452025419,117.451834673668 0.576961620159897,117.452091440286 0.576704853542083,117.452370730291 0.576470610311797,117.452550917391 0.576425563536742,117.452731104491 0.576479619666808,117.453435736611 0.576900301789269)",road,338.787
34233,JL. MAROKO 04,"LINESTRING(117.452719928253 0.691319187275099,117.453745808228 0.691430574686241,117.45406178143 0.691457632297619)",road,150.153
21758,JL. RO PENAJAM 01,"LINESTRING(117.487534720164 0.718032268194853,117.487929532812 0.718355362244217,117.488228043623 0.718838407010852,117.488526554434 0.719771931728394)",road,227.981
26027,JL. RO BALIKPAPAN 08,"LINESTRING(117.497057251708 0.715824189847766,117.49554704537 0.715065759389672)",road,187.86
20310,JL. RO PENAJAM 02,"LINESTRING(117.488526554434 0.719771931728394,117.48874636694 0.720463934062618,117.488873912468 0.720824860770273,117.489053018955 0.721147795192911,117.489251121584 0.72138389010694,117.489246933305 0.721383066765718)",road,198.238
8865,JL. RO MALAGA 08S,"LINESTRING(117.434551863774 0.623417239962617,117.436086791253 0.622908338372717)",road,179.885
8862,JL. RO MALAGA 08,"LINESTRING(117.433589182854 0.623789184863577,117.434092402426 0.623548514633544,117.434551863774 0.623417239962617)",road,115.179
37183,IN FRONT EX1304,"LINESTRING(117.454657782404 0.576037912944445,117.456572700374 0.575844058844545)",road,214.232
26727,JL. RO ADAM MALIK 300,"LINESTRING(117.462809730457 0.581797490299517,117.463861998997 0.580604483376774)",road,176.414
26728,JL. RO ADAM MALIK 500,"LINESTRING(117.46131509055 0.583363550020353,117.462809730457 0.581797490299517)",road,240.139
37188,IN FRONT EX1282,"LINESTRING(117.441151901287 0.665709982002739,117.4410101924 0.665837031349861,117.440888029566 0.666017832343842,117.440858710486 0.666247498471332,117.440858710486 0.666403866898559,117.441026342423 0.667216597053516)",road,179.979
34009,JL. RO BEIJING 01S,"LINESTRING(117.453101684706 0.709973726931826,117.453352935709 0.710194914888474,117.453425961175 0.710267940354762,117.453520504018 0.710326895151862,117.453682693348 0.710377696836055,117.45388691003 0.710386448979562)",road,102.649
31227,IN STP. MELAWAN 1,"LINESTRING(117.441999214643 0.60771014614351,117.442076100743 0.607704279183334,117.442136431689 0.607779692866195,117.442117578269 0.607971997757491,117.442087412796 0.608164302648787,117.442165597455 0.608324462743818)",road,81.917
27260,JL. RO TULIP 11700,"LINESTRING(117.463950471408 0.648731171305069,117.464190318938 0.647672415779104,117.464273193873 0.646765337466738)",road,220.8
34041,JL. GELATIC 05,"LINESTRING(117.4686816336 0.698998785960546,117.4685168736 0.69903778406646,117.468193445783 0.699041292785698)",road,54.843
30097,JL. RO HOS COKRO AMINOTO 05,"LINESTRING(117.455375814737 0.656725050251125,117.45623287229 0.657792801119992)",road,151.792
25720,JL. DI PANJAITAN 02,"LINESTRING(117.460809951041 0.668027854971458,117.460865918116 0.668974631335147,117.460871541676 0.672246970956025)",road,466.712
26495,JL. IP ALBATROS 01,"LINESTRING(117.466824840135 0.721109939876002,117.467116458806 0.720901293128366,117.467404275842 0.720781369363289,117.467737425049 0.720699921599398)",road,112.658
20400,IN DISP. MUD POCKET DAGO,"LINESTRING(117.458054192728 0.644018322332287,117.45694144673 0.643079916212341,117.456228872675 0.642170792688617,117.456041289246 0.641927802448368,117.455971606426 0.641593256211962,117.456016182798 0.641188787362401,117.456643111828 0.640689490104975)",road,495.439
35501,IN DISP. HYDROS 3 RL100,"LINESTRING(117.44886706368 0.707897261837508,117.449064433974 0.707979385337499,117.44919794901 0.70810369243956,117.449391315613 0.708338494743452,117.449557058415 0.708568693080602,117.449741217085 0.708969238187243,117.449976019389 0.709646021298463,117.450169385992 0.7099498831035,117.450316712928 0.710350428210141,117.450390376396 0.710709537616094,117.450330524828 0.711045627188333,117.450169385992 0.71153364766309,117.450086514591 0.711860529301843,117.450109534425 0.712251866474997,117.450192405826 0.712541916379806,117.450279881194 0.712744490916497,117.450523891431 0.713052956688278,117.450685030267 0.713375234360287,117.450749485802 0.713619244597666,117.450790921503 0.713900086568989,117.450777109602 0.714199344407283,117.450717258035 0.714567661746723,117.450615970766 0.714848503718046,117.450579139032 0.715166177423312,117.450602158866 0.715391771793719,117.450671218367 0.715695633598756,117.45083696117 0.71640924844392,117.450970476206 0.716621030914098,117.451237506277 0.716772961816617,117.452530731818 0.718901693940128)",road,1361.969
35849,JL. IP FLAMINGGO 04,"LINESTRING(117.470567929171 0.713403635173522,117.470367956126 0.713162070533011)",road,34.77
31402,JL. RO ELANG 4300,"LINESTRING(117.444449197482 0.606123545124275,117.444114898708 0.605296138136223)",road,98.768
37193,IN FRONT EX756,"LINESTRING(117.470567929171 0.713403635173522,117.470241645988 0.713627682441965)",road,43.964
35966,JL.RO CAMAR 04,"LINESTRING(117.467725785081 0.692864102595884,117.468391970656 0.692492981355366,117.469119572963 0.692312822749524)",road,168.156
31403,JL. RO ELANG 4200,"LINESTRING(117.444114898708 0.605296138136223,117.443974500309 0.604846863259983,117.444026153861 0.604502612152627)",road,90.576
36528,JL. CARACAS 01 A,"LINESTRING(117.460149062571 0.692427983137069,117.460223542977 0.692821601472068,117.460223542977 0.693237512689846)",road,90.296
8835,JL. RO SAKURA 7700C,"LINESTRING(117.454344174233 0.630383060118827,117.454181358208 0.630529594541232,117.454032497842 0.63055285397336,117.453858052101 0.630520290768381,117.453737103054 0.630415623323806)",road,78.582
28749,IN FRONT EX319,"LINESTRING(117.441650995607 0.608997448390084,117.441750820709 0.609072009441258)",road,13.836
8866,JL. RO MALAGA 07S,"LINESTRING(117.436086791253 0.622908338372717,117.436750540988 0.622469691016056)",road,88.382
9835,JL. SIDNEY 01,"LINESTRING(117.462074025938 0.714070054947846,117.461869885918 0.714346854974791,117.461775696775 0.714797341194099,117.4618093152 0.715685963555342,117.461722898059 0.71676137686278,117.461550166825 0.718037551436151)",road,449.071
15510,OUT. CRUSHER 7,"LINESTRING(117.442217155383 0.607000518518321,117.442370736095 0.607029989417964,117.442543716155 0.607157844244767,117.442637727057 0.607293219943735,117.442543716155 0.607650461371568,117.442445944817 0.607876087536515,117.442165597455 0.608324462743818)",road,186.221
8863,JL. RO MALAGA 09,"LINESTRING(117.436750540988 0.622469691016056,117.437996058789 0.621292210136143)",road,190.193
37195,IN FRONT EX767,"LINESTRING(117.460149062571 0.692427983137069,117.459863682511 0.692535853499378,117.459628872514 0.692563475441853,117.459357378177 0.692523403392801,117.459091775903 0.692535853499378,117.459176023321 0.693232547401533)",road,197.992
25136,IN WATERFILL NUSANTARA,"LINESTRING(117.432340612981 0.623786109344951,117.433589182854 0.623789184863577)",road,138.982
15514,IN WEIGHTBRIDGE,"LINESTRING(117.441016979106 0.608308537685996,117.441248282749 0.607894628133094,117.441407788795 0.607664230510666,117.441536639949 0.607526450386256)",road,104.49
30370,IN SUPPORT TW 01,"LINESTRING(117.498809046507 0.716099007596973,117.497057251708 0.715824189847766)",road,197.347
15511,OUT. CRUSHER 7 02,"LINESTRING(117.442165597455 0.608324462743818,117.441650995607 0.608997448390084)",road,93.909
27194,JL RO CEMPAKA 7150,"LINESTRING(117.450637272597 0.626606176881875,117.450891170288 0.626987961668397)",road,50.803
27196,JL RO CEMPAKA 6700,"LINESTRING(117.446813276353 0.624013042735043,117.447723507743 0.624523312217694)",road,115.971
27197,JL RO CEMPAKA 6900,"LINESTRING(117.447723507743 0.624523312217694,117.449284252694 0.625483338787977)",road,203.596
37192,IN FRONT EX1235,"LINESTRING(117.45406178143 0.691457632297619,117.454328926862 0.691985851675405,117.454790359882 0.692271211569152,117.455312507773 0.692435141720879,117.455628225102 0.692386569824071,117.456120015557 0.692246925620748,117.456666449396 0.692325854953061,117.457339154894 0.692589943555994,117.457493558466 0.692741638293566,117.457378660482 0.692934191345309,117.456831787927 0.69288339562712,117.45625959397 0.692997834418537,117.455673350102 0.693293381360891,117.454838642366 0.692964635304968)",road,768.626
35869,JL.RO CAMAR 03,"LINESTRING(117.467209972323 0.693206473587132,117.467720810267 0.692863362571595,117.467725785081 0.692864102595884)",road,68.917
10685,JL. RO RAJAWALI 01B,"LINESTRING(117.478133006305 0.687748631377284,117.478133006305 0.687748631377284)",road,0
26493,JL. ALBATROS 05,"LINESTRING(117.465076515283 0.721533287146268,117.465179293157 0.721897662321399,117.46537617941 0.722132866912046,117.4657079664 0.72224194756645,117.465976123009 0.722228312484649,117.466167014154 0.722037421339443,117.466265166097 0.721816584207399)",road,201.333
11289,STP. ELANG,"LINESTRING(117.442792346333 0.608589515983726,117.443110932571 0.608504244656936,117.44336897433 0.608541107765377,117.443492340647 0.608587600524229,117.443527718231 0.608806941542758,117.443522365874 0.608937164786074)",road,119.352
27198,JL RO CEMPAKA 7100,"LINESTRING(117.449284252694 0.625483338787977,117.450637272597 0.626606176881875)",road,195.187
18064,JL. RO GATSU 12,"LINESTRING(117.458081329568 0.64677136695795,117.458509689391 0.647367317526034)",road,81.338
32736,JL. BEO,"LINESTRING(117.471971878738 0.709839272468351,117.472159562838 0.709753039233405)",road,22.964
34542,IN CS. TULIP,"LINESTRING(117.467129086982 0.6405422128321,117.467687801715 0.640695482206146,117.468919948978 0.63980849671724,117.468926248761 0.639222213746804)",road,297.905
34473,IN CS. SUTAN SJAHRIR COAL,"LINESTRING(117.458554198349 0.577866227087904,117.458724882342 0.578704279945287,117.459608289178 0.578740460430002,117.460065785066 0.577808970015288)",road,307.912
26927,JL. RO ROMA 01,"LINESTRING(117.448102732781 0.700751450889568,117.448281430989 0.700676824433852,117.449443576678 0.70030946231811)",road,157.123
27107,JL. RO BEO 7,"LINESTRING(117.477568781005 0.711850469851318,117.476963406071 0.712083754880347,117.476515476052 0.712134364033037)",road,122.326
8758,JL. RO KENARI 05,"LINESTRING(117.478499667196 0.709103780263765,117.478309080783 0.708930519888236,117.478105499842 0.708618651212283,117.478018869654 0.708337103102048)",road,102.44
19207,JL. RO KOLIBRI 12,"LINESTRING(117.474216665864 0.712039913646616,117.474173189212 0.712182765503491,117.474294653799 0.712529376532812,117.47436009518 0.713066834285073,117.47431423312 0.713628639969624,117.474068610787 0.714747490783275)",road,306.068
25495,JL. RO IKN 4,"LINESTRING(117.465341674056 0.666670710305123,117.465341674056 0.666670710305123)",road,0
25494,JL. RO IKN 3,"LINESTRING(117.465281369299 0.666396764107694,117.465341674056 0.666670710305123)",road,31.026
31193,JL. RO CADAS 02,"LINESTRING(117.456184677499 0.719566968156913,117.456752319493 0.719182205276334,117.45741524481 0.718840543766574,117.457917689208 0.718696469187758,117.458436794098 0.718632579355159,117.459194427721 0.718599635082535,117.459760629917 0.718502292825678)",road,423.786
5781,JL. RO ANGGREK 03,"LINESTRING(117.453737103054 0.630415623323806,117.453636675517 0.630278749109291)",road,18.816
27219,JL RO SAKURA 8800C,"LINESTRING(117.462002046539 0.626734046624604,117.462501663976 0.626844192785321,117.463660590046 0.627421157506217)",road,200.849
33143,JL. BUTRES 01,"LINESTRING(117.500801955913 0.725377260435313,117.500439533976 0.724926819903746,117.500026252811 0.724392167278788)",road,139.004
27225,JL RO SAKURA 10000,"LINESTRING(117.4704997684 0.633761120226791,117.470317401198 0.635584792245258)",road,202.671
36850,IN DISP. IPD MERAK RL-40B,"LINESTRING(117.473287628672 0.694896174623756,117.471910162641 0.694131712374467)",road,175.085
28704,JL. RO CENDRAWASIH 03,"LINESTRING(117.470001208465 0.719606397143391,117.471087990148 0.719001751334092)",road,138.217
9473,JL. RO BANGAU 06,"LINESTRING(117.477710187334 0.708626933374631,117.477607225762 0.707657225395226)",road,107.836
9474,JL. RO BANGAU 07,"LINESTRING(117.477710187334 0.708626933374631,117.477598428621 0.709148474036759,117.477509941216 0.70946347912951,117.477467604662 0.709710551699755)",road,122.916
32891,JL. TOKYO 04,"LINESTRING(117.455932589048 0.70205231078475,117.456057260178 0.702006582618251)",road,14.77
36093,JL. RO SAMRAT 01B,"LINESTRING(117.478946102885 0.674603800244857,117.478302154278 0.674427724473566,117.477845229431 0.674533986065757,117.477515818495 0.675065294026712,117.477470783872 0.677367806483077,117.477204380999 0.678303816576422,117.477065778448 0.678601201964431,117.476779211198 0.678794634858069,117.476564285761 0.678737321408103)",road,657.518
33318,JL. TEMBUS LIMING KELAYANG,"LINESTRING(117.495915936269 0.710603351498879,117.495440669492 0.710346512500623,117.495142972442 0.710254420485741,117.495083914286 0.710281647917575,117.494946870417 0.710308762010759,117.494824011317 0.710285135260751,117.494510943802 0.71016272951532,117.494219053178 0.710173540279162,117.494056891721 0.710119486459955,117.494002837901 0.709870838891604,117.493909656092 0.709777160135576,117.493834050492 0.709748808035567,117.493789159667 0.709767709435573,117.493748994192 0.709796061535583,117.493706466042 0.709862216435606,117.493652124517 0.709980350185646,117.493626135092 0.710041779735668,117.493262283142 0.710797835735928,117.493094733739 0.711254616663295,117.492694735477 0.711827587146886,117.492456898672 0.712087045479078,117.492305547978 0.712389746866636,117.492283926451 0.713016771169433,117.492316358742 0.713373526376197,117.492489330964 0.713687038527596,117.492471790326 0.714076979811359)",road,805.958
30092,JL. RO HOS COKRO AMINOTO 06,"LINESTRING(117.45623287229 0.657792801119992,117.457898510931 0.660060172534757)",road,311.821
25496,JL. RO IKN 5,"LINESTRING(117.465341674056 0.666670710305123,117.46585701263 0.6694375606204,117.466056326333 0.670402420134635)",road,420.245
35166,JL. RO BANGAU NEW 04,"LINESTRING(117.471885885328 0.70135369594748,117.47213528122 0.701111861271805,117.472399877653 0.701088514527741,117.473539976988 0.701137153577875,117.47398745625 0.700962052997393,117.474431044387 0.700323908659634,117.474912720073 0.698998251809101)",road,490.775
25996,JL. RO KASWARI 10,"LINESTRING(117.473955070349 0.688235345574033,117.4748528275 0.688934492430031,117.4755082849 0.689099655511434)",road,201.554
25991,JL. KASWARI 05,"LINESTRING(117.46619561227 0.684701515552871,117.467992826996 0.684708414649708)",road,200.052
25492,JL. RO IKN 1,"LINESTRING(117.464904699146 0.664666628554589,117.46517586346 0.665792503390346)",road,128.1
26411,JL. RO IKN 5 B,"LINESTRING(117.466056326333 0.670402420134635,117.466602582554 0.671921728341566)",road,178.662
35152,JL. RO LIMING PELIKAN,"LINESTRING(117.448581668324 0.643630317853546,117.448685697269 0.643692661138312,117.44898407884 0.644443003030922,117.449278072447 0.645592649673399,117.449370219697 0.645733064530495,117.449535110277 0.645710554843582,117.449672989233 0.645575097816262,117.449708092947 0.645013438387876,117.449607169769 0.644447390995206,117.449501858626 0.643403055495551,117.44899228436 0.642175581558474,117.448597877228 0.641626841200951,117.448126303483 0.64135247102219,117.447629007534 0.641206711864723,117.447080267177 0.641146693388119,117.445819879168 0.640966637958307,117.444799565066 0.640606527098683,117.442971304154 0.638146842594635,117.441680060899 0.636600748697309,117.440694638415 0.633219730174584,117.440082996873 0.629940651908826,117.439709215931 0.629396970538337,117.439777176102 0.628751348910882,117.438822662719 0.625153395828001,117.438412384691 0.624288485390694,117.438503243643 0.623252657917503,117.438314395876 0.622813153998431,117.438287867786 0.621389479801755,117.437996058789 0.621292210136143)",road,3542.187
35364,JL. RO ROMA 05,"LINESTRING(117.451495445346 0.699718994776273,117.45273855906 0.699358261011152)",road,144.007
37082,JL. RO CARACAS 10,"LINESTRING(117.45131754477 0.690822394857058,117.450598405835 0.69280793080953)",road,233.687
34228,IN DISP. UNDERPASS MELATI 2 MJ,"LINESTRING(117.437996058789 0.621292210136143,117.438438303086 0.620872157516612,117.438957951178 0.620565698385221,117.439704112541 0.61999941520765,117.440553366823 0.61943628689064,117.441153795769 0.6186477717682)",road,461.792
8823,JL. RO HOS COKRO AMINOTO 01,"LINESTRING(117.453254879562 0.649948947599957,117.453379943512 0.65054175427828,117.453825857204 0.651914567217901,117.453891607816 0.652119572746154)",road,250.539
37180,IN FRONT EX1778,"LINESTRING(117.440397849317 0.66379784088084,117.440707270946 0.663880845080923,117.441122922963 0.664216048320437,117.441318681655 0.664519072048956)",road,134.896
28813,IN SUPPORT TS TAMARA,"LINESTRING(117.425022722288 0.595298395626065,117.424657168403 0.595138928557536,117.424500229666 0.594464091988805,117.424782719392 0.593742173799,117.425269229477 0.592879010745971,117.425849902803 0.592706378135365,117.426885698467 0.590807419418703,117.426744453603 0.590305215460577,117.423354576886 0.588108073143778,117.423260413644 0.587668644680418,117.424341805091 0.586103465575778)",road,1390.484
8859,JL. RO KENARI 06,"LINESTRING(117.478499667196 0.709103780263765,117.479161144963 0.709691455834836)",road,98.204
35739,JL. RO ROMA 09,"LINESTRING(117.454656972585 0.698857924478669,117.455451709304 0.698575548281101,117.455634638356 0.698491119487896,117.455704995684 0.698287083237653,117.455761281546 0.698097118452943,117.456014567926 0.698019725392506,117.456373390297 0.697977510995904)",road,231.69
36113,JL. RO MAROKO 03A,"LINESTRING(117.448732269752 0.689883924716204,117.449389143188 0.690250050893279,117.450233841527 0.690576391048983,117.45131754477 0.690822394857058)",road,307.946
35848,JL. IP FLAMINGGO 03,"LINESTRING(117.470479205075 0.715213450937825,117.470743708359 0.714897627774669,117.470934532748 0.714519648696104,117.470989578245 0.71429946670859,117.470956953452 0.713934185961242,117.470567929171 0.713403635173522)",road,231.135
32490,JL MAROKO 10,"LINESTRING(117.462338442775 0.690460329933994,117.461395350687 0.690417341462934)",road,105.085
37151,JL. RANGKONG 05,"LINESTRING(117.468567731882 0.713830940373533,117.468722799973 0.713604258995632,117.469120114929 0.712573132086809,117.469214713728 0.71205283869245,117.469405398339 0.711670947214155)",road,258.475
8964,JL. RO GARUDA 02,"LINESTRING(117.47763708768 0.696933097230517,117.477420536865 0.696076309224988,117.476883867455 0.694758173831866,117.476672966092 0.694408566609795)",road,300.504
17835,CP. RO BANGKOK 02,"LINESTRING(117.447256889323 0.697518100268548,117.447256889323 0.697518100268548)",road,0
14080,IN WB CRUSHER,"LINESTRING(117.499223657261 0.55354524980923,117.498933862461 0.556208185730068,117.499507578103 0.558885525389196)",road,599.069
14081,IN WB KPCT,"LINESTRING(117.499507578103 0.558885525389196,117.49952877362 0.560105109267717)",road,134.875
33735,JL. RO BIDADARI 13900,"LINESTRING(117.475310283999 0.660822802707036,117.474299781018 0.660818059919549,117.473890438336 0.660942836983188,117.473571138996 0.661124089568793)",road,200.894
1087,STP. BELUT 4,"POLYGON((117.438268450951 0.599671777630732,117.438664165077 0.599541643454999,117.438831480446 0.599528364457475,117.439160799584 0.599679745029246,117.439195924397 0.600294650291322,117.438903037999 0.600528612798681,117.438565900495 0.600540224068785,117.438252516154 0.600460550083642,117.438069265988 0.600240118724748,117.438029428995 0.600043589561397,117.438066610188 0.599860339395569,117.438268450951 0.599671777630732))",disposal,1.16
34333,DISP. HYDROS 3 RL30,"POLYGON((117.446083787526 0.714566020086837,117.449267502047 0.714922630295216,117.448183673607 0.716888078415281,117.446244644634 0.716967681235352,117.446083787526 0.714566020086837))",disposal,6.96
1854,STB. POOLING BANGAU,"POLYGON((117.458901235833 0.624714570745817,117.459074186807 0.624680168658073,117.459247137782 0.624714570745817,117.459393758538 0.624812539603046,117.459491727395 0.624959160359337,117.459526129483 0.625132111333664,117.459491727395 0.625305062307992,117.459393758538 0.625451683064282,117.459247137782 0.625549651921511,117.459074186807 0.625584054009255,117.458901235833 0.625549651921511,117.458754615077 0.625451683064282,117.458656646219 0.625305062307992,117.458622244132 0.625132111333664,117.458656646219 0.624959160359337,117.458754615077 0.624812539603046,117.458901235833 0.624714570745817))",disposal,0.77
1742,SUPPORT TS TAMARA,"POLYGON((117.424136720055 0.584963288396304,117.425369783545 0.585081662491329,117.425351838003 0.586289827237621,117.42474635997 0.588142422166484,117.423888703627 0.589728277292589,117.42270740338 0.589129536071509,117.421690322091 0.587952234295696,117.422045444377 0.586640254742497,117.422903656565 0.585426920268487,117.424136720055 0.584963288396304))",disposal,14.27
34358,DISP. INPIT PSE,"POLYGON((117.44874372598 0.576459002694936,117.449360431341 0.57582150951278,117.450211141423 0.576521601987492,117.449494811819 0.57712999151411,117.44874372598 0.576459002694936))",disposal,1.18
2322,DISP. KELADI RL35,"POLYGON((117.494957024122 0.697313676458831,117.495629528881 0.697025917872517,117.496503208581 0.697076935665232,117.496962368716 0.697242743491556,117.497530565595 0.697835199823831,117.497185571559 0.698696750583933,117.496994254836 0.699155910718368,117.496566980822 0.69944288580239,117.495470098279 0.699493903595105,117.495086932939 0.69898425561213,117.494794112525 0.698384266603554,117.494957024122 0.697313676458831))",disposal,6.36
1517,RFU. SOULMATE,"POLYGON((117.457531748735 0.626518645741628,117.457704699709 0.626484243653883,117.457877650683 0.626518645741628,117.45802427144 0.626616614598856,117.458122240297 0.626763235355147,117.458156642385 0.626936186329474,117.458122240297 0.627109137303802,117.45802427144 0.627255758060092,117.457877650683 0.627353726917321,117.457704699709 0.627388129005065,117.457531748735 0.627353726917321,117.457385127978 0.627255758060092,117.457287159121 0.627109137303802,117.457252757033 0.626936186329474,117.457287159121 0.626763235355147,117.457385127978 0.626616614598856,117.457531748735 0.626518645741628))",disposal,0.77
2454,SUPPORT TAMAN SARI,"POLYGON((117.458844872212 0.720953363931647,117.459164443943 0.720820992986674,117.459484015674 0.720953363931647,117.459616386619 0.721272935662265,117.459484015674 0.721592507392883,117.459164443943 0.721724878337856,117.458844872212 0.721592507392883,117.458712501267 0.721272935662265,117.458844872212 0.720953363931647))",disposal,0.71
2470,STB. POOLING KOLIBRI,"POLYGON((117.457696955988 0.624326976985279,117.457869906962 0.624292574897535,117.458042857937 0.624326976985279,117.458189478693 0.624424945842508,117.45828744755 0.624571566598799,117.458321849638 0.624744517573126,117.45828744755 0.624917468547454,117.458189478693 0.625064089303744,117.458042857937 0.625162058160973,117.457869906962 0.625196460248717,117.457696955988 0.625162058160973,117.457550335232 0.625064089303744,117.457452366375 0.624917468547454,117.457417964287 0.624744517573126,117.457452366375 0.624571566598799,117.457550335232 0.624424945842508,117.457696955988 0.624326976985279))",disposal,0.77
833,DISP. MUD POCKET DAGO,"POLYGON((117.458039755371 0.641772357239339,117.457779968644 0.642540171342343,117.457081431002 0.642823050222397,117.456423304628 0.642823050222397,117.455580441026 0.642482440958658,117.455060867573 0.641518343551127,117.455261307271 0.640860274937851,117.455754010344 0.639998531237252,117.456495775011 0.639835952680141,117.456897140824 0.63985119441987,117.457557616212 0.640130626314905,117.458016663217 0.640767848563229,117.458039755371 0.641772357239339))",disposal,8.63
2365,SUPPORT TW 02,"POLYGON((117.501625670423 0.724745665183182,117.502118193128 0.724843634040411,117.502118193128 0.725482777501647,117.501479049666 0.725482777501647,117.501479049666 0.724843634040411,117.501625670423 0.724745665183182))",disposal,0.54
1856,STB. POOLING KASWARI,"POLYGON((117.458339602356 0.626065904487226,117.458512553331 0.626031502399482,117.458685504305 0.626065904487226,117.458832125061 0.626163873344455,117.458930093918 0.626310494100746,117.458964496006 0.626483445075073,117.458930093918 0.626656396049401,117.458832125061 0.626803016805691,117.458685504305 0.62690098566292,117.458512553331 0.626935387750664,117.458339602356 0.62690098566292,117.4581929816 0.626803016805691,117.458095012743 0.626656396049401,117.458060610655 0.626483445075073,117.458095012743 0.626310494100746,117.4581929816 0.626163873344455,117.458339602356 0.626065904487226))",disposal,0.77
34137,ZONE_CDS_SRIGUNTING_RL70,"POLYGON((117.445388786489 0.687486431092306,117.445412458698 0.687584960023229,117.445430719774 0.687673872473671,117.445421521238 0.687719958885094,117.445410508169 0.687775372950264,117.445428140176 0.687864565917085,117.445461499168 0.68794867297716,117.445502371155 0.688030228068871,117.445532710572 0.688115330583423,117.445553425088 0.688203672837129,117.445579558655 0.688290042329065,117.44560448799 0.688376837143669,117.445614256517 0.688468582106629,117.445626127965 0.688559612156428,117.445645656217 0.688648244023623,117.445667359275 0.688736025265163,117.445690473286 0.688823525915439,117.445716525994 0.688910031115553,117.445731767516 0.688999939014454,117.445721800814 0.689000084705496,117.445636204811 0.688971250849906,117.445601737437 0.688952173919053,117.445586988379 0.68893931043782,117.445564517967 0.688911176304837,117.445544501881 0.688892098012789,117.445519579234 0.688877398942554,117.445485876408 0.688865242912483,117.445429703829 0.688832027521402,117.445396001331 0.688823408877226,117.4452611931 0.688807878768672,117.44522749055 0.688798690160378,117.445209937931 0.688790350453459,117.445197435799 0.688779042847101,117.445182551175 0.688757982771045,117.445171316279 0.688747235960954,117.445160081894 0.688742007836421,117.445126379777 0.688737487492207,117.445077093221 0.688724627254966,117.444729227028 0.687638311126488,117.444084826565 0.686891005656775,117.443803394954 0.685915789557385,117.442608406188 0.686808164188005,117.442598573656 0.686801379832917,117.442560235114 0.686806893047256,117.442552650415 0.686811562021175,117.44253117375 0.686839275072768,117.442519940631 0.686847753185963,117.442504636022 0.686852703337328,117.442476831293 0.686868113019287,117.442472481527 0.686868113424691,117.442463772307 0.686860478543855,117.442455410828 0.686822879870253,117.442452107356 0.686766336246303,117.442445569561 0.686721101710016,117.442435249229 0.686687176312433,117.442411727211 0.686657495201271,117.442399574157 0.686630635703857,117.442386438779 0.68657409299509,117.442373872981 0.686554444018082,117.442340169195 0.686531693878527,117.442311030618 0.686506247298697,117.442283996079 0.686492254061683,117.442261526477 0.686472606006067,117.442250293098 0.686478261445257,117.442243976102 0.686488584693868,117.442232177002 0.686499324616228,117.442210348382 0.686511205398027,117.442178121756 0.686524073273989,117.442127283157 0.686540760728793,117.442041277817 0.68655588632019,117.443733058318 0.685292401641924,117.4439044463 0.68533267206938,117.443987723441 0.685360230591475,117.444072959173 0.685381284116156,117.444157494145 0.68540487991884,117.444244631147 0.685382543720747,117.44433168725 0.685360053729686,117.444357605099 0.685446848484316,117.444374317643 0.685506503017809,117.444398338901 0.685589896266283,117.444422432058 0.685673298554368,117.444446525217 0.685756700841755,117.44447060939 0.685840103129282,117.444496877368 0.685922790496827,117.444517173522 0.685957990579548,117.444690797151 0.686558751173329,117.445328528417 0.68729828576031,117.445388786489 0.687486431092306))",disposal,4.2
1890,SUPPORT NIA,"POLYGON((117.469981793875 0.584347672171213,117.471437026988 0.584479966090555,117.471840871584 0.585705425553932,117.471673763475 0.586694148530066,117.470866074284 0.587376506640355,117.469369064144 0.587292952586034,117.468714557385 0.586346006637061,117.468853814142 0.585134472849404,117.469981793875 0.584347672171213))",disposal,9.27
2081,WF BALIKPAPAN,"POLYGON((117.48899832415 0.715384631431862,117.489171275125 0.715350229344118,117.489344226099 0.715384631431862,117.489679092923 0.715318417881864,117.489819624867 0.715513349288777,117.489855891176 0.715957611564997,117.489760330952 0.716306487104589,117.489171275125 0.7162541146953,117.48899832415 0.716219712607556,117.488926567026 0.716102676798049,117.488917500449 0.715916811968201,117.48899832415 0.715384631431862))",disposal,0.97
2031,DISP. BLOCK 4,"POLYGON((117.498644727237 0.721988557847108,117.499059566383 0.721247397017667,117.499336035335 0.721005675335151,117.499888189902 0.721290256854842,117.500106060741 0.721897437881488,117.500216503933 0.722388360678492,117.499905002408 0.722671254921153,117.499629265485 0.722790398275876,117.49914714624 0.72287667224606,117.498685326753 0.72283607273068,117.498558453267 0.722470677092254,117.498644727237 0.721988557847108))",disposal,2.67
2074,LIMING KETAMPI,"POLYGON((117.507565106925 0.704128084208318,117.50759969712 0.704121203790769,117.507634287315 0.704128084208318,117.507663611466 0.704147677979764,117.507683205238 0.704177002131022,117.507690085655 0.704211592325887,117.507683205238 0.704246182520753,117.507663611466 0.704275506672011,117.507634287315 0.704295100443457,117.50759969712 0.704301980861005,117.507565106925 0.704295100443457,117.507535782774 0.704275506672011,117.507516189002 0.704246182520753,117.507509308585 0.704211592325887,117.507516189002 0.704177002131022,117.507535782774 0.704147677979764,117.507565106925 0.704128084208318))",disposal,0.03
2371,DISP. UNDERPASS MELATI 2 MJ,"POLYGON((117.441133321966 0.618479226261175,117.441374602419 0.618658903194865,117.441092252952 0.6190285243156,117.440789368978 0.61886424826194,117.441133321966 0.618479226261175))",disposal,0.19
2472,STB. POOLING ANGGREK,"POLYGON((117.45643641885 0.627035976304042,117.456609369825 0.627001574216298,117.456782320799 0.627035976304042,117.456928941555 0.627133945161271,117.457026910412 0.627280565917561,117.4570613125 0.627453516891889,117.457026910412 0.627626467866216,117.456928941555 0.627773088622507,117.456782320799 0.627871057479736,117.456609369825 0.62790545956748,117.45643641885 0.627871057479736,117.456289798094 0.627773088622507,117.456191829237 0.627626467866216,117.456157427149 0.627453516891889,117.456191829237 0.627280565917561,117.456289798094 0.627133945161271,117.45643641885 0.627035976304042))",disposal,0.77
1898,DISP. BLOCK 3,"POLYGON((117.496332563316 0.719368498087127,117.495930472957 0.718558995523904,117.495997731875 0.717900818966679,117.496593453723 0.717550111750056,117.497338106032 0.717502069665587,117.497616750122 0.718222700932622,117.497962353634 0.718571932107211,117.498311098009 0.719269420857589,117.498799340135 0.720097688748663,117.498424933853 0.720540980902452,117.497766562811 0.720903454847021,117.497212553228 0.721065454389813,117.496722963937 0.719829893300773,117.496332563316 0.719368498087127))",disposal,7.12
34331,SUPPORT MT H,"POLYGON((117.46304720843 0.667267786858891,117.463133683917 0.667250585815019,117.463220159404 0.667267786858891,117.463293469782 0.667316771287506,117.463342454211 0.667390081665651,117.463359655255 0.667476557152815,117.463342454211 0.667563032639979,117.463293469782 0.667636343018124,117.463220159404 0.667685327446738,117.463133683917 0.66770252849061,117.46304720843 0.667685327446738,117.462973898052 0.667636343018124,117.462924913623 0.667563032639979,117.462907712579 0.667476557152815,117.462924913623 0.667390081665651,117.462973898052 0.667316771287506,117.46304720843 0.667267786858891))",disposal,0.19
2489,DISP. HYDROS 3 RL100,"POLYGON((117.450748825463 0.718210993701466,117.450310860703 0.715038029153526,117.452787466615 0.716887313224416,117.453046822366 0.718944566659871,117.452767717784 0.719573154178698,117.451672189323 0.719126766225632,117.450748825463 0.718210993701466))",disposal,8.51
2293,BUFFER PEDAYAK,"POLYGON((117.47821200533 0.696506915196823,117.478384956305 0.696472513109079,117.478557907279 0.696506915196823,117.478704528035 0.696604884054052,117.478802496893 0.696751504810343,117.47883689898 0.69692445578467,117.478802496893 0.697097406758998,117.478704528035 0.697244027515288,117.478557907279 0.697341996372517,117.478384956305 0.697376398460261,117.47821200533 0.697341996372517,117.478065384574 0.697244027515288,117.477967415717 0.697097406758998,117.477933013629 0.69692445578467,117.477967415717 0.696751504810343,117.478065384574 0.696604884054052,117.47821200533 0.696506915196823))",disposal,0.77
34268,DISP. IPD MERAK RL-50,"POLYGON((117.471569355516 0.694595809186009,117.471092826792 0.694875306306002,117.470700360161 0.694755500702865,117.4704868763 0.694329393427831,117.470555767192 0.693755743600826,117.470906921546 0.693086484714337,117.471530736928 0.692433750738625,117.472524844011 0.693050745732542,117.471914941104 0.694239097241068,117.471569355516 0.694595809186009))",disposal,3.62
2268,DISP. TAHA RL-40,"POLYGON((117.466045532096 0.663757012464859,117.466950934028 0.663533962685589,117.467918866559 0.663633878301768,117.46829355012 0.664964004942155,117.467656588067 0.665832021857713,117.465639541565 0.667249574662257,117.465079022441 0.664864534239492,117.466045532096 0.663757012464859))",disposal,9.21
34317,DISP. HYDROS 3 RL70,"POLYGON((117.447781754889 0.718018792954159,117.44753837215 0.71764194226067,117.447695393272 0.717100219388779,117.449515082061 0.716669697527562,117.449992327128 0.717736940270039,117.449639731423 0.718282465700237,117.447781754889 0.718018792954159))",disposal,3.38
2155,DISP PSV JALAK,"POLYGON((117.493318080235 0.670669429982442,117.49349103121 0.670635027894698,117.493663982184 0.670669429982442,117.49381060294 0.670767398839671,117.493908571798 0.670914019595961,117.493942973885 0.671086970570289,117.493908571798 0.671259921544616,117.49381060294 0.671406542300907,117.493663982184 0.671504511158136,117.49349103121 0.67153891324588,117.493318080235 0.671504511158136,117.493171459479 0.671406542300907,117.493073490622 0.671259921544616,117.493039088534 0.671086970570289,117.493073490622 0.670914019595961,117.493171459479 0.670767398839671,117.493318080235 0.670669429982442))",disposal,0.77
34224,MJ HIMALAYA,"POLYGON((117.436156059747 0.655652321005982,117.437253933763 0.655373586152193,117.437509914751 0.656881029749213,117.436554252395 0.656761571954732,117.436156059747 0.655652321005982))",disposal,1.69
34189,SUPPORT PS BEIJING,"POLYGON((117.453426188201 0.712944030974634,117.453918807125 0.713089166305736,117.453802487176 0.714221855733112,117.453636856003 0.714753255747456,117.453284889759 0.714777317892017,117.453111938785 0.714742915804273,117.452965318029 0.714644946947044,117.452867349171 0.714498326190753,117.452832947084 0.714325375216426,117.452867349171 0.714152424242098,117.453426188201 0.712944030974634))",disposal,1.65
34255,MHR SAMRAT,"POLYGON((117.47884996923 0.674254683287319,117.479118131531 0.674214205958909,117.479558322478 0.674674635569575,117.479482427487 0.675043991191318,117.478834790232 0.674710053231934,117.47884996923 0.674254683287319))",disposal,0.45
34021,ZONE_CDS_TIMUR_RL80_FD,"POLYGON((117.452949852064 0.713547582002473,117.452657861654 0.714490346127307,117.452639185983 0.714578556379874,117.45260121463 0.714664217288347,117.452568294131 0.714750592410601,117.452538393359 0.714837392443558,117.452486159188 0.714921082519111,117.452461731665 0.715008587677418,117.452460546204 0.715017209600921,117.452453525952 0.715095946474498,117.452446731225 0.715183305131725,117.452439289423 0.715270672900301,117.452427362973 0.71535746210509,117.452409118466 0.715443410564733,117.452390029138 0.715529078651077,117.45237810269 0.715615876903675,117.452193943976 0.714301390901605,117.452458848118 0.713459847445215,117.45231668867 0.712993514987243,117.452238241656 0.712736397502694,117.450985959335 0.708629880759607,117.450554004994 0.707834210670593,117.450456495362 0.707191592391743,117.45029413794 0.706957380935646,117.450264925653 0.706915260868104,117.450162403995 0.706767261645495,117.450395020208 0.706786744317036,117.45109948598 0.707803198398918,117.451444842731 0.708439278444419,117.451559186592 0.708814293225461,117.452976661363 0.713461922206914,117.452949852064 0.713547582002473))",disposal,4.96
34185,MHR TAMRIN,"POLYGON((117.476908880825 0.683382679848545,117.476187824114 0.683389335006169,117.476221065058 0.682422603673752,117.476963332907 0.682434067269869,117.476908880825 0.683382679848545))",disposal,0.86
1277,BD. SOULMATE PENDING,"POLYGON((117.456431054317 0.61939177668468,117.456604005291 0.619357374596936,117.456776956265 0.61939177668468,117.456923577022 0.619489745541909,117.457021545879 0.619636366298199,117.457055947967 0.619809317272527,117.457021545879 0.619982268246854,117.456923577022 0.620128889003145,117.456776956265 0.620226857860373,117.456604005291 0.620261259948118,117.456431054317 0.620226857860373,117.45628443356 0.620128889003145,117.456186464703 0.619982268246854,117.456152062615 0.619809317272527,117.456186464703 0.619636366298199,117.45628443356 0.619489745541909,117.456431054317 0.61939177668468))",disposal,0.77
246,BD. TYRE SOULMATE,"POLYGON((117.456883148201 0.621720841814917,117.457056099175 0.621686439727173,117.457229050149 0.621720841814917,117.457375670906 0.621818810672146,117.457473639763 0.621965431428436,117.457508041851 0.622138382402764,117.457473639763 0.622311333377091,117.457375670906 0.622457954133382,117.457229050149 0.62255592299061,117.457056099175 0.622590325078355,117.456883148201 0.62255592299061,117.456736527444 0.622457954133382,117.456638558587 0.622311333377091,117.456604156499 0.622138382402764,117.456638558587 0.621965431428436,117.456736527444 0.621818810672146,117.456883148201 0.621720841814917))",disposal,0.77
331,FUEL LIMIT,"POLYGON((117.457049351767 0.619220208559915,117.457862156206 0.618346317170627,117.458712876935 0.618880598315686,117.457501294442 0.619672151235506,117.457049351767 0.619220208559915))",disposal,1.28
1953,LIMING KURCICA,"POLYGON((117.477396450169 0.687325807580129,117.477482925656 0.687308606536256,117.477569401143 0.687325807580129,117.477642711521 0.687374792008743,117.47769169595 0.687448102386888,117.477708896994 0.687534577874052,117.47769169595 0.687621053361216,117.477642711521 0.687694363739361,117.477569401143 0.687743348167976,117.477482925656 0.687760549211848,117.477396450169 0.687743348167976,117.477323139791 0.687694363739361,117.477274155362 0.687621053361216,117.477256954318 0.687534577874052,117.477274155362 0.687448102386888,117.477323139791 0.687374792008743,117.477396450169 0.687325807580129))",disposal,0.19
62,SUPPORT GERDAS BAWAH,"POLYGON((117.454574871669 0.63084681130192,117.457818106269 0.629399688282246,117.458215713289 0.630321994171777,117.455410133455 0.632227313420782,117.454574871669 0.63084681130192))",disposal,5.56
34205,STP. SAKURA,"POLYGON((117.466063885959 0.643904570658613,117.466271672106 0.643120920047702,117.467090943199 0.643138730288859,117.466865346811 0.644177661023022,117.466063885959 0.643904570658613))",disposal,0.95
879,SUPPORT CMD. WS THIES,"POLYGON((117.40716338091 0.611347099743602,117.407336331884 0.611312697655858,117.407509282858 0.611347099743602,117.407655903615 0.611445068600831,117.407753872472 0.611591689357121,117.40778827456 0.611764640331449,117.407753872472 0.611937591305776,117.407655903615 0.612084212062067,117.407509282858 0.612182180919296,117.407336331884 0.61221658300704,117.40716338091 0.612182180919296,117.407016760153 0.612084212062067,117.406918791296 0.611937591305776,117.406884389208 0.611764640331449,117.406918791296 0.611591689357121,117.407016760153 0.611445068600831,117.40716338091 0.611347099743602))",disposal,0.77
34031,ZONE_CDS_DELTA_RL70,"POLYGON((117.449072736909 0.699689485753479,117.449059266233 0.699794948169145,117.449045443285 0.699881737568766,117.449039336779 0.699931641522343,117.449028327088 0.700021407120939,117.44897243781 0.70003950654881,117.448932204108 0.700057459715222,117.448893309652 0.700077113592313,117.448855466904 0.700099029123124,117.448816293845 0.700118683026846,117.44877697687 0.700137061314379,117.448735691377 0.700151911453293,117.44869672502 0.700171565336698,117.448657758664 0.700191219219986,117.448620203528 0.700213415180124,117.44858095857 0.700233069090035,117.448545568554 0.700247059193325,117.448486660705 0.700276892895491,117.448427689932 0.700306590898132,117.44838078832 0.700330343845358,117.44830053705 0.700371063168481,117.448278835225 0.700298689086429,117.448252782283 0.700212174928064,117.448227843869 0.700126936291681,117.44820270774 0.700041697673573,117.448178757888 0.699956178482925,117.448154592346 0.699870659312305,117.448130714381 0.69978499536096,117.448106764508 0.699699195710488,117.44807915702 0.699614952498632,117.448049806082 0.699531270368855,117.448020446159 0.699447588239052,117.447994743882 0.699362630126874,117.44796994928 0.699277391469055,117.447938693131 0.699194279481212,117.447906466426 0.699111728500971,117.44787717841 0.699028046359874,117.44785196142 0.698942807739338,117.447826322064 0.698857849616262,117.447796971143 0.698774167478666,117.447763818773 0.698691616582636,117.447763261437 0.698690205300651,117.447731376388 0.698609065617492,117.447700120267 0.698526089327554,117.447670769354 0.698442407186259,117.447647170021 0.698356743194832,117.447622303545 0.698271513581223,117.447592664981 0.698187116750227,117.447575528407 0.698112064294622,117.447558598603 0.698037708439496,117.447541740738 0.697963777787102,117.447528677609 0.697912744784686,117.447522354564 0.69785888846555,117.447522210663 0.697857757601522,117.447511040161 0.69776799411422,117.44749986966 0.697678230626581,117.447464965797 0.697606002540085,117.447439471171 0.697530661376339,117.447423810566 0.697477511617328,117.447421207932 0.697420823222729,117.447406175146 0.697354102869253,117.447362850427 0.69728272600511,117.447332089227 0.697206109712001,117.447304841464 0.697123838692833,117.447277449882 0.697041287228905,117.447280741652 0.696972303365363,117.447276169895 0.696905582009197,117.447245481693 0.696840563989209,117.447219709334 0.6967742698685,117.447204676397 0.696705848670724,117.447189292845 0.696636160922883,117.447178545041 0.696549364811502,117.447181268896 0.696462006497816,117.447174664228 0.696375915658164,117.447173325955 0.696289127694726,117.447162713083 0.696203598152815,117.44716271307 0.696203462447472,117.447155263243 0.696113418138872,117.447147813405 0.696023229077675,117.447140363567 0.695933040016247,117.447120136281 0.695866745361498,117.447114297286 0.695799318455796,117.447114297286 0.695799318455796,117.447108467172 0.695730760671229,117.447107614411 0.695646080616698,117.447104730641 0.695562260222992,117.447109000667 0.695478855310119,117.447100427673 0.695391072862607,117.447121342249 0.695311764664441,117.447144575904 0.695236699299343,117.447185784216 0.695165875274947,117.447201576356 0.695088974074277,117.447229654273 0.695016034298908,117.447320224347 0.694992557688097,117.447364665152 0.69498675430968,117.447409321635 0.694980815205009,117.44749701826 0.694983213350426,117.447584921508 0.694984761054323,117.447672411599 0.694988986714581,117.447760592941 0.694985169504336,117.447848217757 0.69498855377529,117.447935420697 0.694997447721236,117.448022767165 0.695003518980793,117.448035969055 0.695001391670067,117.448124778518 0.694987251741136,117.448199061225 0.694935369023747,117.448480865111 0.696115263673254,117.448910800055 0.697915299170437,117.449046928281 0.698485112680021,117.449072736909 0.699689485753479))",disposal,7.97
34108,ZONE_CDS_HYDROS2_RL30_FD,"POLYGON((117.445117552562 0.712270884483817,117.445114047907 0.71227442221127,117.445097198235 0.712287569176551,117.445085964483 0.712289696319514,117.445074729972 0.712283898268686,117.445048250707 0.712251811045156,117.444973613879 0.712174493376193,117.444939835588 0.712127280234449,117.444917435671 0.712086570797687,117.444894965064 0.712058445779434,117.444861259893 0.712023961793413,117.444831129662 0.711969112605794,117.444816315699 0.711936599035633,117.444759219347 0.711833414208781,117.444728387065 0.711767545810128,117.444715954378 0.711731639373095,117.444658863906 0.711595939531764,117.444639904564 0.711539397461927,117.444643686685 0.711523990010577,117.444649725558 0.711518760243981,117.444659000068 0.711516217130042,117.4446927017 0.711513807351523,117.444726403793 0.711516210590244,117.444740584792 0.711508428772391,117.444771338174 0.711501215308978,117.444785447343 0.711494148213033,117.444803420438 0.711481281598881,117.444820270827 0.711475625572826,117.444861207126 0.711473224138229,117.444889642929 0.711477600138493,117.44489953766 0.711476187842152,117.444906556187 0.71147151889591,117.444912036191 0.711448900801067,117.444906138418 0.711426003352795,117.444898902696 0.711414975731375,117.44489545953 0.711403667284062,117.444896860444 0.711392358366611,117.444905710633 0.711369739944724,117.444906131676 0.711355608450529,117.444853529324 0.711256657193073,117.444838643321 0.711222587540188,117.444825158261 0.711177498474407,117.44481624171 0.711164073553822,117.444805007256 0.711158845462956,117.44475964975 0.711166196047012,117.444734720159 0.711174539822312,117.444715136713 0.711170162961302,117.444670198694 0.711147124545365,117.444647730124 0.711140196702527,117.444641824895 0.711133267253569,117.444624146207 0.711217379164081,117.44462281521 0.711301914699735,117.444622122328 0.711386730631288,117.444621564255 0.711471546549749,117.44461926266 0.711556217884929,117.444608459168 0.711640473881841,117.444594276503 0.711724721159807,117.444587616122 0.711809257212876,117.444557157623 0.711892664697437,117.444553651751 0.71197733615019,117.44455014588 0.712062016650014,117.444546648997 0.712146688101988,117.444535279318 0.712230944155187,117.444510853997 0.712343464384294,117.444523357053 0.71236339376769,117.444573567012 0.712443256033442,117.444609523695 0.712526937526917,117.444658888296 0.712600865023063,117.444708675255 0.712674367266418,117.444767799217 0.71274094762623,117.444820327048 0.712812187843513,117.444871237327 0.712884839552383,117.444921096177 0.712958197029886,117.444972707419 0.713030432504226,117.445020391528 0.713105346278495,117.445066529982 0.713181671537597,117.445117925727 0.713255879279615,117.445148405432 0.713299844852737,117.445154022465 0.713300405221356,117.445183788218 0.713303089289368,117.445203245609 0.713304923940679,117.445237927383 0.713308032739738,117.44528601813 0.713312406815955,117.445369437549 0.713318053080562,117.445452704049 0.713322288022608,117.44553471323 0.713335714862289,117.445616659499 0.713349132659306,117.445698875383 0.713362550428265,117.445782501177 0.713364804030316,117.445867662933 0.713358299961828,117.445953390579 0.713348674613488,117.446035471652 0.713362092388933,117.446121271071 0.713351200447314,117.446203630514 0.713362220731009,117.446206506353 0.713361659534851,117.446289986875 0.713348641766165,117.446281492915 0.713337333816114,117.446243151736 0.713317262213785,117.446227009453 0.713303412796453,117.446130809005 0.713191040057873,117.446106999733 0.713167438696175,117.446061852877 0.713122488439742,117.445995990933 0.713080932836439,117.445968739319 0.713054644842841,117.445939815821 0.713025525293435,117.445917346631 0.713012246453152,117.445846004069 0.712986804129825,117.445824029363 0.71297549749182,117.44580500223 0.712961928810356,117.445731975208 0.712896345002603,117.445691102959 0.712817187523665,117.445679794565 0.712790753220694,117.445476241079 0.712757552371412,117.445117552562 0.712270884483817))",disposal,51006562170
34113,ZONE_CDS_HYDROS3_RL40_FD,"POLYGON((117.445205255421 0.717466835543204,117.445197848894 0.71708346860174,117.445158260213 0.715031779172029,117.446144104796 0.714256190079225,117.446144599103 0.714256325736276,117.446199853977 0.714274694841327,117.446266065942 0.714217864016029,117.446332619457 0.714161458367497,117.446403460394 0.714110697642397,117.446475065335 0.714060932015027,117.446564515458 0.714069834587051,117.446594568828 0.714072799071804,117.446595135087 0.714073504684223,117.446601952625 0.714128066613104,117.446613469632 0.714174151021703,117.446625190794 0.714193800009108,117.446681364403 0.714233375239349,117.446700751645 0.714253303933983,117.446703835239 0.714263626285356,117.446705384403 0.714298538594931,117.44673095264 0.714389006321219,117.446726042094 0.714445270236631,117.446721972696 0.714463789890597,117.446718746726 0.714468168965368,117.446717130128 0.714479477902109,117.446730540619 0.714496439757333,117.446744023008 0.714513401605417,117.446768955593 0.714536016721771,117.446793735355 0.714558206642724,117.446847385859 0.714621394843289,117.445839704278 0.715414094119453,117.445851635802 0.716029996241512,117.445878588673 0.717427614022721,117.445879717749 0.71748628386091,117.446369558772 0.717899711879193,117.446364440826 0.717948620589085,117.446365495876 0.71798523378796,117.446370271355 0.718019159655311,117.446381653505 0.718064393652126,117.446383130692 0.718098319843524,117.446391629056 0.718154862902418,117.446405536603 0.718200096650531,117.446412136042 0.718229498826628,117.446417901648 0.718279256886484,117.44643306725 0.718322934422421,117.446432018947 0.718355874736322,117.446432588678 0.718392343230079,117.446442910345 0.71843757733,117.446444952546 0.718459344266479,117.446434630509 0.718502888603463,117.44643976353 0.718516739090791,117.446459914972 0.718539354666022,117.446496642058 0.718595894946304,117.446499168552 0.718607203476387,117.446498254783 0.718637312058592,117.446524519797 0.71868353071418,117.446539973419 0.718731596025954,117.446540749611 0.718765522285324,117.446544687092 0.718776830676375,117.44658070171 0.718807786043671,117.446606968017 0.718867294773953,117.446522709898 0.718832806769984,117.446454599852 0.718778956545456,117.446388314 0.718722989136027,117.446323924209 0.718664615029951,117.446257566461 0.718608638576594,117.446191208715 0.718552671168259,117.446124859957 0.718496694710018,117.44603793826 0.718520026479436,117.445979657936 0.718535584040113,117.445911547871 0.718481453342861,117.445841892232 0.718429575504285,117.445773638403 0.718375725274791,117.445659824937 0.718377012079953,117.445569249579 0.718350160356565,117.445499315356 0.718298427288753,117.445430504407 0.71824542752527,117.445364074761 0.718189315349797,117.445297860835 0.718133483608924,117.445231503102 0.718077507127769,117.445163536352 0.718018291967517,117.445095632514 0.717959067751945,117.445070070841 0.717936877905061,117.445071050683 0.717846407561851,117.445072021539 0.71775593721951,117.445072368882 0.71772327742623,117.445136043573 0.717636057870978,117.445172406291 0.717549392860171,117.445205255421 0.717466835543204))",disposal,4.51
34116,ZONE_CDS_HYDROS3_RL70_FD,"POLYGON((117.448302971108 0.717642242308187,117.447304540363 0.716799556317866,117.447291199363 0.716109161284414,117.448336093587 0.715287190979855,117.448387695961 0.715267255318479,117.44848086366 0.715244058641049,117.44859784138 0.71525196327612,117.448598542461 0.715252813627063,117.448595884913 0.715372686909545,117.448602278055 0.71540633214944,117.448613720736 0.715427112029246,117.448624955929 0.71543983103419,117.448647425272 0.715454530230782,117.448667018132 0.715463150112639,117.448674532501 0.715474458148398,117.448682472563 0.715519692468482,117.448700173787 0.715576234602805,117.448719282504 0.715689320474964,117.448715626926 0.715711938385675,117.448697100251 0.715761979279469,117.44869239371 0.715790115976155,117.448696961045 0.71580919569217,117.448703425442 0.71583619136407,117.448699076766 0.71584764532009,117.448639681485 0.715949430149025,117.448632808157 0.715968510991996,117.448632871425 0.715972193123059,117.44806125035 0.716421913478987,117.448062587523 0.716494714725926,117.448666610813 0.71700453624129,117.448665766143 0.717005811954475,117.448656151358 0.717021075226193,117.448651093289 0.717038608850524,117.448645061273 0.717114233488441,117.448622044953 0.717204705962575,117.448613838388 0.717283868200365,117.448605277843 0.717419574350472,117.44859651077 0.717464810317528,117.448581560524 0.717510046894933,117.448581566032 0.717566590771785,117.448586485319 0.717600516612633,117.448602702567 0.717645605361233,117.448602572166 0.717690840475867,117.448607839764 0.717702293483568,117.448651090436 0.7177475243147,117.44867082899 0.717775513846267,117.448586148135 0.717737208076726,117.448492409259 0.717709651059114,117.448391508449 0.717690725603258,117.448311536322 0.717646764973544,117.448302971108 0.717642242308187))",disposal,2.49
2387,DISP. CADAS RL100,"POLYGON((117.455717961008 0.719732133140777,117.454995090647 0.719892770998829,117.454484262258 0.719716069354972,117.454156561028 0.719173113394758,117.454484262258 0.718138605588907,117.455058775748 0.717726428489629,117.455896592679 0.717413098580537,117.456516440978 0.717481213778166,117.456913155865 0.71783881321919,117.457174730086 0.718269511717274,117.457109823795 0.718677239658016,117.456332529944 0.719204528278173,117.455717961008 0.719732133140777))",disposal,6.18
34117,ZONE_CDS_HYDROS3_RL80_FD,"POLYGON((117.448666610813 0.71700453624129,117.448062587523 0.716494714725926,117.44806125035 0.716421913478987,117.448632871425 0.715972193123059,117.448700487407 0.715936559296661,117.448701961234 0.715935853483896,117.44877006079 0.715882415073722,117.44883808842 0.715828687165961,117.448908021575 0.715777510330079,117.448978718719 0.715727174791671,117.449055455993 0.715684619094975,117.449144699625 0.715695638616217,117.449176505576 0.715699453323276,117.449244605107 0.715645870159348,117.449312632739 0.715592287002483,117.449380732266 0.715538703838506,117.449457119004 0.71549586771632,117.449462810191 0.715519615580932,117.449466183542 0.715552130235843,117.449471452359 0.715576158599621,117.449488801881 0.7156202611077,117.449498565355 0.715655317344507,117.449502712842 0.71570055203193,117.449556710789 0.715824237551723,117.449566402326 0.715858868584946,117.449566548118 0.715879369116116,117.449557840861 0.71589279575196,117.449519019154 0.715922057643423,117.449497820756 0.715945952913314,117.449461104398 0.715999388232732,117.449438425169 0.716044345109997,117.449403045847 0.716076718836702,117.449388929693 0.716104286497886,117.449366608104 0.716130298881503,117.44935565495 0.716152917511031,117.449347951494 0.716322549886461,117.449353993074 0.716345166838813,117.449367970652 0.716371175640033,117.449382289784 0.716397609617301,117.449384465078 0.716401707702357,117.44939072235 0.716424324633178,117.449387913677 0.71646857388246,117.449391780459 0.716492177174344,117.449400203473 0.716513093051552,117.449428084035 0.716537408686608,117.449434546911 0.716548716822599,117.449450836066 0.716593950310672,117.449463618023 0.716616566596585,117.449477728978 0.716627873976981,117.449503361675 0.716641161516406,117.449546260277 0.716670415338818,117.449568728994 0.71667860971838,117.449613665286 0.716683273540337,117.449624899741 0.716688356854988,117.449647370499 0.716717476988967,117.449681074528 0.716739530290564,117.449687187043 0.716752249795209,117.449679191579 0.716784195609694,117.449683679678 0.716820102784662,117.449692318276 0.71683988776139,117.449714788264 0.716861091752729,117.449758044852 0.716874938462311,117.449767940993 0.716887947097108,117.449779249057 0.71691056352633,117.449793431428 0.716916922178269,117.449821660066 0.716916358471709,117.449835984811 0.716908151409047,117.449838365789 0.716901791119345,117.449845743619 0.716895285583206,117.449848969295 0.716887939084926,117.449859852659 0.716886951883604,117.449872066826 0.716893165977615,117.449877199092 0.716899245066682,117.449898970426 0.716944478007321,117.449905774457 0.716952113018167,117.44993947755 0.71696454933515,117.449950712406 0.716973730947757,117.449960689597 0.716988431366124,117.449964968717 0.71700101534578,117.449973183816 0.717009491589537,117.449978523574 0.717023631551419,117.449976772526 0.717038477882292,117.449961953114 0.717042858105529,117.449943277379 0.717038761653726,117.449905786655 0.717077070439991,117.449894553151 0.717081739812977,117.449885287229 0.717080184642387,117.449860849892 0.717067602656615,117.44984961567 0.717064916803273,117.449832487039 0.717074255020961,117.4498224496 0.717086831369985,117.449815917433 0.717102239089212,117.449805679844 0.717181971479161,117.449806167359 0.717204588978114,117.449812146034 0.71722720593383,117.449822959805 0.717249822411145,117.449831174684 0.717256036900345,117.449765600741 0.717311601130741,117.449701428947 0.717368721309744,117.449637194239 0.717425832448041,117.449573166249 0.717483088318288,117.449503378007 0.717545718687771,117.449428104741 0.717487065258703,117.449361117866 0.717430663715828,117.449294202876 0.717374126458514,117.449227278901 0.717317589200046,117.449163176568 0.717257659028409,117.449100817555 0.717195756432304,117.448994094068 0.71718700040966,117.448908784485 0.717152376840094,117.448868761715 0.717122552765884,117.448838562624 0.717099938196444,117.448768071163 0.717047644329608,117.448666610813 0.71700453624129))",disposal,2.19
1113,BD. TYRE SUPERNOVA,"POLYGON((117.486349159535 0.694261120550052,117.487200763575 0.694271288608242,117.486989173975 0.694968750623141,117.486808930982 0.695838618978801,117.486356277641 0.695755922790699,117.486349159535 0.694261120550052))",disposal,1.2
34159,STP. NURI,"POLYGON((117.439666590064 0.60946333795177,117.440252259253 0.608232651014401,117.441446996703 0.608901035601444,117.441154578446 0.609953741326035,117.439666590064 0.60946333795177))",disposal,2.2
34360,MHR BONTANG,"POLYGON((117.487852865675 0.717570656414648,117.488025816649 0.717536254326904,117.488198767623 0.717570656414648,117.48834538838 0.717668625271877,117.488443357237 0.717815246028167,117.488477759325 0.717988197002495,117.488443357237 0.718161147976822,117.48834538838 0.718307768733113,117.488198767623 0.718405737590342,117.488025816649 0.718440139678086,117.487852865675 0.718405737590342,117.487706244918 0.718307768733113,117.487608276061 0.718161147976822,117.487573873974 0.717988197002495,117.487608276061 0.717815246028167,117.487706244918 0.717668625271877,117.487852865675 0.717570656414648))",disposal,0.77
651,BD. ICM,"POLYGON((117.455231606233 0.620267768410343,117.455404557208 0.620233366322599,117.455577508182 0.620267768410343,117.455724128938 0.620365737267572,117.455822097796 0.620512358023863,117.455856499883 0.62068530899819,117.455822097796 0.620858259972518,117.455724128938 0.621004880728808,117.455577508182 0.621102849586037,117.455404557208 0.621137251673781,117.455231606233 0.621102849586037,117.455084985477 0.621004880728808,117.45498701662 0.620858259972518,117.454952614532 0.62068530899819,117.45498701662 0.620512358023863,117.455084985477 0.620365737267572,117.455231606233 0.620267768410343))",disposal,0.77
867,BD. SUPERNOVA,"POLYGON((117.484081776137 0.698126921319816,117.484359115397 0.695916987463287,117.484477097682 0.694111640325988,117.486349159535 0.694261120550052,117.486356277641 0.695755922790699,117.486808930982 0.695838618978801,117.486808930982 0.696097228489943,117.486707054508 0.697390276045654,117.486440608345 0.69797018828276,117.484081776137 0.698126921319816))",disposal,10.69
1834,STB. POOLING,"POLYGON((117.457693185925 0.623175567652233,117.457866136899 0.623141165564489,117.458039087873 0.623175567652233,117.45818570863 0.623273536509462,117.458283677487 0.623420157265753,117.458318079575 0.62359310824008,117.458283677487 0.623766059214408,117.45818570863 0.623912679970698,117.458039087873 0.624010648827927,117.457866136899 0.624045050915671,117.457693185925 0.624010648827927,117.457546565168 0.623912679970698,117.457448596311 0.623766059214408,117.457414194223 0.62359310824008,117.457448596311 0.623420157265753,117.457546565168 0.623273536509462,117.457693185925 0.623175567652233))",disposal,0.77
863,STP BELUT 3,"POLYGON((117.436104772948 0.600340556664867,117.436293812825 0.599705081287687,117.437536652584 0.599685216077629,117.437662626225 0.600925060034968,117.437750721979 0.601627180643442,117.436637140988 0.601742073920306,117.43634925651 0.600648258480621,117.436104772948 0.600340556664867))",disposal,3.16
889,WF CUCAKROWO,"POLYGON((117.494729759934 0.674208716405642,117.494902710909 0.674174314317897,117.495075661883 0.674208716405642,117.495222282639 0.67430668526287,117.495320251497 0.674453306019161,117.495354653584 0.674626256993488,117.495320251497 0.674799207967816,117.495222282639 0.674945828724106,117.495075661883 0.675043797581335,117.494902710909 0.675078199669079,117.494729759934 0.675043797581335,117.494583139178 0.674945828724106,117.494485170321 0.674799207967816,117.494450768233 0.674626256993488,117.494485170321 0.674453306019161,117.494583139178 0.67430668526287,117.494729759934 0.674208716405642))",disposal,0.77
286,WEIGHT BRIDGE,"POLYGON((117.499269347159 0.559478798385946,117.49952877362 0.55942719525433,117.499788200082 0.559478798385946,117.500008131216 0.55962575167179,117.500155084502 0.559845682806226,117.500206687634 0.560105109267717,117.500155084502 0.560364535729208,117.500008131216 0.560584466863644,117.499788200082 0.560731420149487,117.49952877362 0.560783023281103,117.499269235592 0.560788104078719,117.498953123032 0.560594461572088,117.498735315515 0.560189961898355,117.498968680711 0.559707673825826,117.499269347159 0.559478798385946))",disposal,1.83
1421,STB. POOLING HCR,"POLYGON((117.456525581479 0.626049688981411,117.456698532453 0.626015286893667,117.456871483427 0.626049688981411,117.457018104184 0.62614765783864,117.457116073041 0.62629427859493,117.457150475129 0.626467229569258,117.457116073041 0.626640180543585,117.457018104184 0.626786801299876,117.456871483427 0.626884770157105,117.456698532453 0.626919172244849,117.456525581479 0.626884770157105,117.456378960722 0.626786801299876,117.456280991865 0.626640180543585,117.456246589777 0.626467229569258,117.456280991865 0.62629427859493,117.456378960722 0.62614765783864,117.456525581479 0.626049688981411))",disposal,0.77
1418,STB. LAS VEGAS,"POLYGON((117.457326713241 0.625628755343745,117.457499664215 0.625594353256001,117.457672615189 0.625628755343745,117.457819235946 0.625726724200974,117.457917204803 0.625873344957264,117.457951606891 0.626046295931592,117.457917204803 0.626219246905919,117.457819235946 0.62636586766221,117.457672615189 0.626463836519438,117.457499664215 0.626498238607183,117.457326713241 0.626463836519438,117.457180092484 0.62636586766221,117.457082123627 0.626219246905919,117.457047721539 0.626046295931592,117.457082123627 0.625873344957264,117.457180092484 0.625726724200974,117.457326713241 0.625628755343745))",disposal,0.77
1740,GPS OFF,"POLYGON((-0.504332924946039 0.559994413726933,-0.579934945430674 -0.551985304234574,0.406041405056442 -0.518909420272546,0.396909267465468 0.566899164898906,-0.504332924946039 0.559994413726933))",disposal,1275552.74
248,STB. NO OPERATOR,"POLYGON((117.456693502617 0.624951637976407,117.456866453591 0.624917235888663,117.457039404565 0.624951637976407,117.457186025322 0.625049606833636,117.457283994179 0.625196227589927,117.457318396267 0.625369178564254,117.457283994179 0.625542129538582,117.457186025322 0.625688750294872,117.457039404565 0.625786719152101,117.456866453591 0.625821121239845,117.456693502617 0.625786719152101,117.45654688186 0.625688750294872,117.456448913003 0.625542129538582,117.456414510915 0.625369178564254,117.456448913003 0.625196227589927,117.45654688186 0.625049606833636,117.456693502617 0.624951637976407))",disposal,0.77
242,BD. LAPANGAN,"POLYGON((117.45596877518 0.621926398540442,117.456141726154 0.621891996452698,117.456314677129 0.621926398540442,117.456461297885 0.622024367397671,117.456559266742 0.622170988153961,117.45659366883 0.622343939128289,117.456559266742 0.622516890102616,117.456461297885 0.622663510858907,117.456314677129 0.622761479716135,117.456141726154 0.62279588180388,117.45596877518 0.622761479716135,117.455822154424 0.622663510858907,117.455724185567 0.622516890102616,117.455689783479 0.622343939128289,117.455724185567 0.622170988153961,117.455822154424 0.622024367397671,117.45596877518 0.621926398540442))",disposal,0.77
34112,ZONE_CDS_HYDROS3_RL30_FD,"POLYGON((117.445205255421 0.717466835543204,117.445123521263 0.717417229664886,117.44506903417 0.717346414890443,117.445013486688 0.717276586343769,117.444957660605 0.7172067578226,117.44490176264 0.717137074059093,117.444845801781 0.717067535052367,117.444785338677 0.717001380071546,117.444720247535 0.716938907680545,117.444625599788 0.716899336197513,117.444545411329 0.716848599269184,117.444482638664 0.71678386488843,117.444445212352 0.716745273933748,117.444442813043 0.716654803912697,117.444441477969 0.716603208856401,117.44443977988 0.716515000523113,117.444438090806 0.716427072646663,117.444436320808 0.716338719567836,117.444434631723 0.716250655985852,117.444432933652 0.71616259240467,117.444431244556 0.716074384070128,117.444429546486 0.715986311441771,117.444427857392 0.715898103107078,117.444427848928 0.715810184113182,117.444430293921 0.715721830622713,117.444433170314 0.715633621842604,117.444434563823 0.715545413207135,117.444440307111 0.715457059395127,117.444460169233 0.715368568501289,117.444506085108 0.715279505105127,117.44453086328 0.715191719400935,117.444528677181 0.715168676840118,117.444521508096 0.715103086604076,117.444549521541 0.715014169706987,117.444543123206 0.714926242289923,117.444541425136 0.714838033956862,117.444525830905 0.714729055007042,117.444596174056 0.714641545323285,117.44466055228 0.714580607334738,117.444726970861 0.714522500866434,117.444789308777 0.71445931036769,117.444856985681 0.714402479407514,117.444917642775 0.714337018269625,117.444985112998 0.714280467787558,117.445049212568 0.714219113663848,117.445050551561 0.714218127407622,117.445072523569 0.714201297799689,117.445119280378 0.714165675105234,117.445186606787 0.714108979884903,117.445255973471 0.714054265764092,117.445320558464 0.713994187223901,117.445385359093 0.713933538700272,117.445454582004 0.713879105051323,117.44553441109 0.713838385656854,117.445609251644 0.713790881480273,117.445679319438 0.713737442921153,117.445740327079 0.713672696465713,117.445833989066 0.713649219348144,117.44594632875 0.713650339264334,117.446020683959 0.713602554675199,117.446085969972 0.713542892229006,117.446161376798 0.713496374120223,117.446130835019 0.713554477086921,117.446112026842 0.713574834725986,117.446097135776 0.713581766199655,117.44605817742 0.713592228361701,117.446035422979 0.713603258904505,117.446025807951 0.713616124710661,117.446020192442 0.713631387587752,117.446018721828 0.713665458822603,117.446012191413 0.713699241046597,117.446019707951 0.713733166651817,117.446029748454 0.713752245844663,117.446052154889 0.713767089823095,117.446108389113 0.713782916623975,117.446142094213 0.71381641446101,117.446164563559 0.713831258432319,117.446198266399 0.713841288289751,117.44620950131 0.713851184636092,117.44621772627 0.713868852669535,117.446221305343 0.713891469878575,117.446196457415 0.714001167465471,117.446191336475 0.714019262012721,117.446172874062 0.71408372385885,117.44616740742 0.714151577069282,117.446144104796 0.714256190079225,117.445158260213 0.715031779172029,117.445197848894 0.71708346860174,117.445205255421 0.717466835543204))",disposal,3.35
34299,DISP. SRIGUNTING RL40,"POLYGON((117.436071092009 0.679432555313109,117.438090715308 0.679586685173098,117.437104392936 0.681625476891437,117.435120607483 0.682383324660945,117.434793151717 0.680052485747573,117.436071092009 0.679432555313109))",disposal,7.74
34114,ZONE_CDS_HYDROS3_RL50_FD,"POLYGON((117.446369558772 0.717899711879193,117.445879717749 0.71748628386091,117.445878588673 0.717427614022721,117.445839704278 0.715414094119453,117.446847385859 0.714621394843289,117.446933036765 0.71456158563653,117.447006268417 0.714512245050874,117.447079491147 0.714463610133641,117.447153001411 0.714414414272652,117.447224750051 0.714363798201558,117.447296858161 0.714313037342747,117.447372615566 0.71426751435196,117.44746311371 0.71424050917012,117.447560074458 0.714222125165454,117.447634420665 0.714174476261113,117.44763624547 0.714178719135398,117.447643064948 0.714253211643385,117.447632890915 0.714340290224641,117.447635214309 0.714388917738379,117.447621257009 0.71447938932401,117.447616626472 0.714550065111658,117.447622251934 0.714637712106067,117.44762036284 0.714712069762648,117.447623601933 0.714843251259286,117.447624666566 0.714886079755448,117.447629514372 0.714924529121847,117.446565451794 0.715761627794538,117.446592124649 0.717142987965068,117.447791525138 0.718155150281949,117.447788015514 0.718199960524758,117.447782679225 0.718221447726711,117.447766819823 0.718251838235499,117.447753054129 0.718279125409543,117.44774653251 0.718310645875231,117.44773775445 0.718335390344476,117.447730241558 0.718339344633783,117.447726522066 0.718351648949734,117.447721120898 0.718352916065418,117.447724141111 0.718358289698274,117.447720277122 0.718363374505397,117.44771985533 0.718369598897734,117.447704057463 0.718385857953309,117.447677097223 0.718399005934364,117.447674293665 0.718403529721589,117.447669585418 0.718414133295092,117.447671000944 0.718460779598241,117.447666860746 0.718490463284062,117.447643271508 0.718511952286707,117.447633585688 0.7185361268835,117.447633169853 0.718603554375912,117.447638649991 0.718674943882106,117.447643846381 0.7186934626225,117.447653185554 0.718708868778751,117.4476816236 0.718735862285062,117.447692859233 0.718752969094002,117.447720249869 0.718821949929436,117.447745111696 0.718855873805957,117.447751988275 0.718870149326958,117.447758874873 0.718895027955957,117.447690270419 0.71884004693082,117.447621459303 0.718785491133997,117.447551875373 0.718731776784327,117.447481869089 0.718678496731244,117.447413192771 0.718623796162498,117.447344660207 0.718568670367471,117.447276271439 0.718513544556188,117.447207738892 0.718458563509347,117.447139134463 0.718403727219859,117.447070458123 0.718348737135993,117.447001503239 0.718294326086893,117.446931712644 0.718240901243409,117.446861706386 0.718187756876738,117.446793245731 0.718132631057942,117.446726115027 0.718075949018344,117.446658984327 0.71801927602372,117.446591790716 0.717962593986211,117.446524660017 0.717905911940466,117.446418781138 0.717895744446056,117.446369558772 0.717899711879193))",disposal,4.57
34247,DISP. HYDROS 3 RL90 BARAT,"POLYGON((117.448947110977 0.714031492371835,117.449718982562 0.713806887059426,117.449989923281 0.715440343027198,117.450087892138 0.715586963783488,117.450122294226 0.715759914757816,117.450087892138 0.715932865732143,117.449989923281 0.716079486488434,117.449843302525 0.716177455345663,117.44967035155 0.716211857433407,117.449497400576 0.716177455345663,117.44935077982 0.716079486488434,117.449252810962 0.715932865732143,117.449218408875 0.715759914757816,117.448947110977 0.714031492371835))",disposal,2.26
1844,STB. PARKIR KGR,"POLYGON((117.45817969392 0.62526098445082,117.458352644894 0.625226582363076,117.458525595868 0.62526098445082,117.458672216625 0.625358953308049,117.458770185482 0.62550557406434,117.45880458757 0.625678525038667,117.458770185482 0.625851476012995,117.458672216625 0.625998096769285,117.458525595868 0.626096065626514,117.458352644894 0.626130467714258,117.45817969392 0.626096065626514,117.458033073163 0.625998096769285,117.457935104306 0.625851476012995,117.457900702218 0.625678525038667,117.457935104306 0.62550557406434,117.458033073163 0.625358953308049,117.45817969392 0.62526098445082))",disposal,0.77
2503,DISP. HYDROS 3 RL100_S,"POLYGON((117.449891993412 0.707713829701472,117.449687195707 0.707274392775087,117.450512962416 0.707292675432869,117.450606318172 0.707589182427907,117.449891993412 0.707713829701472))",disposal,0.36
2012,WF ROMA,"POLYGON((117.449641959189 0.698315279038114,117.449668073806 0.698294350766863,117.449701913085 0.69822847615774,117.449724439526 0.69818323889016,117.449790251945 0.698148859202999,117.450157716563 0.698228270403594,117.450131211265 0.699173126450843,117.449524711907 0.69915412096764,117.449519681365 0.698705163087941,117.449530403083 0.698422153177519,117.44952218162 0.698346104719271,117.449574555699 0.698315285527531,117.449641959189 0.698315279038114))",disposal,0.72
2227,MHR,"POLYGON((117.490984338363 0.715833392338166,117.49042413778 0.716281204009446,117.490013167759 0.715812553985537,117.490816303737 0.715473318140272,117.490984338363 0.715833392338166))",disposal,0.49
34149,MHR COKRO,"POLYGON((117.453635974041 0.649523706904074,117.453808925016 0.64948930481633,117.45398187599 0.649523706904074,117.454128496746 0.649621675761303,117.454226465603 0.649768296517594,117.454260867691 0.649941247491921,117.454226465603 0.650114198466249,117.454128496746 0.650260819222539,117.45398187599 0.650358788079768,117.453808925016 0.650393190167512,117.453635974041 0.650358788079768,117.453489353285 0.650260819222539,117.453391384428 0.650114198466249,117.45335698234 0.649941247491921,117.453391384428 0.649768296517594,117.453489353285 0.649621675761303,117.453635974041 0.649523706904074))",disposal,0.77
2047,KIDE,"POLYGON((115.906387179928 -1.85065493327803,115.906560130902 -1.85068933536578,115.906733081877 -1.85065493327803,115.906879702633 -1.8505569644208,115.90697767149 -1.85041034366451,115.907012073578 -1.85023739269019,115.90697767149 -1.85006444171586,115.906879702633 -1.84991782095957,115.906733081877 -1.84981985210234,115.906560130902 -1.8497854500146,115.906387179928 -1.84981985210234,115.906240559172 -1.84991782095957,115.906142590315 -1.85006444171586,115.906108188227 -1.85023739269019,115.906142590315 -1.85041034366451,115.906240559172 -1.8505569644208,115.906387179928 -1.85065493327803))",disposal,0.77
2446,DISP. HIMALAYA,"POLYGON((117.437717946823 0.65399920428183,117.43883401699 0.653847639197329,117.438522925282 0.655874624251273,117.437453493598 0.655567447065465,117.437717946823 0.65399920428183))",disposal,2.45
34203,UNDERPASS 1,"POLYGON((117.44012199751 0.618674304074896,117.440840705245 0.618325217460869,117.441277063513 0.618540829781297,117.442303788848 0.617986398100195,117.442391060501 0.617560307086015,117.443094367356 0.617195819591958,117.442858220529 0.618294415700807,117.442687397887 0.618381122135703,117.442668305854 0.618347483791741,117.44260193831 0.618383394996782,117.442621030343 0.618415669624096,117.442456930228 0.618505945307575,117.442436096797 0.618469956474404,117.442359299051 0.618509510200529,117.442382107404 0.618544444513384,117.442221454818 0.618632897268012,117.442199351867 0.618595835486013,117.442132947801 0.618635966638797,117.442155931225 0.618671801901049,117.441955265223 0.618780325351099,117.441931714611 0.618745388990632,117.441860402418 0.618784076576769,117.441883598794 0.618821277596401,117.441687028016 0.618927753434186,117.441666675774 0.618895808635238,117.441590744169 0.618935362361363,117.441611266363 0.618966658067223,117.441421414266 0.619066162464765,117.441400503944 0.619031614976371,117.441331408968 0.619070708186922,117.441355046723 0.619106164819746,117.441138455592 0.619223602129321,117.44012199751 0.618674304074896))",disposal,2.24
34151,MHR GATSU,"POLYGON((117.459613993933 0.656959904691832,117.459786944908 0.656925502604088,117.459959895882 0.656959904691832,117.460106516638 0.657057873549061,117.460204485495 0.657204494305351,117.460238887583 0.657377445279679,117.460204485495 0.657550396254006,117.460106516638 0.657697017010297,117.459959895882 0.657794985867526,117.459786944908 0.65782938795527,117.459613993933 0.657794985867526,117.459467373177 0.657697017010297,117.45936940432 0.657550396254006,117.459335002232 0.657377445279679,117.45936940432 0.657204494305351,117.459467373177 0.657057873549061,117.459613993933 0.656959904691832))",disposal,0.77
34261,DISP. SRIGUNTING PDWS RL40,"POLYGON((117.441704147692 0.681894690439906,117.442156090368 0.681442747764315,117.442608033043 0.681894690439906,117.442156090368 0.682346633115497,117.441704147692 0.681894690439906))",disposal,0.5
34265,SUPPORT CAMAR,"POLYGON((117.466350644744 0.69267771820658,117.466310292289 0.692170893244674,117.466800164573 0.69174812675339,117.467353809518 0.692069695750184,117.467548685719 0.692830640914508,117.466797020374 0.693345670873289,117.466545162562 0.693076821440281,117.466350644744 0.69267771820658))",disposal,1.59
2436,BD. SOULMATE,"POLYGON((117.448876803487 0.622885781695154,117.44707838122 0.620442924782683,117.447932631797 0.620405457652123,117.449693586933 0.622121452231743,117.448876803487 0.622885781695154))",disposal,3.02
34276,SUPPORT ADISUCIPTO,"POLYGON((117.478190379197 0.677153835769463,117.478827993827 0.677174258053328,117.478720410718 0.677865740851427,117.478018898411 0.677798187814452,117.478190379197 0.677153835769463))",disposal,0.56
34325,DISP. IPD MERAK RL-30 BARAT,"POLYGON((117.468749951264 0.697319766332959,117.468926988586 0.696949926481166,117.469212587113 0.696649833578187,117.469569082514 0.696534735356255,117.470036499316 0.696433815819364,117.47017991129 0.696704705102598,117.470307388599 0.69708713703187,117.470248961499 0.697342091651384,117.470194885267 0.697553354896168,117.470080777071 0.69790748378087,117.469793539198 0.698226199777102,117.469195454859 0.698064874396293,117.468888543159 0.697722549807748,117.468749951264 0.697319766332959))",disposal,2.4
34138,ZONE_CDS_SRIGUNTING_RL80,"POLYGON((117.445124323498 0.688686419662139,117.445137313807 0.688728686145379,117.44516098488 0.688814775416869,117.445185356897 0.688900294659115,117.445209657045 0.688986094365191,117.445234091977 0.689071622647093,117.445247446145 0.689160960768688,117.445209332612 0.689266841696069,117.445199581591 0.68936367292935,117.445190170947 0.689351514612477,117.445166856256 0.689328899242242,117.445117496418 0.689301201893821,117.445095026832 0.689281979078008,117.445072557718 0.689267840690438,117.445050088368 0.689251160088431,117.445027618533 0.689229250305299,117.445016384081 0.689223316512971,117.444960213122 0.68920763425268,117.444927067336 0.689193786372754,117.444904042096 0.68919123727643,117.444881009339 0.689204529523325,117.444477547103 0.688876757479839,117.444177164785 0.687940128878363,117.443410580321 0.687051049693233,117.442251249703 0.687916850000708,117.442219866635 0.687916427718006,117.442207787567 0.687912330540469,117.442198521103 0.687904270501646,117.442193388415 0.687892962193639,117.442192758276 0.687881653465639,117.442196477903 0.687870344331918,117.442204268007 0.687851543878186,117.442215220875 0.68782510743667,117.442252358402 0.687757251252498,117.442254180836 0.687736044845717,117.442243851603 0.687703114622201,117.442234306018 0.687689400215887,117.442210497053 0.687666784862669,117.442185293446 0.687626356038252,117.4421740584 0.687613917420277,117.442131789798 0.687590317660994,117.442087625798 0.687576326023127,117.442064869368 0.687565019357236,117.442039244472 0.687536605025485,117.442028009766 0.687527848547807,117.442016775526 0.687524167453667,117.44196165824 0.687532088740682,117.44194937334 0.687537463821018,117.441938140518 0.687549198865224,117.44193336937 0.687560227639046,117.44192444976 0.687610267591751,117.441925369423 0.687642637778536,117.441920526547 0.687655503106147,117.441893218794 0.687700179883925,117.441875030354 0.687716430044368,117.441867662305 0.687731557364826,117.441865982598 0.687741174514058,117.441866613178 0.687757287215419,117.441870757021 0.687765772943229,117.44188971216 0.687779902637286,117.441898143121 0.687791210638772,117.441901371291 0.687810715734115,117.44189856913 0.687830510896456,117.441875393358 0.68785242496272,117.441866829918 0.687866421515993,117.441859534403 0.687888469807656,117.441846689333 0.687959291154494,117.441848310656 0.68799887175892,117.441860107625 0.688062625078389,117.441855966304 0.688081569944938,117.441848319616 0.688096272081323,117.44183918892 0.688098670395489,117.44182585155 0.688093442455645,117.44180338256 0.688080579673779,117.441792147617 0.688069271933699,117.441780911453 0.688044683153748,117.441769745897 0.688006089564771,117.441758438043 0.687983753501728,117.441742985644 0.687945305064444,117.441719952709 0.687859079967852,117.441702253037 0.687815257803489,117.44169213938 0.687781051925112,117.441645155664 0.687693698179034,117.441645083768 0.68769369818573,117.441708697807 0.687630643508455,117.441779745118 0.687577630342263,117.441851493525 0.687525738942407,117.441923457635 0.687474001321874,117.441994433042 0.68742097911515,117.442063448995 0.687365134417715,117.442134496296 0.687312121251256,117.442205480686 0.687259108090605,117.442275125823 0.687204249460733,117.442343854155 0.687148124332218,117.442412447653 0.687091718758404,117.442481463621 0.687036154518959,117.442490091946 0.686945963881602,117.44249415925 0.686903985287514,117.442563310022 0.686848421036645,117.44263050138 0.686790459505789,117.442655636465 0.686769956595178,117.442655492658 0.686769811856121,117.443850625231 0.685877581964558,117.444132056842 0.686852798063947,117.444776457305 0.687600103533661,117.445124323498 0.688686419662139))",disposal,4.17
34029,ZONE_CDS_TIMUR_RL50_FD,"POLYGON((117.449890103881 0.697758293476838,117.44988533299 0.697771728760085,117.449885189223 0.69777200923153,117.449865894078 0.697868986091433,117.449845259865 0.697966098785952,117.449824347091 0.698063636717636,117.449793029705 0.698092762089237,117.4497712023 0.69811736303731,117.449724439526 0.69818323889016,117.449701913085 0.69822847615774,117.449696855479 0.698251094194074,117.449701773469 0.698272444687114,117.44971265804 0.698284593786501,117.449708021325 0.69829137949779,117.449701775403 0.698292800481337,117.449690541085 0.698288558510859,117.449679307157 0.698288414840256,117.449668073806 0.698294350766863,117.449662664292 0.698302131724742,117.449641959189 0.698315279038114,117.449611906555 0.698318819316377,117.449574555699 0.698315285527531,117.449555880801 0.698319105167731,117.44954063931 0.698326317109841,117.449525407571 0.698341580898752,117.449522109723 0.698346104726192,117.449391393875 0.697799053047054,117.448961449831 0.695999026753232,117.448695811109 0.694886829519192,117.448697347374 0.69488117498411,117.448701484038 0.694813321930236,117.448710333157 0.694779394755092,117.448720163634 0.694764131490715,117.448742764136 0.694741647482735,117.448802721708 0.694693583974874,117.448821117528 0.694684815652759,117.448836422483 0.694683538559487,117.44887012458 0.694687497932196,117.448926295665 0.694703885762553,117.448959999068 0.694721696123192,117.449025366812 0.694768055851893,117.44903814688 0.694772017224349,117.449083655078 0.694839576020632,117.44909201428 0.694852014874129,117.449154158612 0.694929759021748,117.449229711459 0.695004534460761,117.449233009988 0.695007221110032,117.44955021049 0.696335546586638,117.449541792938 0.696371310264751,117.449540249535 0.696396470175562,117.449544960517 0.696509557473356,117.44955465605 0.696587731842145,117.449556771333 0.696622644089133,117.449550810927 0.696697002118806,117.449571390423 0.696780965534512,117.449611770257 0.696882740629477,117.44962300819 0.696925151978956,117.449632068556 0.696939282553396,117.449641829303 0.696946917300215,117.44965671278 0.69695525722225,117.449702279094 0.696971790795274,117.449871978642 0.697682671185159,117.449890103881 0.697758293476838))",disposal,2.06
34214,SUPPORT KESATRIA,"POLYGON((117.46258315168 0.679508353157033,117.462686922265 0.679487711904387,117.462790692849 0.679508353157033,117.462878665303 0.67956713447137,117.462937446617 0.679655106925145,117.46295808787 0.679758877509741,117.462937446617 0.679862648094338,117.462878665303 0.679950620548112,117.462790692849 0.680009401862449,117.462686922265 0.680030043115096,117.46258315168 0.680009401862449,117.462495179226 0.679950620548112,117.462436397912 0.679862648094338,117.462415756659 0.679758877509741,117.462436397912 0.679655106925145,117.462495179226 0.67956713447137,117.46258315168 0.679508353157033))",disposal,0.28
34183,DISP. SRIGUNTING RL40P,"POLYGON((117.436577489699 0.684512764655634,117.436359832804 0.683977367280861,117.43620189751 0.683210252995991,117.436263096621 0.682580817039655,117.436604631056 0.681941896337451,117.436973492287 0.681740699302885,117.437670868334 0.682111559801853,117.438082665502 0.682427590186495,117.437975285239 0.68349002408812,117.437785762886 0.684284212994808,117.436577489699 0.684512764655634))",disposal,4.87
34132,ZONE_CDS_SRIGUNTING_RL40_FD,"POLYGON((117.44677936742 0.687367660080636,117.4468165877 0.687417559958338,117.446835337476 0.68744611059917,117.446858581441 0.687481455131201,117.446883298477 0.68750802391116,117.446936802979 0.687553253987969,117.446948460516 0.687566678672438,117.446968892238 0.687609794861226,117.44697859249 0.687643720285254,117.446985261982 0.68765502843604,117.447005907489 0.687677644048799,117.447040941368 0.68770025830493,117.447073376919 0.6877115640263,117.447105749033 0.687717215363722,117.44711698273 0.687715097301035,117.447150683004 0.687699967500315,117.447195617974 0.687693458453208,117.447233606483 0.687693174412859,117.447251786627 0.687684686590464,117.447330066713 0.687613008689896,117.447372467144 0.687508122552281,117.447364801887 0.687419625295685,117.447413591972 0.687312757258734,117.447430218136 0.687216205861609,117.447403887213 0.687133799011545,117.447395026701 0.687045591372248,117.447382877012 0.686958514920552,117.44738147493 0.686957519880152,117.447296720668 0.686895329582608,117.447212739154 0.686831583121301,117.447152420003 0.686760207788158,117.447145392806 0.686671294304323,117.447145312464 0.686580398868177,117.447146283563 0.686488933370551,117.447157508658 0.686394228073474,117.447148167306 0.686353942557601,117.447127659524 0.686265871714804,117.44711207116 0.686215128427207,117.447085452302 0.686128758998637,117.447059956245 0.686036029406146,117.447048718617 0.68599574406735,117.447034316488 0.68594428595191,117.446979902244 0.685876727896,117.44692372675 0.685811558418227,117.4468713434 0.685741874117583,117.446851041589 0.685645751397805,117.446808345589 0.685567869580902,117.446763760634 0.685569004646603,117.446673961611 0.685571130083486,117.446634355358 0.685570572887,117.446544484122 0.685569305694221,117.446491128962 0.685583586906902,117.446404279672 0.685606918287071,117.446357229509 0.685578515046036,117.446278938863 0.685536254693681,117.446251772603 0.685555482169309,117.446240538778 0.685556188891083,117.446229304417 0.68555110551718,117.446153609777 0.685495129628872,117.446125802383 0.685481416947278,117.4460720223 0.685468421415715,117.445993382911 0.68544510555851,117.445980530738 0.685438601952431,117.44595967865 0.685417117222975,117.445937207248 0.685377963805434,117.44590350244 0.685344040620655,117.445881033 0.685326093428673,117.445856317343 0.685314217000715,117.445836094942 0.685299092269588,117.445821911541 0.685280293880357,117.445807654845 0.68524636887196,117.445768672225 0.685089460919878,117.445763260808 0.685076741309306,117.445756869926 0.685065433126349,117.445743460111 0.685054125600602,117.445669243352 0.685041267679577,117.445668191848 0.685041132072639,117.445909591185 0.685878094978718,117.446534397507 0.68660250393883,117.44677936742 0.687367660080636))",disposal,51006562169
34133,ZONE_CDS_SRIGUNTING_RL50,"POLYGON((117.44677936742 0.687367660080636,117.446773695577 0.687453896845549,117.446772158202 0.687544367228252,117.446779041492 0.687632005099226,117.446805102723 0.68771357061005,117.446831226865 0.687795127067169,117.446832775687 0.687827786676777,117.446835450053 0.687883624654998,117.446832088366 0.687974800876702,117.446792553872 0.687972968057479,117.446746288737 0.687978762513325,117.446716452261 0.687986826223518,117.446690120208 0.687988945708652,117.446633949825 0.687979198309898,117.446611481679 0.687975382582787,117.446555310574 0.687957863789307,117.446319391045 0.687874761948729,117.446296922007 0.687861338279848,117.446274453651 0.687855260794521,117.446274453704 0.687855830757052,117.445975050964 0.686919908029233,117.445343988908 0.686188289075043,117.445124857804 0.685428504181835,117.44512246985 0.685359520832676,117.445107365367 0.685293080887209,117.445096547477 0.685223817868403,117.445100755128 0.685144655997859,117.445090699188 0.685054186678613,117.445093014733 0.685020260114755,117.445107265293 0.684987743771119,117.445122856252 0.684969512556182,117.445122856252 0.684969512556182,117.445181827061 0.684941090334112,117.445188988746 0.684929780882153,117.445186462507 0.684920453634715,117.445177896563 0.684907164354651,117.445176349736 0.684895855716948,117.445195724933 0.684884825580896,117.445229426147 0.684879873706632,117.445350751338 0.684870960087273,117.44537546463 0.684857242484942,117.445456270816 0.68479306437419,117.445520382383 0.684863453281633,117.445583577305 0.684934267482938,117.445642844954 0.685006077222573,117.445668191848 0.685041132072639,117.445909591185 0.685878094978718,117.446534397507 0.68660250393883,117.44677936742 0.687367660080636))",disposal,2.54
34280,SUPPORT KERTAJATI,"POLYGON((117.428818361714 0.633476648141383,117.429234541854 0.632253154539582,117.430523826875 0.632844157750783,117.430337468099 0.633482295377013,117.429976045019 0.634227730480219,117.428818361714 0.633476648141383))",disposal,2.42
34134,ZONE_CDS_SRIGUNTING_RL50,"POLYGON((117.441678044391 0.681854823267168,117.441655380332 0.681969188870236,117.441663315146 0.682058952771924,117.441677298222 0.682148001399189,117.441683489566 0.682238054966386,117.441675769015 0.682329792566688,117.441674168637 0.6824209686856,117.441658656366 0.682513846932174,117.44165543831 0.682605023200812,117.441667165655 0.682694361540495,117.441678830092 0.68278369988565,117.441690566414 0.68287289347133,117.441688957057 0.682964078637837,117.441679339736 0.682951920318814,117.441582153751 0.68286060858298,117.441533285414 0.68280138219323,117.441517484252 0.682781453045925,117.4415056192 0.682758836566595,117.441465874242 0.682715586387454,117.441433922813 0.682690990464308,117.441409699967 0.682662720732175,117.441362586944 0.682634453114599,117.441336324539 0.682611837964224,117.44130858857 0.682592760338663,117.441286118469 0.68256731311678,117.441263649115 0.682550071551466,117.441241178796 0.682522226865943,117.441210072261 0.682498761740528,117.441196239137 0.682477276319589,117.44116835895 0.682453530437718,117.441152844244 0.682421161593513,117.441140063488 0.682409284021779,117.441125807778 0.682385681634027,117.441117592243 0.682371261425036,117.44109750427 0.682351757880392,117.441086619075 0.682331973028271,117.441072651313 0.682312324166007,117.441062962678 0.682306525913235,117.441057767495 0.682299596366893,117.441021155545 0.682020417413441,117.441002475502 0.681967412581132,117.440488532152 0.68051187396474,117.439742813268 0.679767968765255,117.439741132358 0.679764431529538,117.439735586251 0.679752698036454,117.439729402391 0.679744646744125,117.439713116393 0.679729657303555,117.43968924548 0.679716939363224,117.439679412585 0.679705911931371,117.43967716476 0.679694322888342,117.439684389373 0.679683013435272,117.439698929174 0.679668165922024,117.439717809364 0.679649083999692,117.439738447897 0.679595369874929,117.439750245976 0.679573312127964,117.43980851297 0.679513370196742,117.439875489251 0.679462049289591,117.439904973435 0.67943419982111,117.43994632982 0.679408891480633,117.439971464627 0.679385285469076,117.440039142805 0.679343997656475,117.440061401853 0.679321667540124,117.440061464762 0.679321667534357,117.440139621105 0.679370849083486,117.44021496474 0.679422862609331,117.440291287881 0.679473889916569,117.44036501398 0.679527459675824,117.440437967278 0.679582015630274,117.440510363429 0.67963714159668,117.440584862333 0.67968971610487,117.440659918439 0.679742299606685,117.440718832931 0.679786398473646,117.441072175089 0.680138775001265,117.441678044391 0.681854823267168))",disposal,2.92
507,STP. BELUT 2,"POLYGON((117.43866236951 0.602304226657245,117.438376339042 0.602045878649392,117.438160919862 0.601603275536602,117.438042297365 0.601247408044584,117.43805847316 0.600859188962382,117.438431244838 0.600642415741849,117.43906143662 0.600536582007551,117.439412612193 0.60078192384615,117.439659876874 0.601171921000822,117.439875554142 0.601791993146006,117.439767715508 0.6021963880233,117.439525078581 0.602449808813071,117.439172024444 0.602623759586672,117.438861870983 0.602503728130043,117.43866236951 0.602304226657245))",disposal,3.29
2600,ZONE_KELADI_RL20_FD,"POLYGON((117.497325589879 0.702602230392657,117.497473984472 0.702346918415303,117.498092434414 0.701282568208678,117.498394435036 0.700762896814448,117.499881380911 0.698204005531862,117.500008722466 0.697984883734811,117.500037509157 0.697995483683425,117.500124864331 0.698089056018423,117.500262200831 0.698137813437442,117.500347740693 0.698317042508608,117.500486899569 0.698346855400045,117.500607299286 0.698176931676661,117.500711543138 0.698034286249665,117.500792139284 0.697950738052386,117.500936198243 0.697830986197186,117.501130676026 0.69772452795662,117.501275819811 0.697835057095376,117.501357344719 0.697950677438331,117.50149546117 0.698066291702129,117.501610255748 0.698092859320288,117.501645582996 0.698169184654112,117.501558267898 0.698453892542035,117.501540515454 0.698510437894924,117.501520579691 0.698572067869269,117.501496294085 0.698632712193527,117.50143614039 0.698771399375144,117.501427640574 0.698789774646881,117.501423920828 0.698798252040104,117.501343824264 0.698931567477452,117.501303185614 0.699024438802664,117.501296303096 0.699039285589906,117.5012770033 0.699080985064096,117.501239095654 0.699163832074542,117.50119957026 0.699245964550282,117.50115458037 0.699324705006992,117.501108529943 0.699402875620339,117.501061634688 0.699480630165319,117.501015440453 0.699558665091091,117.500968832797 0.69963656435764,117.500922566663 0.699714599292387,117.500877504885 0.699793475464866,117.500832434104 0.699872215934658,117.500786877991 0.699950676001722,117.500743146372 0.700030266742346,117.500702218882 0.700111413257995,117.500660239845 0.700191989929308,117.500616157698 0.700271300253981,117.500570529684 0.700349760331922,117.500522789588 0.700427089768462,117.500473224981 0.700503143781429,117.500424019885 0.700579478211887,117.500376917883 0.700656952332916,117.500331074159 0.700735267685907,117.500284115979 0.700813022248255,117.500236519654 0.700890206921789,117.500189345766 0.700967816757317,117.500142729091 0.701045571284804,117.500096606749 0.701123741919609,117.500052030287 0.701202907553683,117.500008091921 0.701282217871028,117.49996274251 0.701360822678359,117.499917671726 0.701439698864957,117.499872816631 0.701518584075942,117.499827260499 0.701597044156119,117.499782117801 0.701675784648022,117.499736840282 0.701754389450743,117.499691356043 0.701832840478103,117.499645862832 0.701911445305265,117.499599677555 0.701989480249383,117.499553555202 0.702067659938617,117.499508061988 0.702146255720693,117.499462712551 0.702224715783616,117.499416599183 0.702302895473746,117.499369137676 0.702380360600114,117.499321262719 0.702457409611669,117.499272965353 0.702534313918,117.499224811779 0.702611218209473,117.499176936833 0.702688402927174,117.499130814456 0.7027664378707,117.49908602227 0.70284545878981,117.499040744737 0.702924063601838,117.498994343758 0.70300209857719,117.498946190178 0.703079002872344,117.498892419329 0.703152650868627,117.498837021713 0.703225321969336,117.498781003957 0.70329770363474,117.498728356548 0.703371921470019,117.498678297597 0.703447830808039,117.49862867004 0.703523893898489,117.498584722674 0.703603339939767,117.498578549827 0.703615354960376,117.497826462093 0.7031530549149,117.497807691095 0.702926883021236,117.497811750731 0.702818174358218,117.497816097028 0.702700708210791,117.497566571972 0.702796569382806,117.497522048835 0.702700739744029,117.497414969 0.70262709994636,117.497325589879 0.702602230392657))",disposal,11.9
323,DISP. HIGHRISK PERI,"POLYGON((117.434045813943 0.595058189465408,117.433852077263 0.596063775090243,117.433378411855 0.596832894423895,117.432901844975 0.59693097737221,117.432292958267 0.596746466248387,117.432008018177 0.596327829672578,117.430909124838 0.596008421753096,117.430641583708 0.595251926145422,117.430355591466 0.594292468301542,117.431139763743 0.593093145996693,117.432422116053 0.592299748164255,117.433436927234 0.593028567103355,117.434147295061 0.593914220497705,117.434045813943 0.595058189465408))",disposal,14.79
2359,DISP. HYDROS 2 DEKAT,"POLYGON((117.447569853631 0.696336750421252,117.447822373145 0.696391349235109,117.447952045328 0.696739416673441,117.447631277297 0.696691642711317,117.447569853631 0.696336750421252))",disposal,0.12
34270,MHR MAROKO2,"POLYGON((117.460940880482 0.690197969727402,117.461226221244 0.689842174456234,117.461709718035 0.689996553578934,117.461759036192 0.690348826124645,117.461357445489 0.690341780673731,117.460940880482 0.690197969727402))",disposal,0.34
276,CRUSHER 7,"POLYGON((117.44158470382 0.607467062531932,117.442199656386 0.606503524739153,117.442729115107 0.606918711793838,117.44237759975 0.60729833342984,117.442017435192 0.607257819674299,117.441768335111 0.607571046515673,117.44158470382 0.607467062531932))",disposal,0.61
34109,ZONE_CDS_HYDROS2_RL40_FD,"POLYGON((117.445117552562 0.712270884483817,117.445108352875 0.712210243170321,117.445116342801 0.712120061649517,117.445119219098 0.712030577246761,117.445121313513 0.711941092920019,117.445122500239 0.711851753433885,117.445120802074 0.711762278522644,117.44511911291 0.711672939315825,117.44511735185 0.711583600115913,117.445115653687 0.711494116157416,117.445113892629 0.711404776957348,117.445112194469 0.711315292998696,117.445108258534 0.711226098761999,117.445106560376 0.711136614803166,117.445104871207 0.711047139890409,117.445092927727 0.710958082135766,117.445091229573 0.710868598176573,117.445089468523 0.710779258975805,117.445137699086 0.710742360529075,117.445209168729 0.710687510530307,117.445209384502 0.710688360929706,117.445228198149 0.710725108119063,117.445241549349 0.71078009464021,117.445254332193 0.710812463654336,117.445288039491 0.710869293792242,117.445299274986 0.710885405452661,117.445319776678 0.710906039725819,117.445335991684 0.710928655713341,117.445377925122 0.711015584501573,117.445411631544 0.711063222859752,117.445432206517 0.711098278081579,117.445445337573 0.711106762915164,117.445461550088 0.711103368706182,117.445472153786 0.711091344180623,117.445478119757 0.71107565606065,117.445490268801 0.711058972167407,117.445500659477 0.711074803450889,117.445528328547 0.711143503866484,117.445535215382 0.711171349938522,117.445539220674 0.711233973052293,117.445542525469 0.71130182541415,117.445543020847 0.711313134146504,117.445540076312 0.711347060774154,117.445545345934 0.711379855725435,117.445567398059 0.711448837142856,117.4455801851 0.71152488518649,117.445594658763 0.711663701320532,117.445600206013 0.711686318341885,117.445629348906 0.711754168189825,117.44567008387 0.711807740705147,117.44571502347 0.711847172311648,117.445737492843 0.711862441502228,117.445766486624 0.711874878339188,117.445771402806 0.711876994864441,117.445777824776 0.712211173214876,117.446232950826 0.712285196864437,117.446234145875 0.712376092193077,117.446237311532 0.712398709443231,117.446245671049 0.712413835251586,117.446254309209 0.712429386242828,117.446265546562 0.712464722820912,117.446282684977 0.71255702793003,117.446299261592 0.712601555762782,117.446344203954 0.712669548807155,117.446418286186 0.712773718053208,117.446328127681 0.712781217784694,117.446240295503 0.712774730589395,117.446152526152 0.712767383918886,117.446063849654 0.712765836477146,117.445973978612 0.712772069590561,117.445884035669 0.712778293662346,117.445795008873 0.712778872300255,117.445704715646 0.712787358158916,117.445679794565 0.712790753220694,117.445476241079 0.712757552371412,117.445117552562 0.712270884483817))",disposal,1.5
34226,DISP. HYDROS 3 RL90,"POLYGON((117.450344750554 0.715211842414631,117.45038647394 0.714832396605599,117.450708715082 0.714836374891302,117.450860347116 0.715190817545511,117.450608836275 0.715334104322483,117.450344750554 0.715211842414631))",disposal,0.23
2045,DISP. HYDROS 3 BAROKAH,"POLYGON((117.453088068589 0.71119333739392,117.453009762838 0.711184015280626,117.453019084951 0.711094522993,117.453097390703 0.711141133559472,117.453088068589 0.71119333739392))",disposal,0.01
252,STB. OFFHIRE,"POLYGON((117.455720689477 0.625371245733723,117.455893640451 0.625336843645979,117.456066591426 0.625371245733723,117.456213212182 0.625469214590952,117.456311181039 0.625615835347242,117.456345583127 0.62578878632157,117.456311181039 0.625961737295897,117.456213212182 0.626108358052188,117.456066591426 0.626206326909417,117.455893640451 0.626240728997161,117.455720689477 0.626206326909417,117.455574068721 0.626108358052188,117.455476099863 0.625961737295897,117.455441697776 0.62578878632157,117.455476099863 0.625615835347242,117.455574068721 0.625469214590952,117.455720689477 0.625371245733723))",disposal,0.77
34354,SUPPORT JL. HIMALAYA,"POLYGON((117.432900027218 0.645683385089346,117.433642255738 0.645555230524755,117.434144506647 0.649494026105255,117.433157251565 0.649608339851601,117.432900027218 0.645683385089346))",disposal,4.24
274,CRUSHER 8,"POLYGON((117.441540689777 0.606956802349313,117.441351613961 0.606730566012796,117.441270246833 0.606606369238938,117.441567353165 0.60616451879542,117.441858638949 0.606324946022379,117.442199656386 0.606503524739153,117.44158470382 0.607467062531932,117.441390010404 0.607343166721517,117.441540689777 0.606956802349313))",disposal,0.73
1472,PSV SUPERNOVA,"POLYGON((117.490898271874 0.690666758731479,117.490090329657 0.690887312026229,117.489434558498 0.690164852274235,117.489656853806 0.689064490498123,117.490451936526 0.688531934767032,117.491023969952 0.688653244177757,117.491502517899 0.689214946134062,117.491535249161 0.690042589854667,117.490898271874 0.690666758731479))",disposal,4.39
2162,DISP. UNDERPASS MELATI MJ,"POLYGON((117.440549696982 0.617075865240231,117.440742228052 0.616847864621548,117.441116318494 0.616815131707809,117.441172187277 0.617752932533769,117.440672008747 0.61754279764546,117.440549696982 0.617075865240231))",disposal,0.51
250,STB. POOLING LAS VEGAS,"POLYGON((117.455933334365 0.624442696387386,117.45610628534 0.624408294299642,117.456279236314 0.624442696387386,117.45642585707 0.624540665244615,117.456523825928 0.624687286000905,117.456558228015 0.624860236975233,117.456523825928 0.62503318794956,117.45642585707 0.625179808705851,117.456279236314 0.62527777756308,117.45610628534 0.625312179650824,117.455933334365 0.62527777756308,117.455786713609 0.625179808705851,117.455688744752 0.62503318794956,117.455654342664 0.624860236975233,117.455688744752 0.624687286000905,117.455786713609 0.624540665244615,117.455933334365 0.624442696387386))",disposal,0.77
288,CRUSHER 6,"POLYGON((117.50347231221 0.553352867123273,117.503645263184 0.553318465035529,117.503818214158 0.553352867123273,117.503964834915 0.553450835980501,117.504062803772 0.553597456736792,117.50409720586 0.55377040771112,117.504062803772 0.553943358685447,117.503964834915 0.554089979441738,117.503818214158 0.554187948298966,117.503645263184 0.554222350386711,117.50347231221 0.554187948298966,117.503325691454 0.554089979441738,117.503227722596 0.553943358685447,117.503193320509 0.55377040771112,117.503227722596 0.553597456736792,117.503325691454 0.553450835980501,117.50347231221 0.553352867123273))",disposal,0.77
2401,UNDERPAS PDY,"POLYGON((117.473577528099 0.684787048850596,117.473555907235 0.683057379758875,117.474161291417 0.683057379758875,117.474139670554 0.683414124009042,117.478236824215 0.683370882281749,117.478247634646 0.682970896304289,117.47874491451 0.682927654576996,117.478723293647 0.684689754964187,117.478161151192 0.684722186259657,117.478161151192 0.684365442009489,117.474204533144 0.684451925464075,117.474193722713 0.684743807123303,117.473577528099 0.684787048850596))",disposal,7.46
976,MUD,"POLYGON((117.457780559831 0.619960496976546,117.458232502507 0.619508554300955,117.458684445183 0.619960496976546,117.458232502507 0.620412439652137,117.457780559831 0.619960496976546))",disposal,0.5
448,DISP. REHAB MALAGA,"POLYGON((117.439101150553 0.617169555007958,117.438687034301 0.615998128231226,117.439556334127 0.615829332148533,117.44047593293 0.615710602281308,117.440273717478 0.617103742572868,117.439101150553 0.617169555007958))",disposal,2.39
2196,STP. BELUT 1,"POLYGON((117.43696849504 0.601800987867605,117.437724750343 0.601714765626126,117.437851828714 0.60308667119712,117.436833973008 0.60316461510257,117.436611169351 0.60182965890299,117.43696849504 0.601800987867605))",disposal,1.79
270,BD. PLAN SERVICE,"POLYGON((117.457088704926 0.620522942276512,117.4572616559 0.620488540188768,117.457434606875 0.620522942276512,117.457581227631 0.620620911133741,117.457679196488 0.620767531890032,117.457713598576 0.620940482864359,117.457679196488 0.621113433838687,117.457581227631 0.621260054594977,117.457434606875 0.621358023452206,117.4572616559 0.62139242553995,117.457088704926 0.621358023452206,117.45694208417 0.621260054594977,117.456844115313 0.621113433838687,117.456809713225 0.620940482864359,117.456844115313 0.620767531890032,117.45694208417 0.620620911133741,117.457088704926 0.620522942276512))",disposal,0.77
462,STP. MELAWAN 2,"POLYGON((117.440647396097 0.606728646419509,117.440870930261 0.606476726964836,117.441105108909 0.606444793512835,117.441495071873 0.606910606947621,117.440824479121 0.608326749206877,117.440075606576 0.607908547734813,117.440647396097 0.606728646419509))",disposal,1.74
2174,CS MHR SOEDIRMAN,"POLYGON((117.454466417389 0.635490382768527,117.454677852349 0.635522098012448,117.454631421807 0.63600153163368,117.45459701972 0.636174482608007,117.454566848995 0.636378409598319,117.454352430106 0.636419072221527,117.454179479132 0.636453474309271,117.453358427441 0.636729688109674,117.453502606206 0.635451965955735,117.454466417389 0.635490382768527))",disposal,1.54
34176,MHR HIMALAYA 2,"POLYGON((117.436228138512 0.654216092394161,117.435699990401 0.652076063685224,117.436488783034 0.651808560096607,117.437085521809 0.654044615734791,117.436228138512 0.654216092394161))",disposal,2.37
34311,SUPPORT PARIS,"POLYGON((117.448294497245 0.710979095323297,117.44846744822 0.710944693235553,117.448640399194 0.710979095323297,117.44878701995 0.711077064180526,117.448884988807 0.711223684936817,117.448919390895 0.711396635911144,117.448884988807 0.711569586885471,117.44878701995 0.711716207641762,117.448640399194 0.711814176498991,117.44846744822 0.711848578586735,117.448294497245 0.711814176498991,117.448147876489 0.711716207641762,117.448049907632 0.711569586885471,117.448015505544 0.711396635911144,117.448049907632 0.711223684936817,117.448147876489 0.711077064180526,117.448294497245 0.710979095323297))",disposal,0.77
34178,DISP. HR KERTAJATI,"POLYGON((117.42676630553 0.632694431782233,117.427168731858 0.631845563745784,117.427602597744 0.631487152797062,117.428168509768 0.631480864885681,117.428319419641 0.632015337353074,117.428948912964 0.632339286163188,117.428552072362 0.63342382950244,117.42676630553 0.632694431782233))",disposal,3.07
2274,MHR TULIP,"POLYGON((117.46628276029 0.642234376442718,117.466775282995 0.642332345299947,117.466628662239 0.643069457618412,117.465927340777 0.642901260406764,117.46628276029 0.642234376442718))",disposal,0.56
266,BD. BINTANG,"POLYGON((117.463373988468 0.576593929762183,117.464350929348 0.574364500574778,117.464559677399 0.574372850496828,117.463532636987 0.576685778904735,117.463373988468 0.576593929762183))",disposal,0.58
464,STP. MERAK SELATAN,"POLYGON((117.469744878243 0.569073546800143,117.470090780192 0.569073546800143,117.470237400948 0.569171515657372,117.470369771893 0.56949108738799,117.470318683244 0.569799337706767,117.470118695177 0.570061715228063,117.469826045021 0.570082807131216,117.469649400332 0.569993166542819,117.469596670574 0.569866615123907,117.46930138393 0.569703152874478,117.46950028863 0.569318136413662,117.469744878243 0.569073546800143))",disposal,0.94
34181,MHR  FUJIYAMA,"POLYGON((117.441126914497 0.67300105164091,117.441511083561 0.672357202328985,117.441810417013 0.672487101751566,117.441663574187 0.673277793889018,117.441578857173 0.673452994316501,117.441126914497 0.67300105164091))",disposal,0.51
2002,DISP. OPD MERAK SELATAN,"POLYGON((117.47461966358 0.703669990648218,117.475398283955 0.703448548156147,117.476412633435 0.703198532439293,117.476912664869 0.703505694605714,117.477254966965 0.705654280012434,117.477234113647 0.706113001367193,117.475969748451 0.706441593452201,117.47479591103 0.706391915812711,117.474069629003 0.705755836057401,117.474069629003 0.70484863617053,117.47461966358 0.703669990648218))",disposal,10.18
919,WF KALAJENGKING,"POLYGON((117.453168316377 0.625479100191522,117.453447117231 0.625589197679565,117.453441229791 0.625297769408005,117.453816950489 0.625284228736237,117.453816950489 0.625623099180997,117.45347949815 0.625636297198201,117.4534980136 0.625971936403545,117.452990840644 0.626481144813735,117.452909973711 0.62619120551486,117.452469802219 0.626089630065073,117.45304602157 0.625601394998282,117.453168316377 0.625479100191522))",disposal,0.76
670,CRUSHER 5,"POLYGON((117.508327365894 0.5512341575094,117.508500316869 0.551199755421656,117.508673267843 0.5512341575094,117.508819888599 0.551332126366629,117.508917857457 0.55147874712292,117.508952259544 0.551651698097247,117.508917857457 0.551824649071575,117.508819888599 0.551971269827865,117.508673267843 0.552069238685094,117.508500316869 0.552103640772838,117.508327365894 0.552069238685094,117.508180745138 0.551971269827865,117.508082776281 0.551824649071575,117.508048374193 0.551651698097247,117.508082776281 0.55147874712292,117.508180745138 0.551332126366629,117.508327365894 0.5512341575094))",disposal,0.77
272,WATERFILL NUSANTARA,"POLYGON((117.434285714929 0.619701369039107,117.433010880403 0.620798319677383,117.43438948053 0.621524678883808,117.433084998689 0.622517863921166,117.434300538586 0.623170104841222,117.433129469661 0.624118818906757,117.434404304187 0.624904472742279,117.43302570406 0.625868010465089,117.434626659046 0.626935313788817,117.430268503807 0.626031070695103,117.426191998057 0.627365199849762,117.427422361611 0.626223778239665,117.42601411417 0.625378829775047,117.42731859601 0.624326350108593,117.425732464681 0.623674109188538,117.427096241151 0.622918102667564,117.425658346395 0.622102801517494,117.426933180921 0.621154087451958,117.425702817367 0.620398080930985,117.429942383347 0.62127267671015,117.434285714929 0.619701369039107))",disposal,50.85
1704,DISP. DAGO 60,"POLYGON((117.456165222793 0.63558538600953,117.45807219631 0.634446809301665,117.458924897158 0.635911335051602,117.457071941071 0.636909805966197,117.456165222793 0.63558538600953))",disposal,4.38
34139,ZONE_CDS_SRIGUNTING_RL90,"POLYGON((117.444477547103 0.688876757479839,117.444495104581 0.688937533755673,117.44451750832 0.689022067067633,117.444541322999 0.689106175036157,117.444564005328 0.689190563568193,117.444590551977 0.689273395647895,117.444619623971 0.689355811326255,117.444649549729 0.689438082171076,117.444679466449 0.6895197830532,117.444708960829 0.689602053936812,117.444733961767 0.689685591825861,117.444583583848 0.689800038997393,117.444408225179 0.689773735197145,117.444267938245 0.689751815363606,117.444149571144 0.689725511563358,117.444057507843 0.689769351230437,117.443931444228 0.689745178584951,117.443908624614 0.689731049270992,117.443882651829 0.689731051709462,117.443820514914 0.689731618458341,117.443733654553 0.68973360791012,117.443647090806 0.689736013495786,117.443560589902 0.689737722452897,117.443474296146 0.689744235360786,117.443387516313 0.689742406953128,117.44330101564 0.68974664907344,117.443214793647 0.689751750633815,117.443128364896 0.689756282249338,117.443042143018 0.689762650390748,117.442967019936 0.689765769607657,117.442898625008 0.68973424712108,117.442820828856 0.689695243620761,117.442743311344 0.689656656255562,117.442662846592 0.689623868309612,117.442581537116 0.689591786108881,117.442504792381 0.689551932081037,117.44242755333 0.689511797639451,117.442348634078 0.689475897362545,117.442270200026 0.689438866159523,117.442186581305 0.689411588136733,117.442111238278 0.689368621789301,117.442036317542 0.68932452452163,117.441956832117 0.689288769039625,117.441879458407 0.689250190685003,117.441800745771 0.689213304247902,117.441723084434 0.689174291658521,117.441645710725 0.689135704250607,117.44156798648 0.689096700709934,117.441491448341 0.689055571004404,117.441413373716 0.689017834076451,117.441335568589 0.688978830537017,117.44125826678 0.688940243111961,117.441205536941 0.688914382566722,117.441124712089 0.688874809340125,117.441043896238 0.688835371815901,117.441093744491 0.688799179048778,117.441166760029 0.688746446150979,117.441239775565 0.688693713253084,117.44131166793 0.688643386969869,117.441383704087 0.688593051626099,117.441455731241 0.688542580577589,117.441526994424 0.688491403931815,117.441597268904 0.688438951746868,117.44166775906 0.688386354789276,117.441753762978 0.688355387833692,117.441799751164 0.68826943676131,117.44186377878 0.688208227633987,117.441936722778 0.688159593046661,117.442009873425 0.688110388477023,117.442081837692 0.688060342644133,117.442152112145 0.688007754753468,117.442217056542 0.68794766737263,117.442251249703 0.687916850000708,117.442251456407 0.687916849981424,117.443410580321 0.687051049693233,117.444177164785 0.687940128878363,117.444477547103 0.688876757479839))",disposal,6.97
34216,SUPPORT PSV KEDASIH,"POLYGON((117.476601525221 0.679173278419053,117.477103411217 0.678450571117325,117.478524838687 0.678600575556684,117.478319925058 0.6798746037723,117.477443391766 0.680683891617349,117.476601525221 0.679173278419053))",disposal,3.35
268,BD. ANGGREK,"POLYGON((117.457662846125 0.621203405919629,117.457835797099 0.621169003831885,117.458008748074 0.621203405919629,117.45815536883 0.621301374776858,117.458253337687 0.621447995533149,117.458287739775 0.621620946507476,117.458253337687 0.621793897481804,117.45815536883 0.621940518238094,117.458008748074 0.622038487095323,117.457835797099 0.622072889183067,117.457662846125 0.622038487095323,117.457516225369 0.621940518238094,117.457418256511 0.621793897481804,117.457383854424 0.621620946507476,117.457418256511 0.621447995533149,117.457516225369 0.621301374776858,117.457662846125 0.621203405919629))",disposal,0.77
1816,STB. POOLING TAMRIN,"POLYGON((117.456714119508 0.62377063363895,117.456887070482 0.623736231551206,117.457060021456 0.62377063363895,117.457206642212 0.623868602496179,117.45730461107 0.62401522325247,117.457339013157 0.624188174226797,117.45730461107 0.624361125201125,117.457206642212 0.624507745957415,117.457060021456 0.624605714814644,117.456887070482 0.624640116902388,117.456714119508 0.624605714814644,117.456567498751 0.624507745957415,117.456469529894 0.624361125201125,117.456435127806 0.624188174226797,117.456469529894 0.62401522325247,117.456567498751 0.623868602496179,117.456714119508 0.62377063363895))",disposal,0.77
34307,DISP. IPD MERAK RL-30 TIMUR,"POLYGON((117.47027063972 0.697587734224298,117.47015459249 0.697239592535778,117.470295370673 0.696721022488841,117.470365176782 0.696344845121285,117.470293236065 0.695835076273678,117.470578714835 0.695398618005823,117.471056683764 0.695313914651251,117.471419669881 0.695546639362119,117.471786718301 0.695692455580368,117.471745849183 0.696060277647563,117.471636844444 0.696752733808613,117.471296561797 0.697241465123175,117.471100162509 0.697669397089506,117.470683252091 0.697708079499342,117.47027063972 0.697587734224298))",disposal,3.46
34352,DISP. RANGKONG,"POLYGON((117.470571820671 0.698947182958635,117.470477641839 0.698641205220889,117.470620431523 0.697889179554284,117.470683252091 0.697708079499342,117.471100162509 0.697669397089506,117.471700873461 0.697984372676639,117.471677697478 0.698471161179455,117.471436541386 0.698895218843684,117.471038688186 0.699079919800906,117.470571820671 0.698947182958635))",disposal,1.62
662,CRUSHER 3,"POLYGON((117.508018787837 0.549102616774567,117.508972476756 0.548641915167597,117.509315152802 0.549329725415834,117.508090923584 0.549208816624406,117.508018787837 0.549102616774567))",disposal,0.58
664,CRUSHER 2,"POLYGON((117.508049754784 0.549333980544684,117.508123894302 0.5492337920071,117.50934812352 0.549354700798529,117.509250868083 0.549847246813958,117.508049754784 0.549333980544684))",disposal,0.48
666,CRUSHER 1,"POLYGON((117.507981139228 0.549485892119459,117.508065297599 0.549365665874359,117.509266410898 0.549878932143633,117.508800681465 0.550371558791698,117.508613499515 0.550510985850061,117.508318458509 0.550506998809441,117.508162963924 0.550371439428336,117.508027404543 0.55012025586923,117.507967598934 0.549817240782055,117.507981139228 0.549485892119459))",disposal,1.1
504,STP. MERAK UTARA,"POLYGON((117.468392364508 0.570390375869296,117.468561678695 0.57024649095289,117.468885312071 0.570045574523742,117.469152216085 0.570015918522251,117.469425051298 0.570004056121655,117.469703817712 0.570072264925084,117.469736439314 0.570460758544615,117.46966229931 0.570979738570706,117.469353876895 0.571356369789641,117.469100962291 0.571796981509672,117.46862254623 0.572005744881691,117.468218067197 0.57185787082651,117.468131082459 0.571475137977809,117.4681006378 0.570996721916932,117.468191971776 0.570627036778981,117.468392364508 0.570390375869296))",disposal,2.93
500,STP. MELAWAN 1,"POLYGON((117.441260160551 0.608354933131973,117.441245077814 0.60821541781868,117.441490172284 0.607755394353227,117.441622146229 0.607627191092363,117.441778174746 0.60761462031728,117.442027274827 0.607301393475906,117.442387439385 0.607341907231447,117.442527110423 0.607532923988787,117.442449115804 0.607736860833867,117.442176436798 0.608260666028396,117.441810680436 0.60870937744142,117.441260160551 0.608354933131973))",disposal,1.24
34220,STB. OPTIMASI DT,"POLYGON((117.458812079932 0.622659876938545,117.458985030907 0.622625474850801,117.459157981881 0.622659876938545,117.459304602637 0.622757845795774,117.459402571494 0.622904466552064,117.459436973582 0.623077417526392,117.459402571494 0.623250368500719,117.459304602637 0.62339698925701,117.459157981881 0.623494958114239,117.458985030907 0.623529360201983,117.458812079932 0.623494958114239,117.458665459176 0.62339698925701,117.458567490319 0.623250368500719,117.458533088231 0.623077417526392,117.458567490319 0.622904466552064,117.458665459176 0.622757845795774,117.458812079932 0.622659876938545))",disposal,0.77
1653,SUPPORT TSSP THIESSS,"POLYGON((117.414179881923 0.600611538262047,117.416319417556 0.597073075483726,117.419703926617 0.596798046502954,117.421864226515 0.598958346400387,117.419055836648 0.602630856226023,117.414179881923 0.600611538262047))",disposal,33.93
668,CRUSHER 4,"POLYGON((117.507885228939 0.548998569095228,117.507808080503 0.548927313974406,117.507752261935 0.548759858268335,117.507792132341 0.548532596952954,117.507867886113 0.548357167165642,117.508031354778 0.548233568906399,117.508258616093 0.548233568906399,117.508581566384 0.548317296759435,117.508961147874 0.548618018318325,117.508007458955 0.549078719925295,117.507885228939 0.548998569095228))",disposal,0.78
1075,BD. PS KOLIBRI,"POLYGON((117.456174331906 0.620579647580105,117.45634728288 0.620545245492361,117.456520233854 0.620579647580105,117.456666854611 0.620677616437334,117.456764823468 0.620824237193625,117.456799225556 0.620997188167952,117.456764823468 0.62117013914228,117.456666854611 0.62131675989857,117.456520233854 0.621414728755799,117.45634728288 0.621449130843543,117.456174331906 0.621414728755799,117.456027711149 0.62131675989857,117.455929742292 0.62117013914228,117.455895340204 0.620997188167952,117.455929742292 0.620824237193625,117.456027711149 0.620677616437334,117.456174331906 0.620579647580105))",disposal,0.77
34192,MHR SAKURA,"POLYGON((117.461437252001 0.627973504397892,117.461541022586 0.627952863145246,117.46164479317 0.627973504397892,117.461732765624 0.62803228571223,117.461791546938 0.628120258166004,117.461812188191 0.628224028750601,117.461791546938 0.628327799335197,117.461732765624 0.628415771788971,117.46164479317 0.628474553103309,117.461541022586 0.628495194355955,117.461437252001 0.628474553103309,117.461349279547 0.628415771788971,117.461290498233 0.628327799335197,117.46126985698 0.628224028750601,117.461290498233 0.628120258166004,117.461349279547 0.62803228571223,117.461437252001 0.627973504397892))",disposal,0.28
1918,SUPPORT TW 01,"POLYGON((117.498357103832 0.716099007596973,117.498809046507 0.715647064921382,117.499260989183 0.716099007596973,117.498809046507 0.716550950272564,117.498357103832 0.716099007596973))",disposal,0.5
432,M1 ORICA,"POLYGON((117.494070675572 0.555055003508661,117.493481359501 0.553318346413762,117.495113712866 0.553214042684339,117.495504851851 0.554976775711593,117.494070675572 0.555055003508661))",disposal,3.36
2019,DISP. TAHA RL -110,"POLYGON((117.469377675545 0.669679014414994,117.469321525195 0.670634328695432,117.468980524395 0.671964659805856,117.467870122202 0.671907923927359,117.468126068585 0.669822810047594,117.468745475756 0.669427755524509,117.469377675545 0.669679014414994))",disposal,3.56
2505,ESCORT POINT 9,"POLYGON((117.465793938584 0.575185188450582,117.466619602565 0.575270704639473,117.466663232183 0.57528205259449,117.466156558199 0.575893041809915,117.465793938584 0.575185188450582))",disposal,0.36
498,STP. BEO,"POLYGON((117.441154578446 0.609953741326035,117.440828315247 0.610797062723175,117.440725739092 0.611000657270902,117.440595473735 0.611419912686469,117.439182320914 0.61104584282194,117.439666590064 0.60946333795177,117.441154578446 0.609953741326035))",disposal,2.98
2516,ESCORT POIN 3,"POLYGON((117.441127293134 0.614635939759993,117.441892168973 0.614600958348215,117.441541985172 0.615313769029493,117.441114709033 0.614668099129547,117.441127293134 0.614635939759993))",disposal,0.34
2514,ESCORT POINT 5,"POLYGON((117.475282891315 0.6894113475108,117.476021908271 0.689448559477188,117.475618014511 0.690116303430927,117.475282891315 0.6894113475108))",disposal,0.31
1402,BD. PS HELIOS,"POLYGON((117.455091615748 0.621609293479894,117.455543558424 0.621157350804303,117.4559955011 0.621609293479894,117.455543558424 0.622061236155485,117.455091615748 0.621609293479894))",disposal,0.5
2336,DISP. KERTAJATI RL110,"POLYGON((117.427124933846 0.63321230481588,117.428274563792 0.630527362617869,117.431895051368 0.634076914806041,117.431130325909 0.635110096393044,117.427124933846 0.63321230481588))",disposal,11.93
2518,UNDERPAS,"POLYGON((117.43713366919 0.660297670351176,117.438460041639 0.659905525453054,117.439668030809 0.659477042916907,117.439627366101 0.659233054668481,117.440214099746 0.658930973979954,117.440504561946 0.660342620274417,117.439941065277 0.660592417766853,117.439819071153 0.660249672370255,117.438609979394 0.660562944841082,117.435915259178 0.661254671584008,117.435967542374 0.661574180004565,117.435433091925 0.661742648080859,117.43499158938 0.66049366061868,117.435688698662 0.660290337078326,117.43578745581 0.660621463986903,117.43713366919 0.660297670351176))",disposal,5.51
34245,SUPPORT ANGGREK,"POLYGON((117.453227035721 0.626473938260607,117.453399986696 0.626439536172863,117.45357293767 0.626473938260607,117.453719558426 0.626571907117836,117.453817527284 0.626718527874127,117.453851929371 0.626891478848454,117.453817527284 0.627064429822781,117.453719558426 0.627211050579072,117.45357293767 0.627309019436301,117.453399986696 0.627343421524045,117.453227035721 0.627309019436301,117.453080414965 0.627211050579072,117.452982446108 0.627064429822781,117.45294804402 0.626891478848454,117.452982446108 0.626718527874127,117.453080414965 0.626571907117836,117.453227035721 0.626473938260607))",disposal,0.77
34172,MHR KELADI,"POLYGON((117.489509415688 0.697886476530009,117.489682366662 0.697852074442265,117.489855317637 0.697886476530009,117.490001938393 0.697984445387238,117.49009990725 0.698131066143529,117.490134309338 0.698304017117856,117.49009990725 0.698476968092184,117.490001938393 0.698623588848474,117.489855317637 0.698721557705703,117.489682366662 0.698755959793447,117.489509415688 0.698721557705703,117.489362794932 0.698623588848474,117.489264826074 0.698476968092184,117.489230423987 0.698304017117856,117.489264826074 0.698131066143529,117.489362794932 0.697984445387238,117.489509415688 0.697886476530009))",disposal,0.77
1509,DISP. IN PIT TM,"POLYGON((117.450057771959 0.578452011534275,117.447789730938 0.576543351019918,117.450776417982 0.573688985554309,117.452846205592 0.575784504870241,117.450057771959 0.578452011534275))",disposal,14.49
2399,DISP. HYDROS 3 RL50,"POLYGON((117.44788539904 0.715974424236302,117.446405979722 0.716366990541859,117.446053009705 0.715418399358219,117.446050205921 0.715295963159404,117.448078911145 0.714672299285522,117.44788539904 0.715974424236302))",disposal,2.64
1449,STB. POOLING TULIP,"POLYGON((117.45564656398 0.626255248367347,117.455819514954 0.626220846279603,117.455992465929 0.626255248367347,117.456139086685 0.626353217224576,117.456237055542 0.626499837980866,117.45627145763 0.626672788955194,117.456237055542 0.626845739929521,117.456139086685 0.626992360685812,117.455992465929 0.627090329543041,117.455819514954 0.627124731630785,117.45564656398 0.627090329543041,117.455499943224 0.626992360685812,117.455401974367 0.626845739929521,117.455367572279 0.626672788955194,117.455401974367 0.626499837980866,117.455499943224 0.626353217224576,117.45564656398 0.626255248367347))",disposal,0.77
1828,SETPOND KELAYANG,"POLYGON((117.492582958661 0.712736667212963,117.492755909635 0.712702265125219,117.49292886061 0.712736667212963,117.493075481366 0.712834636070192,117.493173450223 0.712981256826483,117.493207852311 0.71315420780081,117.493173450223 0.713327158775138,117.493075481366 0.713473779531428,117.49292886061 0.713571748388657,117.492755909635 0.713606150476401,117.492582958661 0.713571748388657,117.492436337905 0.713473779531428,117.492338369048 0.713327158775138,117.49230396696 0.71315420780081,117.492338369048 0.712981256826483,117.492436337905 0.712834636070192,117.492582958661 0.712736667212963))",disposal,0.77
1549,M2 ORICA,"POLYGON((117.497121559658 0.554862041609227,117.495603940394 0.554950699779237,117.495221019135 0.553255621868441,117.497152850776 0.553375713464945,117.497121559658 0.554862041609227))",disposal,3.37
2039,LIMING KELAYANG,"POLYGON((117.495742985295 0.710185810911032,117.495915936269 0.710151408823288,117.496088887244 0.710185810911032,117.496235508 0.710283779768261,117.496333476857 0.710430400524552,117.496367878945 0.710603351498879,117.496333476857 0.710776302473207,117.496235508 0.710922923229497,117.496088887244 0.711020892086726,117.495915936269 0.71105529417447,117.495742985295 0.711020892086726,117.495596364539 0.710922923229497,117.495498395681 0.710776302473207,117.495463993594 0.710603351498879,117.495498395681 0.710430400524552,117.495596364539 0.710283779768261,117.495742985295 0.710185810911032))",disposal,0.77
34111,ZONE_CDS_HYDROS2_RL60_FD,"POLYGON((117.446475345603 0.711090966166812,117.446489454059 0.711076543838226,117.446541759546 0.7109852271408,117.446540061296 0.710895037532083,117.446537032961 0.710804992805115,117.446536256129 0.71076400081866,117.446535343701 0.710714803195351,117.446533573557 0.710624613593378,117.446545014525 0.710534287000636,117.446543316267 0.710443961686332,117.446553211445 0.710353626197236,117.4465690022 0.710263299181938,117.446584370532 0.710172682703283,117.446590751733 0.710082356603599,117.446596720102 0.710091683504075,117.446610833196 0.710125608468337,117.446624810222 0.710146388121085,117.446669753978 0.710229363045087,117.446699597669 0.710295231516317,117.446781274459 0.710497931163933,117.446799536152 0.710589250035153,117.446803758735 0.710668411074099,117.446807480505 0.710679719490283,117.446815839474 0.710689190909272,117.446835711088 0.710699647332626,117.44688324564 0.710714914077885,117.446973118304 0.710726069350034,117.447018055403 0.710739635506219,117.447057509263 0.710742038170245,117.447076750457 0.710738779367348,117.447096692134 0.710730155611792,117.447106452623 0.71073467817195,117.44712997978 0.710815393413633,117.447171832695 0.710905859558426,117.447209058069 0.711005092717614,117.447224854193 0.711064177280214,117.447245925536 0.711120719114748,117.447249019296 0.711143336368747,117.447244958113 0.711247232768851,117.447233093491 0.711324278368106,117.447232615805 0.711403439859847,117.447248976792 0.711448673374986,117.447287402045 0.711595403279078,117.447296107089 0.711652226775966,117.447295479826 0.71167130700704,117.447290421485 0.711686153664258,117.447276529214 0.71170566040026,117.447269080247 0.711720082080833,117.447269080288 0.711720507290875,117.447186658561 0.711715566614461,117.447104156003 0.711711195906755,117.447022003713 0.711704418655294,117.446940138888 0.711696365743975,117.446858265063 0.711688177126548,117.446776543922 0.711678993320073,117.446683936734 0.7117362519098,117.446676774877 0.711745724841052,117.446665820901 0.711760002111204,117.446487692573 0.711731041857807,117.446475345603 0.711090966166812))",disposal,1.02
34022,ZONE_CDS_TIMUR_RL90_FD,"POLYGON((117.45237810269 0.715615876903675,117.45237635173 0.715631564602746,117.452371998634 0.715689520217594,117.452369756248 0.715734475061338,117.452367513876 0.71577957465735,117.452365271462 0.715824239996631,117.452363029076 0.715869194840429,117.452358683695 0.715914149893087,117.452351246702 0.715958815748317,117.452343594003 0.716003345919805,117.452341351619 0.716048300763749,117.452339109233 0.716093246560694,117.452334341443 0.716138065950293,117.452326059657 0.716182731889741,117.452288717682 0.716271224460601,117.452199267642 0.716263036749362,117.452144993678 0.716258093421798,117.452150042995 0.716243111061903,117.452131848667 0.716107407628648,117.452133310707 0.715986403644416,117.452116292391 0.715745528531841,117.452107516229 0.715697607358672,117.452087074149 0.71564375250021,117.452063196551 0.715565154393066,117.452033983792 0.715519361294941,117.452020282086 0.715465505766612,117.452006385472 0.715440347392704,117.451987986524 0.715417586924388,117.451979347648 0.715394970240423,117.451973088158 0.715349735779892,117.451972031128 0.715293192033213,117.451962553128 0.715236649121247,117.45195019249 0.715203004492992,117.451934452764 0.715078329121564,117.451930777602 0.714900501333348,117.451922975479 0.714795610999144,117.451916357904 0.714580745016788,117.451893310552 0.714445042053491,117.451892752534 0.714436700759642,117.451886002263 0.714335347703397,117.451863103903 0.714252795945148,117.451842589836 0.714105783958129,117.451837743963 0.714087409947176,117.451821797016 0.714049242162427,117.451807405261 0.71401531727434,117.451791523879 0.71391226428021,117.451781554043 0.713880745460672,117.4517649783 0.713845689910815,117.451747842402 0.713780381192685,117.45174411189 0.713771759754743,117.451845123209 0.713450861139195,117.451758243536 0.713166033456564,117.450014909256 0.709215064627035,117.450010629993 0.709200788849966,117.44999763038 0.709157391572269,117.449984567843 0.709113849548225,117.449971577205 0.709070316563964,117.449958514669 0.709026774539517,117.449945515057 0.708983377261016,117.449932452523 0.708939844283184,117.449919461886 0.708896302251099,117.449906399353 0.708852769272863,117.449893408717 0.708809227240375,117.449880337211 0.7087658299679,117.449867346576 0.708722296982029,117.449854284044 0.708678754955967,117.449841221514 0.708635221976722,117.449828230894 0.708591824695533,117.449815168364 0.708548291715885,117.449802168744 0.708504749682867,117.449789106215 0.708461216702814,117.449776115597 0.708417819420823,117.449763053069 0.708374277393348,117.449750053451 0.708330744406545,117.449736990924 0.708287202378666,117.449724000308 0.708243805095871,117.449710937782 0.708200272114609,117.449697938165 0.708156730079981,117.44968487564 0.708113197098315,117.449673008761 0.708073337089584,117.449671885012 0.708069655062408,117.449460506785 0.70694431691736,117.449448835368 0.706787406544498,117.449576838981 0.706783856689184,117.450162403995 0.706767261645495,117.450264925653 0.706915260868104,117.45029413794 0.706957380935646,117.450456495362 0.707191592391743,117.450554004994 0.707834210670593,117.450985959335 0.708629880759607,117.452238241656 0.712736397502694,117.45231668867 0.712993514987243,117.452458848118 0.713459847445215,117.452193943976 0.714301390901605,117.45237810269 0.715615876903675))",disposal,8.79
34020,ZONE_CDS_TIMUR_RL70_FD,"POLYGON((117.452996930076 0.711833312736043,117.452948146721 0.711914315486101,117.452921189246 0.711955174472144,117.452946963666 0.71203970723298,117.452964101681 0.712126783058548,117.452986371211 0.712212302289348,117.453012145636 0.712296826001022,117.453036167016 0.712375704548035,117.453058570751 0.712455008464187,117.453082592134 0.712533887009866,117.453106613505 0.712612620802628,117.45313063489 0.712691490299933,117.453154719175 0.71277023313212,117.453248667519 0.712827609040506,117.453308635141 0.712882029939085,117.453265675319 0.712961476032084,117.45324685963 0.712996399373449,117.453203827523 0.713071882881883,117.453172658876 0.713151617312085,117.453134335857 0.713225263810773,117.453108081566 0.71328845981161,117.453110757858 0.713361116122917,117.453100159692 0.713429394994787,117.453065412288 0.713490040580097,117.452984882302 0.713530199214679,117.452949852064 0.713547582002473,117.452976661363 0.713461922206914,117.452789138212 0.712847449414033,117.452710754107 0.712590467651694,117.451559186592 0.708814293225461,117.451444842731 0.708439278444419,117.45109948598 0.707803198398918,117.451803952117 0.708819507418265,117.452428877483 0.709970678779384,117.452996930076 0.711833312736043))",disposal,2.58
34018,ZONE_CDS_TIMUR_RL50_FD,"POLYGON((117.453293194256 0.711180442029129,117.453183839575 0.710821820119962,117.452993080304 0.710196464035768,117.452675359704 0.710033649085715,117.45323630433 0.710245492951432,117.453300055612 0.710301180081454,117.453372658205 0.710346272281365,117.453455378801 0.71037566690958,117.45353127917 0.710415520558125,117.453555995708 0.710434743021973,117.453623683104 0.710487742791124,117.453626918727 0.710490293729422,117.453630929617 0.71060931585372,117.45362924825 0.710693561817428,117.453627225373 0.710777816861921,117.45363116095 0.710861781812834,117.453635105515 0.710945746762733,117.453634619444 0.711030001655151,117.453631607984 0.711114247750322,117.45362305148 0.711198783898507,117.45363219061 0.711282612629072,117.453626087586 0.711367003782405,117.453616901984 0.711451539993105,117.453618797499 0.711535649897659,117.453621337191 0.711590067437409,117.453622670134 0.711619189644546,117.453630117157 0.711677144081044,117.453631947335 0.711736374702462,117.453620296865 0.711704430848281,117.453605195314 0.711672342583329,117.453598587548 0.711649725701528,117.453588401376 0.711519531126152,117.453578843243 0.711470479160075,117.453565926815 0.711451119827324,117.453545767046 0.711434864337037,117.453536221586 0.711423556513383,117.453522665814 0.711391323342003,117.453520984968 0.711388781297221,117.453509751043 0.711388927160743,117.453503361715 0.711394437424592,117.453487284239 0.711399957693801,117.453465023173 0.711401090772586,117.453442349112 0.711406457894926,117.453419882584 0.711420320143344,117.453408648574 0.711419606540292,117.453397413627 0.711409294054813,117.453386178348 0.71139557989181,117.453373044229 0.711355720044226,117.453365384968 0.711333103265013,117.453353097393 0.711311192610514,117.453344179863 0.711287870288416,117.453344179863 0.711287870288416,117.453335962296 0.711253944795828,117.453326478644 0.711231328196677,117.45330752223 0.711205600360796,117.453293194256 0.711180442029129))",disposal,0.6
34344,DISP. HYDROS 3 RL60,"POLYGON((117.447029116371 0.718977321542101,117.447791525138 0.718155150281949,117.450048372209 0.718886135963127,117.449184747283 0.720022534011246,117.447029116371 0.718977321542101))",disposal,3.55
34335,DISP. IPD MERAK RL-40B,"POLYGON((117.472968056941 0.694576602893138,117.473098509112 0.694481438746264,117.473287628672 0.694444231948165,117.473460579646 0.694478634035909,117.473607200402 0.694576602893138,117.473705169259 0.694723223649429,117.473739571347 0.694896174623756,117.473705169259 0.695069125598084,117.473607200402 0.695215746354374,117.473460579646 0.695313715211603,117.473287628672 0.695348117299347,117.473114677697 0.695313715211603,117.472968056941 0.695215746354374,117.472870088084 0.695069125598084,117.472835685996 0.694896174623756,117.472968056941 0.694576602893138))",disposal,0.76
34019,ZONE_CDS_TIMUR_RL60_FD,"POLYGON((117.453294775079 0.711114470814296,117.453287470661 0.711136383406021,117.453270000371 0.711236038000552,117.453307574722 0.711318588295221,117.453307574722 0.711318588295221,117.453346200544 0.711400858027248,117.453328586465 0.711500521682954,117.453325710874 0.711595651326779,117.453342858056 0.711684572737656,117.453369126922 0.711770652482809,117.453395386804 0.711856741275054,117.453426850083 0.711941128712677,117.453446028313 0.71202947995797,117.453469421381 0.71211641040404,117.453488950084 0.712204472108924,117.45348958029 0.712215780814575,117.453477713476 0.712177196473152,117.453466479534 0.71217719758567,117.453464790198 0.712179739964036,117.453455382084 0.712194442294274,117.453444014136 0.71220264001518,117.453399076212 0.712180596890624,117.453309205363 0.712187671506886,117.453275504088 0.712193329227312,117.453239968811 0.712192627077697,117.453199669763 0.712185981510558,117.453196865992 0.712188243541761,117.453182673674 0.712171851755508,117.453143144857 0.712137929361579,117.45313450649 0.712120397101494,117.453132536703 0.712104004105396,117.453136610246 0.712036151090561,117.453131620167 0.712013534046996,117.453123332907 0.712002226098234,117.453106975639 0.711995587207483,117.453095740799 0.7119863965517,117.453076703137 0.711956995636235,117.453050800228 0.711937203329491,117.45303956485 0.711922503041305,117.45302046279 0.711877839817171,117.45300585723 0.711863139862018,117.452996230264 0.711845471993518,117.452996930076 0.711833312736043,117.452428877483 0.709970678779384,117.451803952117 0.708819507418265,117.452508418646 0.70983595183214,117.452676940527 0.709967677870882,117.452994661127 0.710130492820934,117.453185420397 0.710755848905128,117.453294775079 0.711114470814296))",disposal,1.37
34153,DISP. KELADI RL25,"POLYGON((117.498763748541 0.700231100853557,117.498936699515 0.700196698765813,117.499256271246 0.700329069710786,117.499354240103 0.700475690467076,117.499354240103 0.700821592415731,117.499383323064 0.701131873477952,117.499002594793 0.70157117532936,117.498343642016 0.701728591826114,117.497732280273 0.70129661167223,117.497867731677 0.700813379635682,117.498266764192 0.700381399481798,117.498763748541 0.700231100853557))",disposal,2.22
34346,DISP. SRIGUNTING RL50S,"POLYGON((117.440719667043 0.679221208856474,117.442608298134 0.678983216695989,117.442926757445 0.680299923465387,117.44062775441 0.680106291462767,117.440719667043 0.679221208856474))",disposal,2.84
34348,DISP. CADAS RL60,"POLYGON((117.459848721834 0.717041161046197,117.460434814017 0.717195084245857,117.460647938447 0.717467409906795,117.460742660416 0.717982460613352,117.460239449956 0.718313987504928,117.459694798634 0.718420549720078,117.459428393096 0.718355428366375,117.459215268666 0.718100863074629,117.459309990635 0.717698294706286,117.45941655285 0.717431889168412,117.45955271568 0.717124042769091,117.459848721834 0.717041161046197))",disposal,1.89
34278,STP. ADISUDIPTO,"POLYGON((117.477033014593 0.676956184838973,117.476932874601 0.676212837979872,117.476898210758 0.67544638189199,117.476952132292 0.67469918349476,117.47707923305 0.67407523431769,117.477387356101 0.673894212025578,117.477876501443 0.673855696644277,117.478342537557 0.673878805873057,117.478669918298 0.67407138277956,117.478723839832 0.674279365838583,117.478743097523 0.674514309664517,117.478708433679 0.67470688657102,117.478639105993 0.674895611939392,117.478242809304 0.674892201209779,117.478107593731 0.674899463477523,117.478034414507 0.674980345778254,117.478096039117 0.675511858040201,117.47813070296 0.675947081848898,117.478057523735 0.676528664106536,117.477953532206 0.676948481762713,117.477033014593 0.676956184838973))",disposal,4.9
502,STP. MELATI,"POLYGON((117.442701875424 0.615693700235234,117.442240690541 0.615067806465563,117.441878025473 0.613840390334968,117.441535410026 0.613509187716286,117.441116269957 0.612879915988721,117.44113614184 0.612204271965843,117.441425942576 0.611836608667863,117.441904521317 0.611316661190691,117.442421115316 0.610977477097528,117.442725892482 0.611111318399424,117.443757921809 0.612025113242038,117.444295332838 0.613053751540712,117.444121746613 0.613330382525051,117.444123548255 0.6140192372822,117.443798974166 0.614853856369284,117.443361792739 0.615284413834843,117.442701875424 0.615693700235234))",disposal,11.37
2419,STOCK SCOREA KENARI,"POLYGON((117.479976392207 0.709343331028504,117.480149343181 0.70930892894076,117.480322294155 0.709343331028504,117.480468914912 0.709441299885733,117.480566883769 0.709587920642023,117.480601285856 0.709760871616351,117.480566883769 0.709933822590678,117.480468914912 0.710080443346969,117.480322294155 0.710178412204198,117.480149343181 0.710212814291942,117.479976392207 0.710178412204198,117.47982977145 0.710080443346969,117.479731802593 0.709933822590678,117.479697400505 0.709760871616351,117.479731802593 0.709587920642023,117.47982977145 0.709441299885733,117.479976392207 0.709343331028504))",disposal,0.77
460,STP. ELANG,"POLYGON((117.443722161554 0.60856144218643,117.442271675061 0.609390215638889,117.442125554688 0.609240146066679,117.44189650113 0.609003194110558,117.441971535917 0.608710953364676,117.442356999073 0.608169716840458,117.443238865273 0.606948627393237,117.443942057454 0.607185658465585,117.444363446027 0.607636017503044,117.444200157955 0.608355011755831,117.443722161554 0.60856144218643))",disposal,3.87
34284,DISP. LR KERTAJATI,"POLYGON((117.427118262341 0.631017100893026,117.427895743892 0.630932723050302,117.428359822027 0.631002033421111,117.42880883269 0.631457071072944,117.429289607054 0.631761662760276,117.428971347947 0.633098612926206,117.427941645677 0.632813801660083,117.427994519448 0.632180351077136,117.427896550591 0.632033730320846,117.426967587622 0.631098465241367,117.427118262341 0.631017100893026))",disposal,3.27
34211,SUPPORT KALTIM,"POLYGON((117.496522860842 0.72661488744512,117.496842432573 0.726482516500147,117.497162004303 0.72661488744512,117.497294375248 0.726934459175738,117.497162004303 0.727254030906356,117.496842432573 0.727386401851329,117.496522860842 0.727254030906356,117.496390489897 0.726934459175738,117.496522860842 0.72661488744512))",disposal,0.71
34207,SUPPORT BALIKPAPAN,"POLYGON((117.498632852468 0.717090799758536,117.498952424199 0.716958428813563,117.49927199593 0.717090799758536,117.499404366875 0.717410371489154,117.49927199593 0.717729943219772,117.498952424199 0.717862314164745,117.498632852468 0.717729943219772,117.498500481523 0.717410371489154,117.498632852468 0.717090799758536))",disposal,0.71
34135,ZONE_CDS_SRIGUNTING_RL60,"POLYGON((117.441057767495 0.682299596366893,117.44098628789 0.682342295902334,117.440933079096 0.682385138504285,117.440920010856 0.682374391836969,117.440870440919 0.682308380223086,117.440847971516 0.682290568691076,117.440817984758 0.682227386990098,117.440810818942 0.682193461283447,117.440786799204 0.682125610763157,117.440766079794 0.682080377516512,117.440748318174 0.682046452786131,117.440724373498 0.68201337904638,117.440702530624 0.681967295481329,117.440676057408 0.681899445184784,117.440633010931 0.681820287625034,117.440613415043 0.681776465609303,117.440606525647 0.681718510959528,117.440614100684 0.68160753937233,117.440612202181 0.681583085420771,117.440601736109 0.681527248105498,117.440591550539 0.68149233654835,117.440560511879 0.68142448666863,117.440501176658 0.681300095444151,117.440492323327 0.681288787469217,117.440477161454 0.681282003590645,117.440420991444 0.681275793448293,117.44039852319 0.68127055728407,117.440319883297 0.681241161664693,117.440294818218 0.681240883512201,117.440230012927 0.681249375588502,117.440211469119 0.681357607504814,117.440116795213 0.681335967754792,117.440041056088 0.681308918067264,117.439984251744 0.681289983285995,117.4390314122 0.681615634805565,117.438291732315 0.680965822570518,117.438513048901 0.680656980811815,117.43882111518 0.680589396379025,117.438840708926 0.68020796339019,117.438727241488 0.680150859849806,117.438468994353 0.680123317160051,117.43845523492 0.680121481870321,117.438423213446 0.680117106033748,117.438337906749 0.680105660287501,117.438294377718 0.680056330787578,117.438284679604 0.680045022880872,117.438196561333 0.679949331401853,117.438170225489 0.679909327820837,117.438142703895 0.679875403954995,117.438106680889 0.679845859630006,117.43808715845 0.679818865061361,117.438059916477 0.679796249962248,117.438042075023 0.679773634004458,117.438028035984 0.679760634697322,117.43799741501 0.679739711701482,117.437983097853 0.679732077311137,117.437949395371 0.67972303335289,117.437942016418 0.679717099171559,117.437919688359 0.679671866034923,117.437905550515 0.679360025076906,117.437926871555 0.679100626545605,117.43799426431 0.678983153698314,117.438015112268 0.678959403330558,117.438061662838 0.678929851469479,117.438072896471 0.678927027770094,117.438084131058 0.678934798148324,117.438092130782 0.678948087512761,117.438103788081 0.678959395242925,117.438117835226 0.678962641847081,117.438126534456 0.678959393168089,117.438162767721 0.678928711368215,117.438196468136 0.678914857283849,117.438217461833 0.678912738362511,117.43824140404 0.678918815785417,117.438283528239 0.678936761258462,117.438297575983 0.678946657432371,117.438331280597 0.678979449856591,117.438353749211 0.678988775298481,117.438398685395 0.678995836930816,117.438443621389 0.679000781556628,117.438477323037 0.67900064277437,117.438503933587 0.678997528165046,117.438528854039 0.678988614560971,117.438547950322 0.678973911386736,117.438608886229 0.678910866088543,117.438617521592 0.678897005243737,117.438622930316 0.67888018631342,117.438618568512 0.678846260333721,117.438620401245 0.67883919443273,117.438701918221 0.678882440858798,117.438764483106 0.678944778255405,117.438828800312 0.679005269895112,117.438891365213 0.679067742993442,117.438955826216 0.679128243663211,117.439020008634 0.679188880062026,117.439087345247 0.679246403990908,117.439155032335 0.679303656474724,117.439225460235 0.679358067937262,117.439296445275 0.67941178272517,117.439370881072 0.679462240263139,117.439444535055 0.679513403539103,117.439514684374 0.679567959771278,117.439583638523 0.679623791742517,117.439651882781 0.679680609903343,117.4397144477 0.679743092025185,117.439742813268 0.679767968765255,117.440488532152 0.68051187396474,117.441002475502 0.681967412581132,117.441021155545 0.682020417413441,117.441057767495 0.682299596366893))",disposal,5.44
34187,DISP. HYDROS 3 RL40,"POLYGON((117.448754576999 0.715464251547218,117.448421700578 0.717269465984921,117.445534637771 0.718031240871753,117.445368199561 0.716078792632393,117.448754576999 0.715464251547218))",disposal,7.18
34241,RFU. SUPERNOVA,"POLYGON((117.459924361807 0.623911998583418,117.460376304483 0.623460055907827,117.460828247158 0.623911998583418,117.460376304483 0.624363941259009,117.459924361807 0.623911998583418))",disposal,0.5
34030,ZONE_CDS_DELTA_RL60_FD,"POLYGON((117.44952218162 0.698346104719271,117.449530403083 0.698422153177519,117.449530125313 0.698525488266065,117.449527531941 0.698566625315468,117.449524516912 0.69861553379563,117.449519681365 0.698705163087941,117.449513237162 0.698795208698199,117.44951514198 0.698884973046655,117.449510791754 0.698974737997688,117.449521261312 0.699064492473733,117.449524711907 0.69915412096764,117.449511239771 0.699244167255459,117.449510268711 0.699333931880876,117.449509081961 0.699423687480058,117.449510986801 0.699513596580478,117.449512891628 0.699603360928498,117.449512262056 0.699692836016234,117.449522453024 0.69978259956484,117.449520777261 0.699833353508151,117.449517694285 0.699923679252297,117.449479778948 0.699938239565295,117.44939580621 0.6999703374458,117.449319139177 0.699993668058394,117.449239308039 0.700010358462478,117.449154569008 0.700017432356126,117.449150147419 0.700018283202343,117.449156947694 0.699986898433102,117.449160314119 0.699947462146846,117.449151466797 0.699905620530605,117.449128992652 0.6998393261316,117.449095282801 0.699754233106366,117.449072736909 0.699689485753479,117.449046928281 0.698485112680021,117.448910800055 0.697915299170437,117.448480865111 0.696115263673254,117.448199061225 0.694935369023747,117.448229814521 0.694928436067748,117.448242944714 0.694928434813579,117.448308452897 0.694939167370462,117.448340464751 0.694936061183711,117.448365672736 0.694926441791356,117.448398321116 0.694906788541169,117.448421838122 0.694882332195061,117.448429916176 0.69486777476567,117.448435109096 0.694850385894259,117.448433767588 0.694824656293438,117.448421620649 0.694768113569851,117.448419791998 0.694722878637202,117.448423294845 0.694700260748911,117.44843137214 0.694677642423665,117.448439513411 0.694666332869152,117.448482054684 0.69462618717126,117.448489566508 0.694611195539219,117.448490482875 0.694607802818659,117.448490339081 0.694607802832396,117.448552483003 0.694681303943633,117.448579452115 0.694763294520411,117.448643069889 0.694836370277306,117.448694966226 0.694885843474669,117.448695811109 0.694886829519192,117.448961449831 0.695999026753232,117.449391393875 0.697799053047054,117.44952218162 0.698346104719271))",disposal,3.11
34115,ZONE_CDS_HYDROS3_RL60_FD,"POLYGON((117.447791525138 0.718155150281949,117.446592124649 0.717142987965068,117.446565451794 0.715761627794538,117.447629514372 0.714924529121847,117.447682311003 0.714893845490198,117.447754553616 0.714839981480634,117.447828764758 0.714789654663135,117.447905564476 0.714742150261986,117.447987640301 0.714701285856117,117.448078911145 0.714672299285522,117.448174334591 0.714648821941776,117.448254154372 0.714605279837032,117.448251908307 0.714612770990965,117.448250301632 0.714633687861128,117.448252200308 0.714658286524468,117.448266594433 0.714716810288592,117.448289562122 0.714773351912452,117.448302554059 0.714829894516127,117.448306915028 0.714852511639662,117.448309868302 0.714909055229602,117.44830988252 0.715055644106584,117.448316347624 0.715089995009077,117.448327089482 0.715112611505064,117.448353064585 0.715135226503242,117.448366547254 0.715155011011971,117.448368732507 0.715169151290523,117.448364664421 0.715201096720783,117.448355319621 0.715220186853463,117.448338056907 0.715237006962542,117.448332854366 0.715247610582469,117.448332091623 0.715259625101071,117.448336093587 0.715287190979855,117.447291199363 0.716109161284414,117.447304540363 0.716799556317866,117.448302971108 0.717642242308187,117.448296092454 0.717698931618703,117.448301232345 0.717783321720911,117.448297580816 0.717847501646245,117.448301097181 0.71787195539625,117.448310642507 0.717881707142581,117.448411751998 0.717920852668175,117.448443917676 0.717926929090589,117.448454028133 0.717925797214866,117.448467220461 0.717917174101872,117.448475010823 0.717901621504497,117.448489686185 0.717894554332614,117.448524088883 0.717892569638437,117.448533363836 0.71789455002012,117.448546557981 0.717904581862956,117.448625421491 0.718007909141008,117.448647470301 0.718041552831507,117.44866418076 0.718075477506714,117.448681384397 0.718097948605351,117.448684549301 0.718112513995233,117.44868475901 0.718143328125422,117.448700012281 0.718256414370891,117.448715107381 0.7183142323851,117.448719542344 0.718358191417815,117.448726914031 0.718380808239585,117.44876005507 0.718435512294217,117.448782527262 0.718479189085505,117.448794959058 0.718505198039029,117.448822630402 0.718595665503209,117.448842933371 0.718697442470371,117.448883664558 0.718803035258108,117.448906136422 0.718843319414394,117.448915762899 0.718855758114209,117.448951076688 0.718888405314279,117.448996019206 0.718956543019409,117.44901659315 0.718980144657421,117.449065964108 0.719025374868277,117.449097134924 0.719059153353369,117.449141445014 0.719093220041307,117.44921327713 0.719161065573113,117.449232098495 0.719183826009648,117.449243055738 0.719203049840518,117.449173184068 0.71914792422524,117.449104094173 0.719091667652933,117.449035282854 0.719035130593296,117.448965483072 0.71897986925917,117.448885502011 0.718936759078225,117.448823430276 0.718872024745117,117.448757638307 0.718811949993379,117.448689599809 0.718754562426747,117.448621552327 0.718697183905915,117.448553513818 0.71863965158274,117.448485475326 0.7185822730568,117.448417427847 0.71852488548262,117.448349389342 0.718467353153114,117.448281350855 0.718409974620849,117.448212395786 0.718353718007552,117.448142245562 0.71829887284536,117.448066200431 0.718250967327859,117.447986650729 0.718207431865029,117.447905339763 0.718166167375896,117.447791525138 0.718155150281949))",disposal,4.32
188,ESCORT POIN 5,"POLYGON((117.475466775911 0.689250282489144,117.475639726886 0.6892158804014,117.47581267786 0.689250282489144,117.475959298616 0.689348251346373,117.476057267473 0.689494872102663,117.476091669561 0.689667823076991,117.476057267473 0.689840774051318,117.475959298616 0.689987394807609,117.47581267786 0.690085363664838,117.475639726886 0.690119765752582,117.475466775911 0.690085363664838,117.475320155155 0.689987394807609,117.475222186298 0.689840774051318,117.47518778421 0.689667823076991,117.475222186298 0.689494872102663,117.475320155155 0.689348251346373,117.475466775911 0.689250282489144))",disposal,0.77
146,FRONT EX309,"POLYGON((117.450486125197 0.571196259950015,117.449538219834 0.571780949239452,117.449039935312 0.571079541552415,117.449781647066 0.570455962643958,117.450486125197 0.571196259950015))",front,1.2
80,FRONT EX1854,"POLYGON((117.455899699924 0.693811076792868,117.455645401301 0.693060573257902,117.456703140633 0.692767713930908,117.456588716462 0.693407461712602,117.455899699924 0.693811076792868))",front,0.78
78,FRONT EX1161,"POLYGON((117.442498517491 0.671224728205984,117.442816052227 0.670176125124592,117.443694811147 0.670301662113209,117.443347738296 0.671461033125734,117.442498517491 0.671224728205984))",front,1.25
177,FRONT EX1778,"POLYGON((117.442013222768 0.664773826510986,117.441189963611 0.665186796902066,117.440618777291 0.663904979714168,117.441111016877 0.663347629712371,117.442013222768 0.664773826510986))",front,1.54
175,FRONT EX1282,"POLYGON((117.441397717437 0.666820789472097,117.441372748795 0.667624943637883,117.440739582181 0.66761347322821,117.440760228918 0.66676466291239,117.441397717437 0.666820789472097))",front,0.65
190,FRONT EX1802,"POLYGON((117.439890950604 0.666870205844925,117.440495958778 0.666681919549395,117.440752711337 0.66691861936929,117.440749483769 0.667305927564215,117.440323444755 0.667460850842185,117.439900633308 0.667464078410476,117.439890950604 0.666870205844925))",front,0.67
27,FRONT EX1853,"POLYGON((117.466140346886 0.69830148552729,117.466454137556 0.697150919738797,117.467428540161 0.697459205308919,117.467010152602 0.698554720102748,117.466140346886 0.69830148552729))",front,1.4
194,FRONT EX1843,"POLYGON((117.455763955088 0.69534986102537,117.457562683084 0.694910334152499,117.457972377141 0.69683717651331,117.456800908197 0.697035622072064,117.455763955088 0.69534986102537))",front,3.59
167,FRONT EX1773,"POLYGON((117.454623684197 0.703658211931643,117.454676958836 0.703038894251341,117.455149363435 0.702651654716031,117.456364299992 0.702698108172624,117.455917207402 0.704327170052006,117.454623684197 0.703658211931643))",front,2.42
141,FRONT EX2385,"POLYGON((117.442240256424 0.612709293526951,117.442664962876 0.612475704978454,117.442796621876 0.612853693720567,117.442368505955 0.613037444977053,117.442240256424 0.612709293526951))",front,0.22
156,FRONT EX2393,"POLYGON((117.442831837489 0.613557380850511,117.442219337071 0.613708567544489,117.442142782937 0.613163119343553,117.442520842018 0.613004500011694,117.442654738705 0.613230104210334,117.442831837489 0.613557380850511))",front,0.37
179,FRONT EX1743,"POLYGON((117.494347361036 0.730622759547105,117.493617803485 0.730179708403274,117.494435971264 0.729004146034976,117.495279536405 0.729371949648711,117.494347361036 0.730622759547105))",front,1.61
148,FRONT EX2406,"POLYGON((117.442936440269 0.613298770533274,117.443169610292 0.612926411134925,117.443571531046 0.613291066837482,117.443304417778 0.613610424954201,117.442936440269 0.613298770533274))",front,0.27
92,FRONT EX1769,"POLYGON((117.439334262045 0.663499915015305,117.438543507814 0.66329980578126,117.438501549426 0.663006097066776,117.43866292784 0.662696250510836,117.439463364777 0.663167475481328,117.439334262045 0.663499915015305))",front,0.55
192,FRONT EX756,"POLYGON((117.470114616424 0.712289637696595,117.471029229288 0.713187313285261,117.470224708713 0.71453382666826,117.468988287619 0.714118863424442,117.470114616424 0.712289637696595))",front,2.88
59,FRONT EX1240,"POLYGON((117.458730612398 0.674386965455275,117.457580719647 0.674653904843842,117.457159776765 0.673278140302767,117.458289135717 0.672959866416399,117.458730612398 0.674386965455275))",front,2.12
152,FRONT EX2396,"POLYGON((117.438416117286 0.608938982921467,117.439023002187 0.609400515260389,117.438753816676 0.60982698963032,117.438132519554 0.60961678150166,117.438416117286 0.608938982921467))",front,0.53
173,FRONT EX1281,"POLYGON((117.456915368117 0.699087576989911,117.455901490715 0.69908980062817,117.455993787416 0.69809012716066,117.457006100759 0.697971119118214,117.456915368117 0.699087576989911))",front,1.31
21,FRONT EX768,"POLYGON((117.456619356796 0.576711868483835,117.455360605162 0.576356835971821,117.455618810626 0.576156726737776,117.456060987482 0.576189002420687,117.456719411413 0.576153499169485,117.456619356796 0.576711868483835))",front,0.57
69,FRONT EX1166,"POLYGON((117.461185353824 0.692219698894115,117.461865426474 0.69229816881527,117.46190204577 0.693166569276048,117.4611395566 0.693026730815494,117.461185353824 0.692219698894115))",front,0.74
108,FRONT EX1170,"POLYGON((117.497590770553 0.728116997379777,117.49659696027 0.727230212819642,117.497809918462 0.726226209610754,117.498737474726 0.727097704781921,117.497590770553 0.728116997379777))",front,2.47
112,FRONT EX1722,"POLYGON((117.469103514037 0.710577036690178,117.468593312969 0.710604839381867,117.46864452076 0.709614109471181,117.469328075524 0.709627321594562,117.469103514037 0.710577036690178))",front,0.71
102,FRONT EX765,"POLYGON((117.473147866019 0.714460960974647,117.473271412822 0.713114809020741,117.47409535502 0.713040303243255,117.473904851956 0.7141063097523,117.473637337015 0.714483262624319,117.473147866019 0.714460960974647))",front,1.25
45,FRONT EX1842,"POLYGON((117.462242434707 0.69368599509591,117.462132058615 0.692771768789981,117.46270498546 0.692659358057534,117.462993157401 0.693697535573989,117.462242434707 0.69368599509591))",front,0.81
185,ESCORT POIN 03,"POLYGON((117.441374273991 0.614445431784737,117.441547224965 0.614411029696993,117.441720175939 0.614445431784737,117.441866796696 0.614543400641966,117.441964765553 0.614690021398256,117.441999167641 0.614862972372584,117.441964765553 0.615035923346911,117.441866796696 0.615182544103202,117.441720175939 0.615280512960431,117.441547224965 0.615314915048175,117.441374273991 0.615280512960431,117.441227653234 0.615182544103202,117.441195204082 0.615150989459084,117.441107717865 0.615027445128472,117.441079753196 0.614819108343103,117.4411175055 0.61464013446037,117.441227653234 0.614543400641966,117.441374273991 0.614445431784737))",front,0.78
183,ESCORT POINT 09,"POLYGON((117.465979096147 0.575018970046504,117.466152047121 0.57498456795876,117.466324998095 0.575018970046504,117.466537876011 0.57506854419274,117.466670058131 0.575257886148132,117.466659340662 0.575390068267934,117.466655768172 0.575582982713051,117.46655216597 0.575754462219821,117.466387831443 0.575868781891001,117.466152047121 0.575888453309942,117.465979096147 0.575854051222198,117.46583247539 0.575756082364969,117.465734506533 0.575609461608679,117.465700104445 0.575436510634351,117.465734506533 0.575263559660024,117.46583247539 0.575116938903733,117.465979096147 0.575018970046504))",front,0.86
33,FRONT EX1754,"POLYGON((117.460015840064 0.675379860931462,117.460729132656 0.674547148312374,117.461164854376 0.675079697080395,117.46034505203 0.675515418799685,117.460015840064 0.675379860931462))",front,0.61
106,FRONT EX759,"POLYGON((117.466115030472 0.716334323179354,117.465988741349 0.717746465192525,117.465154467748 0.71775029213565,117.465284583814 0.716299880691228,117.466115030472 0.716334323179354))",front,1.47
198,FRONT EX3009,"POLYGON((117.459116316979 0.700548568057237,117.457757957315 0.701056896337023,117.457430432521 0.699607368758499,117.458337040558 0.699210539329059,117.459116316979 0.700548568057237))",front,2.25
129,FRONT EX1771,"POLYGON((117.462841878897 0.705999175982237,117.464356967774 0.706239540900809,117.464183670105 0.707283014102763,117.462548003846 0.707101140943936,117.462841878897 0.705999175982237))",front,2.14
82,FRONT EX1858,"POLYGON((117.454292190405 0.700565187084335,117.455284700627 0.701269356312698,117.454789714011 0.701882880382936,117.454221171293 0.701851944107576,117.453755007494 0.701369771040459,117.453734748194 0.701183385484307,117.454292190405 0.700565187084335))",front,1.5
118,FRONT EX1305,"POLYGON((117.463104386349 0.705260794561693,117.464299368174 0.705450701509181,117.464212367031 0.706186256625956,117.462978532642 0.705956889976639,117.463104386349 0.705260794561693))",front,1.1
143,FRONT EX1235,"POLYGON((117.454542692643 0.692820554518365,117.455125025125 0.692708864599259,117.455243626199 0.693015258284044,117.454616680074 0.693178809447215,117.454542692643 0.692820554518365))",front,0.26
126,FRONT EX755,"POLYGON((117.459972866842 0.693970392654755,117.460635686256 0.694064612413995,117.461007983204 0.695452264674657,117.460204147372 0.69542285245805,117.459972866842 0.693970392654755))",front,1.26
150,FRONT EX1844,"POLYGON((117.456765822196 0.574148909549792,117.457214454189 0.57501389785179,117.455911835485 0.5755590029097,117.455230499559 0.574951725236776,117.456765822196 0.574148909549792))",front,1.75
163,FRONT EX1304,"POLYGON((117.456863109421 0.575523398854995,117.457041589981 0.576128417703203,117.455999506293 0.576206076158633,117.455954254129 0.57590439506356,117.456361523607 0.57547449950308,117.456863109421 0.575523398854995))",front,0.72
133,FRONT EX1151,"POLYGON((117.468653145197 0.714130045433203,117.469029073089 0.714143633188343,117.468909047919 0.7145467365908,117.468741465605 0.714820756319437,117.468440270366 0.714766405298881,117.46856935404 0.714342920263715,117.468653145197 0.714130045433203))",front,0.31
120,FRONT EX769,"POLYGON((117.469775504936 0.710594929394969,117.469767708238 0.711529882718386,117.469075365225 0.71146599692401,117.469170072623 0.710490870716097,117.469775504936 0.710594929394969))",front,0.77
76,FRONT EX767,"POLYGON((117.459317987224 0.693987224578086,117.458606221747 0.693596187576244,117.458697522528 0.692137450088893,117.459910868211 0.691978944614188,117.460107110936 0.693395982993637,117.459317987224 0.693987224578086))",front,2.86
181,FRONT EX1311,"POLYGON((117.468378297395 0.712820901820869,117.468280061214 0.711856837824179,117.469176841149 0.711856837824179,117.468990011996 0.712781642131911,117.468378297395 0.712820901820869))",front,0.88
100,FRONT EX1777,"POLYGON((117.468471631351 0.710907455382733,117.469086819013 0.710945904611654,117.469042877037 0.711841222370803,117.468507815317 0.711824001692327,117.468471631351 0.710907455382733))",front,0.64
137,FRONT EX1306,"POLYGON((117.467749015949 0.703269446886876,117.466836361075 0.703066634692635,117.467218125205 0.701664844526559,117.468094989692 0.701897482043482,117.467749015949 0.703269446886876))",front,1.62
90,FRONT EX1242,"POLYGON((117.452673510903 0.702465350258391,117.452298635105 0.701023031508749,117.452946684349 0.700871897759358,117.453267593736 0.702328742975936,117.452673510903 0.702465350258391))",front,1.17
196,FRONT EX1223,"POLYGON((117.452542077953 0.699765020223336,117.4516474166 0.699798634667258,117.451368158142 0.699289246555518,117.452392105819 0.698991888013132,117.452542077953 0.699765020223336))",front,0.8
98,FRONT EX1849,"POLYGON((117.453007045706 0.701091104793995,117.4536681031 0.700936893843891,117.453682185371 0.701932724068633,117.453211822635 0.702105516502064,117.453007045706 0.701091104793995))",front,0.72
37,FRONT EX1724,"POLYGON((117.456602570532 0.707391919189246,117.455726325498 0.707646006502501,117.455514130934 0.706746629086818,117.455644835465 0.706205395287571,117.456189381817 0.706076364315014,117.456602570532 0.707391919189246))",front,1.41
10,FRONT EX771,"POLYGON((117.442573662127 0.667782186923524,117.441702589318 0.668129513423207,117.44140488089 0.666955219067136,117.442230937614 0.66682501988885,117.442573662127 0.667782186923524))",front,1.21
25,FRONT EX1881,"POLYGON((117.461254771666 0.694441009341082,117.461071322503 0.694024892946638,117.46100196977 0.693606539367278,117.461385153484 0.69346974767847,117.461672351456 0.693566982276705,117.461710331224 0.694436257946326,117.461254771666 0.694441009341082))",front,0.67
122,FRONT EX758,"POLYGON((117.498531398352 0.727183523088444,117.499271651695 0.727668959119505,117.498961416441 0.728687103580689,117.497461057283 0.728135444142584,117.497832663996 0.727447576396687,117.498531398352 0.727183523088444))",front,2.03
4,FRONT EX1893,"POLYGON((117.462501212378 0.674473872041764,117.461671171281 0.674875310099242,117.461257659899 0.674066397321768,117.461933766101 0.673607610970364,117.462501212378 0.674473872041764))",front,1.04
63,FRONT EX766,"POLYGON((117.452038958206 0.697309271312187,117.45280298125 0.696527086659735,117.453790529652 0.697482141716449,117.453056885068 0.697997310669709,117.452038958206 0.697309271312187))",front,1.56
116,FRONT EX762,"POLYGON((117.466419437953 0.704269909434808,117.466370525274 0.705507776483562,117.465463013003 0.705661900149041,117.465556796057 0.704272738652913,117.466419437953 0.704269909434808))",front,1.42
94,FRONT EX773,"POLYGON((117.466731445576 0.698977025562083,117.466621491542 0.699625354122399,117.465904934719 0.699582078964591,117.465956344485 0.698957252575073,117.466035436433 0.698822796263404,117.466731445576 0.698977025562083))",front,0.65
35,FRONT EX1811,"POLYGON((117.45204039934 0.69213683609746,117.453179853636 0.69235682974854,117.452913394635 0.69324758771308,117.452446168656 0.693529027678553,117.451549644273 0.693259367804255,117.45204039934 0.69213683609746))",front,1.83
139,FRONT EX1168,"POLYGON((117.471885876444 0.716953946444533,117.4708012901 0.716816657033889,117.471020953157 0.715340795869467,117.472208506559 0.715512407632771,117.471885876444 0.716953946444533))",front,2.09
53,FRONT EX763,"POLYGON((117.452468875983 0.703275937166509,117.453345392259 0.703172263198328,117.453543315289 0.704284402129721,117.452629861076 0.70432965261133,117.452468875983 0.703275937166509))",front,1.21
49,FRONT EX764,"POLYGON((117.463916644736 0.70044043733945,117.463826038472 0.701464288119564,117.462682878118 0.701478362147787,117.462647802837 0.700257390107306,117.463916644736 0.70044043733945))",front,1.67
