mobileid,reporttime,mobiletypeid,mobileactivityid,mobilestatusgroupid,mobilestatusid,pos_lon,pos_lat,pos_alt,pos_speed,pos_dir,pos_name,plm_payload,plm_speed,plm_inc,plm_status
DT3151,6/6/2025 21:00:02,2,5,1,PRD,117.47046,0.70624,-3.8,12.79176,13.81,JL. RO  BANGAU NEW 01,100,11.6,0,4
DT3151,6/6/2025 21:00:05,2,5,1,PRD,117.47047,0.70635,-3.6,14.1715,11.48,JL. RO  BANGAU NEW 01,100,13.8,0,4
DT3151,6/6/2025 21:00:08,2,5,1,PRD,117.4705,0.70647,-2.7,15.76422,8.84,JL. RO  BANGAU NEW 01,106,15.9,0,4
DT3151,6/6/2025 21:00:11,2,5,1,PRD,117.47051,0.70658,-2.3,14.87341,6.6,JL. RO  BANGAU NEW 01,106,17,0,4
DT3151,6/6/2025 21:00:14,2,5,1,PRD,117.47052,0.70669,-1.1,14.39374,7.11,JL. RO  BANGAU NEW 01,104,14.8,0,4
DT3151,6/6/2025 21:00:17,2,5,1,PRD,117.47054,0.7068,-0.5,15.5568,10.92,JL. RO  BANGAU NEW 01,104,14.6,0,4
DT3151,6/6/2025 21:00:20,2,5,1,PRD,117.47056,0.70693,-0.7,16.16981,10.98,JL. RO  BANGAU NEW 01,105,17,0,4
DT3151,6/6/2025 21:00:23,2,5,1,PRD,117.47059,0.70704,0.7,14.94379,22.41,JL. RO  BANGAU NEW 01,104,16.3,0,4
DT3151,6/6/2025 21:00:26,2,5,1,PRD,117.47063,0.70715,2.3,13.52145,21,JL. RO  BANGAU NEW 01,102,17,0,4
DT3151,6/6/2025 21:00:29,2,5,1,PRD,117.47067,0.70724,2.9,12.27135,21.25,JL. RO  BANGAU NEW 01,104,13.1,0,4
DT3151,6/6/2025 21:00:32,2,5,1,PRD,117.4707,0.70732,3.7,11.24534,21.81,JL. RO BEO 02,106,12.4,0,4
DT3151,6/6/2025 21:00:35,2,5,1,PRD,117.47073,0.7074,4.3,12.06578,20.98,JL. RO BEO 02,104,12.2,0,4
DT3151,6/6/2025 21:00:38,2,5,1,PRD,117.47076,0.70749,5,12.98993,21.74,JL. RO BEO 02,104,13.4,0,4
DT3151,6/6/2025 21:00:41,2,5,1,PRD,117.4708,0.70759,5.9,13.66035,23.26,JL. RO BEO 02,106,13.9,0,4
DT3151,6/6/2025 21:00:44,2,5,1,PRD,117.47084,0.70768,6.8,13.26032,22.53,JL. RO BEO 02,105,14.3,0,4
DT3151,6/6/2025 21:00:47,2,5,1,PRD,117.47087,0.70778,7.6,14.0789,20.91,JL. RO BEO 02,106,14.6,0,4
DT3151,6/6/2025 21:00:50,2,5,1,PRD,117.47091,0.70788,9.1,14.61228,20.06,JL. RO BEO 02,105,14.9,0,4
DT3151,6/6/2025 21:00:53,2,5,1,PRD,117.47094,0.70799,9.8,14.84934,19.08,JL. RO BEO 02,105,15.6,0,4
DT3151,6/6/2025 21:00:56,2,5,1,PRD,117.47098,0.7081,8.7,14.89749,21.98,JL. RO BEO 02,105,15.7,0,4
DT3151,6/6/2025 21:00:59,2,5,1,PRD,117.47102,0.70821,10.7,14.64747,22.03,JL. RO BEO 02,107,15.7,0,4
DT3151,6/6/2025 21:01:02,2,5,1,PRD,117.47106,0.70831,11.9,13.60109,24.31,JL. RO BEO 02,106,14.9,0,4
DT3151,6/6/2025 21:01:05,2,5,1,PRD,117.47111,0.7084,12.6,12.6399,28.57,JL. RO BEO 02,106,13.9,0,4
DT3151,6/6/2025 21:01:08,2,5,1,PRD,117.47116,0.70849,14,13.04364,31.81,JL. RO BEO 02,104,14.1,0,4
DT3151,6/6/2025 21:01:11,2,5,1,PRD,117.47121,0.70858,14.3,13.76962,32.84,JL. RO BEO 02,105,14.6,0,4
DT3151,6/6/2025 21:01:14,2,5,1,PRD,117.47127,0.70867,14.8,13.0603,26.4,JL. RO BEO 02,104,15.3,0,4
DT3151,6/6/2025 21:01:17,2,5,1,PRD,117.47131,0.70876,15.6,12.19912,18.43,JL. RO BEO 02,100,13.7,0,4
DT3151,6/6/2025 21:01:20,2,5,1,PRD,117.47135,0.70885,16.2,11.66575,21.97,JL. RO BEO 02,100,13.4,0,4
DT3151,6/6/2025 21:01:23,2,5,1,PRD,117.47139,0.70894,16.7,13.10475,29.92,JL. RO BEO O3,105,13.3,0,4
DT3151,6/6/2025 21:01:26,2,5,1,PRD,117.47145,0.70903,17,13.53812,32.93,JL. RO BEO O3,106,14.2,0,4
DT3151,6/6/2025 21:01:29,2,5,1,PRD,117.47151,0.70913,18.5,14.52338,33.43,JL. RO BEO O3,105,15.9,0,4
DT3151,6/6/2025 21:01:32,2,5,1,PRD,117.47156,0.70922,19.8,12.93437,29.7,JL. RO BEO O3,107,14.8,0,4
DT3151,6/6/2025 21:01:35,2,5,1,PRD,117.4716,0.70932,21.3,12.14542,22.3,JL. RO BEO O3,105,14.4,0,4
DT3151,6/6/2025 21:01:38,2,5,1,PRD,117.47164,0.7094,22.4,11.17867,22.85,JL. RO BEO O3,101,13.5,0,4
DT3151,6/6/2025 21:01:41,2,5,1,PRD,117.47168,0.70949,22.7,12.10282,29.32,JL. RO BEO O3,105,13.3,0,4
DT3151,6/6/2025 21:01:44,2,5,1,PRD,117.47173,0.70957,23.6,12.93437,28.86,JL. RO BEO O3,105,14.6,0,4
DT3151,6/6/2025 21:01:47,2,5,1,PRD,117.47178,0.70967,25.1,13.01956,25.12,JL. RO BEO O3,104,15.3,0,4
DT3151,6/6/2025 21:01:50,2,5,1,PRD,117.47182,0.70976,25.1,11.98244,26.53,JL. RO BEO O3,105,13.9,0,4
DT3151,6/6/2025 21:01:53,2,5,1,PRD,117.47187,0.70986,25.8,13.70295,26.27,JL. RO BEO O3,105,14.3,0,4
DT3151,6/6/2025 21:01:56,2,5,1,PRD,117.47192,0.70994,26.9,11.23053,31.37,JL. RO BEO O3,104,14.8,0,4
DT3151,6/6/2025 21:01:59,2,5,1,PRD,117.47196,0.71002,28.1,11.44721,30.25,JL. RO BEO O3,103,12.9,0,4
DT3151,6/6/2025 21:02:02,2,5,1,PRD,117.47201,0.7101,29.2,12.87881,30.41,JL. RO BEO O3,106,13.6,0,4
DT3151,6/6/2025 21:02:05,2,5,1,PRD,117.47206,0.71019,30.1,13.02326,25.99,JL. RO BEO 4,104,13.9,0,4
DT3151,6/6/2025 21:02:08,2,5,1,PRD,117.47211,0.71029,30.6,13.81777,26.8,JL. RO BEO 4,105,14.4,0,4
DT3151,6/6/2025 21:02:11,2,5,1,PRD,117.47216,0.71039,30.4,13.85852,29.37,JL. RO BEO 4,106,15.5,0,4
DT3151,6/6/2025 21:02:14,2,5,1,PRD,117.47222,0.71049,31.3,15.792,34.1,JL. RO BEO 4,106,16.3,0,4
DT3151,6/6/2025 21:02:17,2,5,1,PRD,117.4723,0.71059,31.2,17.07914,39.69,JL. RO BEO 4,105,17.9,0,4
DT3151,6/6/2025 21:02:20,2,5,1,PRD,117.47239,0.71069,31.7,18.40332,37.75,JL. RO BEO 4,103,19.4,0,4
DT3151,6/6/2025 21:02:23,2,5,1,PRD,117.47248,0.71081,32.4,20.3257,39.88,JL. RO BEO 4,106,21.1,0,4
DT3151,6/6/2025 21:02:26,2,5,1,PRD,117.47258,0.71094,32.1,20.95723,41.85,JL. RO BEO 4,104,22,0,4
DT3151,6/6/2025 21:02:29,2,5,1,PRD,117.47268,0.71105,32,19.38674,40.34,JL. RO BEO 4,106,21.6,0,4
DT3151,6/6/2025 21:02:32,2,5,1,PRD,117.47278,0.71115,32,17.57363,46.42,JL. RO BEO 4,106,19.8,0,4
DT3151,6/6/2025 21:02:35,2,5,1,PRD,117.47287,0.71125,31.2,14.68266,46.61,JL. RO BEO 4,105,18.6,0,4
DT3151,6/6/2025 21:02:38,2,5,1,PRD,117.47295,0.71132,31.5,13.50664,50.28,JL. RO BEO 4,106,15,0,4
DT3151,6/6/2025 21:02:41,2,5,1,PRD,117.47304,0.71139,32.9,14.03075,48.58,JL. RO BEO 4,105,14.3,0,4
DT3151,6/6/2025 21:02:44,2,5,1,PRD,117.47313,0.71147,32.7,15.66236,53.83,JL. RO BEO 4,103,16,0,4
DT3151,6/6/2025 21:02:47,2,5,1,PRD,117.47323,0.71154,32.5,15.8809,56.16,JL. RO BEO 4,106,16.5,0,4
DT3151,6/6/2025 21:02:50,2,5,1,PRD,117.47333,0.7116,33.7,16.10129,61.88,JL. RO BEO 4,106,16.9,0,4
DT3151,6/6/2025 21:02:53,2,5,1,PRD,117.47344,0.71166,34.4,15.40123,68.73,JL. RO BEO 4,105,16.3,0,4
DT3151,6/6/2025 21:02:56,2,5,1,PRD,117.47355,0.71169,34.3,14.63636,82.24,JL. RO BEO 4,104,14.5,0,4
DT3151,6/6/2025 21:02:59,2,5,1,PRD,117.47366,0.71168,33.8,13.60479,103.51,JL. RO BEO 4,105,14,0,4
DT3151,6/6/2025 21:03:02,2,5,1,PRD,117.47375,0.71163,34.1,13.84185,139.78,JL. RO BEO 4,102,13.2,0,4
DT3151,6/6/2025 21:03:05,2,5,1,PRD,117.4738,0.71154,36.2,14.14187,162.68,JL. RO BEO 4,99,13.9,0,4
DT3151,6/6/2025 21:03:08,2,5,1,PRD,117.47381,0.71144,37.7,13.18624,188.54,JL. RO BEO 4,103,14,0,4
DT3151,6/6/2025 21:03:11,2,5,1,PRD,117.47378,0.71134,39.1,13.3844,202.25,JL. RO KOLIBRI 11,101,14,0,4
DT3151,6/6/2025 21:03:14,2,5,1,PRD,117.47374,0.71125,40.5,13.42885,209.46,JL. RO KOLIBRI 11,105,14.7,0,4
DT3151,6/6/2025 21:03:17,2,5,1,PRD,117.47369,0.71116,42.4,13.36588,215.89,JL. RO KOLIBRI 11,104,14.4,0,4
DT3151,6/6/2025 21:03:20,2,5,1,PRD,117.47363,0.71107,42.7,13.91963,215.11,JL. RO KOLIBRI 11,106,14.3,0,4
DT3151,6/6/2025 21:03:23,2,5,1,PRD,117.47357,0.71098,43.4,14.69377,213.55,JL. RO KOLIBRI 11,105,15.2,0,4
DT3151,6/6/2025 21:03:26,2,5,1,PRD,117.4735,0.71089,44.1,15.9772,215.32,JL. RO KOLIBRI 11,106,16.5,0,4
DT3151,6/6/2025 21:03:29,2,5,1,PRD,117.47343,0.71079,45.5,16.49391,214.93,JL. RO KOLIBRI 11,105,17.5,0,4
DT3151,6/6/2025 21:03:32,2,5,1,PRD,117.47337,0.71068,46.7,17.00321,211.27,JL. RO KOLIBRI 11,106,17.8,0,4
DT3151,6/6/2025 21:03:35,2,5,1,PRD,117.4733,0.71056,48.2,16.89024,208.69,JL. RO KOLIBRI 11,107,18.3,0,4
DT3151,6/6/2025 21:03:38,2,5,1,PRD,117.47325,0.71045,50.8,16.31427,205.32,JL. RO KOLIBRI 11,105,17.6,0,4
DT3151,6/6/2025 21:03:41,2,5,1,PRD,117.47321,0.71033,52.4,16.26426,200.48,JL. RO KOLIBRI 11,105,17.2,0,4
DT3151,6/6/2025 21:03:44,2,5,1,PRD,117.47316,0.71021,53.6,17.39769,200.66,JL. RO KOLIBRI 11,105,18,0,4
DT3151,6/6/2025 21:03:47,2,5,1,PRD,117.47312,0.71008,55.1,17.39398,197.91,JL. RO KOLIBRI 11,106,18.8,0,4
DT3151,6/6/2025 21:03:50,2,5,1,PRD,117.47309,0.70996,56.6,15.86608,193.37,JL. RO KOLIBRI 11,106,17.5,0,4
DT3151,6/6/2025 21:03:53,2,5,1,PRD,117.47307,0.70984,57.8,14.97157,190.03,JL. RO KOLIBRI 11,104,15.8,0,4
DT3151,6/6/2025 21:03:56,2,5,1,PRD,117.47305,0.70973,57.8,16.0698,188.25,JL. RO KOLIBRI 11,104,17.2,0,4
DT3151,6/6/2025 21:03:59,2,5,1,PRD,117.47303,0.7096,58.1,17.39213,188,JL. RO KOLIBRI 11,105,18.3,0,4
DT3151,6/6/2025 21:04:02,2,5,1,PRD,117.47301,0.70946,59.1,17.71068,187.81,JL. RO KOLIBRI 10,105,18.8,0,4
DT3151,6/6/2025 21:04:05,2,5,1,PRD,117.473,0.70933,60.1,17.58474,186.84,JL. RO KOLIBRI 10,105,18.6,0,4
DT3151,6/6/2025 21:04:08,2,5,1,PRD,117.47298,0.70919,61.2,17.67734,185.06,JL. RO KOLIBRI 10,106,18.7,0,4
DT3151,6/6/2025 21:04:11,2,5,1,PRD,117.47298,0.70906,62.1,17.29398,175.04,JL. RO KOLIBRI 10,105,18.3,0,4
DT3151,6/6/2025 21:04:14,2,5,1,PRD,117.47301,0.70893,62.4,16.88098,161.4,JL. RO KOLIBRI 10,104,18.5,0,4
DT3151,6/6/2025 21:04:17,2,5,1,PRD,117.47306,0.70882,62.5,16.95136,146.44,JL. RO KOLIBRI 10,104,18.5,0,4
DT3151,6/6/2025 21:04:20,2,5,1,PRD,117.47314,0.70872,63.4,15.73644,138.48,JL. RO KOLIBRI 10,103,18.2,0,4
DT3151,6/6/2025 21:04:23,2,5,1,PRD,117.47322,0.70863,63.8,16.12722,131.86,JL. RO KOLIBRI 10,103,18.2,0,4
DT3151,6/6/2025 21:04:26,2,5,1,PRD,117.47332,0.70857,64.2,16.96247,119.71,JL. RO KOLIBRI 10,105,18.2,0,4
DT3151,6/6/2025 21:04:29,2,5,1,PRD,117.47345,0.70851,63.4,19.05338,108.84,JL. RO  KOLIBRI 09,104,20,0,4
DT3151,6/6/2025 21:04:32,2,5,1,PRD,117.4736,0.70848,63.2,21.59617,97.41,JL. RO  KOLIBRI 09,105,22.8,0,4
DT3151,6/6/2025 21:04:35,2,5,1,PRD,117.47377,0.70847,63.4,22.04436,88.16,JL. RO  KOLIBRI 09,106,23.1,0,4
DT3151,6/6/2025 21:04:38,2,5,1,PRD,117.47394,0.70849,63.9,23.80931,81.96,JL. RO KOLIBRI 08,104,25.6,0,4
DT3151,6/6/2025 21:04:41,2,5,1,PRD,117.47413,0.70852,65,25.94467,84.08,JL. RO KOLIBRI 08,106,26.5,0,4
DT3151,6/6/2025 21:04:44,2,5,1,PRD,117.47434,0.70853,64.4,28.59858,86.9,JL. RO KOLIBRI 08,104,29.5,0,4
DT3151,6/6/2025 21:04:47,2,5,1,PRD,117.47457,0.70855,63.7,31.09323,84.76,JL. RO KOLIBRI 08,104,32.3,0,4
DT3151,6/6/2025 21:04:50,2,5,1,PRD,117.4748,0.70858,62.3,32.66372,78.69,JL. RO KOLIBRI 08,106,33.3,0,4
DT3151,6/6/2025 21:04:53,2,5,1,PRD,117.47503,0.70864,62.3,31.62105,76.25,JL. RO KOLIBRI 08,106,33.4,0,4
DT3151,6/6/2025 21:04:56,2,5,1,PRD,117.47526,0.7087,61.1,32.73966,72.83,JL. RO KOLIBRI 07,105,33.8,0,4
DT3151,6/6/2025 21:04:59,2,5,1,PRD,117.47549,0.70879,61.1,32.98412,64.13,JL. RO KOLIBRI 06,106,34,0,4
DT3151,6/6/2025 21:05:02,2,5,1,PRD,117.47569,0.7089,59.9,31.72476,59.21,JL. RO KOLIBRI 06,104,32.2,0,4
DT3151,6/6/2025 21:05:05,2,5,1,PRD,117.47589,0.70904,60,30.82469,58.52,JL. RO KOLIBRI 06,106,30.2,0,4
DT3151,6/6/2025 21:05:08,2,5,1,PRD,117.47608,0.70915,58.5,29.00232,60.54,JL. RO KOLIBRI 06,106,29.5,0,4
DT3151,6/6/2025 21:05:11,2,5,1,PRD,117.47626,0.70925,57.1,26.12802,59.44,JL. RO KOLIBRI 06,106,27.6,0,4
DT3151,6/6/2025 21:05:14,2,5,1,PRD,117.47644,0.70935,56.4,27.10217,62.28,JL. RO KOLIBRI 06,106,27,0,4
DT3151,6/6/2025 21:05:17,2,5,1,PRD,117.4766,0.70944,55,23.67967,62.31,JL. RO KOLIBRI 06,106,24.4,0,4
DT3151,6/6/2025 21:05:20,2,5,1,PRD,117.47675,0.70952,54.1,21.63136,62.42,JL. RO KOLIBRI 06,106,22.2,0,4
DT3151,6/6/2025 21:05:23,2,5,1,PRD,117.47688,0.70959,52.8,16.86246,65.81,JL. RO KOLIBRI 06,106,17.9,0,4
DT3151,6/6/2025 21:05:26,2,5,1,PRD,117.47697,0.70962,51.7,7.29318,70.66,JL. RO KOLIBRI 06,106,7,0,4
DT3151,6/6/2025 21:05:29,2,5,1,PRD,117.47698,0.70963,52.3,0.86303,69.87,JL. RO KOLIBRI 06,100,0,0,4
DT3151,6/6/2025 21:05:32,2,5,1,PRD,117.47702,0.70964,52.2,8.65995,76.19,JL. RO KOLIBRI 06,104,8.7,0,4
DT3151,6/6/2025 21:05:35,2,5,1,PRD,117.47713,0.70965,51.5,17.84402,87.76,JL. RO KOLIBRI 06,106,17.3,0,4
DT3151,6/6/2025 21:05:38,2,5,1,PRD,117.47729,0.70963,51,22.44068,105.8,JL. RO KOLIBRI 06,104,20.4,0,4
DT3151,6/6/2025 21:05:41,2,5,1,PRD,117.47744,0.70956,49.5,21.52765,127.07,JL. RO KOLIBRI 06,103,21.5,0,4
DT3151,6/6/2025 21:05:44,2,5,1,PRD,117.47754,0.70944,49.7,18.75891,145.86,JL. RO KOLIBRI 06,102,21.5,0,4
DT3151,6/6/2025 21:05:47,2,5,1,PRD,117.47761,0.70932,50.6,18.49037,151.75,JL. RO BANGAU 07,103,19.6,0,4
DT3151,6/6/2025 21:05:50,2,5,1,PRD,117.47766,0.70919,51.7,18.26072,164.65,JL. RO BANGAU 07,106,18.9,0,4
DT3151,6/6/2025 21:05:53,2,5,1,PRD,117.47767,0.70905,53.3,17.79957,185.79,JL. RO BANGAU 07,105,19.8,0,4
DT3151,6/6/2025 21:05:56,2,5,1,PRD,117.47766,0.7089,53.6,20.7424,180.37,JL. RO BANGAU 07,103,24.7,0,4
DT3151,6/6/2025 21:05:59,2,5,1,PRD,117.47767,0.70873,55,23.0148,175.9,JL. RO BANGAU 07,105,25.4,0,4
DT3151,6/6/2025 21:06:02,2,5,1,PRD,117.47768,0.70855,56.4,24.13526,175.56,JL. RO BANGAU 07,104,25.4,0,4
DT3151,6/6/2025 21:06:05,2,5,1,PRD,117.47769,0.70835,56.3,26.87067,178.47,JL. RO BANGAU 07,105,26.3,0,4
DT3151,6/6/2025 21:06:08,2,5,1,PRD,117.4777,0.70813,55.1,28.44672,181.86,JL. RO BANGAU 06,105,27,0,4
DT3151,6/6/2025 21:06:11,2,5,1,PRD,117.47769,0.70789,54.8,31.2025,183.08,JL. RO BANGAU 06,105,29.2,0,4
DT3151,6/6/2025 21:06:14,2,5,1,PRD,117.47768,0.70764,54,32.58409,184.37,JL. RO BANGAU 06,105,32.2,0,4
DT3151,6/6/2025 21:06:17,2,5,1,PRD,117.47766,0.70739,53.3,33.95827,182.35,JL. RO BANGAU 06,105,33.1,0,4
DT3151,6/6/2025 21:06:20,2,5,1,PRD,117.47765,0.70714,53.5,31.70254,185.93,JL. RO BANGAU 05,105,35,0,4
DT3151,6/6/2025 21:06:23,2,5,1,PRD,117.47763,0.7069,53.1,31.96182,184.87,JL. RO BANGAU 05,104,33.2,0,4
DT3151,6/6/2025 21:06:26,2,5,1,PRD,117.4776,0.70666,53,31.40807,188.41,JL. RO BANGAU 05,106,32.9,0,4
DT3151,6/6/2025 21:06:29,2,5,1,PRD,117.47756,0.70643,52.2,30.84321,190.6,JL. RO BANGAU 05,105,32.2,0,4
DT3151,6/6/2025 21:06:32,2,5,1,PRD,117.47752,0.7062,51.4,30.33206,189.57,JL. RO BANGAU 05,103,31.6,0,4
DT3151,6/6/2025 21:06:35,2,5,1,PRD,117.47748,0.70597,50.7,29.75979,188.08,JL. RO BANGAU 04,106,31.6,0,4
DT3151,6/6/2025 21:06:38,2,5,1,PRD,117.47745,0.70575,51.1,27.98557,189.04,JL. RO BANGAU 04,104,29.9,0,4
DT3151,6/6/2025 21:06:41,2,5,1,PRD,117.47742,0.70555,51,26.33914,189.95,JL. RO BANGAU 04,104,28.1,0,4
DT3151,6/6/2025 21:06:44,2,5,1,PRD,117.47738,0.70536,50.1,26.73362,190.25,JL. RO BANGAU 04,104,26.8,0,4
DT3151,6/6/2025 21:06:47,2,5,1,PRD,117.47734,0.70515,48.5,27.51331,191.29,JL. RO BANGAU 04,105,27.9,0,4
DT3151,6/6/2025 21:06:50,2,5,1,PRD,117.4773,0.70495,47,27.267,191.5,JL. RO BANGAU 03,104,28.1,0,4
DT3151,6/6/2025 21:06:53,2,5,1,PRD,117.47727,0.70475,46.1,26.04838,190.34,JL. RO BANGAU 03,105,27.3,0,4
DT3151,6/6/2025 21:06:56,2,5,1,PRD,117.47724,0.70455,47.4,26.1095,190.8,JL. RO BANGAU 03,104,26.7,0,4
DT3151,6/6/2025 21:06:59,2,5,1,PRD,117.47721,0.70436,46.8,26.60954,186.85,JL. RO BANGAU 03,103,26.5,0,4
DT3151,6/6/2025 21:07:02,2,5,1,PRD,117.47718,0.70416,46.5,26.56324,186.76,JL. RO BANGAU 03,104,27.2,0,4
DT3151,6/6/2025 21:07:05,2,5,1,PRD,117.47714,0.70396,45.1,27.47998,191.81,JL. RO BANGAU 03,105,27.7,0,4
DT3151,6/6/2025 21:07:08,2,5,1,PRD,117.47711,0.70375,44.4,27.12439,187.87,JL. RO BANGAU 03,104,28.1,0,4
DT3151,6/6/2025 21:07:11,2,5,1,PRD,117.47708,0.70355,43.4,27.88742,189.38,JL. RO BANGAU 03,105,28.5,0,4
DT3151,6/6/2025 21:07:14,2,5,1,PRD,117.47703,0.70334,43.4,27.9652,193.19,JL. RO BANGAU 03,104,28.8,0,4
DT3151,6/6/2025 21:07:17,2,5,1,PRD,117.47699,0.70313,42.7,28.53562,192.86,JL. RO BANGAU 03,104,29.1,0,4
DT3151,6/6/2025 21:07:20,2,5,1,PRD,117.47695,0.70292,42.3,28.7986,190.4,JL. RO BANGAU 02,106,29.3,0,4
DT3151,6/6/2025 21:07:23,2,5,1,PRD,117.47691,0.7027,43.1,28.90231,188.78,JL. RO BANGAU 02,106,29.9,0,4
DT3151,6/6/2025 21:07:26,2,5,1,PRD,117.47688,0.70248,43.4,30.14315,190.57,JL. RO BANGAU 02,105,30.2,0,4
DT3151,6/6/2025 21:07:29,2,5,1,PRD,117.47683,0.70225,43,31.03582,193.28,JL. RO BANGAU 02,105,31.1,0,4
DT3151,6/6/2025 21:07:32,2,5,1,PRD,117.47677,0.70202,42,31.9433,193.84,JL. RO BANGAU 02,104,32.3,0,4
DT3151,6/6/2025 21:07:35,2,5,1,PRD,117.47671,0.70178,40.7,32.1322,195.13,JL. RO BANGAU 02,105,32.8,0,4
DT3151,6/6/2025 21:07:38,2,5,1,PRD,117.47664,0.70155,39.6,32.29147,197.76,JL. RO BANGAU 02,104,32.7,0,4
DT3151,6/6/2025 21:07:41,2,5,1,PRD,117.47656,0.70132,39.1,32.2711,198.2,JL. RO BANGAU 02,105,32.9,0,4
DT3151,6/6/2025 21:07:44,2,5,1,PRD,117.47649,0.70108,39.1,32.22295,199.62,JL. RO BANGAU 02,105,33.2,0,4
DT3151,6/6/2025 21:07:47,2,5,1,PRD,117.47641,0.70086,39.6,30.96729,198.44,JL. RO BANGAU 02,105,32.4,0,4
DT3151,6/6/2025 21:07:50,2,5,1,PRD,117.47635,0.70064,40.9,29.38013,195.28,JL. RO BANGAU 02,104,30.6,0,4
DT3151,6/6/2025 21:07:53,2,5,1,PRD,117.47628,0.70042,41.5,30.45984,199.92,JL. RO BANGAU 02,104,31.7,0,4
DT3151,6/6/2025 21:07:56,2,5,1,PRD,117.47621,0.7002,41.2,31.53956,197.04,JL. RO BANGAU 02,104,32.3,0,4
DT3151,6/6/2025 21:07:59,2,5,1,PRD,117.47614,0.69998,41.1,30.5617,197.6,JL. RO BANGAU 02,105,31.6,0,4
DT3151,6/6/2025 21:08:02,2,5,1,PRD,117.47607,0.69976,41.9,29.1227,198.86,JL. RO BANGAU 02,102,31.5,0,4
DT3151,6/6/2025 21:08:05,2,5,1,PRD,117.47601,0.69956,41.7,27.11328,196.72,JL. RO BANGAU 02,108,29.7,0,4
DT3151,6/6/2025 21:08:08,2,5,1,PRD,117.47595,0.69937,41.8,25.55945,197.98,JL. RO BANGAU 02,101,27.2,0,4
DT3151,6/6/2025 21:08:11,2,5,1,PRD,117.47589,0.6992,42,22.94998,198.41,JL. RO BANGAU 02,104,25.9,0,4
DT3151,6/6/2025 21:08:14,2,5,1,PRD,117.47584,0.69905,42.6,20.0516,199.8,JL. RO BANGAU 02,106,23.2,0,4
DT3151,6/6/2025 21:08:17,2,5,1,PRD,117.47579,0.69891,42.7,18.69779,200.22,JL. RO BANGAU 02,105,20.5,0,4
DT3151,6/6/2025 21:08:20,2,5,1,PRD,117.47574,0.69878,43,19.37192,197.15,JL. RO BANGAU 02,105,19.5,0,4
DT3151,6/6/2025 21:08:23,2,5,1,PRD,117.4757,0.69865,43.4,16.8495,198.09,JL. RO BANGAU 02,108,20.8,0,4
DT3151,6/6/2025 21:08:26,2,5,1,PRD,117.47566,0.69852,43.8,17.91254,197.4,JL. RO BANGAU 02,103,17.5,0,4
DT3151,6/6/2025 21:08:29,2,5,1,PRD,117.47563,0.6984,44.1,15.50309,192.71,JL. RO BANGAU 02,105,18.3,0,4
DT3151,6/6/2025 21:08:32,2,5,1,PRD,117.47561,0.69829,44.6,12.4584,178.33,JL. RO BANGAU 02,105,15.9,0,4
DT3151,6/6/2025 21:08:35,2,5,1,PRD,117.47564,0.69819,44.2,13.78814,143.06,JL. RO BANGAU 001,104,14.6,0,4
DT3151,6/6/2025 21:08:38,2,5,1,PRD,117.47573,0.69813,43.8,15.18084,123.75,JL. RO BANGAU 001,103,16.1,0,4
DT3151,6/6/2025 21:08:41,2,5,1,PRD,117.47584,0.69808,44.1,17.61622,112.88,JL. RO BANGAU 001,103,16.8,0,4
DT3151,6/6/2025 21:08:44,2,5,1,PRD,117.47598,0.69802,41.7,22.93146,112.37,JL. RO MERPATI 001,105,19.8,0,4
DT3151,6/6/2025 21:08:47,2,5,1,PRD,117.47616,0.69797,41,25.12053,103.03,JL. RO MERPATI 02,104,27.1,0,4
DT3151,6/6/2025 21:08:50,2,5,1,PRD,117.47635,0.69793,39.9,26.2521,99.28,JL. RO MERPATI 02,107,26.1,0,4
DT3151,6/6/2025 21:08:53,2,5,1,PRD,117.47655,0.69792,38.3,26.68917,89.75,JL. RO MERPATI 02,102,27.1,0,4
DT3151,6/6/2025 21:08:56,2,5,1,PRD,117.47673,0.69792,36.8,23.77227,92.4,JL. RO MERPATI 02,108,27.5,0,4
DT3151,6/6/2025 21:08:59,2,5,1,PRD,117.47691,0.69792,35.3,23.41484,92.04,JL. RO MERPATI 02,102,23.8,0,4
DT3151,6/6/2025 21:09:02,2,5,1,PRD,117.47709,0.69791,34.4,23.3315,97,JL. RO MERPATI 02,103,24.7,0,4
DT3151,6/6/2025 21:09:05,2,5,1,PRD,117.47726,0.69789,34.2,22.4981,96.22,JL. RO MERPATI 02,104,24.4,0,4
DT3151,6/6/2025 21:09:08,2,5,1,PRD,117.47743,0.69787,33.9,20.40163,98.65,JL. RO MERPATI 02,104,23.3,0,4
DT3151,6/6/2025 21:09:11,2,5,1,PRD,117.47758,0.69785,35.9,20.14606,104.01,JL. RO MERPATI 03,106,21.8,0,4
DT3151,6/6/2025 21:09:14,2,5,1,PRD,117.47771,0.69779,34.1,19.2108,121.02,JL. RO MERPATI 03,105,19.8,0,4
DT3151,6/6/2025 21:09:17,2,5,1,PRD,117.47783,0.6977,33.9,19.05893,135.41,JL. RO MERPATI 03,104,18.5,0,4
DT3151,6/6/2025 21:09:20,2,5,1,PRD,117.4779,0.69757,32.2,19.39229,159.17,JL. RO MERPATI 03,105,18.6,0,4
DT3151,6/6/2025 21:09:23,2,5,1,PRD,117.47791,0.69742,32.5,20.60535,184.86,JL. RO GARUDA 01,103,18.5,0,4
DT3151,6/6/2025 21:09:26,2,5,1,PRD,117.47787,0.69727,33.1,22.21844,203.88,JL. RO GARUDA 01,105,22,0,4
DT3151,6/6/2025 21:09:29,2,5,1,PRD,117.4778,0.6971,34.6,25.2835,204.31,JL. RO GARUDA 01,104,24.6,0,4
DT3151,6/6/2025 21:09:32,2,5,1,PRD,117.47772,0.69692,35.8,25.87059,203.28,JL. RO GARUDA 01,106,27,0,4
DT3151,6/6/2025 21:09:35,2,5,1,PRD,117.47765,0.69673,36.4,27.27811,199.49,JL. RO GARUDA 01,106,27.7,0,4
DT3151,6/6/2025 21:09:38,2,5,1,PRD,117.47759,0.69652,35.9,27.80778,197.67,JL. RO GARUDA 02,105,28.8,0,4
DT3151,6/6/2025 21:09:41,2,5,1,PRD,117.47753,0.69632,36.3,28.54858,196.34,JL. RO GARUDA 02,106,29.2,0,4
DT3151,6/6/2025 21:09:44,2,5,1,PRD,117.47747,0.6961,37.1,30.37836,198.22,JL. RO GARUDA 02,103,30.5,0,4
DT3151,6/6/2025 21:09:47,2,5,1,PRD,117.47739,0.69587,37.1,31.53215,198.21,JL. RO GARUDA 02,104,31.6,0,4
DT3151,6/6/2025 21:09:50,2,5,1,PRD,117.47731,0.69565,37.4,31.63401,201.1,JL. RO GARUDA 02,106,32.5,0,4
DT3151,6/6/2025 21:09:53,2,5,1,PRD,117.47722,0.69542,37.7,31.2025,201.51,JL. RO GARUDA 02,105,31.9,0,4
DT3151,6/6/2025 21:09:56,2,5,1,PRD,117.47714,0.6952,37.8,31.89514,201.75,JL. RO GARUDA 02,105,33.5,0,4
DT3151,6/6/2025 21:09:59,2,5,1,PRD,117.47704,0.69498,37.6,32.95264,206.36,JL. RO GARUDA 02,106,31.8,0,4
DT3151,6/6/2025 21:10:02,2,5,1,PRD,117.47693,0.69474,37.1,34.7213,205.68,JL. RO GARUDA 02,103,35.5,0,4
DT3151,6/6/2025 21:10:05,2,5,1,PRD,117.47681,0.69451,37.3,34.28978,207.7,JL. RO GARUDA 02,105,35.5,0,4
DT3151,6/6/2025 21:10:08,2,5,1,PRD,117.4767,0.69428,36,34.14718,208.22,JL. RO GARUDA 02,105,35,0,4
DT3151,6/6/2025 21:10:11,2,5,1,PRD,117.47656,0.69406,35.1,33.82308,212.15,JL. RO GARUDA 03,105,34.6,0,4
DT3151,6/6/2025 21:10:14,2,5,1,PRD,117.47643,0.69384,34.9,34.675,213.31,JL. RO GARUDA 03,102,35.1,0,4
DT3151,6/6/2025 21:10:17,2,5,1,PRD,117.47628,0.69361,34.3,35.1454,214.66,JL. RO GARUDA 03,107,35.9,0,4
DT3151,6/6/2025 21:10:20,2,5,1,PRD,117.47613,0.6934,33.5,34.61573,215.28,JL. RO GARUDA 03,106,35.8,0,4
DT3151,6/6/2025 21:10:23,2,5,1,PRD,117.47598,0.69319,33.1,34.29163,215.68,JL. RO GARUDA 03,104,36.9,0,4
DT3151,6/6/2025 21:10:26,2,5,1,PRD,117.47583,0.69299,33,31.23768,216.57,JL. RO GARUDA 03,107,33.9,0,4
DT3151,6/6/2025 21:10:29,2,5,1,PRD,117.4757,0.6928,31.8,29.6357,211.75,JL. RO GARUDA 04,104,30.4,0,4
DT3151,6/6/2025 21:10:32,2,5,1,PRD,117.4756,0.69261,31.6,29.00788,203.71,JL. RO GARUDA 04,103,30.9,0,4
DT3151,6/6/2025 21:10:35,2,5,1,PRD,117.47553,0.6924,31.3,29.30975,197.19,JL. RO GARUDA 04,105,30.3,0,4
DT3151,6/6/2025 21:10:38,2,5,1,PRD,117.47547,0.69218,32.2,28.88194,193.7,JL. RO GARUDA 04,105,29.6,0,4
DT3151,6/6/2025 21:10:41,2,5,1,PRD,117.47544,0.69198,32.8,26.03356,181.59,JL. RO GARUDA 05C,106,30.5,0,4
DT3151,6/6/2025 21:10:44,2,5,1,PRD,117.47549,0.69179,32,25.38166,156.38,JL. RO GARUDA 05C,105,26.9,0,4
DT3151,6/6/2025 21:10:47,2,5,1,PRD,117.47557,0.69162,32.5,25.53538,152.98,JL. RO GARUDA 05C,106,27.3,0,4
DT3151,6/6/2025 21:10:50,2,5,1,PRD,117.47567,0.69145,33.9,25.04274,150.12,JL. RO GARUDA 06,102,25.5,0,4
DT3151,6/6/2025 21:10:53,2,5,1,PRD,117.47576,0.69129,34.3,24.00377,150.5,JL. RO GARUDA 06,108,26,0,4
DT3151,6/6/2025 21:10:56,2,5,1,PRD,117.47585,0.69114,35.5,23.06666,150.54,JL. RO GARUDA 06,102,24.1,0,4
DT3151,6/6/2025 21:10:59,2,5,1,PRD,117.47594,0.69099,36.2,22.97591,148,JL. RO GARUDA 06,106,24.2,0,4
DT3151,6/6/2025 21:11:02,2,5,1,PRD,117.47602,0.69083,36.9,23.34261,157.31,JL. RO GARUDA 06,105,24.6,0,4
DT3151,6/6/2025 21:11:05,2,5,1,PRD,117.47608,0.69066,37.6,24.89829,163.02,JL. RO GARUDA 07,105,24.7,0,4
DT3151,6/6/2025 21:11:08,2,5,1,PRD,117.47613,0.69049,38,22.21844,165.58,JL. RO GARUDA 07,104,24.1,0,4
DT3151,6/6/2025 21:11:11,2,5,1,PRD,117.47616,0.69032,38.7,21.8073,171.57,JL. RO GARUDA 07,105,22.6,0,4
DT3151,6/6/2025 21:11:14,2,5,1,PRD,117.47618,0.69015,39,21.41282,173.44,JL. RO GARUDA 07,105,22.2,0,4
DT3151,6/6/2025 21:11:17,2,5,1,PRD,117.4762,0.68999,39.7,22.52032,175.56,JL. RO GARUDA 07,104,23.3,0,4
DT3151,6/6/2025 21:11:20,2,5,1,PRD,117.47622,0.68982,39.5,21.67396,173.85,JL. RO GARUDA 07,105,22.7,0,4
DT3151,6/6/2025 21:11:23,2,5,1,PRD,117.47623,0.68966,40,21.54617,174.6,JL. RO GARUDA 07,105,22.4,0,4
DT3151,6/6/2025 21:11:26,2,5,1,PRD,117.47624,0.6895,39.4,21.49431,177.92,JL. RO GARUDA 07,106,22.2,0,4
DT3151,6/6/2025 21:11:29,2,5,1,PRD,117.47625,0.68933,40.1,22.57218,178.57,JL. RO GARUDA 08,106,23.2,0,4
DT3151,6/6/2025 21:11:32,2,5,1,PRD,117.47625,0.68915,40.7,24.03711,181.85,JL. RO GARUDA 08,104,24.1,0,4
DT3151,6/6/2025 21:11:35,2,5,1,PRD,117.47625,0.68896,40.3,24.99274,176.5,JL. RO GARUDA 08,105,24.6,0,4
DT3151,6/6/2025 21:11:38,2,5,1,PRD,117.47626,0.68878,39.7,24.08341,176.21,JL. RO RAJAWALI 17400,105,24.9,0,4
DT3151,6/6/2025 21:11:41,2,5,1,PRD,117.47627,0.68859,40.9,23.63708,180.57,JL. RO RAJAWALI 17400,106,24.8,0,4
DT3151,6/6/2025 21:11:44,2,5,1,PRD,117.47627,0.68841,40.7,23.29075,177.43,JL. RO RAJAWALI 17400,104,25.5,0,4
DT3151,6/6/2025 21:11:47,2,5,1,PRD,117.47628,0.68823,40.1,24.6816,178.37,JL. RO RAJAWALI 17400,106,24.7,0,4
DT3151,6/6/2025 21:11:50,2,5,1,PRD,117.47629,0.68803,41.1,26.42248,180.59,JL. RO RAJAWALI 17400,107,26.2,0,4
DT3151,6/6/2025 21:11:53,2,5,1,PRD,117.47628,0.68782,39.9,28.09114,182.47,JL. RO RAJAWALI 17400,104,27.9,0,4
DT3151,6/6/2025 21:11:56,2,5,1,PRD,117.47628,0.68759,40,29.97647,182.21,JL. RO RAJAWALI 17300,106,30.9,0,4
DT3151,6/6/2025 21:11:59,2,5,1,PRD,117.47627,0.68736,39.5,31.07471,181.71,JL. RO RAJAWALI 17300,106,31.5,0,4
DT3151,6/6/2025 21:12:02,2,5,1,PRD,117.47626,0.68712,39.2,30.2839,182.79,JL. RO RAJAWALI 17300,105,31.6,0,4
DT3151,6/6/2025 21:12:05,2,5,1,PRD,117.47626,0.68689,39.8,30.41725,181.09,JL. RO RAJAWALI 17300,105,31.2,0,4
DT3151,6/6/2025 21:12:08,2,5,1,PRD,117.47625,0.68666,40,29.82461,182.89,JL. RO RAJAWALI 17300,105,29.9,0,4
DT3151,6/6/2025 21:12:11,2,5,1,PRD,117.47624,0.68643,39.2,30.48577,183.04,JL. RO RAJAWALI 17300,106,30.6,0,4
DT3151,6/6/2025 21:12:14,2,5,1,PRD,117.47623,0.6862,39.2,30.48207,181.83,JL. RO RAJAWALI 17300,103,32.3,0,4
DT3151,6/6/2025 21:12:17,2,5,1,PRD,117.47621,0.68598,38.6,29.58755,183.28,JL. RO RAJAWALI 17300,107,31.1,0,4
DT3151,6/6/2025 21:12:20,2,5,1,PRD,117.4762,0.68575,39.9,29.41717,183.24,JL. RO RAJAWALI 17100,104,30.4,0,4
DT3151,6/6/2025 21:12:23,2,5,1,PRD,117.47619,0.68552,41.4,28.77638,184.31,JL. RO RAJAWALI 17100,105,29.5,0,4
DT3151,6/6/2025 21:12:26,2,5,1,PRD,117.47617,0.6853,43.1,28.53747,184.44,JL. RO RAJAWALI 17100,105,30.2,0,4
DT3151,6/6/2025 21:12:29,2,5,1,PRD,117.47616,0.68508,43,29.74497,183.41,JL. RO RAJAWALI 17100,103,30.4,0,4
DT3151,6/6/2025 21:12:32,2,5,1,PRD,117.47615,0.68484,42.5,31.34325,186.69,JL. RO RAJAWALI 17100,106,32.2,0,4
DT3151,6/6/2025 21:12:35,2,5,1,PRD,117.47613,0.6846,42.8,32.28592,184.67,JL. RO RAJAWALI 17100,104,33.3,0,4
DT3151,6/6/2025 21:12:38,2,5,1,PRD,117.47611,0.68437,42.5,29.81535,185.81,JL. RO RAJAWALI 17100,106,32.9,0,4
DT3151,6/6/2025 21:12:41,2,5,1,PRD,117.47608,0.68415,42.1,27.71888,189.53,JL. RO RAJAWALI 17100,106,32.1,0,4
DT3151,6/6/2025 21:12:44,2,5,1,PRD,117.47604,0.68395,43.4,23.08888,186.24,JL. RO RAJAWALI 16900,105,32.3,0,4
DT3151,6/6/2025 21:12:47,2,5,1,PRD,117.47603,0.68371,43.9,32.09701,182.9,JL. RO RAJAWALI 16900,108,33.2,0,4
DT3151,6/6/2025 21:12:50,2,5,1,PRD,117.47603,0.68347,44.2,31.57845,180.34,JL. RO RAJAWALI 16900,104,33.6,0,4
DT3151,6/6/2025 21:12:53,2,5,1,PRD,117.47603,0.68322,45.6,32.06923,178.45,JL. RO RAJAWALI 16900,106,33.1,0,4
DT3151,6/6/2025 21:12:56,2,5,1,PRD,117.47604,0.68296,46.8,33.16562,178.14,JL. RO RAJAWALI 16900,105,33.6,0,4
DT3151,6/6/2025 21:12:59,2,5,1,PRD,117.47604,0.68271,47.6,32.14887,180.47,JL. RO RAJAWALI 16900,105,34.1,0,4
DT3151,6/6/2025 21:13:02,2,5,1,PRD,117.47604,0.68246,47.4,32.4137,180.88,JL. RO RAJAWALI 16900,105,34,0,4
DT3151,6/6/2025 21:13:05,2,5,1,PRD,117.47605,0.68221,47.8,32.21184,179.13,JL. RO RAJAWALI 16900,107,33.9,0,4
DT3151,6/6/2025 21:13:08,2,5,1,PRD,117.47605,0.68195,46.3,33.57861,180.02,JL. RO RAJAWALI 16700,105,35,0,4
DT3151,6/6/2025 21:13:11,2,5,1,PRD,117.47606,0.6817,47.4,33.58417,176.95,JL. RO RAJAWALI 16700,106,34.3,0,4
DT3151,6/6/2025 21:13:14,2,5,1,PRD,117.47605,0.68144,47.9,33.57491,183.39,JL. RO RAJAWALI 16700,105,35.4,0,4
DT3151,6/6/2025 21:13:17,2,5,1,PRD,117.47604,0.68118,47.3,33.51194,178.75,JL. RO RAJAWALI 16700,105,35.3,0,4
DT3151,6/6/2025 21:13:20,2,5,1,PRD,117.47605,0.68093,47.4,31.18583,176.71,JL. RO RAJAWALI 16700,106,32.3,0,4
DT3151,6/6/2025 21:13:23,2,5,1,PRD,117.47607,0.68071,46,28.39672,172.88,JL. RO RAJAWALI 16700,106,30.4,0,4
DT3151,6/6/2025 21:13:26,2,5,1,PRD,117.47609,0.6805,45.8,25.73169,172.25,JL. RO RAJAWALI 16700,106,28.3,0,4
DT3151,6/6/2025 21:13:29,2,5,1,PRD,117.47613,0.68032,44.8,23.85746,164.06,JL. RO RAJAWALI 16700,105,26,0,4
DT3151,6/6/2025 21:13:32,2,5,1,PRD,117.47619,0.68013,45.1,26.53731,165.3,JL. RO RAJAWALI 16500,105,27.3,0,4
DT3151,6/6/2025 21:13:35,2,5,1,PRD,117.47624,0.67992,44.7,28.35597,166.36,JL. RO RAJAWALI 16500,105,29.8,0,4
DT3151,6/6/2025 21:13:38,2,5,1,PRD,117.47629,0.6797,44.1,29.77831,163.27,JL. RO RAJAWALI 16500,104,31.4,0,4
DT3151,6/6/2025 21:13:41,2,5,1,PRD,117.47636,0.67948,42.7,30.70986,161.5,JL. RO RAJAWALI 16500,105,32.5,0,4
DT3151,6/6/2025 21:13:44,2,5,1,PRD,117.47644,0.67925,42.9,31.11545,160.87,JL. RO RAJAWALI 16500,106,32.6,0,4
DT3151,6/6/2025 21:13:47,2,5,1,PRD,117.47652,0.67903,43.8,30.93396,158.85,JL. RO RAJAWALI 16500,106,32.8,0,4
DT3151,6/6/2025 21:13:50,2,5,1,PRD,117.4766,0.67882,44.6,28.71896,161.18,JL. RO RAJAWALI 16300,107,30.9,0,4
DT3151,6/6/2025 21:13:53,2,5,1,PRD,117.47667,0.67862,45.7,28.04669,164.26,JL RO TAMRIN 16200,104,29.1,0,4
DT3151,6/6/2025 21:13:56,2,5,1,PRD,117.47671,0.6784,46.1,29.17456,170.94,JL RO TAMRIN 16100,105,30.3,0,4
DT3151,6/6/2025 21:13:59,2,5,1,PRD,117.47674,0.67819,48.4,27.29848,170.27,JL RO TAMRIN 16100,107,29.4,0,4
DT3151,6/6/2025 21:14:02,2,5,1,PRD,117.47678,0.67799,48.9,26.74844,163.65,JL RO TAMRIN 16100,104,28.2,0,4
DT3151,6/6/2025 21:14:05,2,5,1,PRD,117.47683,0.67779,50.5,25.57612,167.53,JL RO TAMRIN 16100,107,27,0,4
DT3151,6/6/2025 21:14:08,2,5,1,PRD,117.47687,0.67761,51.8,22.70737,170.34,JL RO TAMRIN 16100,105,24.6,0,4
DT3151,6/6/2025 21:14:11,2,5,1,PRD,117.47688,0.67747,51.8,17.19212,174.64,JL RO TAMRIN 16100,105,20.3,0,4
DT3151,6/6/2025 21:14:14,2,5,1,PRD,117.4769,0.67735,53.8,12.59545,176.66,JL RO TAMRIN 16100,105,14.3,0,4
DT3151,6/6/2025 21:14:17,2,5,1,PRD,117.47691,0.67726,54.8,12.32136,175.85,JL RO TAMRIN 16100,104,13.9,0,4
DT3151,6/6/2025 21:14:20,2,5,1,PRD,117.47692,0.67716,56.4,12.01763,176.97,JL RO TAMRIN 16100,106,13.7,0,4
DT3151,6/6/2025 21:14:23,2,5,1,PRD,117.47693,0.67706,58.2,10.44343,177.38,JL RO TAMRIN 16100,104,11,0,4
DT3151,6/6/2025 21:14:26,2,5,1,PRD,117.47694,0.67698,59.8,11.16386,180.65,JL RO TAMRIN 16100,103,11.8,0,4
DT3151,6/6/2025 21:14:29,2,5,1,PRD,117.47694,0.67688,61.2,12.8288,185.28,JL RO TAMRIN 16100,105,13,0,4
DT3151,6/6/2025 21:14:32,2,5,1,PRD,117.47693,0.67678,62,13.76962,191.83,JL RO TAMRIN 16100,103,14.3,0,4
DT3151,6/6/2025 21:14:35,2,5,1,PRD,117.4769,0.67666,62.4,15.74756,197.87,JL RO TAMRIN 16100,103,14.3,0,4
DT3151,6/6/2025 21:14:38,2,5,1,PRD,117.47686,0.67655,62.7,17.11618,198.07,JL RO TAMRIN 16100,105,17.2,0,4
DT3151,6/6/2025 21:14:41,2,5,1,PRD,117.47682,0.67642,63.8,17.1347,198.92,JL RO TAMRIN 16100,106,17.5,0,4
DT3151,6/6/2025 21:14:44,2,5,1,PRD,117.47678,0.6763,65,17.40139,197.52,JL RO TAMRIN 16100,104,17.9,0,4
DT3151,6/6/2025 21:14:47,2,5,1,PRD,117.47675,0.67617,66,17.31805,199.31,JL RO TAMRIN 16100,105,18.1,0,4
DT3151,6/6/2025 21:14:50,2,5,1,PRD,117.4767,0.67605,66.5,17.71253,197.23,JL RO TAMRIN 16100,104,18.1,0,4
DT3151,6/6/2025 21:14:53,2,5,1,PRD,117.47668,0.67593,67,14.403,187.39,JL RO TAMRIN 16100,106,15.9,0,4
DT3151,6/6/2025 21:14:56,2,5,1,PRD,117.47665,0.67582,67.5,12.41396,198.19,JL RO TAMRIN 16100,104,12.4,0,4
DT3151,6/6/2025 21:14:59,2,5,1,PRD,117.47661,0.67573,68.2,14.15113,205,JL RO TAMRIN 16100,106,14.8,0,4
DT3151,6/6/2025 21:15:02,2,5,1,PRD,117.47656,0.67563,68.7,15.89386,210.98,JL RO TAMRIN 16100,105,16.7,0,4
DT3151,6/6/2025 21:15:05,2,5,1,PRD,117.47649,0.67552,68.3,18.59593,208.99,JL RO TAMRIN 16100,105,19,0,4
DT3151,6/6/2025 21:15:08,2,5,1,PRD,117.47642,0.67539,69,19.65157,209.23,JL RO TAMRIN 16100,106,19.6,0,4
DT3151,6/6/2025 21:15:11,2,5,1,PRD,117.47635,0.67525,69,21.4832,207.21,JL RO TAMRIN 16100,106,22.3,0,4
DT3151,6/6/2025 21:15:14,2,5,1,PRD,117.47628,0.6751,69.5,23.16111,203.3,JL RO TAMRIN 16100,105,24.1,0,4
DT3151,6/6/2025 21:15:17,2,5,1,PRD,117.47622,0.67493,71.9,23.2426,197.94,JL RO TAMRIN 15900,106,24.6,0,4
DT3151,6/6/2025 21:15:20,2,5,1,PRD,117.47617,0.67477,72.6,22.53143,192.45,JL RO TAMRIN 15900,106,23.2,0,4
DT3151,6/6/2025 21:15:23,2,5,1,PRD,117.47613,0.6746,72.9,23.78524,194.7,JL RO TAMRIN 15900,105,24.1,0,4
DT3151,6/6/2025 21:15:26,2,5,1,PRD,117.47608,0.67441,72.2,27.04476,195.67,JL RO TAMRIN 15900,102,28.5,0,4
DT3151,6/6/2025 21:15:29,2,5,1,PRD,117.47602,0.67419,71.2,31.87292,192.92,JL RO TAMRIN 15900,104,32.3,0,4
DT3151,6/6/2025 21:15:32,2,5,1,PRD,117.47597,0.67395,71.1,33.08042,193.21,JL RO TAMRIN 15900,105,34.1,0,4
DT3151,6/6/2025 21:15:35,2,5,1,PRD,117.4759,0.67369,70.8,35.88435,194.3,JL RO TAMRIN 15900,104,37.2,0,4
DT3151,6/6/2025 21:15:38,2,5,1,PRD,117.47584,0.67343,71.2,36.46588,192.07,JL RO TAMRIN 15700,106,36.7,0,4
DT3151,6/6/2025 21:15:41,2,5,1,PRD,117.47579,0.67316,72.5,35.63618,188.67,JL RO TAMRIN 15700,108,37.1,0,4
DT3151,6/6/2025 21:15:44,2,5,1,PRD,117.47576,0.6729,73.7,34.26941,185.4,JL RO TAMRIN 15700,107,35.2,0,4
DT3151,6/6/2025 21:15:47,2,5,1,PRD,117.47575,0.67266,75.7,28.09854,181.77,JL RO TAMRIN 15700,107,29.4,0,4
DT3151,6/6/2025 21:15:50,2,5,1,PRD,117.47575,0.67247,77.1,23.58892,174.46,JL RO TAMRIN 15700,104,24.8,0,4
DT3151,6/6/2025 21:15:53,2,5,1,PRD,117.47578,0.67231,79.3,18.56815,165.64,JL RO TAMRIN 15700,106,21.4,0,4
DT3151,6/6/2025 21:15:56,2,5,1,PRD,117.47582,0.67218,81.8,16.0198,162.9,JL RO TAMRIN 15700,106,16.2,0,4
DT3151,6/6/2025 21:15:59,2,5,1,PRD,117.47584,0.67208,81.9,13.08808,162.68,JL RO TAMRIN 15700,106,13.5,0,4
DT3151,6/6/2025 21:16:02,2,5,1,PRD,117.47587,0.67198,82.7,12.56582,163.99,JL RO TAMRIN 15500,105,13.6,0,4
DT3151,6/6/2025 21:16:05,2,5,1,PRD,117.4759,0.67188,82.8,13.97704,163.2,JL RO TAMRIN 15500,105,15.2,0,4
DT3151,6/6/2025 21:16:08,2,5,1,PRD,117.47594,0.67177,82.2,14.81785,159.62,JL RO TAMRIN 15500,105,15.5,0,4
DT3151,6/6/2025 21:16:11,2,5,1,PRD,117.47598,0.67166,82.7,15.68644,160.98,JL RO TAMRIN 15500,105,16.3,0,4
DT3151,6/6/2025 21:16:14,2,5,1,PRD,117.47601,0.67155,81.4,15.80126,159.97,JL RO TAMRIN 15500,106,17.2,0,4
DT3151,6/6/2025 21:16:17,2,5,1,PRD,117.47606,0.67144,80.8,16.14944,156.75,JL RO TAMRIN 15500,106,17.2,0,4
DT3151,6/6/2025 21:16:20,2,5,1,PRD,117.47611,0.67133,81.3,15.88275,155.59,JL RO TAMRIN 15500,107,17.1,0,4
DT3151,6/6/2025 21:16:23,2,5,1,PRD,117.47616,0.67122,81.6,15.06417,155.1,JL RO TAMRIN 15500,105,17,0,4
DT3151,6/6/2025 21:16:26,2,5,1,PRD,117.47621,0.67111,83.3,14.54005,159.32,JL RO TAMRIN 15500,105,16.1,0,4
DT3151,6/6/2025 21:16:29,2,5,1,PRD,117.47624,0.67101,83.1,13.75851,165.19,JL RO TAMRIN 15500,104,15.1,0,4
DT3151,6/6/2025 21:16:32,2,5,1,PRD,117.47627,0.6709,84.4,15.96609,165.88,JL RO TAMRIN 15500,106,14.9,0,4
DT3151,6/6/2025 21:16:35,2,5,1,PRD,117.47629,0.67078,85.2,16.718,173.23,JL RO TAMRIN 15500,105,16.6,0,4
DT3151,6/6/2025 21:16:38,2,5,1,PRD,117.47629,0.67065,86.5,16.27908,181.48,JL RO TAMRIN 15500,107,17.7,0,4
DT3151,6/6/2025 21:16:41,2,5,1,PRD,117.47628,0.67053,88.2,15.97906,191.02,JL RO TAMRIN 15500,105,16.1,0,4
DT3151,6/6/2025 21:16:44,2,5,1,PRD,117.47625,0.67041,90.7,15.96609,195.35,JL RO TAMRIN 15500,103,18.8,0,4
DT3151,6/6/2025 21:16:47,2,5,1,PRD,117.47621,0.67029,91.3,17.83291,201.45,JL RO TAMRIN 15500,105,19.8,0,4
DT3151,6/6/2025 21:16:50,2,5,1,PRD,117.47616,0.67016,93.5,19.70158,202.34,JL RO TAMRIN 15500,105,19.4,0,4
DT3151,6/6/2025 21:16:53,2,5,1,PRD,117.4761,0.67001,94.7,20.45349,201.07,JL RO TAMRIN 15300,104,20.7,0,4
DT3151,6/6/2025 21:16:56,2,5,1,PRD,117.47604,0.66986,96.8,23.31853,201.48,JL RO TAMRIN 15300,104,20.7,0,4
DT3151,6/6/2025 21:16:59,2,5,1,PRD,117.47596,0.66969,96.6,25.23535,207.4,JL RO TAMRIN 15300,104,24.4,0,4
DT3151,6/6/2025 21:17:02,2,5,1,PRD,117.47586,0.66952,96,27.31885,212.75,JL RO TAMRIN 15300,106,26.1,0,4
DT3151,6/6/2025 21:17:05,2,5,1,PRD,117.47574,0.66934,95.2,26.87067,215.51,JL RO TAMRIN 15300,105,28.4,0,4
DT3151,6/6/2025 21:17:08,2,5,1,PRD,117.47563,0.66918,94.4,25.23535,215.21,JL RO TAMRIN 15300,106,26.7,0,4
DT3151,6/6/2025 21:17:11,2,5,1,PRD,117.47552,0.66903,93.6,25.67057,215.91,JL RO TAMRIN 15300,104,25.8,0,4
DT3151,6/6/2025 21:17:14,2,5,1,PRD,117.47541,0.66887,92.2,25.81873,213.7,JL RO TAMRIN 15300,104,26,0,4
DT3151,6/6/2025 21:17:17,2,5,1,PRD,117.47532,0.66868,90.4,28.39116,201.17,JL RO TAMRIN 15300,104,27.2,0,4
DT3151,6/6/2025 21:17:20,2,5,1,PRD,117.47528,0.66847,89.3,29.00047,183.08,JL RO TAMRIN 15300,106,30.6,0,4
DT3151,6/6/2025 21:17:23,2,5,1,PRD,117.47531,0.66825,88.3,27.90779,162.38,JL. RO TAMRIN 15100,106,29.6,0,4
DT3151,6/6/2025 21:17:26,2,5,1,PRD,117.4754,0.66808,86.5,25.19276,141.84,JL. RO TAMRIN 15100,103,29.1,0,4
DT3151,6/6/2025 21:17:29,2,5,1,PRD,117.47553,0.66795,86.4,26.00208,132.79,JL. RO TAMRIN 15100,103,27.2,0,4
DT3151,6/6/2025 21:17:32,2,5,1,PRD,117.47568,0.66782,86.5,25.94096,130.89,JL. RO TAMRIN 15100,107,27.1,0,4
DT3151,6/6/2025 21:17:35,2,5,1,PRD,117.47584,0.66769,84.8,28.72637,128.66,JL RO TAMRIN 15000,105,27,0,4
DT3151,6/6/2025 21:17:38,2,5,1,PRD,117.47601,0.66755,83.7,30.38021,128.62,JL RO TAMRIN 15000,105,29.7,0,4
DT3151,6/6/2025 21:17:41,2,5,1,PRD,117.47619,0.6674,83,31.54141,131.56,JL RO TAMRIN 15000,107,30.8,0,4
DT3151,6/6/2025 21:17:44,2,5,1,PRD,117.47637,0.66726,81.9,30.20427,130.21,JL RO TAMRIN 15000,104,32.7,0,4
DT3151,6/6/2025 21:17:47,2,5,1,PRD,117.47654,0.66711,81.6,29.61533,131.68,JL RO TAMRIN 15000,105,30.7,0,4
DT3151,6/6/2025 21:17:50,2,5,1,PRD,117.47671,0.66695,81.8,29.62089,135.32,JL RO TAMRIN 15000,102,30.4,0,4
DT3151,6/6/2025 21:17:53,2,5,1,PRD,117.47686,0.66679,80.6,31.0673,137.7,JL RO TAMRIN 15000,105,32.4,0,4
DT3151,6/6/2025 21:17:56,2,5,1,PRD,117.47701,0.66661,81.3,30.73394,138.5,JL RO TAMRIN 15000,104,32.2,0,4
DT3151,6/6/2025 21:17:59,2,5,1,PRD,117.47717,0.66644,81.1,30.5617,135.67,JL RO TAMRIN 15000,104,32,0,4
DT3151,6/6/2025 21:18:02,2,5,1,PRD,117.47733,0.66627,81.7,30.28946,139.09,JL RO TAMRIN 14800,107,31.6,0,4
DT3151,6/6/2025 21:18:05,2,5,1,PRD,117.47747,0.66609,81.5,30.17278,143.74,JL RO TAMRIN 14800,105,30.3,0,4
DT3151,6/6/2025 21:18:08,2,5,1,PRD,117.4776,0.6659,79.4,30.53578,145.2,JL RO TAMRIN 14800,105,31,0,4
DT3151,6/6/2025 21:18:11,2,5,1,PRD,117.47773,0.66571,79.4,29.93943,148.48,JL RO TAMRIN 14800,105,31.6,0,4
DT3151,6/6/2025 21:18:14,2,5,1,PRD,117.47784,0.66551,79.1,30.07092,153.17,JL RO TAMRIN 14800,106,30.3,0,4
DT3151,6/6/2025 21:18:17,2,5,1,PRD,117.47792,0.6653,79.7,30.13204,160.89,JL RO TAMRIN 14800,106,30.8,0,4
DT3151,6/6/2025 21:18:20,2,5,1,PRD,117.47799,0.66508,80.1,28.87638,166.64,JL RO TAMRIN 14800,105,31,0,4
DT3151,6/6/2025 21:18:23,2,5,1,PRD,117.47803,0.66487,80.8,27.46886,172.92,JL RO TAMRIN 14800,108,29.8,0,4
DT3151,6/6/2025 21:18:26,2,5,1,PRD,117.47805,0.66466,82,27.86704,176.55,JL RO TAMRIN 14800,102,28.2,0,4
DT3151,6/6/2025 21:18:29,2,5,1,PRD,117.47805,0.66445,83.4,27.57258,185.19,JL RO TAMRIN 14600,108,28.5,0,4
DT3151,6/6/2025 21:18:32,2,5,1,PRD,117.47802,0.66424,85.5,26.44656,192.05,JL RO TAMRIN 14600,105,28.1,0,4
DT3151,6/6/2025 21:18:35,2,5,1,PRD,117.47797,0.66406,86.3,25.002,198.02,JL RO TAMRIN 14600,105,26.9,0,4
DT3151,6/6/2025 21:18:38,2,5,1,PRD,117.47792,0.66388,87,23.34446,199.15,JL RO TAMRIN 14600,106,25.4,0,4
DT3151,6/6/2025 21:18:41,2,5,1,PRD,117.47786,0.66371,90.3,23.3389,199.54,JL RO TAMRIN 14600,105,25.3,0,4
DT3151,6/6/2025 21:18:44,2,5,1,PRD,117.47781,0.66354,92.8,22.87035,199.16,JL RO TAMRIN 14600,105,24.3,0,4
DT3151,6/6/2025 21:18:47,2,5,1,PRD,117.47776,0.66337,93.4,23.05925,193.6,JL RO TAMRIN 14600,105,24.2,0,4
DT3151,6/6/2025 21:18:50,2,5,1,PRD,117.47773,0.6632,93.7,22.97591,188.98,JL RO TAMRIN 14600,106,24.4,0,4
DT3151,6/6/2025 21:18:53,2,5,1,PRD,117.47772,0.66303,94.1,22.99073,183.39,JL RO TAMRIN 14600,104,24.6,0,4
DT3151,6/6/2025 21:18:56,2,5,1,PRD,117.47771,0.66284,94.4,24.12415,182.48,JL RO TAMRIN 14600,105,25.2,0,4
DT3151,6/6/2025 21:18:59,2,5,1,PRD,117.4777,0.66265,95,25.36684,179.49,JL RO TAMRIN 14400,106,25.8,0,4
DT3151,6/6/2025 21:19:02,2,5,1,PRD,117.47771,0.66245,95.3,25.99282,176.7,JL RO TAMRIN 14400,104,26.4,0,4
DT3151,6/6/2025 21:19:05,2,5,1,PRD,117.47772,0.66225,96.4,26.65028,177.73,JL RO TAMRIN 14400,106,27.7,0,4
DT3151,6/6/2025 21:19:08,2,5,1,PRD,117.47773,0.66204,96.5,26.16876,171.77,JL RO TAMRIN 14400,105,27.9,0,4
DT3151,6/6/2025 21:19:11,2,5,1,PRD,117.47776,0.66184,95.2,26.96142,170.94,JL RO TAMRIN 14400,104,27.9,0,4
DT3151,6/6/2025 21:19:14,2,5,1,PRD,117.47779,0.66165,94.2,26.47804,172.84,JL RO TAMRIN 14400,106,28.1,0,4
DT3151,6/6/2025 21:19:17,2,5,1,PRD,117.47782,0.66144,94.9,27.0392,171.59,JL RO TAMRIN 14400,104,28,0,4
DT3151,6/6/2025 21:19:20,2,5,1,PRD,117.47784,0.66124,93.8,26.59657,175.56,JL RO TAMRIN 14400,106,27.7,0,4
DT3151,6/6/2025 21:19:23,2,5,1,PRD,117.47784,0.66105,95.6,23.0074,183.02,JL RO TAMRIN 14400,105,26.6,0,4
DT3151,6/6/2025 21:19:26,2,5,1,PRD,117.47782,0.66088,96.9,21.84249,196.04,JL RO TAMRIN 14400,105,24,0,4
DT3151,6/6/2025 21:19:29,2,5,1,PRD,117.47778,0.66073,98.1,20.63684,203.03,JL RO TAMRIN 14200,106,22.9,0,4
DT3151,6/6/2025 21:19:32,2,5,1,PRD,117.47769,0.6606,98.7,19.11634,219.28,JL RO TAMRIN 14200,106,21.3,0,4
DT3151,6/6/2025 21:19:35,2,5,1,PRD,117.47759,0.66051,100,19.00893,235.14,JL. RO BIDADARI 14150,107,19,0,4
DT3151,6/6/2025 21:19:38,2,5,1,PRD,117.47746,0.66045,100.5,18.77002,250.87,JL. RO BIDADARI 14150,106,19.9,0,4
DT3151,6/6/2025 21:19:41,2,5,1,PRD,117.47732,0.66042,99.6,19.15709,266.18,JL. RO BIDADARI 14150,105,18.9,0,4
DT3151,6/6/2025 21:19:44,2,5,1,PRD,117.47717,0.66041,100.4,20.53312,273.09,JL. RO BIDADARI 14150,104,20.2,0,4
DT3151,6/6/2025 21:19:47,2,5,1,PRD,117.47701,0.66044,100.7,21.53691,281.92,JL. RO BIDADARI 14100,105,21.6,0,4
DT3151,6/6/2025 21:19:50,2,5,1,PRD,117.47684,0.66048,101.1,21.93694,283.27,JL. RO BIDADARI 14100,107,23.3,0,4
DT3151,6/6/2025 21:19:53,2,5,1,PRD,117.47668,0.66052,101.8,21.9499,281.89,JL. RO BIDADARI 14100,104,23.1,0,4
DT3151,6/6/2025 21:19:56,2,5,1,PRD,117.47652,0.66055,101.6,20.89056,283.85,JL. RO BIDADARI 14100,106,22.8,0,4
DT3151,6/6/2025 21:19:59,2,5,1,PRD,117.47637,0.66059,102.5,19.17561,282.52,JL. RO BIDADARI 14100,105,21.4,0,4
DT3151,6/6/2025 21:20:02,2,5,1,PRD,117.47623,0.66062,103.8,17.49584,282.98,JL. RO BIDADARI 14100,104,19.3,0,4
DT3151,6/6/2025 21:20:05,2,5,1,PRD,117.47611,0.66065,105,16.22722,283.37,JL. RO BIDADARI 14100,105,18,0,4
DT3151,6/6/2025 21:20:08,2,5,1,PRD,117.476,0.66067,104.8,13.39181,277.64,JL. RO BIDADARI 14100,105,15.9,0,4
DT3151,6/6/2025 21:20:11,2,5,1,PRD,117.47589,0.66068,105.1,14.75859,277.05,JL. RO BIDADARI 14100,106,15.7,0,4
DT3151,6/6/2025 21:20:14,2,5,1,PRD,117.47578,0.66069,106.1,13.92889,277.13,JL. RO BIDADARI 14100,104,16,0,4
DT3151,6/6/2025 21:20:17,2,5,1,PRD,117.47566,0.66069,107.9,16.20315,274.79,JL. RO BIDADARI 14100,104,17.1,0,4
DT3151,6/6/2025 21:20:20,2,5,1,PRD,117.47553,0.6607,108.2,17.12544,273.18,JL. RO BIDADARI 14100,107,17.5,0,4
DT3151,6/6/2025 21:20:23,2,5,1,PRD,117.4754,0.66071,109.7,17.16989,274.65,JL. RO BIDADARI 14100,106,18.7,0,4
DT3151,6/6/2025 21:20:26,2,5,1,PRD,117.47526,0.66073,110.4,17.91254,276.2,JL. RO BIDADARI 14100,105,19,0,4
DT3151,6/6/2025 21:20:29,2,5,1,PRD,117.47511,0.66074,111.8,19.39785,274.75,JL. RO BIDADARI 14100,105,19.6,0,4
DT3151,6/6/2025 21:20:32,2,5,1,PRD,117.47495,0.66076,113.9,21.13132,274.13,JL. RO BIDADARI 13900,106,22.3,0,4
DT3151,6/6/2025 21:20:35,2,5,1,PRD,117.47477,0.66076,113.7,22.98147,271.46,JL. RO BIDADARI 13900,104,24,0,4
DT3151,6/6/2025 21:20:38,2,5,1,PRD,117.4746,0.66077,115.6,23.47966,272.76,JL. RO BIDADARI 13900,106,23.9,0,4
DT3151,6/6/2025 21:20:41,2,5,1,PRD,117.47441,0.66079,116,24.42232,276.5,JL. RO BIDADARI 13900,104,25.2,0,4
DT3151,6/6/2025 21:20:44,2,5,1,PRD,117.47423,0.66081,117,24.94459,279.17,JL. RO BIDADARI 13900,105,25.6,0,4
DT3151,6/6/2025 21:20:47,2,5,1,PRD,117.47404,0.66084,116.3,25.76502,283.81,JL. RO BIDADARI 13900,107,25,0,4
DT3151,6/6/2025 21:20:50,2,5,1,PRD,117.47384,0.66091,114.7,29.27086,293.11,JL. RO BIDADARI 13900,102,27.7,0,4
DT3151,6/6/2025 21:20:53,2,5,1,PRD,117.47363,0.66102,113.1,31.32288,299.95,JL. RO BIDADARI 13900,106,31.5,0,4
DT3151,6/6/2025 21:20:56,2,5,1,PRD,117.47344,0.66113,112.5,28.30412,304.42,JL. RO BIDADARI 13900,106,30.2,0,4
DT3151,6/6/2025 21:20:59,2,5,1,PRD,117.47328,0.66126,111.4,25.87244,310.97,JL. RO BIDADARI 13700,106,27.9,0,4
DT3151,6/6/2025 21:21:02,2,5,1,PRD,117.47313,0.66138,109.9,24.02785,311.74,JL. RO BIDADARI 13700,106,25.5,0,4
DT3151,6/6/2025 21:21:05,2,5,1,PRD,117.47301,0.66149,109,20.33126,307.92,JL. RO BIDADARI 13700,106,22.1,0,4
DT3151,6/6/2025 21:21:08,2,5,1,PRD,117.47289,0.66157,108,18.72928,303.6,JL. RO BIDADARI 13700,106,18.4,0,4
DT3151,6/6/2025 21:21:11,2,5,1,PRD,117.47276,0.66165,107.6,20.41645,294.62,JL. RO BIDADARI 13700,103,21.4,0,4
DT3151,6/6/2025 21:21:14,2,5,1,PRD,117.4726,0.6617,107.5,20.8387,280.85,JL. RO BIDADARI 13700,106,22.9,0,4
DT3151,6/6/2025 21:21:17,2,5,1,PRD,117.47244,0.66171,107.4,21.95361,266.25,JL. RO BIDADARI 13600,104,23.2,0,4
DT3151,6/6/2025 21:21:20,2,5,1,PRD,117.47228,0.66167,107.1,21.23688,248.34,JL. RO BIDADARI 13600,108,23.8,0,4
DT3151,6/6/2025 21:21:23,2,5,1,PRD,117.47214,0.66157,106.8,22.72404,228.37,JL. RO BIDADARI 13600,103,25.4,0,4
DT3151,6/6/2025 21:21:26,2,5,1,PRD,117.47202,0.66144,108.4,23.60004,217.59,JL. RO BIDADARI 13600,106,25.5,0,4
DT3151,6/6/2025 21:21:29,2,5,1,PRD,117.47193,0.66129,108.5,24.02414,208.67,JL. RO JUANDA 13500,105,27.1,0,4
DT3151,6/6/2025 21:21:32,2,5,1,PRD,117.47185,0.66111,109.3,26.24654,203.06,JL. RO JUANDA 13500,106,25.8,0,4
DT3151,6/6/2025 21:21:35,2,5,1,PRD,117.47176,0.66093,109.6,26.94104,208.92,JL. RO JUANDA 13500,106,25.8,0,108
DT3151,6/6/2025 21:21:38,2,5,1,PRD,117.47165,0.66076,109.2,27.31144,215.96,JL. RO JUANDA 13500,106,27.8,0,4
DT3151,6/6/2025 21:21:41,2,5,1,PRD,117.47152,0.6606,110.5,28.27263,221.09,JL. RO JUANDA 13500,104,28.5,0,4
DT3151,6/6/2025 21:21:44,2,5,1,PRD,117.47138,0.66043,110.8,29.3542,223.16,JL. RO JUANDA 13500,105,30,0,4
DT3151,6/6/2025 21:21:47,2,5,1,PRD,117.47123,0.66027,110.8,28.31152,223.03,JL. RO JUANDA 13500,106,29.7,0,4
DT3151,6/6/2025 21:21:50,2,5,1,PRD,117.4711,0.66011,112.6,26.89289,220.47,JL. RO JUANDA 13500,105,28.7,0,4
DT3151,6/6/2025 21:21:53,2,5,1,PRD,117.47096,0.65996,113.8,27.10587,224.57,JL. RO JUANDA 13500,104,28.6,0,4
DT3151,6/6/2025 21:21:56,2,5,1,PRD,117.47082,0.65981,114,26.16876,225.47,JL. RO JUANDA 13300,104,27.7,0,4
DT3151,6/6/2025 21:21:59,2,5,1,PRD,117.47068,0.65967,113.7,26.39841,220.52,JL. RO JUANDA 13300,105,27.8,0,4
DT3151,6/6/2025 21:22:02,2,5,1,PRD,117.47056,0.65949,114.8,28.57821,212.67,JL. RO JUANDA 13300,108,29.9,0,4
DT3151,6/6/2025 21:22:05,2,5,1,PRD,117.47044,0.65931,116.9,28.53747,211.21,JL. RO JUANDA 13300,102,30.5,0,4
DT3151,6/6/2025 21:22:08,2,5,1,PRD,117.47033,0.65911,116.4,30.43947,206.75,JL. RO JUANDA 13300,106,31.6,0,4
DT3151,6/6/2025 21:22:11,2,5,1,PRD,117.47022,0.6589,116.4,30.57282,208.16,JL. RO JUANDA 13300,105,31.2,0,4
DT3151,6/6/2025 21:22:14,2,5,1,PRD,117.47011,0.65869,116.9,31.30806,207.38,JL. RO JUANDA 13300,106,31.4,0,4
DT3151,6/6/2025 21:22:17,2,5,1,PRD,117.47,0.6585,117.7,29.13011,211.87,JL. RO JUANDA 13300,105,30,0,4
DT3151,6/6/2025 21:22:20,2,5,1,PRD,117.46987,0.65831,117.5,30.06907,214.68,JL. RO JUANDA 13100,104,31.1,0,4
DT3151,6/6/2025 21:22:23,2,5,1,PRD,117.46974,0.65812,116.8,30.73579,215.23,JL. RO JUANDA 13100,105,31.2,0,4
DT3151,6/6/2025 21:22:26,2,5,1,PRD,117.46961,0.65792,116.1,31.7118,213.84,JL. RO JUANDA 13100,104,31.2,0,4
DT3151,6/6/2025 21:22:29,2,5,1,PRD,117.46947,0.65772,115,33.06561,215.68,JL. RO JUANDA 13100,104,33.4,0,4
DT3151,6/6/2025 21:22:32,2,5,1,PRD,117.46935,0.6575,115.2,33.00634,201.76,JL. RO JUANDA 13100,104,34.7,0,4
DT3151,6/6/2025 21:22:35,2,5,1,PRD,117.46928,0.65727,115.9,31.90255,196.5,JL. RO JUANDA 13100,103,34.7,0,4
DT3151,6/6/2025 21:22:38,2,5,1,PRD,117.46921,0.65703,114.6,32.38222,197.52,JL. RO JUANDA 13100,105,33.4,0,4
DT3151,6/6/2025 21:22:41,2,5,1,PRD,117.46913,0.6568,113.5,32.81003,200.05,JL. RO JUANDA 13100,106,32.8,0,4
DT3151,6/6/2025 21:22:44,2,5,1,PRD,117.46905,0.65656,113.7,32.38963,200.32,JL. RO JUANDA 12900,103,33,0,4
DT3151,6/6/2025 21:22:47,2,5,1,PRD,117.46896,0.65633,113.5,32.06553,199.8,JL. RO JUANDA 12900,105,32.9,0,4
DT3151,6/6/2025 21:22:50,2,5,1,PRD,117.46889,0.65611,113.5,30.76357,197.01,JL. RO JUANDA 12900,104,31.9,0,4
DT3151,6/6/2025 21:22:53,2,5,1,PRD,117.46882,0.65589,113.2,29.67274,196.49,JL. RO JUANDA 12900,104,30.8,0,4
DT3151,6/6/2025 21:22:56,2,5,1,PRD,117.46876,0.65567,112.7,30.50244,195.56,JL. RO JUANDA 12900,105,31,0,4
DT3151,6/6/2025 21:22:59,2,5,1,PRD,117.46869,0.65544,112.1,33.69158,195.77,JL. RO JUANDA 12900,105,34.3,0,4
DT3151,6/6/2025 21:23:02,2,5,1,PRD,117.46861,0.65518,110.4,35.49543,197.88,JL. RO JUANDA 12900,103,36.3,0,4
DT3151,6/6/2025 21:23:05,2,5,1,PRD,117.46853,0.65493,108.4,34.15088,196.38,JL. RO JUANDA 12700,103,35.2,0,4
DT3151,6/6/2025 21:23:08,2,5,1,PRD,117.46847,0.65468,106.9,31.80995,196.24,JL. RO JUANDA 12700,103,33.2,0,4
DT3151,6/6/2025 21:23:11,2,5,1,PRD,117.4684,0.65446,106.1,28.65044,198.13,JL. RO JUANDA 12700,103,28.7,0,4
DT3151,6/6/2025 21:23:14,2,5,1,PRD,117.46833,0.65427,105.3,24.92977,198.94,JL. RO JUANDA 12700,103,25.7,0,4
DT3151,6/6/2025 21:23:18,2,5,1,PRD,117.46827,0.65411,103.4,22.7296,204.4,JL. RO JUANDA 12700,103,23.5,0,4
DT3151,6/6/2025 21:23:20,2,5,1,PRD,117.46819,0.65396,100.9,23.12037,213.51,JL. RO JUANDA 12700,103,23.3,0,4
DT3151,6/6/2025 21:23:23,2,5,1,PRD,117.46808,0.65383,101.1,21.26466,222.22,JL. RO JUANDA 12700,103,22.1,0,4
DT3151,6/6/2025 21:23:26,2,5,1,PRD,117.46796,0.65373,100.6,21.51283,232.36,JL. RO JUANDA 12700,105,21.3,0,4
DT3151,6/6/2025 21:23:29,2,5,1,PRD,117.46781,0.65364,98.8,26.19284,243.88,JL. RO JUANDA 12700,103,25.9,0,4
DT3151,6/6/2025 21:23:32,2,5,1,PRD,117.4676,0.65355,98,32.49704,248.95,JL. RO JUANDA 12500,102,31.4,0,4
DT3151,6/6/2025 21:23:35,2,5,1,PRD,117.46736,0.65347,96.2,32.71558,253.7,JL. RO JUANDA 12500,102,33.6,0,4
DT3151,6/6/2025 21:23:38,2,5,1,PRD,117.46713,0.65341,95.8,31.73587,256.22,JL. RO JUANDA 12500,102,32.6,0,4
DT3151,6/6/2025 21:23:41,2,5,1,PRD,117.4669,0.65336,95.2,31.28398,257.2,JL. RO JUANDA 12500,102,32.8,0,4
DT3151,6/6/2025 21:23:44,2,5,1,PRD,117.46667,0.65331,94.6,32.96375,256.77,JL. RO JUANDA 12500,103,33.1,0,4
DT3151,6/6/2025 21:23:47,2,5,1,PRD,117.46642,0.65324,91.1,34.17681,251.22,JL. RO JUANDA 12500,104,34.4,0,4
DT3151,6/6/2025 21:23:50,2,5,1,PRD,117.46618,0.65315,90.9,33.65269,246.79,JL. RO JUANDA 12500,105,34.9,0,4
DT3151,6/6/2025 21:23:53,2,5,1,PRD,117.46596,0.65304,88.6,32.00441,242.42,JL. RO JUANDA 12500,105,32.6,0,4
DT3151,6/6/2025 21:23:56,2,5,1,PRD,117.46575,0.65292,86.1,31.5803,238.8,JL. RO JUANDA 12300,106,32.5,0,4
DT3151,6/6/2025 21:23:59,2,5,1,PRD,117.46556,0.65278,85.5,31.65809,233.08,JL. RO JUANDA 12300,104,32.7,0,4
DT3151,6/6/2025 21:24:02,2,5,1,PRD,117.46537,0.65262,84,33.23414,230.9,JL. RO JUANDA 12300,105,33.7,0,4
DT3151,6/6/2025 21:24:05,2,5,1,PRD,117.46517,0.65247,82.2,33.82308,232.07,JL. RO JUANDA 12300,106,33.9,0,4
DT3151,6/6/2025 21:24:08,2,5,1,PRD,117.46496,0.6523,81.5,35.138,230.42,JL. RO JUANDA 12300,102,36,0,4
DT3151,6/6/2025 21:24:11,2,5,1,PRD,117.46477,0.65213,80.2,35.36579,225.75,JL. RO JUANDA 12300,106,36.7,0,4
DT3151,6/6/2025 21:24:14,2,5,1,PRD,117.4646,0.65192,79.6,35.64915,216.17,JL. RO JUANDA 12300,104,36.4,0,4
DT3151,6/6/2025 21:24:17,2,5,1,PRD,117.46445,0.6517,77.8,35.39728,207.84,JL. RO TULIP 12100,105,37.1,0,4
DT3151,6/6/2025 21:24:20,2,5,1,PRD,117.46435,0.65145,77.6,34.87316,200.75,JL. RO TULIP 12100,103,36.6,0,4
DT3151,6/6/2025 21:24:23,2,5,1,PRD,117.46426,0.6512,77.7,35.68063,198.75,JL. RO TULIP 12100,106,37.3,0,4
DT3151,6/6/2025 21:24:26,2,5,1,PRD,117.46419,0.65094,78.4,34.82316,195.15,JL. RO TULIP 12100,105,36.7,0,4
DT3151,6/6/2025 21:24:29,2,5,1,PRD,117.46414,0.65068,78.9,34.47868,190.95,JL. RO TULIP 12100,106,36.2,0,4
DT3151,6/6/2025 21:24:32,2,5,1,PRD,117.4641,0.65043,79.6,32.47667,189.58,JL. RO TULIP 12100,106,34.3,0,4
DT3151,6/6/2025 21:24:35,2,5,1,PRD,117.46407,0.65019,80.5,30.60615,186.48,JL. RO TULIP 12100,106,34.3,0,4
DT3151,6/6/2025 21:24:38,2,5,1,PRD,117.46405,0.64997,82.2,28.65044,187.48,JL. RO TULIP 11900,105,29.6,0,4
DT3151,6/6/2025 21:24:41,2,5,1,PRD,117.46403,0.64976,84.2,26.58361,184.68,JL. RO TULIP 11900,105,27.4,0,4
DT3151,6/6/2025 21:24:44,2,5,1,PRD,117.46402,0.64956,85.3,26.57435,179.39,JL. RO TULIP 11900,104,27.5,0,4
DT3151,6/6/2025 21:24:47,2,5,1,PRD,117.46402,0.64936,85.5,26.83178,180.96,JL. RO TULIP 11900,106,27.7,0,4
DT3151,6/6/2025 21:24:50,2,5,1,PRD,117.46403,0.64915,86.8,27.01512,176.58,JL. RO TULIP 11900,103,28.9,0,4
DT3151,6/6/2025 21:24:53,2,5,1,PRD,117.46405,0.64894,85.6,29.27642,170.81,JL. RO TULIP 11900,106,30.2,0,4
DT3151,6/6/2025 21:24:56,2,5,1,PRD,117.46408,0.64872,85.8,30.30798,173.93,JL. RO TULIP 11900,103,31.2,0,4
DT3151,6/6/2025 21:24:59,2,5,1,PRD,117.46411,0.64848,85.3,32.52482,174.79,JL. RO TULIP 11700,106,33.2,0,4
DT3151,6/6/2025 21:25:02,2,5,1,PRD,117.46414,0.64822,84.5,34.775,173.88,JL. RO TULIP 11700,105,36.3,0,4
DT3151,6/6/2025 21:25:05,2,5,1,PRD,117.46417,0.64795,84.5,36.57885,171,JL. RO TULIP 11700,107,37.5,0,4
DT3151,6/6/2025 21:25:08,2,5,1,PRD,117.46422,0.64767,83.8,38.20676,171.49,JL. RO TULIP 11700,104,38.9,0,4
DT3151,6/6/2025 21:25:11,2,5,1,PRD,117.46426,0.64738,83.3,38.20306,171.98,JL. RO TULIP 11700,106,39.3,0,4
DT3151,6/6/2025 21:25:14,2,5,1,PRD,117.4643,0.6471,83.8,37.93637,172.55,JL. RO TULIP 11700,105,38.9,0,4
DT3151,6/6/2025 21:25:17,2,5,1,PRD,117.46434,0.64682,84.6,34.78426,173.95,JL. RO TULIP 11700,105,36.8,0,4
DT3151,6/6/2025 21:25:20,2,5,1,PRD,117.46436,0.64658,86.8,30.18945,176.08,JL. RO TULIP 11700,107,32.6,0,4
DT3151,6/6/2025 21:25:23,2,5,1,PRD,117.46438,0.64636,88.8,25.78354,175.28,JL. RO TULIP 11500,104,27.8,0,4
DT3151,6/6/2025 21:25:26,2,5,1,PRD,117.46439,0.64617,90.6,23.7945,177.76,JL. RO TULIP 11500,105,25.3,0,4
DT3151,6/6/2025 21:25:29,2,5,1,PRD,117.4644,0.646,91.9,21.04057,175.34,JL. RO TULIP 11500,105,22.1,0,4
DT3151,6/6/2025 21:25:32,2,5,1,PRD,117.46442,0.64585,92,18.73668,171.05,JL. RO TULIP 11500,101,20.3,0,4
DT3151,6/6/2025 21:25:35,2,5,1,PRD,117.46444,0.64571,92.3,17.4514,173.22,JL. RO TULIP 11500,107,18,0,4
DT3151,6/6/2025 21:25:38,2,5,1,PRD,117.46445,0.64558,93.9,14.03446,173.32,JL. RO TULIP 11500,104,15.1,0,4
DT3151,6/6/2025 21:25:41,2,5,1,PRD,117.46446,0.64548,95.6,13.32699,175.71,JL. RO TULIP 11500,105,14.8,0,4
DT3151,6/6/2025 21:25:44,2,5,1,PRD,117.46447,0.64538,97.4,12.53063,175.66,JL. RO TULIP 11500,106,14.4,0,4
DT3151,6/6/2025 21:25:47,2,5,1,PRD,117.46448,0.64528,98.7,13.95112,175.48,JL. RO TULIP 11500,105,15.2,0,4
DT3151,6/6/2025 21:25:50,2,5,1,PRD,117.46449,0.64516,99.5,14.56413,179.32,JL. RO TULIP 11500,104,15.9,0,4
DT3151,6/6/2025 21:25:53,2,5,1,PRD,117.46449,0.64505,100.7,15.18084,179.58,JL. RO TULIP 11500,106,16.9,0,4
DT3151,6/6/2025 21:25:56,2,5,1,PRD,117.4645,0.64493,101.4,15.62903,178.14,JL. RO TULIP 11500,104,17.5,0,4
DT3151,6/6/2025 21:25:59,2,5,1,PRD,117.4645,0.64481,100.6,16.35686,175.65,JL. RO TULIP 11500,104,18.7,0,4
DT3151,6/6/2025 21:26:02,2,5,1,PRD,117.46452,0.64469,101.2,14.97527,176.23,JL. RO TULIP 11500,105,19.6,0,4
DT3151,6/6/2025 21:26:05,2,5,1,PRD,117.46452,0.64455,102.3,17.48103,177.43,JL. RO TULIP 11500,106,19.4,0,4
DT3151,6/6/2025 21:26:08,2,5,1,PRD,117.46454,0.6444,102.8,20.01642,175.92,JL. RO TULIP 11500,105,22.1,0,4
DT3151,6/6/2025 21:26:11,2,5,1,PRD,117.46455,0.64423,103.2,22.7333,178.39,JL. RO TULIP 11500,105,22.5,0,4
DT3151,6/6/2025 21:26:14,2,5,1,PRD,117.46456,0.64404,103.4,24.60197,179.04,JL. RO TULIP 11500,106,25.7,0,4
DT3151,6/6/2025 21:26:17,2,5,1,PRD,117.46457,0.64385,104.5,24.71864,179.69,JL. RO TULIP 11500,105,25.7,0,4
DT3151,6/6/2025 21:26:20,2,5,1,PRD,117.46456,0.64365,106,25.58353,181.06,JL. RO TULIP 11500,105,26.2,0,4
DT3151,6/6/2025 21:26:23,2,5,1,PRD,117.46455,0.64345,108.3,24.88903,183.8,JL. RO TULIP 11300,105,26.9,0,4
DT3151,6/6/2025 21:26:26,2,5,1,PRD,117.46455,0.64326,110.3,23.08518,178.35,JL. RO TULIP 11300,105,26.1,0,4
DT3151,6/6/2025 21:26:29,2,5,1,PRD,117.46457,0.64309,111.1,21.96657,167.25,JL. RO TULIP 11300,104,24.5,0,4
DT3151,6/6/2025 21:26:32,2,5,1,PRD,117.46462,0.64294,111.9,21.01094,154.46,JL. RO TULIP 11300,106,22.6,0,4
DT3151,6/6/2025 21:26:35,2,5,1,PRD,117.46471,0.6428,113.3,21.05909,141.23,JL. RO TULIP 11100,105,22.7,0,4
DT3151,6/6/2025 21:26:38,2,5,1,PRD,117.46481,0.64269,113.6,20.09605,130.52,JL. RO TULIP 11100,105,22.3,0,4
DT3151,6/6/2025 21:26:41,2,5,1,PRD,117.46492,0.64261,112.4,17.29583,124.61,JL. RO TULIP 11100,105,21.6,0,4
DT3151,6/6/2025 21:26:44,2,5,1,PRD,117.46502,0.64254,111,14.29374,126,JL. RO TULIP 11100,105,17.6,0,4
DT3151,6/6/2025 21:26:47,2,5,1,PRD,117.4651,0.64247,111.1,15.03268,128.74,JL. RO TULIP 11100,105,14.8,0,4
DT3151,6/6/2025 21:26:50,2,5,1,PRD,117.4652,0.6424,112.5,15.70126,129.15,JL. RO TULIP 11100,106,15.8,0,4
DT3151,6/6/2025 21:26:53,2,5,1,PRD,117.46529,0.64232,113.3,15.76237,129.45,JL. RO TULIP 11100,105,16.6,0,4
DT3151,6/6/2025 21:26:56,2,5,1,PRD,117.46539,0.64224,114.3,16.86802,130.11,JL. RO TULIP  10900,105,16.9,0,4
DT3151,6/6/2025 21:26:59,2,5,1,PRD,117.46548,0.64216,115.7,16.11425,130.94,JL. RO TULIP  10900,106,18.2,0,4
DT3151,6/6/2025 21:27:02,2,5,1,PRD,117.46558,0.64208,117.8,16.09758,130.46,JL. RO TULIP  10900,105,17.9,0,4
DT3151,6/6/2025 21:27:05,2,5,1,PRD,117.46567,0.642,119.7,15.54013,133.51,JL. RO TULIP  10900,104,17.3,0,4
DT3151,6/6/2025 21:27:08,2,5,1,PRD,117.46575,0.64191,120.4,16.1124,137.69,JL. RO TULIP  10900,104,16.8,0,4
DT3151,6/6/2025 21:27:11,2,5,1,PRD,117.46584,0.64181,121.5,16.74578,138.2,JL. RO TULIP  10900,105,17.1,0,4
DT3151,6/6/2025 21:27:14,2,5,1,PRD,117.46592,0.64172,122.7,16.81246,140.55,JL. RO TULIP  10900,105,17.5,0,4
DT3151,6/6/2025 21:27:17,2,5,1,PRD,117.46601,0.64162,123.9,17.38658,137.73,JL. RO TULIP  10900,105,18.1,0,4
DT3151,6/6/2025 21:27:20,2,5,1,PRD,117.46611,0.64153,124.5,17.46436,136.02,JL. RO TULIP  10900,105,18.4,0,4
DT3151,6/6/2025 21:27:23,2,5,1,PRD,117.4662,0.64143,125.1,17.18286,134.65,JL. RO TULIP  10900,105,18.4,0,4
DT3151,6/6/2025 21:27:26,2,5,1,PRD,117.46629,0.64134,126.6,17.33287,134.5,JL. RO TULIP  10900,106,18.4,0,4
DT3151,6/6/2025 21:27:29,2,5,1,PRD,117.46638,0.64125,127.6,16.95876,134.42,JL. RO TULIP  10900,105,18.1,0,4
DT3151,6/6/2025 21:27:32,2,5,1,PRD,117.46647,0.64116,126.7,17.33472,133.03,JL. RO TULIP  10900,105,17.6,0,4
DT3151,6/6/2025 21:27:35,2,5,1,PRD,117.46657,0.64106,127.5,18.39036,132.96,JL. RO TULIP  10900,104,18.6,0,4
DT3151,6/6/2025 21:27:38,2,5,1,PRD,117.46667,0.64097,128.4,17.97366,133.08,JL. RO TULIP  10900,103,19.1,0,4
DT3151,6/6/2025 21:27:41,2,5,1,PRD,117.46677,0.64088,127.5,19.5386,126.06,JL. RO TULIP  10900,105,19.1,0,4
DT3151,6/6/2025 21:27:44,2,5,1,PRD,117.4669,0.64078,129.9,19.97012,124.65,JL. RO TULIP  10900,107,20.9,0,4
DT3151,6/6/2025 21:27:47,2,5,1,PRD,117.46702,0.6407,130.5,18.94596,123.6,JL. RO TULIP  10900,107,20.6,0,4
DT3151,6/6/2025 21:27:50,2,5,1,PRD,117.46714,0.64062,130.8,18.59038,125.61,JL. RO TULIP  10900,105,19.5,0,4
DT3151,6/6/2025 21:27:53,2,5,1,PRD,117.46726,0.64053,129.5,19.06449,126.65,JL. RO TULIP  10900,105,19.6,0,4
DT3151,6/6/2025 21:27:56,2,5,1,PRD,117.46738,0.64044,129.8,20.87574,126.19,JL. RO TULIP  10900,105,20.7,0,4
DT3151,6/6/2025 21:27:59,2,5,1,PRD,117.46751,0.64034,130.4,22.15548,127.3,JL. RO TULIP 10700,104,22.4,0,4
DT3151,6/6/2025 21:28:02,2,5,1,PRD,117.46764,0.64024,131.6,22.47032,130.6,JL. RO TULIP 10700,106,23.1,0,4
DT3151,6/6/2025 21:28:05,2,5,1,PRD,117.46777,0.64012,132.2,22.62218,129.66,JL. RO TULIP 10700,105,23.3,0,4
DT3151,6/6/2025 21:28:08,2,5,1,PRD,117.46791,0.64002,133.5,23.67782,128.19,JL. RO TULIP 10700,104,24.3,0,4
DT3151,6/6/2025 21:28:11,2,5,1,PRD,117.46806,0.6399,134.8,24.50566,127.42,JL. RO TULIP 10700,106,24.6,0,4
DT3151,6/6/2025 21:28:14,2,5,1,PRD,117.46821,0.63979,135.6,24.74087,126.73,JL. RO TULIP 10700,104,25.4,0,4
DT3151,6/6/2025 21:28:17,2,5,1,PRD,117.46837,0.63968,136.8,24.61493,123.96,JL. RO TULIP 10700,104,25.7,0,4
DT3151,6/6/2025 21:28:20,2,5,1,PRD,117.46852,0.63957,137.7,25.65946,124.02,JL. RO TULIP 10700,104,25.2,0,4
DT3151,6/6/2025 21:28:23,2,5,1,PRD,117.46869,0.63947,138.2,27.05031,121.67,JL. RO TULIP 10700,103,28,0,4
DT3151,6/6/2025 21:28:26,2,5,1,PRD,117.46887,0.63935,138.2,29.18567,124.28,JL. RO TULIP 10700,105,28.3,0,4
DT3151,6/6/2025 21:28:29,2,5,1,PRD,117.46905,0.63922,138.1,30.06537,127.06,JL. RO TULIP 10700,105,31,0,4
DT3151,6/6/2025 21:28:32,2,5,1,PRD,117.46923,0.63907,137.7,31.14508,130.6,JL. RO SAKURA 10500,105,31.6,0,4
DT3151,6/6/2025 21:28:35,2,5,1,PRD,117.4694,0.63891,136.8,31.3414,135.12,JL. RO SAKURA 10500,104,32.6,0,4
DT3151,6/6/2025 21:28:38,2,5,1,PRD,117.46955,0.63872,137.4,32.69521,144.67,JL. RO SAKURA 10400,106,33.2,0,4
DT3151,6/6/2025 21:28:41,2,5,1,PRD,117.46967,0.6385,137.3,31.96922,156.13,JL. RO SAKURA 10400,106,33.1,0,4
DT3151,6/6/2025 21:28:44,2,5,1,PRD,117.46976,0.63828,137.4,31.91922,158.18,JL. RO SAKURA 10400,106,32.4,0,4
DT3151,6/6/2025 21:28:47,2,5,1,PRD,117.46985,0.63805,137.4,32.18591,159.65,JL. RO SAKURA 10400,105,32.5,0,4
DT3151,6/6/2025 21:28:50,2,5,1,PRD,117.46994,0.63782,137.9,32.60261,159.18,JL. RO SAKURA 10400,104,33.4,0,4
DT3151,6/6/2025 21:28:53,2,5,1,PRD,117.47003,0.63758,138.3,32.76744,160.28,JL. RO SAKURA 10400,106,33.4,0,4
DT3151,6/6/2025 21:28:56,2,5,1,PRD,117.4701,0.63734,137.9,33.2434,164.15,JL. RO SAKURA 10400,105,32.9,0,4
DT3151,6/6/2025 21:28:59,2,5,1,PRD,117.47016,0.6371,137.6,34.11384,168.64,JL. RO SAKURA 10200,103,34.4,0,4
DT3151,6/6/2025 21:29:02,2,5,1,PRD,117.47021,0.63684,137.6,34.71389,167.48,JL. RO SAKURA 10200,105,35.4,0,4
DT3151,6/6/2025 21:29:05,2,5,1,PRD,117.47026,0.63658,138.4,34.7287,169.38,JL. RO SAKURA 10200,104,36.1,0,4
DT3151,6/6/2025 21:29:08,2,5,1,PRD,117.4703,0.63632,138.7,34.47683,171.29,JL. RO SAKURA 10200,105,35.3,0,4
DT3151,6/6/2025 21:29:11,2,5,1,PRD,117.47033,0.63607,138.7,34.25459,172.51,JL. RO SAKURA 10200,103,35.6,0,4
DT3151,6/6/2025 21:29:14,2,5,1,PRD,117.47036,0.63581,139.3,34.16384,173.5,JL. RO SAKURA 10200,106,35.3,0,4
DT3151,6/6/2025 21:29:17,2,5,1,PRD,117.47039,0.63555,140,34.66574,175.27,JL. RO SAKURA 10200,104,35.8,0,4
DT3151,6/6/2025 21:29:20,2,5,1,PRD,117.47042,0.63529,140.7,33.46194,175.99,JL RO SAKURA 10000,106,35.9,0,4
DT3151,6/6/2025 21:29:23,2,5,1,PRD,117.47044,0.63504,140.9,32.26369,173.75,JL RO SAKURA 10000,104,33.2,0,4
DT3151,6/6/2025 21:29:26,2,5,1,PRD,117.47046,0.6348,141.4,32.94708,175.58,JL RO SAKURA 10000,105,32.9,0,4
DT3151,6/6/2025 21:29:29,2,5,1,PRD,117.47049,0.63455,141.2,32.83596,174.14,JL RO SAKURA 10000,106,34.8,0,4
DT3151,6/6/2025 21:29:32,2,5,1,PRD,117.47051,0.6343,141.6,33.04524,174.52,JL RO SAKURA 10000,103,33.4,0,4
DT3151,6/6/2025 21:29:35,2,5,1,PRD,117.47053,0.63405,141.8,33.92308,176.59,JL RO SAKURA 10000,104,34.3,0,4
DT3151,6/6/2025 21:29:38,2,5,1,PRD,117.47055,0.63379,141.9,34.9102,177.06,JL RO SAKURA 10000,104,34.5,0,4
DT3151,6/6/2025 21:29:41,2,5,1,PRD,117.47056,0.63353,142.1,34.62129,178.91,JL RO SAKURA 10000,106,34.5,0,4
DT3151,6/6/2025 21:29:44,2,5,1,PRD,117.47056,0.63326,142.6,34.99539,181,JL RO SAKURA 9800,105,36.1,0,4
DT3151,6/6/2025 21:29:47,2,5,1,PRD,117.47055,0.633,143,34.33052,179.67,JL RO SAKURA 9800,104,36.2,0,4
DT3151,6/6/2025 21:29:50,2,5,1,PRD,117.47056,0.63274,143.3,34.5861,178.36,JL RO SAKURA 9800,105,35,0,4
DT3151,6/6/2025 21:29:53,2,5,1,PRD,117.47056,0.63248,143.7,34.51943,178.67,JL RO SAKURA 9800,105,36.3,0,4
DT3151,6/6/2025 21:29:56,2,5,1,PRD,117.47058,0.63222,144.7,34.27496,177.88,JL RO SAKURA 9800,106,35.3,0,4
DT3151,6/6/2025 21:29:59,2,5,1,PRD,117.47059,0.63197,145,33.48231,177.87,JL RO SAKURA 9800,104,34.3,0,4
DT3151,6/6/2025 21:30:02,2,5,1,PRD,117.4706,0.63172,145.9,32.24888,179.54,JL RO SAKURA 9800,106,33.8,0,4
DT3151,6/6/2025 21:30:05,2,5,1,PRD,117.47062,0.63147,146.6,32.00626,177.53,JL RO SAKURA 9800,104,33.8,0,4
DT3151,6/6/2025 21:30:08,2,5,1,PRD,117.47063,0.63123,146.7,31.434,176.19,JL RO SAKURA 9800,104,32.8,0,4
DT3151,6/6/2025 21:30:11,2,5,1,PRD,117.47065,0.63101,146.8,27.94483,175.84,JL RO SAKURA 9600C,106,30.4,0,4
DT3151,6/6/2025 21:30:14,2,5,1,PRD,117.47065,0.6308,146.5,28.31152,183.95,JL RO SAKURA 9600C,103,29.3,0,4
DT3151,6/6/2025 21:30:17,2,5,1,PRD,117.47062,0.63059,146.1,28.57266,192.39,JL RO SAKURA 9600C,106,28.4,0,4
DT3151,6/6/2025 21:30:20,2,5,1,PRD,117.47054,0.6304,146.7,27.48924,208.18,JL RO SAKURA 9600C,106,28.9,0,4
DT3151,6/6/2025 21:30:23,2,5,1,PRD,117.47041,0.63024,147.4,26.6262,222.06,JL RO SAKURA 9600C,108,26.7,0,4
DT3151,6/6/2025 21:30:26,2,5,1,PRD,117.47025,0.63011,147.7,26.83918,238.34,JL RO SAKURA 9600C,104,27.7,0,4
DT3151,6/6/2025 21:30:29,2,5,1,PRD,117.47007,0.63002,147.8,28.49858,245.88,JL RO SAKURA 9600C,105,28.2,0,4
DT3151,6/6/2025 21:30:32,2,5,1,PRD,117.46986,0.62993,145.9,29.58014,247.68,JL RO SAKURA 9600,104,30,0,4
DT3151,6/6/2025 21:30:35,2,5,1,PRD,117.46965,0.62984,144.8,30.20982,249.14,JL RO SAKURA 9600,107,31,0,4
DT3151,6/6/2025 21:30:38,2,5,1,PRD,117.46943,0.62976,143.8,30.53207,247.96,JL RO SAKURA 9600,103,31.5,0,4
DT3151,6/6/2025 21:30:41,2,5,1,PRD,117.46922,0.62967,143.2,31.36918,247.89,JL RO SAKURA 9600,106,31,0,4
DT3151,6/6/2025 21:30:44,2,5,1,PRD,117.469,0.62959,142.1,31.73402,250.04,JL RO SAKURA 9600,103,32.4,0,4
DT3151,6/6/2025 21:30:47,2,5,1,PRD,117.46878,0.62951,143.7,31.08767,250.43,JL RO SAKURA 9400,106,32.8,0,4
DT3151,6/6/2025 21:30:50,2,5,1,PRD,117.46855,0.62942,144.7,30.6469,248.07,JL RO SAKURA 9400,105,32.9,0,4
DT3151,6/6/2025 21:30:53,2,5,1,PRD,117.46833,0.62932,143.3,32.14331,246.52,JL RO SAKURA 9400,105,33.4,0,4
DT3151,6/6/2025 21:30:56,2,5,1,PRD,117.4681,0.62922,141.8,33.29711,246.27,JL RO SAKURA 9400,105,33.5,0,4
DT3151,6/6/2025 21:30:59,2,5,1,PRD,117.46788,0.62913,142.3,30.18945,244.74,JL RO SAKURA 9400,105,33.7,0,4
DT3151,6/6/2025 21:31:02,2,5,1,PRD,117.46769,0.62905,141.4,23.97044,250.02,JL RO SAKURA 9400,102,29.9,0,4
DT3151,6/6/2025 21:31:05,2,5,1,PRD,117.46751,0.62897,141.4,26.73547,245.75,JL RO SAKURA 9400,104,26.9,0,4
DT3151,6/6/2025 21:31:08,2,5,1,PRD,117.46732,0.62888,140.1,27.63925,246.32,JL RO SAKURA 9400,102,29.1,0,4
DT3151,6/6/2025 21:31:11,2,5,1,PRD,117.46712,0.62879,138.7,29.79312,245.43,JL RO SAKURA 9400,104,29.1,0,4
DT3151,6/6/2025 21:31:14,2,5,1,PRD,117.46691,0.62869,137,30.9247,245.76,JL RO SAKURA 9400,105,31.3,0,4
DT3151,6/6/2025 21:31:17,2,5,1,PRD,117.46669,0.62859,136.2,31.03396,244.85,JL RO SAKURA 9200,104,32.5,0,4
DT3151,6/6/2025 21:31:20,2,5,1,PRD,117.46648,0.62848,137.2,31.44511,243.48,JL RO SAKURA 9200,106,32.1,0,4
DT3151,6/6/2025 21:31:23,2,5,1,PRD,117.46626,0.62837,137.5,32.58594,244.51,JL RO SAKURA 9200,105,33,0,4
DT3151,6/6/2025 21:31:26,2,5,1,PRD,117.46605,0.62827,138.5,30.21353,247.13,JL RO SAKURA 9200,104,30.6,0,4
DT3151,6/6/2025 21:31:29,2,5,1,PRD,117.46583,0.62819,137.1,31.8118,251.07,JL RO SAKURA 9200,105,31.7,0,4
DT3151,6/6/2025 21:31:32,2,5,1,PRD,117.4656,0.6281,136,33.74159,248.63,JL RO SAKURA 9200,103,34.7,0,4
DT3151,6/6/2025 21:31:35,2,5,1,PRD,117.46536,0.62801,134.1,33.04524,248.37,JL RO SAKURA 9200,105,34.9,0,4
DT3151,6/6/2025 21:31:38,2,5,1,PRD,117.46513,0.62791,133.8,33.86938,248.78,JL RO SAKURA 9200,105,33.9,0,4
DT3151,6/6/2025 21:31:41,2,5,1,PRD,117.46487,0.62781,132.2,37.91044,247.78,JL RO SAKURA 9000,104,37.8,0,4
DT3151,6/6/2025 21:31:44,2,5,1,PRD,117.46461,0.62769,131.2,38.74569,245.36,JL RO SAKURA 9000,105,40.5,0,4
DT3151,6/6/2025 21:31:47,2,5,1,PRD,117.46434,0.62757,130.7,36.63997,248.29,JL RO SAKURA 9000,104,38.2,0,4
DT3151,6/6/2025 21:31:50,2,5,1,PRD,117.4641,0.62747,129.7,34.06754,244.63,JL RO SAKURA 9000,104,35.8,0,4
DT3151,6/6/2025 21:31:53,2,5,1,PRD,117.46387,0.62735,129.1,32.37111,241.87,JL RO SAKURA 9000,103,33.3,0,4
DT3151,6/6/2025 21:31:56,2,5,1,PRD,117.46367,0.62725,128.2,27.74296,246.25,JL RO SAKURA 9000,103,29.7,0,4
DT3151,6/6/2025 21:31:59,2,5,1,PRD,117.46349,0.62716,128.3,24.47418,244.61,JL RO SAKURA 8800C,103,26.4,0,4
DT3151,6/6/2025 21:32:02,2,5,1,PRD,117.46333,0.62709,127.3,23.13333,245.9,JL RO SAKURA 8800C,103,23.1,0,4
DT3151,6/6/2025 21:32:05,2,5,1,PRD,117.46317,0.62701,128,23.12778,243.53,JL RO SAKURA 8800C,107,23.1,0,4
DT3151,6/6/2025 21:32:08,2,5,1,PRD,117.463,0.62692,127.2,27.10587,242.8,JL RO SAKURA 8800C,100,26,0,4
DT3151,6/6/2025 21:32:11,2,5,1,PRD,117.46281,0.62682,126.4,28.49117,241.98,JL RO SAKURA 8800C,107,29.8,0,4
DT3151,6/6/2025 21:32:14,2,5,1,PRD,117.46262,0.62672,125.7,28.12077,241.3,JL RO SAKURA 8800C,105,30.5,0,4
DT3151,6/6/2025 21:32:17,2,5,1,PRD,117.46243,0.62662,126,27.17995,243.41,JL RO SAKURA 8800C,104,28.9,0,4
DT3151,6/6/2025 21:32:20,2,5,1,PRD,117.46225,0.62655,127.7,25.81873,252.51,JL RO SAKURA 8800C,107,26.6,0,4
DT3151,6/6/2025 21:32:23,2,5,1,PRD,117.46206,0.62652,127.8,25.94467,270.17,JL RO SAKURA 8800C,105,26,0,4
DT3151,6/6/2025 21:32:26,2,5,1,PRD,117.46187,0.62656,127.7,26.33729,290.05,JL RO SAKURA 8800C,107,26.3,0,4
DT3151,6/6/2025 21:32:29,2,5,1,PRD,117.46169,0.62668,125.4,27.50776,310.86,JL RO SAKURA 8600,105,27.2,0,4
DT3151,6/6/2025 21:32:32,2,5,1,PRD,117.46155,0.62683,126.7,27.19662,319.82,JL RO SAKURA 8600,106,28.6,0,4
DT3151,6/6/2025 21:32:35,2,5,1,PRD,117.46142,0.62699,127.3,26.90215,318.95,JL RO SAKURA 8600,106,27.8,0,4
DT3151,6/6/2025 21:32:38,2,5,1,PRD,117.46128,0.62714,127.5,27.63184,320.75,JL RO SAKURA 8600,104,27.7,0,4
DT3151,6/6/2025 21:32:41,2,5,1,PRD,117.46115,0.6273,127.5,26.54657,320.78,JL RO SAKURA 8600,106,28.7,0,4
DT3151,6/6/2025 21:32:44,2,5,1,PRD,117.46101,0.62746,128.2,28.00409,321.19,JL RO SAKURA 8600,103,27.7,0,4
DT3151,6/6/2025 21:32:47,2,5,1,PRD,117.46087,0.62763,128.6,30.28205,319.68,JL RO SAKURA 8600,106,31.2,0,4
DT3151,6/6/2025 21:32:50,2,5,1,PRD,117.46072,0.6278,129.4,30.38206,317.41,JL RO SAKURA 8600,106,31.2,0,4
DT3151,6/6/2025 21:32:53,2,5,1,PRD,117.46056,0.62796,129.8,29.9061,312.53,JL RO SAKURA 8600,104,30.9,0,4
DT3151,6/6/2025 21:32:56,2,5,1,PRD,117.46038,0.6281,129.8,29.48014,301.3,JL RO SAKURA 8400,106,29.7,0,4
DT3151,6/6/2025 21:32:59,2,5,1,PRD,117.46017,0.6282,127.5,30.608,293.42,JL RO SAKURA 8400,105,31.6,0,4
DT3151,6/6/2025 21:33:02,2,5,1,PRD,117.45994,0.62828,126.4,33.01375,287.39,JL RO SAKURA 8400,104,33.9,0,4
DT3151,6/6/2025 21:33:05,2,5,1,PRD,117.45969,0.62836,124.3,34.32126,285.7,JL RO SAKURA 8400,106,34.8,0,4
DT3151,6/6/2025 21:33:08,2,5,1,PRD,117.45944,0.62843,121.8,35.96399,285.83,JL RO SAKURA 8300,104,36.8,0,4
DT3151,6/6/2025 21:33:11,2,5,1,PRD,117.45917,0.62849,120.7,36.64367,283.5,JL RO SAKURA 8300,105,37.2,0,4
DT3151,6/6/2025 21:33:14,2,5,1,PRD,117.4589,0.62855,119.6,37.79932,279.62,JL RO SAKURA 8300,106,38.6,0,4
DT3151,6/6/2025 21:33:17,2,5,1,PRD,117.45862,0.62858,118.9,37.87525,274.74,JL RO SAKURA 8200,105,38.7,0,4
DT3151,6/6/2025 21:33:20,2,5,1,PRD,117.45834,0.6286,117.7,36.42514,273.44,JL RO SAKURA 8200,105,38,0,4
DT3151,6/6/2025 21:33:23,2,5,1,PRD,117.45808,0.62862,117.4,34.212,274.97,JL RO SAKURA 8200,106,36,0,4
DT3151,6/6/2025 21:33:26,2,5,1,PRD,117.45783,0.62865,118.2,33.13043,277.86,JL RO SAKURA 8200,106,35,0,4
DT3151,6/6/2025 21:33:29,2,5,1,PRD,117.45759,0.62869,117.9,32.75447,281.17,JL RO SAKURA 8200,104,33.6,0,4
DT3151,6/6/2025 21:33:32,2,5,1,PRD,117.45735,0.62874,118,31.99515,282.22,JL RO SAKURA 8200,105,33.6,0,4
DT3151,6/6/2025 21:33:35,2,5,1,PRD,117.45712,0.6288,117,31.98774,284.06,JL RO SAKURA 8200,106,32.5,0,4
DT3151,6/6/2025 21:33:38,2,5,1,PRD,117.45688,0.62886,116.3,31.8544,285.12,JL RO SAKURA  8100,103,32,0,4
DT3151,6/6/2025 21:33:41,2,5,1,PRD,117.45665,0.62892,116.2,31.96737,287.73,JL RO SAKURA  8100,106,32.1,0,4
DT3151,6/6/2025 21:33:44,2,5,1,PRD,117.45642,0.629,116.1,32.58409,291.38,JL RO SAKURA  8100,105,32.1,0,4
DT3151,6/6/2025 21:33:47,2,5,1,PRD,117.45621,0.6291,115.9,31.5766,295.6,JL RO SAKURA  8100,106,32.3,0,4
DT3151,6/6/2025 21:33:50,2,5,1,PRD,117.456,0.62921,114.7,31.33769,297.99,JL RO SAKURA  8100,104,32.8,0,4
DT3151,6/6/2025 21:33:53,2,5,1,PRD,117.4558,0.62933,114.1,30.90988,297.82,JL RO SAKURA  8100,105,32.1,0,4
DT3151,6/6/2025 21:33:56,2,5,1,PRD,117.45559,0.62943,113.4,31.62105,296.45,JL RO SAKURA  8100,104,31.5,0,4
DT3151,6/6/2025 21:33:59,2,5,1,PRD,117.45539,0.62954,113.2,31.05063,295.75,JL RO SAKURA 7900,106,31.2,0,4
DT3151,6/6/2025 21:34:02,2,5,1,PRD,117.45519,0.62964,114,29.28753,298.27,JL RO SAKURA 7900,106,31,0,4
DT3151,6/6/2025 21:34:05,2,5,1,PRD,117.455,0.62975,115.5,28.69489,302.15,JL RO SAKURA 7900,104,28.9,0,4
DT3151,6/6/2025 21:34:08,2,5,1,PRD,117.45482,0.62987,115.9,27.84667,305.48,JL RO SAKURA 7900,105,28,0,4
DT3151,6/6/2025 21:34:11,2,5,1,PRD,117.45465,0.63,116.3,27.2707,306.68,JL RO SAKURA 7900,103,28.1,0,4
DT3151,6/6/2025 21:34:14,2,5,1,PRD,117.45449,0.63011,116.2,25.07052,305.95,JL RO SAKURA 7900,105,25.6,0,4
DT3151,6/6/2025 21:34:17,2,5,1,PRD,117.45433,0.63022,116.4,23.95932,304.08,JL RO SAKURA 7900,103,25.6,0,4
DT3151,6/6/2025 21:34:20,2,5,1,PRD,117.45419,0.63031,116.8,21.0702,298.83,JL RO SAKURA 7900,103,22.2,0,4
DT3151,6/6/2025 21:34:23,2,5,1,PRD,117.45405,0.63035,116.9,18.54037,271.27,JL RO SAKURA 7900,103,19.8,0,4
DT3151,6/6/2025 21:34:26,2,5,1,PRD,117.45391,0.6303,116.8,21.42764,242.23,JL. RO SAKURA 7700C,107,23.7,0,4
DT3151,6/6/2025 21:34:29,2,5,1,PRD,117.45379,0.63019,117.9,23.22408,221.33,JL. RO SAKURA 7700C,98,24.2,0,4
DT3151,6/6/2025 21:34:32,2,5,1,PRD,117.45367,0.63006,117.2,25.08719,223.47,JL. RO ANGGREK 03,107,26.3,0,4
DT3151,6/6/2025 21:34:35,2,5,1,PRD,117.45353,0.62991,116.4,27.87445,224.02,JL RO ANGGREK 7600,105,28.1,0,4
DT3151,6/6/2025 21:34:38,2,5,1,PRD,117.45339,0.62975,116.5,29.54681,220.4,JL RO ANGGREK 7600,106,30.7,0,4
DT3151,6/6/2025 21:34:41,2,5,1,PRD,117.45324,0.62957,117,30.43762,221.86,JL RO ANGGREK 7600,106,30.7,0,4
DT3151,6/6/2025 21:34:44,2,5,1,PRD,117.45309,0.6294,117,32.00997,220.5,JL RO ANGGREK 7600,106,33.1,0,4
DT3151,6/6/2025 21:34:47,2,5,1,PRD,117.45293,0.62921,116.8,33.06746,220.81,JL RO ANGGREK 7600,104,34,0,4
DT3151,6/6/2025 21:34:50,2,5,1,PRD,117.45277,0.62901,116.8,34.09162,216.38,JL RO ANGGREK 7500,106,35.5,0,4
DT3151,6/6/2025 21:34:53,2,5,1,PRD,117.45262,0.6288,118.6,33.77307,215.75,JL RO ANGGREK 7500,106,34.9,0,4
DT3151,6/6/2025 21:34:56,2,5,1,PRD,117.45247,0.62859,119.8,33.43601,215.37,JL RO ANGGREK 7500,103,35.3,0,4
DT3151,6/6/2025 21:34:59,2,5,1,PRD,117.45233,0.62838,120.2,34.41201,214.53,JL RO ANGGREK 7500,104,36.8,0,4
DT3151,6/6/2025 21:35:02,2,5,1,PRD,117.45217,0.62817,120,35.54914,217.16,JL RO ANGGREK 7500,104,36.2,0,4
DT3151,6/6/2025 21:35:05,2,5,1,PRD,117.452,0.62797,119.9,33.33044,225.31,JL RO ANGGREK 7500,106,35.3,0,4
DT3151,6/6/2025 21:35:08,2,5,1,PRD,117.45183,0.6278,119.1,31.08952,224.26,JL RO ANGGREK 7500,106,32.1,0,4
DT3151,6/6/2025 21:35:11,2,5,1,PRD,117.45167,0.62762,119.4,29.07825,221.87,JL RO ANGGREK 7300,104,30.3,0,4
DT3151,6/6/2025 21:35:14,2,5,1,PRD,117.45154,0.62746,119,27.24477,216.82,JL RO ANGGREK 7300,105,28.8,0,4
DT3151,6/6/2025 21:35:17,2,5,1,PRD,117.45143,0.62729,120,25.98541,212.37,JL RO ANGGREK 7300,105,26.9,0,4
DT3151,6/6/2025 21:35:20,2,5,1,PRD,117.45132,0.62712,119.7,26.96327,214.19,JL RO ANGGREK 7300,103,27.8,0,4
DT3151,6/6/2025 21:35:23,2,5,1,PRD,117.45119,0.62694,119.4,29.00602,216.26,JL RO ANGGREK 7300,103,29.7,0,4
DT3151,6/6/2025 21:35:26,2,5,1,PRD,117.45106,0.62677,118.7,28.13003,221.02,JL RO ANGGREK 7300,107,28.9,0,4
DT3151,6/6/2025 21:35:29,2,5,1,PRD,117.45092,0.62661,117.8,28.57636,223,JL RO CEMPAKA 7150,103,29.7,0,4
DT3151,6/6/2025 21:35:32,2,5,1,PRD,117.45076,0.62647,117.3,28.95232,231.45,JL RO CEMPAKA 7150,105,30.8,0,4
DT3151,6/6/2025 21:35:35,2,5,1,PRD,117.45058,0.62634,117.1,29.10048,233.15,JL RO CEMPAKA 7150,104,32.2,0,4
DT3151,6/6/2025 21:35:38,2,5,1,PRD,117.45039,0.6262,117.1,31.45807,232.79,JL RO CEMPAKA 7100,106,32.2,0,4
DT3151,6/6/2025 21:35:41,2,5,1,PRD,117.45019,0.62605,117.5,32.89337,233.9,JL RO CEMPAKA 7100,106,33.9,0,4
DT3151,6/6/2025 21:35:44,2,5,1,PRD,117.44998,0.62589,117.4,34.19903,233.65,JL RO CEMPAKA 7100,104,35.4,0,4
DT3151,6/6/2025 21:35:47,2,5,1,PRD,117.44977,0.62573,117.6,34.96946,234.88,JL RO CEMPAKA 7100,106,36,0,4
DT3151,6/6/2025 21:35:50,2,5,1,PRD,117.44955,0.62558,118,34.262,236.4,JL RO CEMPAKA 7100,104,36,0,4
DT3151,6/6/2025 21:35:53,2,5,1,PRD,117.44934,0.62543,118.1,32.59705,236.03,JL RO CEMPAKA 7100,105,33.7,0,4
DT3151,6/6/2025 21:35:56,2,5,1,PRD,117.44914,0.6253,119.3,32.23776,236.34,JL RO CEMPAKA 7100,104,34.4,0,4
DT3151,6/6/2025 21:35:59,2,5,1,PRD,117.44893,0.62516,120.4,33.22673,236.03,JL RO CEMPAKA 6900,107,36.7,0,4
DT3151,6/6/2025 21:36:02,2,5,1,PRD,117.44871,0.62502,120.9,34.08976,237.92,JL RO CEMPAKA 6900,107,35.4,0,4
DT3151,6/6/2025 21:36:05,2,5,1,PRD,117.44849,0.62488,121,34.22126,238.62,JL RO CEMPAKA 6900,104,36,0,4
DT3151,6/6/2025 21:36:08,2,5,1,PRD,117.44827,0.62475,119.7,34.74908,239.27,JL RO CEMPAKA 6900,106,35.7,0,4
DT3151,6/6/2025 21:36:11,2,5,1,PRD,117.44804,0.62462,118.8,34.05087,240.98,JL RO CEMPAKA 6900,106,35.2,0,4
DT3151,6/6/2025 21:36:14,2,5,1,PRD,117.44782,0.62449,120.4,33.66566,239.41,JL RO CEMPAKA 6900,105,34.8,0,4
DT3151,6/6/2025 21:36:17,2,5,1,PRD,117.44761,0.62436,119.9,32.3211,237.31,JL RO CEMPAKA 6900,106,33.5,0,4
DT3151,6/6/2025 21:36:20,2,5,1,PRD,117.44742,0.62421,122.1,30.35613,231.79,JL RO CEMPAKA 6700,105,33.5,0,4
DT3151,6/6/2025 21:36:23,2,5,1,PRD,117.44724,0.62408,121.7,29.75979,229.02,JL RO CEMPAKA 6700,105,31.4,0,4
DT3151,6/6/2025 21:36:26,2,5,1,PRD,117.44707,0.62392,121.5,30.07463,228.39,JL RO CEMPAKA 6700,104,31,0,4
DT3151,6/6/2025 21:36:29,2,5,1,PRD,117.44691,0.62376,121.9,29.94684,225.23,JL RO CEMPAKA 6700,105,31.2,0,4
DT3151,6/6/2025 21:36:32,2,5,1,PRD,117.44674,0.6236,122.5,30.85802,224.53,JL RO CEMPAKA 6620,106,31.3,0,4
DT3151,6/6/2025 21:36:35,2,5,1,PRD,117.44659,0.62343,122.2,30.33576,222.04,JL RO CEMPAKA 6620,104,31.8,0,4
DT3151,6/6/2025 21:36:38,2,5,1,PRD,117.44644,0.62326,121.5,30.62467,219.39,JL RO CEMPAKA 6620,104,31.8,0,4
DT3151,6/6/2025 21:36:41,2,5,1,PRD,117.44629,0.62306,122.7,33.77307,216.74,JL RO CEMPAKA 6620,106,32.9,0,4
DT3151,6/6/2025 21:36:44,2,5,1,PRD,117.44614,0.62285,123.3,34.98613,216.34,JL RO CEMPAKA 6620,105,34.4,0,4
DT3151,6/6/2025 21:36:47,2,5,1,PRD,117.44599,0.62264,123.2,33.38415,214.71,JL RO CEMPAKA 6500,104,35.7,0,4
DT3151,6/6/2025 21:36:50,2,5,1,PRD,117.44584,0.62243,123.4,34.4898,215.2,JL RO CEMPAKA 6500,104,35.3,0,4
DT3151,6/6/2025 21:36:53,2,5,1,PRD,117.44569,0.62222,122.9,35.02132,215.45,JL RO CEMPAKA 6500,107,36.8,0,4
DT3151,6/6/2025 21:36:56,2,5,1,PRD,117.44553,0.622,123.4,34.72685,215.36,JL RO CEMPAKA 6500,105,36,0,4
DT3151,6/6/2025 21:36:59,2,5,1,PRD,117.44538,0.62179,123.7,35.07318,215.2,JL RO CEMPAKA 6500,105,35.9,0,4
DT3151,6/6/2025 21:37:02,2,5,1,PRD,117.44522,0.62158,123.9,34.6287,217.41,JL RO CEMPAKA 6500,105,36.6,0,4
DT3151,6/6/2025 21:37:05,2,5,1,PRD,117.44506,0.62138,124.4,34.32312,221.21,JL. RO MELATI 6400,106,35.8,0,4
DT3151,6/6/2025 21:37:08,2,5,1,PRD,117.44488,0.62119,124.3,34.92131,226.01,JL. RO MELATI 6400,104,35.6,0,4
DT3151,6/6/2025 21:37:11,2,5,1,PRD,117.44468,0.621,124.6,35.20837,226.01,JL. RO MELATI 6400,106,35.9,0,4
DT3151,6/6/2025 21:37:14,2,5,1,PRD,117.44449,0.62081,124.7,36.45847,224.74,JL. RO MELATI 6400,104,36.2,0,4
DT3151,6/6/2025 21:37:17,2,5,1,PRD,117.44431,0.6206,126,35.89732,220.38,JL. RO MELATI 6400,105,37.6,0,4
DT3151,6/6/2025 21:37:20,2,5,1,PRD,117.44413,0.6204,125.6,34.84353,222.95,JL. RO MELATI 6400,104,37.6,0,4
DT3151,6/6/2025 21:37:23,2,5,1,PRD,117.44397,0.62021,125,33.5175,218.02,JL. RO MELATI 6400,107,35.7,0,4
DT3151,6/6/2025 21:37:26,2,5,1,PRD,117.44381,0.62001,125.3,32.68595,220.66,JL. RO MELATI 6100,102,34.6,0,4
DT3151,6/6/2025 21:37:29,2,5,1,PRD,117.44363,0.61983,124.8,33.08783,228.92,JL. RO MELATI 6100,105,33.6,0,4
DT3151,6/6/2025 21:37:32,2,5,1,PRD,117.44343,0.61968,124.3,32.48223,236.34,JL. RO MELATI 6100,105,33.8,0,4
DT3151,6/6/2025 21:37:35,2,5,1,PRD,117.44323,0.61956,123.3,29.75608,244.85,JL. RO MELATI 6100,105,34.3,0,4
DT3151,6/6/2025 21:37:38,2,5,1,PRD,117.44302,0.61946,123.2,32.13961,239.51,JL. RO MELATI 6100,104,30.2,0,4
DT3151,6/6/2025 21:37:41,2,5,1,PRD,117.4428,0.61933,123.1,34.08791,238.64,JL. RO MELATI 6100,104,34.3,0,4
DT3151,6/6/2025 21:37:44,2,5,1,PRD,117.44259,0.61918,121.8,33.68973,233.87,JL. RO MELATI 6100,106,36.5,0,4
DT3151,6/6/2025 21:37:47,2,5,1,PRD,117.44239,0.61903,122.7,32.27295,228.72,JL. RO MELATI 6100,105,34.9,0,4
DT3151,6/6/2025 21:37:50,2,5,1,PRD,117.44222,0.61885,121.6,31.59142,222.88,JL. RO MELATI 6100,105,33.4,0,4
DT3151,6/6/2025 21:37:53,2,5,1,PRD,117.44207,0.61866,121.2,32.25258,214.52,JL. RO MELATI 5900,106,34.3,0,4
DT3151,6/6/2025 21:37:56,2,5,1,PRD,117.44195,0.61844,121.5,32.01367,206.19,JL. RO MELATI 5900,106,33.7,0,4
DT3151,6/6/2025 21:37:59,2,5,1,PRD,117.44186,0.61822,121.9,31.71365,200.93,JL. RO MELATI 5900,104,33.2,0,4
DT3151,6/6/2025 21:38:02,2,5,1,PRD,117.44179,0.61799,121.9,30.85802,192.72,JL. RO MELATI 5900,104,33.2,0,4
DT3151,6/6/2025 21:38:05,2,5,1,PRD,117.44176,0.61776,121.2,31.40992,185.61,JL. RO MELATI 5900,106,32.5,0,4
DT3151,6/6/2025 21:38:08,2,5,1,PRD,117.44175,0.61752,121.4,31.63586,179.32,JL. RO MELATI 5900,105,32.4,0,4
DT3151,6/6/2025 21:38:11,2,5,1,PRD,117.44177,0.61728,121.9,31.41918,174.11,JL. RO MELATI 5900,106,33.3,0,4
DT3151,6/6/2025 21:38:14,2,5,1,PRD,117.44181,0.61705,121.9,29.99314,167.48,JL. RO MELATI 5900,103,31.4,0,4
DT3151,6/6/2025 21:38:17,2,5,1,PRD,117.44188,0.61682,121.9,30.96544,157.43,JL. RO MELATI 5900,105,32.8,0,4
DT3151,6/6/2025 21:38:20,2,5,1,PRD,117.442,0.6166,121.4,32.64891,149.78,JL. RO MELATI 5600,103,33.2,0,4
DT3151,6/6/2025 21:38:23,2,5,1,PRD,117.44213,0.6164,121.6,29.17456,144.29,JL. RO MELATI 5600,105,32.6,0,4
DT3151,6/6/2025 21:38:26,2,5,1,PRD,117.44225,0.61621,122.6,30.05055,151.04,JL. RO MELATI 5600,104,29.5,0,4
DT3151,6/6/2025 21:38:29,2,5,1,PRD,117.44234,0.61601,120.2,25.97615,167.01,JL. RO MELATI 5600,105,30.4,0,4
DT3151,6/6/2025 21:38:32,2,5,1,PRD,117.44235,0.61583,119.8,21.74063,181.65,JL. RO MELATI 5600,105,24.8,0,4
DT3151,6/6/2025 21:38:35,2,5,1,PRD,117.44235,0.61567,120.1,20.16458,184.61,JL. RO MELATI 5600,105,22.1,0,4
DT3151,6/6/2025 21:38:38,2,5,1,PRD,117.44232,0.61551,118.7,19.8627,193.81,JL. RO MELATI 5600,105,18.9,0,4
DT3151,6/6/2025 21:38:41,2,5,1,PRD,117.44227,0.61533,116.4,25.878,195.96,JL. RO MELATI 5600,97,23,0,4
DT3151,6/6/2025 21:38:44,2,5,1,PRD,117.44222,0.61515,114.4,25.49463,197.98,JL. RO MELATI 5600,97,25.9,0,4
DT3151,6/6/2025 21:38:47,2,5,1,PRD,117.44216,0.61495,112.9,30.08389,196.91,JL. RO MELATI 5600,102,27,0,4
DT3151,6/6/2025 21:38:50,2,5,1,PRD,117.44209,0.61471,109.6,32.66187,196.23,JL. RO MELATI 5500,105,31.9,0,4
DT3151,6/6/2025 21:38:53,2,5,1,PRD,117.44202,0.6145,106.5,27.68925,199.83,JL. RO MELATI 5500,105,32.5,0,4
DT3151,6/6/2025 21:38:56,2,5,1,PRD,117.44196,0.61431,106.2,22.03139,202.28,JL. RO MELATI 5500,105,28.1,0,4
DT3151,6/6/2025 21:38:59,2,5,1,PRD,117.4419,0.61415,104.5,21.77582,208.2,JL. RO MELATI 5500,105,22.3,0,4
DT3151,6/6/2025 21:39:02,2,5,1,PRD,117.4418,0.61399,104.1,27.35219,213.39,JL. RO MELATI 5500,103,26.3,0,4
DT3151,6/6/2025 21:39:05,2,5,1,PRD,117.44167,0.61382,103.5,30.53578,220.86,JL. RO MELATI 5500,105,30.8,0,4
DT3151,6/6/2025 21:39:08,2,5,1,PRD,117.44151,0.61365,103.9,30.12278,225.65,JL. RO MELATI 5500,107,30.3,0,4
DT3151,6/6/2025 21:39:11,2,5,1,PRD,117.44134,0.61349,101.5,31.42288,226.45,JL. RO MELATI 5500,102,31.8,0,4
DT3151,6/6/2025 21:39:14,2,5,1,PRD,117.44117,0.61333,100.4,30.9247,223.72,JL. RO MELATI 5500,106,32.3,0,4
DT3151,6/6/2025 21:39:17,2,5,1,PRD,117.44102,0.61314,99.5,30.68023,215.28,JL. RO MELATI 5500,104,31.9,0,4
DT3151,6/6/2025 21:39:20,2,5,1,PRD,117.44091,0.61293,99.1,31.31732,199.65,JL. RO MELATI 5500,104,31.9,0,4
DT3151,6/6/2025 21:39:23,2,5,1,PRD,117.44087,0.61272,99.4,27.30774,185.25,JL. RO MELATI 5200,105,30.8,0,4
DT3151,6/6/2025 21:39:26,2,5,1,PRD,117.44088,0.61251,98.7,27.79296,173.03,JL. RO MELATI 5200,104,27.9,0,4
DT3151,6/6/2025 21:39:29,2,5,1,PRD,117.44092,0.6123,96.3,29.3116,168.37,JL. RO MELATI 5200,104,29.7,0,4
DT3151,6/6/2025 21:39:32,2,5,1,PRD,117.44096,0.61208,95,30.41169,169.37,JL. RO MELATI 5200,105,30.5,0,4
DT3151,6/6/2025 21:39:35,2,5,1,PRD,117.441,0.61185,95.9,30.23946,171.28,JL. RO MELATI 5200,107,32,0,4
DT3151,6/6/2025 21:39:38,2,5,1,PRD,117.44103,0.61163,96.7,28.73934,172.83,JL. RO MELATI 5200,105,30.6,0,4
DT3151,6/6/2025 21:39:41,2,5,1,PRD,117.44105,0.6114,96.2,31.79514,173.65,JL. RO ELANG 5100,104,29.4,0,4
DT3151,6/6/2025 21:39:44,2,5,1,PRD,117.44108,0.61116,94.5,32.0359,171.3,JL. RO ELANG 5100,104,33.9,0,4
DT3151,6/6/2025 21:39:47,2,5,1,PRD,117.44112,0.61093,92.7,30.62097,168.58,JL. RO ELANG 5100,104,32.2,0,4
DT3151,6/6/2025 21:39:50,2,5,1,PRD,117.44117,0.61072,90.7,26.78548,164.88,JL. RO ELANG 5100,104,29.9,0,4
DT3151,6/6/2025 21:39:53,2,5,1,PRD,117.44123,0.61053,88.2,27.11328,162.38,JL. RO ELANG 5100,104,25.9,0,4
DT3151,6/6/2025 21:39:56,2,5,1,PRD,117.4413,0.61034,86,26.63732,156.88,JL. RO ELANG 5100,104,28.4,0,4
DT3151,6/6/2025 21:39:59,2,5,1,PRD,117.44138,0.61016,84.5,24.92977,158.85,JL. RO ELANG 5100,104,25.9,0,4
DT3151,6/6/2025 21:40:02,2,5,1,PRD,117.44143,0.60999,83,21.46283,161.9,JL. RO ELANG 5100,99,24.4,0,4
DT3151,6/6/2025 21:40:05,2,5,1,PRD,117.44147,0.60985,81.3,17.8292,160.82,JL. STP MELAWAN,99,20.1,0,4
DT3151,6/6/2025 21:40:08,2,5,1,PRD,117.44153,0.60973,80.5,18.39592,156.35,JL. STP MELAWAN,99,18.2,0,4
DT3151,6/6/2025 21:40:11,2,5,1,PRD,117.44159,0.60961,79.9,17.29583,152.52,JL. STP MELAWAN,99,20.7,0,4
DT3151,6/6/2025 21:40:14,2,5,1,PRD,117.44164,0.60949,78.8,16.39576,155.49,JL. STP MELAWAN,99,17.6,0,4
DT3151,6/6/2025 21:40:17,2,5,1,PRD,117.44168,0.60937,79.3,16.10684,166.34,JL. STP MELAWAN,99,16.6,0,4
DT3151,6/6/2025 21:40:20,2,5,1,PRD,117.44171,0.60925,79.9,16.60688,168.53,JL. STP MELAWAN,104,17.6,0,4
DT3151,6/6/2025 21:40:23,2,5,1,PRD,117.44171,0.60912,80.2,16.0698,178.62,JL. STP MELAWAN,106,17.3,0,4
DT3151,6/6/2025 21:40:26,2,5,1,PRD,117.4417,0.609,80.1,15.89201,188.59,JL. STP MELAWAN,97,15.8,0,4
DT3151,6/6/2025 21:40:29,2,5,1,PRD,117.44168,0.60888,80.3,14.88452,195.27,JL. STP MELAWAN,106,16,0,4
DT3151,6/6/2025 21:40:32,2,5,1,PRD,117.44165,0.60877,80.6,12.8677,202.7,JL. STP MELAWAN,103,14.7,0,4
DT3151,6/6/2025 21:40:35,2,5,1,PRD,117.44161,0.6087,79.6,8.20806,216.84,JL. STP MELAWAN,105,12.4,0,4
DT3151,6/6/2025 21:40:38,2,5,1,PRD,117.44158,0.60866,80.2,3.95958,221.85,OUT. CRUSHER 7 02,104,6.7,0,4
DT3151,6/6/2025 21:40:41,2,5,1,PRD,117.44158,0.60865,80.5,0.0889,0,OUT. CRUSHER 7 02,104,0,0,5
DT3151,6/6/2025 21:40:44,2,5,1,PRD,117.44158,0.60865,81.1,0.05926,0,OUT. CRUSHER 7 02,105,0,0,5
DT3151,6/6/2025 21:40:47,2,5,1,PRD,117.44158,0.60865,81.4,0.07038,0,OUT. CRUSHER 7 02,104,0,0,5
DT3151,6/6/2025 21:40:50,2,5,1,PRD,117.44158,0.60864,82,0.07778,0,OUT. CRUSHER 7 02,104,0,0,5
DT3151,6/6/2025 21:40:53,2,5,1,PRD,117.44159,0.60864,82.9,0.05,0,OUT. CRUSHER 7 02,104,0,0,5
DT3151,6/6/2025 21:40:56,2,5,1,PRD,117.44159,0.60864,83.4,0.06297,0,OUT. CRUSHER 7 02,105,0,0,5
DT3151,6/6/2025 21:40:59,2,5,1,PRD,117.44159,0.60864,83.9,0.03148,0,OUT. CRUSHER 7 02,105,0,0,5
DT3151,6/6/2025 21:41:02,2,5,1,PRD,117.44159,0.60863,84.2,0.01111,0,OUT. CRUSHER 7 02,105,0,0,5
DT3151,6/6/2025 21:41:05,2,5,1,PRD,117.44159,0.60863,84.5,0.02408,0,OUT. CRUSHER 7 02,105,0,0,5
DT3151,6/6/2025 21:41:08,2,5,1,PRD,117.44159,0.60863,84.1,0.00741,0,OUT. CRUSHER 7 02,105,0,0,5
DT3151,6/6/2025 21:41:11,2,5,1,PRD,117.44159,0.60863,83.6,0.02037,0,OUT. CRUSHER 7 02,105,0,0,5
DT3151,6/6/2025 21:41:14,2,5,1,PRD,117.44159,0.60862,83.3,0.03704,0,OUT. CRUSHER 7 02,105,0,0,5
DT3151,6/6/2025 21:41:17,2,5,1,PRD,117.44159,0.60862,82.7,0.01667,0,OUT. CRUSHER 7 02,105,0,0,5
DT3151,6/6/2025 21:41:20,2,5,1,PRD,117.44159,0.60862,82.7,0.05,0,OUT. CRUSHER 7 02,105,0,0,5
DT3151,6/6/2025 21:41:23,2,5,1,PRD,117.44159,0.60862,82.6,0.00926,0,OUT. CRUSHER 7 02,105,0,0,5
DT3151,6/6/2025 21:41:26,2,5,1,PRD,117.44159,0.60862,82.7,0.03704,0,OUT. CRUSHER 7 02,105,0,0,5
DT3151,6/6/2025 21:41:29,2,5,1,PRD,117.44159,0.60862,82.5,0.06667,0,OUT. CRUSHER 7 02,105,0,0,5
DT3151,6/6/2025 21:41:32,2,5,1,PRD,117.44159,0.60861,82,0.05186,0,OUT. CRUSHER 7 02,105,0,0,5
DT3151,6/6/2025 21:41:35,2,5,1,PRD,117.44159,0.60861,81.3,0.01852,0,OUT. CRUSHER 7 02,105,0,0,5
DT3151,6/6/2025 21:41:38,2,5,1,PRD,117.44159,0.60861,80.8,0.01482,0,OUT. CRUSHER 7 02,105,0,0,5
DT3151,6/6/2025 21:41:41,2,5,1,PRD,117.44159,0.60861,80,0.05371,0,OUT. CRUSHER 7 02,105,0,0,5
DT3151,6/6/2025 21:41:44,2,5,1,PRD,117.44159,0.60861,79.3,0.01667,0,OUT. CRUSHER 7 02,105,0,0,5
DT3151,6/6/2025 21:41:47,2,5,1,PRD,117.44158,0.60861,78.8,0.03889,0,OUT. CRUSHER 7 02,105,0,0,5
DT3151,6/6/2025 21:41:50,2,5,1,PRD,117.44158,0.60861,78.2,0.07964,0,OUT. CRUSHER 7 02,105,0,0,5
DT3151,6/6/2025 21:41:53,2,5,1,PRD,117.44158,0.60861,77.8,0.03519,0,OUT. CRUSHER 7 02,105,0,0,5
DT3151,6/6/2025 21:41:56,2,5,1,PRD,117.44158,0.60861,77.4,0.0463,0,OUT. CRUSHER 7 02,105,0,0,5
DT3151,6/6/2025 21:41:59,2,5,1,PRD,117.44158,0.60861,76.9,0.0963,0,OUT. CRUSHER 7 02,105,0,0,5
DT3151,6/6/2025 21:42:02,2,5,1,PRD,117.44158,0.60861,76.5,1.32418,219.78,OUT. CRUSHER 7 02,105,0,0,5
DT3151,6/6/2025 21:42:05,2,5,1,PRD,117.44156,0.60859,75.8,5.06892,229.17,JL. STP TO CRUSHER 78,109,4.5,0,4
DT3151,6/6/2025 21:42:08,2,5,1,PRD,117.44152,0.60856,75.9,7.22095,235.33,JL. STP TO CRUSHER 78,104,6.9,0,4
DT3151,6/6/2025 21:42:11,2,5,1,PRD,117.44146,0.60853,76,6.17086,242.73,JL. STP TO CRUSHER 78,104,7.3,0,4
DT3151,6/6/2025 21:42:14,2,5,1,PRD,117.44142,0.60851,76.4,5.88566,241.27,JL. STP TO CRUSHER 78,101,7.2,0,4
DT3151,6/6/2025 21:42:17,2,5,1,PRD,117.44138,0.60849,77.4,5.66342,244.8,JL. STP TO CRUSHER 78,105,7,0,4
DT3151,6/6/2025 21:42:20,2,5,1,PRD,117.44134,0.60847,77.8,6.60053,245.86,JL. STP TO CRUSHER 78,107,6.5,0,4
DT3151,6/6/2025 21:42:23,2,5,1,PRD,117.44129,0.60845,77.9,6.15975,244.75,JL. STP TO CRUSHER 78,103,7.1,0,4
DT3151,6/6/2025 21:42:26,2,5,1,PRD,117.44124,0.60843,77.8,5.52266,245.67,JL. CRUSHER 78 04,103,7.1,0,4
DT3151,6/6/2025 21:42:29,2,5,1,PRD,117.44122,0.60841,78.4,2.29278,242.1,JL. CRUSHER 78 04,105,4,0,4
DT3151,6/6/2025 21:42:32,2,5,1,PRD,117.44121,0.60841,78.7,0.02963,0,JL. CRUSHER 78 04,104,0,0,4
DT3151,6/6/2025 21:42:35,2,5,1,PRD,117.44121,0.60841,77.5,0.10556,0,JL. CRUSHER 78 04,105,0,0,5
DT3151,6/6/2025 21:42:38,2,5,1,PRD,117.4412,0.60841,76.6,0.07593,0,JL. CRUSHER 78 04,105,0,0,5
DT3151,6/6/2025 21:42:41,2,5,1,PRD,117.4412,0.60841,76,0.08519,0,JL. CRUSHER 78 04,105,0,0,5
DT3151,6/6/2025 21:42:44,2,5,1,PRD,117.4412,0.6084,75.6,0.02778,0,JL. CRUSHER 78 04,105,0,0,5
DT3151,6/6/2025 21:42:47,2,5,1,PRD,117.44119,0.6084,75.8,0.03334,0,JL. CRUSHER 78 04,105,0,0,5
DT3151,6/6/2025 21:42:50,2,5,1,PRD,117.44119,0.6084,76.4,0.0463,0,JL. CRUSHER 78 04,105,0,0,5
DT3151,6/6/2025 21:42:53,2,5,1,PRD,117.44118,0.60839,76.9,0.02408,0,JL. CRUSHER 78 04,105,0,0,5
DT3151,6/6/2025 21:42:56,2,5,1,PRD,117.44117,0.60839,77.2,0.0426,0,JL. CRUSHER 78 04,105,0,0,5
DT3151,6/6/2025 21:42:59,2,5,1,PRD,117.44117,0.60839,77.3,0.03889,0,JL. CRUSHER 78 04,105,0,0,5
DT3151,6/6/2025 21:43:02,2,5,1,PRD,117.44117,0.60839,77.4,0.07964,0,JL. CRUSHER 78 04,105,0,0,5
DT3151,6/6/2025 21:43:05,2,5,1,PRD,117.44116,0.60839,77.8,0.02963,0,JL. CRUSHER 78 04,105,0,0,5
DT3151,6/6/2025 21:43:08,2,5,1,PRD,117.44116,0.60839,78,0.01296,0,JL. CRUSHER 78 04,105,0,0,5
DT3151,6/6/2025 21:43:11,2,5,1,PRD,117.44116,0.60839,77.7,0.12223,0,JL. CRUSHER 78 04,105,0,0,5
DT3151,6/6/2025 21:43:14,2,5,1,PRD,117.44116,0.60839,77.2,0.02408,0,JL. CRUSHER 78 04,105,0,0,5
DT3151,6/6/2025 21:43:17,2,5,1,PRD,117.44116,0.60839,76.7,0.04445,0,JL. CRUSHER 78 04,105,0,0,5
DT3151,6/6/2025 21:43:20,2,5,1,PRD,117.44116,0.60839,76.5,0.05186,0,JL. CRUSHER 78 04,105,0,0,5
DT3151,6/6/2025 21:43:23,2,5,1,PRD,117.44116,0.60839,76.5,0.09816,0,JL. CRUSHER 78 04,105,0,0,5
DT3151,6/6/2025 21:43:26,2,5,1,PRD,117.44116,0.60839,76.7,0.06297,0,JL. CRUSHER 78 04,105,0,0,5
DT3151,6/6/2025 21:43:29,2,5,1,PRD,117.44115,0.60839,77.1,0.11668,0,JL. CRUSHER 78 04,105,0,0,5
DT3151,6/6/2025 21:43:32,2,5,1,PRD,117.44115,0.60839,77.2,0.01296,0,JL. CRUSHER 78 04,105,0,0,5
DT3151,6/6/2025 21:43:35,2,5,1,PRD,117.44115,0.60839,77.1,0.02408,0,JL. CRUSHER 78 04,105,0,0,5
DT3151,6/6/2025 21:43:38,2,5,1,PRD,117.44115,0.60839,77,0.14446,0,JL. CRUSHER 78 04,105,0,0,5
DT3151,6/6/2025 21:43:41,2,5,1,PRD,117.44115,0.60838,77.2,1.28899,241.33,JL. CRUSHER 78 04,105,0,0,5
DT3151,6/6/2025 21:43:44,2,5,1,PRD,117.44112,0.60837,77.5,5.88195,248.24,JL. CRUSHER 78 04,106,5.5,0,4
DT3151,6/6/2025 21:43:47,2,5,1,PRD,117.44108,0.60836,77.1,6.895,249.96,JL. CRUSHER 78 04,101,7.3,0,4
DT3151,6/6/2025 21:43:50,2,5,1,PRD,117.44104,0.60833,76.6,6.91352,238.82,JL. CRUSHER 78 04,102,7.3,0,4
DT3151,6/6/2025 21:43:53,2,5,1,PRD,117.441,0.6083,77.3,5.71898,218.16,JL. CRUSHER 78 04,102,6.2,0,4
DT3151,6/6/2025 21:43:56,2,5,1,PRD,117.44099,0.60827,76.3,4.90965,201.85,JL. CRUSHER 78 04,104,5.3,0,4
DT3151,6/6/2025 21:43:59,2,5,1,PRD,117.441,0.60824,75.8,3.5651,185.75,JL. CRUSHER 78 04,103,4.1,0,4
DT3151,6/6/2025 21:44:02,2,5,1,PRD,117.44101,0.60822,75.5,0.65931,0,IN WIGHTBRIDGE 01,103,1.6,0,5
DT3151,6/6/2025 21:44:05,2,5,1,PRD,117.44101,0.60822,75.8,0.19261,0,IN WIGHTBRIDGE 01,103,0,0,5
DT3151,6/6/2025 21:44:08,2,5,1,PRD,117.44102,0.60822,76.2,0.05186,0,IN WIGHTBRIDGE 01,103,0,0,5
DT3151,6/6/2025 21:44:11,2,5,1,PRD,117.44102,0.60822,76.6,0.0426,0,IN WIGHTBRIDGE 01,102,0,0,5
DT3151,6/6/2025 21:44:14,2,5,1,PRD,117.44103,0.60821,76.9,0.04074,0,IN WIGHTBRIDGE 01,102,0,0,5
DT3151,6/6/2025 21:44:17,2,5,1,PRD,117.44103,0.60821,77,0.05556,0,IN WIGHTBRIDGE 01,102,0,0,5
DT3151,6/6/2025 21:44:20,2,5,1,PRD,117.44103,0.60821,77.2,0.05556,0,IN WIGHTBRIDGE 01,101,0,0,5
DT3151,6/6/2025 21:44:23,2,5,1,PRD,117.44104,0.6082,77.5,0.04074,0,IN WIGHTBRIDGE 01,101,0,0,5
DT3151,6/6/2025 21:44:26,2,5,1,PRD,117.44104,0.6082,78,0.00926,0,IN WIGHTBRIDGE 01,101,0,0,5
DT3151,6/6/2025 21:44:29,2,5,1,PRD,117.44104,0.6082,78.7,0.05926,0,IN WIGHTBRIDGE 01,101,0,0,5
DT3151,6/6/2025 21:44:32,2,5,1,PRD,117.44105,0.60819,79.4,0.07038,0,IN WIGHTBRIDGE 01,101,0,0,5
DT3151,6/6/2025 21:44:35,2,5,1,PRD,117.44105,0.60819,79.9,0.00556,0,IN WIGHTBRIDGE 01,101,0,0,5
DT3151,6/6/2025 21:44:38,2,5,1,PRD,117.44105,0.60818,80.5,0.06667,0,IN WIGHTBRIDGE 01,101,0,0,5
DT3151,6/6/2025 21:44:41,2,5,1,PRD,117.44105,0.60818,80.8,0.07593,0,IN WIGHTBRIDGE 01,101,0,0,5
DT3151,6/6/2025 21:44:44,2,5,1,PRD,117.44105,0.60817,81.1,0.04074,0,IN WIGHTBRIDGE 01,101,0,0,5
DT3151,6/6/2025 21:44:47,2,5,1,PRD,117.44105,0.60817,81.3,0.04445,0,IN WIGHTBRIDGE 01,100,0,0,5
DT3151,6/6/2025 21:44:50,2,5,1,PRD,117.44105,0.60817,81.4,0.06297,0,IN WIGHTBRIDGE 01,100,0,0,5
DT3151,6/6/2025 21:44:53,2,5,1,PRD,117.44105,0.60817,81.4,0.06852,0,IN WIGHTBRIDGE 01,100,0,0,5
DT3151,6/6/2025 21:44:56,2,5,1,PRD,117.44105,0.60817,81.6,0.02963,0,IN WIGHTBRIDGE 01,100,0,0,5
DT3151,6/6/2025 21:44:59,2,5,1,PRD,117.44105,0.60817,81.9,0.03148,0,IN WIGHTBRIDGE 01,100,0,0,5
DT3151,6/6/2025 21:45:02,2,5,1,PRD,117.44105,0.60817,82.1,0.53152,0,IN WIGHTBRIDGE 01,100,0,0,5
DT3151,6/6/2025 21:45:05,2,5,1,PRD,117.44105,0.60817,82.4,0.08519,0,IN WIGHTBRIDGE 01,100,0,0,5
DT3151,6/6/2025 21:45:08,2,5,1,PRD,117.44105,0.60816,81.5,2.76133,170.17,IN WIGHTBRIDGE 01,102,2.2,0,5
DT3151,6/6/2025 21:45:11,2,5,1,PRD,117.44105,0.60813,80.3,4.92817,170.13,IN WIGHTBRIDGE 01,102,5.8,0,5
DT3151,6/6/2025 21:45:14,2,5,1,PRD,117.44106,0.6081,78.3,4.91521,159.12,IN WIGHTBRIDGE 01,102,6.7,0,4
DT3151,6/6/2025 21:45:17,2,5,1,PRD,117.44108,0.60807,77.8,5.90232,154.17,IN WIGHTBRIDGE 01,106,6.7,0,4
DT3151,6/6/2025 21:45:20,2,5,1,PRD,117.4411,0.60805,76.8,5.03003,154.98,IN WIGHTBRIDGE 01,104,6,0,4
DT3151,6/6/2025 21:45:23,2,5,1,PRD,117.44112,0.60802,76.5,4.75223,150.72,IN WEIGHTBRIDGE,102,4.9,0,4
DT3151,6/6/2025 21:45:26,2,5,1,PRD,117.44113,0.60801,76.8,0.23706,0,IN WEIGHTBRIDGE,102,0,0,4
DT3151,6/6/2025 21:45:29,2,5,1,PRD,117.44114,0.60801,76.7,0.1426,0,IN WEIGHTBRIDGE,102,0,0,5
DT3151,6/6/2025 21:45:32,2,5,1,PRD,117.44114,0.60801,77,0.10927,0,IN WEIGHTBRIDGE,102,0,0,5
DT3151,6/6/2025 21:45:35,2,5,1,PRD,117.44114,0.60801,77.4,0.05926,0,IN WEIGHTBRIDGE,102,0,0,5
DT3151,6/6/2025 21:45:38,2,5,1,PRD,117.44115,0.60801,77.8,0.07778,0,IN WEIGHTBRIDGE,102,0,0,5
DT3151,6/6/2025 21:45:41,2,5,1,PRD,117.44115,0.60801,78.1,0.03889,0,IN WEIGHTBRIDGE,102,0,0,5
DT3151,6/6/2025 21:45:44,2,5,1,PRD,117.44115,0.60802,78.3,0.08519,0,IN WEIGHTBRIDGE,102,0,0,5
DT3151,6/6/2025 21:45:47,2,5,1,PRD,117.44115,0.60802,78.2,0.11668,0,IN WEIGHTBRIDGE,102,0,0,5
DT3151,6/6/2025 21:45:50,2,5,1,PRD,117.44115,0.60802,78,0.06667,0,IN WEIGHTBRIDGE,102,0,0,5
DT3151,6/6/2025 21:45:53,2,5,1,PRD,117.44115,0.60802,77.8,0.03148,0,IN WEIGHTBRIDGE,102,0,0,5
DT3151,6/6/2025 21:45:56,2,5,1,PRD,117.44115,0.60802,77.7,0.05186,0,IN WEIGHTBRIDGE,102,0,0,5
DT3151,6/6/2025 21:45:59,2,5,1,PRD,117.44115,0.60802,77.6,0.04445,0,IN WEIGHTBRIDGE,102,0,0,5
DT3151,6/6/2025 21:46:02,2,5,1,PRD,117.44115,0.60802,77.2,0.06297,0,IN WEIGHTBRIDGE,102,0,0,5
DT3151,6/6/2025 21:46:05,2,5,1,PRD,117.44115,0.60802,76.8,0.06297,0,IN WEIGHTBRIDGE,102,0,0,5
DT3151,6/6/2025 21:46:08,2,5,1,PRD,117.44115,0.60802,76.4,0.02963,0,IN WEIGHTBRIDGE,102,0,0,5
DT3151,6/6/2025 21:46:11,2,5,1,PRD,117.44115,0.60802,76.2,0.05,0,IN WEIGHTBRIDGE,102,0,0,5
DT3151,6/6/2025 21:46:14,2,5,1,PRD,117.44115,0.60802,76.3,0.06667,0,IN WEIGHTBRIDGE,102,0,0,5
DT3151,6/6/2025 21:46:17,2,5,1,PRD,117.44114,0.60802,76.3,0.01482,0,IN WEIGHTBRIDGE,102,0,0,5
DT3151,6/6/2025 21:46:20,2,5,1,PRD,117.44114,0.60802,76.4,0.05371,0,IN WEIGHTBRIDGE,102,0,0,5
DT3151,6/6/2025 21:46:23,2,5,1,PRD,117.44114,0.60802,76.2,0.03519,0,IN WEIGHTBRIDGE,102,0,0,5
DT3151,6/6/2025 21:46:26,2,5,1,PRD,117.44115,0.60802,76.1,0.07593,0,IN WEIGHTBRIDGE,102,0,0,5
DT3151,6/6/2025 21:46:29,2,5,1,PRD,117.44115,0.60802,76.3,0.06297,0,IN WEIGHTBRIDGE,102,0,0,5
DT3151,6/6/2025 21:46:32,2,5,1,PRD,117.44115,0.60802,75.8,0.72784,0,IN WEIGHTBRIDGE,102,0,0,5
DT3151,6/6/2025 21:46:36,2,5,1,PRD,117.44115,0.60799,75.9,7.12094,0,IN WEIGHTBRIDGE,103,4.2,0,4
DT3151,6/6/2025 21:46:38,2,5,1,PRD,117.44116,0.60797,76,4.42813,151.93,IN WEIGHTBRIDGE,104,4.2,0,4
DT3151,6/6/2025 21:46:41,2,5,1,PRD,117.44117,0.60794,74.1,5.47266,149.67,IN WEIGHTBRIDGE,104,5.8,0,4
DT3151,6/6/2025 21:46:44,2,5,1,PRD,117.4412,0.6079,74,4.79298,151.18,IN WEIGHTBRIDGE,105,6.2,0,4
DT3151,6/6/2025 21:46:47,2,5,1,PRD,117.44124,0.60788,75.3,4.95225,149.53,IN WEIGHTBRIDGE,107,5.9,0,4
DT3151,6/6/2025 21:46:50,2,5,1,PRD,117.44127,0.60784,75.4,4.27627,154.07,IN WEIGHTBRIDGE,106,5.5,0,4
DT3151,6/6/2025 21:46:53,2,5,1,PRD,117.44128,0.60782,74.3,2.01127,147.58,IN WEIGHTBRIDGE,103,4.5,0,4
DT3151,6/6/2025 21:46:56,2,5,1,PRD,117.44129,0.60781,74.3,1.03342,151.43,IN WEIGHTBRIDGE,107,1.7,0,4
DT3151,6/6/2025 21:46:59,2,5,1,PRD,117.44129,0.6078,75.1,0.08149,0,IN WEIGHTBRIDGE,107,0,0,5
DT3151,6/6/2025 21:47:02,2,5,1,PRD,117.44129,0.6078,76.2,0.01111,0,IN WEIGHTBRIDGE,107,0,0,5
DT3151,6/6/2025 21:47:05,2,5,1,PRD,117.4413,0.6078,77.7,0.0426,0,IN WEIGHTBRIDGE,107,0,0,5
DT3151,6/6/2025 21:47:08,2,5,1,PRD,117.4413,0.6078,78.7,0.0463,0,IN WEIGHTBRIDGE,107,0,0,5
DT3151,6/6/2025 21:47:11,2,5,1,PRD,117.44131,0.60781,78.9,5.71342,0,IN WEIGHTBRIDGE,107,0,0,5
DT3151,6/6/2025 21:47:14,2,5,1,PRD,117.44132,0.60784,79.1,6.41162,0,IN WEIGHTBRIDGE,107,0,0,5
DT3151,6/6/2025 21:47:17,2,5,1,PRD,117.44129,0.60784,78.2,0.29817,0,IN WEIGHTBRIDGE,107,0,0,5
DT3151,6/6/2025 21:47:20,2,5,1,PRD,117.44129,0.60783,75.7,0.05186,0,IN WEIGHTBRIDGE,107,0,0,5
DT3151,6/6/2025 21:47:23,2,5,1,PRD,117.44129,0.60781,75.9,0.05556,0,IN WEIGHTBRIDGE,107,0,0,5
DT3151,6/6/2025 21:47:26,2,5,1,PRD,117.4413,0.6078,76,0.08704,0,IN WEIGHTBRIDGE,107,0,0,5
DT3151,6/6/2025 21:47:29,2,5,1,PRD,117.4413,0.6078,76.6,0.08149,0,IN WEIGHTBRIDGE,107,0,0,5
DT3151,6/6/2025 21:47:32,2,5,1,PRD,117.4413,0.6078,76.6,0.94822,153.63,IN WEIGHTBRIDGE,109,0,0,5
DT3151,6/6/2025 21:47:35,2,5,1,PRD,117.44132,0.60777,76.3,6.18198,149.03,IN WEIGHTBRIDGE,109,2.4,0,4
DT3151,6/6/2025 21:47:38,2,5,1,PRD,117.44134,0.60772,76.8,7.74506,149.68,IN CRUSHER 8 03,104,7.4,0,4
DT3151,6/6/2025 21:47:41,2,5,1,PRD,117.44137,0.60767,77.2,8.06361,149.75,IN CRUSHER 8 03,102,8.7,0,4
DT3151,6/6/2025 21:47:44,2,5,1,PRD,117.44141,0.6076,77.8,10.33972,146.74,IN CRUSHER 8 03,105,10.2,0,4
DT3151,6/6/2025 21:47:47,2,5,1,PRD,117.44146,0.60753,77.5,11.09348,148.21,IN CRUSHER 8 03,105,11.4,0,4
DT3151,6/6/2025 21:47:50,2,5,1,PRD,117.44149,0.60745,76.2,12.35469,157.86,IN CRUSHER 8 03,105,11.9,0,4
DT3151,6/6/2025 21:47:53,2,5,1,PRD,117.44152,0.60736,75.6,12.72509,169.88,CRUSHER 8,103,12.3,0,4
DT3151,6/6/2025 21:47:56,2,5,1,PRD,117.44156,0.60728,75.8,12.09912,146.57,CRUSHER 8,103,13.3,0,4
DT3151,6/6/2025 21:47:59,2,5,1,PRD,117.44162,0.6072,75.2,12.01207,149.57,CRUSHER 8,103,12.4,0,4
DT3151,6/6/2025 21:48:02,2,5,1,PRD,117.44166,0.60712,73.9,11.91577,154.24,CRUSHER 8,103,12.9,0,4
DT3151,6/6/2025 21:48:05,2,5,1,PRD,117.4417,0.60704,73.1,11.32313,149.59,CRUSHER 8,103,13.3,0,4
DT3151,6/6/2025 21:48:08,2,5,1,PRD,117.44173,0.60697,71.8,8.03398,154.63,CRUSHER 8,103,11.5,0,4
DT3151,6/6/2025 21:48:11,2,5,1,PRD,117.44175,0.60695,71.7,0.33706,0,CRUSHER 8,103,7.1,0,4
DT3151,6/6/2025 21:48:14,2,6,1,PRD,117.44175,0.60694,71.6,2.46686,162.38,CRUSHER 8,99,0,0,5
DT3151,6/6/2025 21:48:17,2,6,1,PRD,117.44176,0.6069,70.9,4.65037,164.2,CRUSHER 8,102,3.3,0,4
DT3151,6/6/2025 21:48:20,2,6,1,PRD,117.44177,0.60685,70.3,7.23021,178.1,CRUSHER 8,102,5.9,0,4
DT3151,6/6/2025 21:48:23,2,6,1,PRD,117.44176,0.6068,70.3,7.9136,201.52,CRUSHER 8,104,7.6,0,4
DT3151,6/6/2025 21:48:26,2,6,1,PRD,117.44172,0.60674,69.8,8.16917,216.89,CRUSHER 8,102,7.9,0,4
DT3151,6/6/2025 21:48:29,2,6,1,PRD,117.44167,0.60672,69.9,4.77631,245.23,CRUSHER 8,101,7.9,0,4
DT3151,6/6/2025 21:48:32,2,6,1,PRD,117.44163,0.60671,69.5,3.91328,265.73,CRUSHER 8,98,4.4,0,4
DT3151,6/6/2025 21:48:35,2,6,1,PRD,117.44162,0.60671,69.2,2.58169,92.27,CRUSHER 8,103,1.8,0,4
DT3151,6/6/2025 21:48:38,2,6,1,PRD,117.44164,0.60673,68.9,4.47999,51.56,CRUSHER 8,104,4.2,0,4
DT3151,6/6/2025 21:48:41,2,6,1,PRD,117.44167,0.60674,68.5,4.63556,82.19,CRUSHER 8,110,5.4,0,4
DT3151,6/6/2025 21:48:44,2,6,1,PRD,117.44171,0.60674,68.5,6.00048,85.59,CRUSHER 8,107,7.6,0,4
DT3151,6/6/2025 21:48:47,2,6,1,PRD,117.44176,0.60673,67.6,6.48941,120.89,CRUSHER 8,107,6.9,0,4
DT3151,6/6/2025 21:48:50,2,6,1,PRD,117.44178,0.60669,67.4,5.35413,148.88,CRUSHER 8,103,5.9,0,4
DT3151,6/6/2025 21:48:53,2,6,1,PRD,117.44179,0.60667,67.3,1.902,152.12,CRUSHER 8,105,4,0,4
DT3151,6/6/2025 21:48:56,2,6,1,PRD,117.44179,0.60666,66.8,0.73524,131.03,CRUSHER 8,105,2.6,0,4
DT3151,6/6/2025 21:48:59,2,6,1,PRD,117.44179,0.60666,65.2,1.23158,253.8,CRUSHER 8,112,0,0,5
DT3151,6/6/2025 21:49:02,2,6,1,PRD,117.44179,0.60666,67.1,0.1852,0,CRUSHER 8,115,0,0,5
DT3151,6/6/2025 21:49:05,2,6,1,PRD,117.4418,0.60666,69.2,0.16853,0,CRUSHER 8,116,0,0,5
DT3151,6/6/2025 21:49:08,2,6,1,PRD,117.44181,0.60666,71.6,0.05556,0,CRUSHER 8,115,0,0,5
DT3151,6/6/2025 21:49:11,2,6,1,PRD,117.44181,0.60666,73.1,0.04074,0,CRUSHER 8,108,0,0,5
DT3151,6/6/2025 21:49:15,2,8,1,PRD,117.44182,0.60666,74.9,0.05741,0,CRUSHER 8,85,0,0,6
DT3151,6/6/2025 21:49:17,2,8,1,PRD,117.44182,0.60666,75.6,0.06112,0,CRUSHER 8,41,0,0,6
DT3151,6/6/2025 21:49:20,2,8,1,PRD,117.44183,0.60666,76.4,0.05556,0,CRUSHER 8,12,0,0,6
DT3151,6/6/2025 21:49:23,2,8,1,PRD,117.44183,0.60666,76.7,0.02037,0,CRUSHER 8,6,0,0,6
DT3151,6/6/2025 21:49:26,2,8,1,PRD,117.44183,0.60666,76.8,0.02037,0,CRUSHER 8,7,0,0,6
DT3151,6/6/2025 21:49:29,2,8,1,PRD,117.44183,0.60666,76.8,0.01296,0,CRUSHER 8,7,0,0,6
DT3151,6/6/2025 21:49:32,2,8,1,PRD,117.44183,0.60667,76.7,0.04815,0,CRUSHER 8,8,0,0,6
DT3151,6/6/2025 21:49:35,2,8,1,PRD,117.44183,0.60667,76.8,0.00926,0,CRUSHER 8,8,0,0,6
DT3151,6/6/2025 21:49:38,2,8,1,PRD,117.44183,0.60667,76.7,0.1352,0,CRUSHER 8,8,0,0,6
DT3151,6/6/2025 21:49:41,2,8,1,PRD,117.44183,0.60667,76.7,0.02222,0,CRUSHER 8,5,0,0,6
DT3151,6/6/2025 21:49:44,2,8,1,PRD,117.44183,0.60667,76.5,0.27039,0,CRUSHER 8,2,0,0,6
DT3151,6/6/2025 21:49:48,2,1,1,PRD,117.44183,0.60667,76.6,0.12408,0,CRUSHER 8,0,0,0,1
DT3151,6/6/2025 21:49:50,2,1,1,PRD,117.44183,0.60666,76.8,1.38159,181.29,CRUSHER 8,0,0,0,1
DT3151,6/6/2025 21:49:53,2,1,1,PRD,117.44182,0.60667,77.7,2.72614,319.13,CRUSHER 8,0,0,0,1
DT3151,6/6/2025 21:49:56,2,1,1,PRD,117.44179,0.60671,78,9.28963,324.9,CRUSHER 8,1,6.3,0,1
DT3151,6/6/2025 21:49:59,2,1,1,PRD,117.44172,0.60675,75.6,9.23407,280.03,CRUSHER 8,1,10.3,0,1
DT3151,6/6/2025 21:50:02,2,1,1,PRD,117.44167,0.60671,73.9,8.83034,226.85,CRUSHER 8,1,10.1,0,2
DT3151,6/6/2025 21:50:05,2,1,1,PRD,117.44163,0.60664,74.7,10.63233,213,CRUSHER 8,3,11.8,0,2
DT3151,6/6/2025 21:50:08,2,1,1,PRD,117.44158,0.60656,73.9,13.15661,217.59,CRUSHER 8,1,12.5,0,2
DT3151,6/6/2025 21:50:11,2,1,1,PRD,117.44151,0.60649,73.2,12.75472,233.12,CRUSHER 8,2,14.8,0,2
DT3151,6/6/2025 21:50:14,2,1,1,PRD,117.44141,0.60645,71.4,13.4307,249.76,CRUSHER 8,2,14.7,0,2
DT3151,6/6/2025 21:50:17,2,1,1,PRD,117.44131,0.60641,70.6,14.4956,260.23,IN CRUSHER 8 01,1,15.1,0,2
DT3151,6/6/2025 21:50:20,2,1,1,PRD,117.44119,0.60641,68.6,15.15677,270.09,IN CRUSHER 8 01,1,15.2,0,2
DT3151,6/6/2025 21:50:23,2,1,1,PRD,117.44107,0.6064,68.7,15.74756,274.38,IN CRUSHER 8 01,1,15.7,0,2
DT3151,6/6/2025 21:50:26,2,1,1,PRD,117.44095,0.60642,68.3,16.49021,287.19,IN CRUSHER 8 01,1,17.2,0,2
DT3151,6/6/2025 21:50:29,2,1,1,PRD,117.44083,0.60646,67.2,16.64763,298.52,IN CRUSHER 8 01,2,16.7,0,2
DT3151,6/6/2025 21:50:32,2,1,1,PRD,117.44074,0.60655,66.4,15.87905,321,IN CRUSHER 8 01,2,17,0,2
DT3151,6/6/2025 21:50:35,2,1,1,PRD,117.44067,0.60665,65.2,17.34768,329.74,IN CRUSHER 8 01,2,17.6,0,2
DT3151,6/6/2025 21:50:38,2,1,1,PRD,117.4406,0.60676,64.5,17.87365,332.59,IN CRUSHER 8 01,2,18.3,0,2
DT3151,6/6/2025 21:50:41,2,1,1,PRD,117.44053,0.60688,64.1,17.94588,331.84,IN CRUSHER 8 01,2,18.8,0,2
DT3151,6/6/2025 21:50:44,2,1,1,PRD,117.44046,0.607,64,17.84217,332.17,IN CRUSHER 8 01,2,18.6,0,2
DT3151,6/6/2025 21:50:47,2,1,1,PRD,117.4404,0.60713,64.3,18.76632,333.61,IN CRUSHER 8 01,2,18.9,0,2
DT3151,6/6/2025 21:50:50,2,1,1,PRD,117.44033,0.60725,64.8,13.44552,338.44,IN CRUSHER 8 01,2,18.9,0,2
DT3151,6/6/2025 21:50:53,2,1,1,PRD,117.44028,0.60735,65.6,14.04186,332.39,IN CRUSHER 8 01,2,16.2,0,2
DT3151,6/6/2025 21:50:56,2,1,1,PRD,117.44024,0.60743,67.6,9.7693,341.12,IN CRUSHER 8 01,1,12,0,2
DT3151,6/6/2025 21:50:59,2,1,1,PRD,117.44021,0.60752,67.8,11.83613,347.23,IN CRUSHER 8 01,4,12.9,0,2
DT3151,6/6/2025 21:51:02,2,1,1,PRD,117.44019,0.60763,67.4,15.03454,349.17,IN CRUSHER 8 01,2,14.1,0,2
DT3151,6/6/2025 21:51:05,2,1,1,PRD,117.44017,0.60774,68.6,16.11796,354.13,STP. MELAWAN 2,2,16.9,0,2
DT3151,6/6/2025 21:51:08,2,1,1,PRD,117.44016,0.60787,71,16.2087,359.24,STP. MELAWAN 2,3,18.4,0,2
DT3151,6/6/2025 21:51:11,2,1,1,PRD,117.44018,0.608,71.4,16.92358,20.08,JL. CRUSHER 78 04,2,16.9,0,2
DT3151,6/6/2025 21:51:14,2,1,1,PRD,117.44025,0.60811,72.3,16.40316,43.01,JL. CRUSHER 78 04,2,18.6,0,2
DT3151,6/6/2025 21:51:17,2,1,1,PRD,117.44036,0.60819,71.7,18.27368,60.63,JL. CRUSHER 78 04,1,20.3,0,2
DT3151,6/6/2025 21:51:20,2,1,1,PRD,117.44048,0.60827,73.2,18.76817,64.98,JL. CRUSHER 78 04,2,21,0,2
DT3151,6/6/2025 21:51:23,2,1,1,PRD,117.4406,0.60834,75.1,18.4311,62.77,JL. CRUSHER 78 04,2,20.7,0,2
DT3151,6/6/2025 21:51:26,2,1,1,PRD,117.44072,0.6084,76.6,18.07552,63.08,JL. CRUSHER 78 04,2,20.8,0,2
DT3151,6/6/2025 21:51:29,2,1,1,PRD,117.44085,0.60847,77.5,18.74224,62.75,IN WIGHTBRIDGE 01,3,20.9,0,2
DT3151,6/6/2025 21:51:32,2,1,1,PRD,117.44098,0.60855,78.1,19.64972,60.47,IN WIGHTBRIDGE 01,2,21.6,0,2
DT3151,6/6/2025 21:51:35,2,1,1,PRD,117.44111,0.60864,80,18.88484,50.95,IN WIGHTBRIDGE 01,1,20.9,0,2
DT3151,6/6/2025 21:51:38,2,1,1,PRD,117.44123,0.60871,80.4,17.69401,60.65,IN WIGHTBRIDGE 01,1,19.7,0,2
DT3151,6/6/2025 21:51:41,2,1,1,PRD,117.44135,0.60879,79.5,17.7755,56.91,IN WIGHTBRIDGE 01,1,19.9,0,2
DT3151,6/6/2025 21:51:44,2,1,1,PRD,117.44146,0.60887,79,14.78637,47.65,JL. STP MELAWAN,1,18.6,0,2
DT3151,6/6/2025 21:51:47,2,1,1,PRD,117.44154,0.60897,77.4,15.18455,26.21,JL. STP MELAWAN,1,16.3,0,2
DT3151,6/6/2025 21:51:50,2,1,1,PRD,117.44158,0.60909,76,13.63072,358.39,JL. STP MELAWAN,2,16.3,0,2
DT3151,6/6/2025 21:51:53,2,1,1,PRD,117.44156,0.6092,75.7,14.27522,341.98,JL. STP MELAWAN,2,16.6,0,2
DT3151,6/6/2025 21:51:56,2,1,1,PRD,117.44152,0.6093,77,14.2641,326.9,JL. STP MELAWAN,3,16.4,0,2
DT3151,6/6/2025 21:51:59,2,1,1,PRD,117.44145,0.6094,77.6,15.35678,322.75,JL. STP MELAWAN,2,16.2,0,2
DT3151,6/6/2025 21:52:02,2,1,1,PRD,117.44138,0.6095,76.8,18.20701,326.1,JL. STP MELAWAN,2,17.7,0,2
DT3151,6/6/2025 21:52:05,2,1,1,PRD,117.44132,0.60964,77.9,19.52008,338.44,JL. STP MELAWAN,2,20.6,0,2
DT3151,6/6/2025 21:52:08,2,1,1,PRD,117.44126,0.60979,78.9,22.07769,337.18,JL. STP MELAWAN,2,22.2,0,2
DT3151,6/6/2025 21:52:11,2,1,1,PRD,117.44119,0.60995,80.1,22.77219,335.92,JL. RO ELANG 5100,2,23.7,0,2
DT3151,6/6/2025 21:52:14,2,1,1,PRD,117.44111,0.61011,81.7,22.99258,332.81,JL. RO ELANG 5100,2,23.9,0,2
DT3151,6/6/2025 21:52:17,2,1,1,PRD,117.44103,0.61027,83.6,23.76486,335.33,JL. RO ELANG 5100,2,24.8,0,2
DT3151,6/6/2025 21:52:20,2,1,1,PRD,117.44096,0.61044,83.6,24.31861,339.45,JL. RO ELANG 5100,2,25.2,0,2
DT3151,6/6/2025 21:52:23,2,1,1,PRD,117.4409,0.61062,85,24.42232,344.34,JL. RO ELANG 5100,2,25.7,0,2
DT3151,6/6/2025 21:52:26,2,1,1,PRD,117.44086,0.6108,86,24.09082,347.7,JL. RO ELANG 5100,1,24.8,0,2
DT3151,6/6/2025 21:52:29,2,1,1,PRD,117.44082,0.61098,87.3,23.53522,348.59,JL. RO ELANG 5100,2,24.6,0,2
DT3151,6/6/2025 21:52:32,2,1,1,PRD,117.44078,0.61116,89,23.46669,348.38,JL. RO ELANG 5100,2,24.7,0,2
DT3151,6/6/2025 21:52:35,2,1,1,PRD,117.44076,0.61134,90.2,25.04645,351.47,JL. RO ELANG 5100,3,24.7,0,2
DT3151,6/6/2025 21:52:38,2,1,1,PRD,117.44073,0.61153,91.8,25.6928,351.42,JL. RO MELATI 5200,2,26.8,0,2
DT3151,6/6/2025 21:52:41,2,1,1,PRD,117.44071,0.61172,93.4,23.67226,353.03,JL. RO MELATI 5200,3,25,0,2
DT3151,6/6/2025 21:52:44,2,1,1,PRD,117.4407,0.6119,95.2,24.09082,359.17,JL. RO MELATI 5200,2,24.9,0,2
DT3151,6/6/2025 21:52:47,2,1,1,PRD,117.4407,0.61209,96.3,25.14831,358.69,JL. RO MELATI 5200,3,26.7,0,2
DT3151,6/6/2025 21:52:50,2,1,1,PRD,117.4407,0.61228,97.4,25.53908,2.25,JL. RO MELATI 5200,2,26.1,0,2
DT3151,6/6/2025 21:52:53,2,1,1,PRD,117.44071,0.61248,97.1,26.16506,5.24,JL. RO MELATI 5200,2,26.6,0,2
DT3151,6/6/2025 21:52:56,2,1,1,PRD,117.44073,0.61268,96.6,27.62999,7.35,JL. RO MELATI 5200,2,28.1,0,2
DT3151,6/6/2025 21:52:59,2,1,1,PRD,117.44077,0.6129,95.9,29.83757,13.68,JL. RO MELATI 5200,2,29.9,0,2
DT3151,6/6/2025 21:53:02,2,1,1,PRD,117.44085,0.61312,96.4,30.21353,27.32,JL. RO MELATI 5500,3,30.4,0,2
DT3151,6/6/2025 21:53:05,2,1,1,PRD,117.44097,0.61331,96.9,29.32272,36.76,JL. RO MELATI 5500,2,29.7,0,2
DT3151,6/6/2025 21:53:08,2,1,1,PRD,117.44111,0.61348,97.1,29.39865,41.38,JL. RO MELATI 5500,2,29.7,0,2
DT3151,6/6/2025 21:53:11,2,1,1,PRD,117.44126,0.61365,97.2,30.00796,41.88,JL. RO MELATI 5500,1,30.4,0,2
DT3151,6/6/2025 21:53:14,2,1,1,PRD,117.44141,0.61383,96.6,31.59512,40.44,JL. RO MELATI 5500,1,32.4,0,2
DT3151,6/6/2025 21:53:17,2,1,1,PRD,117.44156,0.61402,96.7,31.22287,36.18,JL. RO MELATI 5500,1,32.3,0,2
DT3151,6/6/2025 21:53:20,2,1,1,PRD,117.44168,0.61422,96.9,30.47836,30.15,JL. RO MELATI 5500,2,31.8,0,2
DT3151,6/6/2025 21:53:23,2,1,1,PRD,117.44179,0.61442,98,30.86914,30.09,JL. RO MELATI 5500,3,30,0,2
DT3151,6/6/2025 21:53:26,2,1,1,PRD,117.44186,0.6146,100,25.55204,19.7,JL. RO MELATI 5500,2,27,0,2
DT3151,6/6/2025 21:53:29,2,1,1,PRD,117.44192,0.61479,101.1,25.25758,17.61,JL. RO MELATI 5500,2,26.5,0,2
DT3151,6/6/2025 21:53:32,2,1,1,PRD,117.44197,0.61496,101.4,24.62049,15.23,JL. RO MELATI 5600,2,26.4,0,2
DT3151,6/6/2025 21:53:35,2,1,1,PRD,117.44201,0.61514,102.1,22.66107,11.34,JL. RO MELATI 5600,3,23.8,0,2
DT3151,6/6/2025 21:53:38,2,1,1,PRD,117.44204,0.61531,104.1,22.15362,7.45,JL. RO MELATI 5600,2,23.6,0,2
DT3151,6/6/2025 21:53:41,2,1,1,PRD,117.44205,0.61547,107.1,21.98509,2.97,JL. RO MELATI 5600,2,23.7,0,2
DT3151,6/6/2025 21:53:44,2,1,1,PRD,117.44205,0.61565,109.6,22.5944,359.34,JL. RO MELATI 5600,3,24.4,0,2
DT3151,6/6/2025 21:53:47,2,1,1,PRD,117.44204,0.61582,110.9,21.9425,352.86,JL. RO MELATI 5600,2,23.6,0,2
DT3151,6/6/2025 21:53:50,2,1,1,PRD,117.442,0.61598,112.1,20.65721,344.92,JL. RO MELATI 5600,2,22.7,0,2
DT3151,6/6/2025 21:53:53,2,1,1,PRD,117.44196,0.61613,111.4,20.45534,338.89,JL. RO MELATI 5600,1,22.7,0,2
DT3151,6/6/2025 21:53:56,2,1,1,PRD,117.44189,0.61628,110.9,21.3869,333.94,JL. RO MELATI 5600,1,22.2,0,2
DT3151,6/6/2025 21:53:59,2,1,1,PRD,117.44182,0.61642,111.8,21.2017,330.83,JL. RO MELATI 5600,1,22.4,0,2
DT3151,6/6/2025 21:54:02,2,1,1,PRD,117.44174,0.61655,112.1,18.26628,333.65,JL. RO MELATI 5600,1,22.4,0,2
DT3151,6/6/2025 21:54:05,2,1,1,PRD,117.44168,0.61667,111.9,17.76438,336.31,JL. RO MELATI 5900,1,18.5,0,2
DT3151,6/6/2025 21:54:08,2,1,1,PRD,117.44163,0.61679,112.3,16.19574,341.54,JL. RO MELATI 5900,2,16.8,0,2
DT3151,6/6/2025 21:54:11,2,1,1,PRD,117.44161,0.6169,113.6,13.99186,352.79,JL. RO MELATI 5900,2,14.8,0,2
DT3151,6/6/2025 21:54:14,2,1,1,PRD,117.44161,0.61701,112.9,14.51968,354.53,JL. RO MELATI 5900,4,15.3,0,2
DT3151,6/6/2025 21:54:17,2,1,1,PRD,117.44161,0.61712,112.9,15.49939,1.46,JL. RO MELATI 5900,4,15.3,0,2
DT3151,6/6/2025 21:54:20,2,1,1,PRD,117.44162,0.61725,112.9,19.27191,7.1,JL. RO MELATI 5900,2,20.3,0,2
DT3151,6/6/2025 21:54:23,2,1,1,PRD,117.44163,0.61742,112.9,23.64448,3.19,JL. RO MELATI 5900,2,20.3,0,2
DT3151,6/6/2025 21:54:26,2,1,1,PRD,117.44164,0.6176,112.9,24.84088,5.94,JL. RO MELATI 5900,1,25.2,0,2
DT3151,6/6/2025 21:54:29,2,1,1,PRD,117.44166,0.6178,112.4,25.52982,7.93,JL. RO MELATI 5900,1,26.1,0,2
DT3151,6/6/2025 21:54:32,2,1,1,PRD,117.44169,0.618,112,26.15209,6.87,JL. RO MELATI 5900,1,26.6,0,2
DT3151,6/6/2025 21:54:35,2,1,1,PRD,117.44171,0.6182,112.2,25.10756,13.33,JL. RO MELATI 5900,2,25.9,0,2
DT3151,6/6/2025 21:54:38,2,1,1,PRD,117.44177,0.61838,111.9,24.74457,21.62,JL. RO MELATI 5900,2,25.3,0,2
DT3151,6/6/2025 21:54:41,2,1,1,PRD,117.44185,0.61855,110.6,23.28705,24.53,JL. RO MELATI 5900,1,23.6,0,2
DT3151,6/6/2025 21:54:44,2,1,1,PRD,117.44192,0.61871,111.1,23.23334,29.39,JL. RO MELATI 5900,3,23.6,0,2
DT3151,6/6/2025 21:54:47,2,1,1,PRD,117.44201,0.61887,111.3,22.81294,29.97,JL. RO MELATI 5900,1,23.6,0,2
DT3151,6/6/2025 21:54:50,2,1,1,PRD,117.4421,0.61901,111.5,23.11296,35.05,JL. RO MELATI 6100,2,23.6,0,2
DT3151,6/6/2025 21:54:53,2,1,1,PRD,117.44221,0.61915,111.8,24.30194,39.25,JL. RO MELATI 6100,2,24.9,0,2
DT3151,6/6/2025 21:54:56,2,1,1,PRD,117.44233,0.6193,111.3,26.04653,43.3,JL. RO MELATI 6100,2,26.4,0,2
DT3151,6/6/2025 21:54:59,2,1,1,PRD,117.44248,0.61944,110.9,25.81132,50.48,JL. RO MELATI 6100,2,26.2,0,2
DT3151,6/6/2025 21:55:02,2,1,1,PRD,117.44263,0.61955,111.2,24.70753,55.83,JL. RO MELATI 6100,2,25.3,0,2
DT3151,6/6/2025 21:55:05,2,1,1,PRD,117.44279,0.61965,113,23.93895,58.17,JL. RO MELATI 6100,3,24.9,0,2
DT3151,6/6/2025 21:55:08,2,1,1,PRD,117.44295,0.61975,114,25.05941,57.68,JL. RO MELATI 6100,3,25.6,0,2
DT3151,6/6/2025 21:55:11,2,1,1,PRD,117.44311,0.61985,114.9,25.53723,57.86,JL. RO MELATI 6100,2,26.2,0,2
DT3151,6/6/2025 21:55:14,2,1,1,PRD,117.44327,0.61995,115.8,24.3501,59.16,JL. RO MELATI 6100,2,25.4,0,2
DT3151,6/6/2025 21:55:17,2,1,1,PRD,117.44342,0.62004,115.8,23.25927,59.81,JL. RO MELATI 6100,3,24.4,0,2
DT3151,6/6/2025 21:55:20,2,1,1,PRD,117.44358,0.62015,117.1,25.20387,54.32,JL. RO MELATI 6100,2,26.4,0,2
DT3151,6/6/2025 21:55:23,2,1,1,PRD,117.44373,0.62027,118.1,25.43352,50.1,JL. RO MELATI 6100,2,26.3,0,2
DT3151,6/6/2025 21:55:26,2,1,1,PRD,117.44387,0.6204,119.2,24.13897,46.86,JL. RO MELATI 6400,2,25.1,0,2
DT3151,6/6/2025 21:55:29,2,1,1,PRD,117.444,0.62053,119,23.0537,43.23,JL. RO MELATI 6400,2,23.7,0,2
DT3151,6/6/2025 21:55:32,2,1,1,PRD,117.44412,0.62067,119.6,24.15378,42.66,JL. RO MELATI 6400,1,25,0,2
DT3151,6/6/2025 21:55:35,2,1,1,PRD,117.44425,0.62081,119.9,25.25943,40.74,JL. RO MELATI 6400,1,26,0,2
DT3151,6/6/2025 21:55:38,2,1,1,PRD,117.44437,0.62096,119.3,26.05949,39.8,JL. RO MELATI 6400,1,26.9,0,2
DT3151,6/6/2025 21:55:41,2,1,1,PRD,117.4445,0.62112,119.5,26.26136,37.77,JL. RO MELATI 6400,2,27,0,2
DT3151,6/6/2025 21:55:44,2,1,1,PRD,117.44461,0.62127,119.5,24.50937,39.29,JL. RO MELATI 6400,1,24.7,0,2
DT3151,6/6/2025 21:55:47,2,1,1,PRD,117.44472,0.6214,118.9,22.7833,40.32,JL. RO MELATI 6400,1,23.1,0,2
DT3151,6/6/2025 21:55:50,2,1,1,PRD,117.44483,0.62152,118.7,21.74989,42.25,JL RO CEMPAKA 6500,1,22.7,0,2
DT3151,6/6/2025 21:55:53,2,1,1,PRD,117.44494,0.62165,119.3,21.56654,42.76,JL RO CEMPAKA 6500,3,22.7,0,2
DT3151,6/6/2025 21:55:56,2,1,1,PRD,117.44505,0.62177,119.8,22.3203,40.11,JL RO CEMPAKA 6500,2,23.1,0,2
DT3151,6/6/2025 21:55:59,2,1,1,PRD,117.44515,0.6219,119.8,21.72396,36.07,JL RO CEMPAKA 6500,1,23.1,0,2
DT3151,6/6/2025 21:56:02,2,1,1,PRD,117.44525,0.62204,120.1,22.83516,37.97,JL RO CEMPAKA 6500,1,22.3,0,2
DT3151,6/6/2025 21:56:05,2,1,1,PRD,117.44536,0.62218,119.9,24.23527,37.61,JL RO CEMPAKA 6500,1,23.2,0,2
DT3151,6/6/2025 21:56:08,2,1,1,PRD,117.44547,0.62233,120.1,24.35936,37.82,JL RO CEMPAKA 6500,1,24.5,0,2
DT3151,6/6/2025 21:56:11,2,1,1,PRD,117.44559,0.62248,120.3,25.6539,38.25,JL RO CEMPAKA 6500,2,24.7,0,2
DT3151,6/6/2025 21:56:14,2,1,1,PRD,117.44571,0.62264,119.6,25.94096,38.87,JL RO CEMPAKA 6500,1,25.7,0,2
DT3151,6/6/2025 21:56:17,2,1,1,PRD,117.44582,0.62279,118.9,24.46862,39.23,JL RO CEMPAKA 6500,2,26.4,0,2
DT3151,6/6/2025 21:56:20,2,1,1,PRD,117.44594,0.62293,118.3,24.8205,41.3,JL RO CEMPAKA 6620,2,25.3,0,2
DT3151,6/6/2025 21:56:23,2,1,1,PRD,117.44606,0.62307,117.1,25.17609,41.95,JL RO CEMPAKA 6620,1,25.1,0,2
DT3151,6/6/2025 21:56:26,2,1,1,PRD,117.44619,0.62322,116.6,25.04645,39.23,JL RO CEMPAKA 6620,2,26.1,0,2
DT3151,6/6/2025 21:56:29,2,1,1,PRD,117.44631,0.62337,116.7,25.39277,36.86,JL RO CEMPAKA 6620,1,25.7,0,2
DT3151,6/6/2025 21:56:32,2,1,1,PRD,117.44642,0.62353,115.5,27.22996,35.75,JL RO CEMPAKA 6620,1,26.1,0,2
DT3151,6/6/2025 21:56:35,2,1,1,PRD,117.44655,0.62371,115.4,28.52821,36.43,JL RO CEMPAKA 6620,1,28.7,0,2
DT3151,6/6/2025 21:56:38,2,1,1,PRD,117.44668,0.62389,113.6,30.6543,36.53,JL RO CEMPAKA 6700,2,29.6,0,2
DT3151,6/6/2025 21:56:41,2,1,1,PRD,117.44682,0.62407,113.3,28.48746,39.86,JL RO CEMPAKA 6700,1,31,0,2
DT3151,6/6/2025 21:56:44,2,1,1,PRD,117.44697,0.62421,113,26.68176,49.97,JL RO CEMPAKA 6700,1,28.5,0,2
DT3151,6/6/2025 21:56:47,2,1,1,PRD,117.44713,0.62432,112.6,26.47804,60.34,JL RO CEMPAKA 6700,1,27.4,0,2
DT3151,6/6/2025 21:56:50,2,1,1,PRD,117.44732,0.62442,112.4,28.53376,61.91,JL RO CEMPAKA 6700,1,27.1,0,2
DT3151,6/6/2025 21:56:53,2,1,1,PRD,117.44752,0.62452,111.6,31.18768,61.53,JL RO CEMPAKA 6900,1,29.7,0,2
DT3151,6/6/2025 21:56:56,2,1,1,PRD,117.44772,0.62463,111.1,31.05619,62.2,JL RO CEMPAKA 6900,1,31.8,0,2
DT3151,6/6/2025 21:56:59,2,1,1,PRD,117.44793,0.62474,111.1,30.56541,64.4,JL RO CEMPAKA 6900,1,31.7,0,2
DT3151,6/6/2025 21:57:02,2,1,1,PRD,117.44813,0.62484,110.9,29.25604,58.89,JL RO CEMPAKA 6900,1,31.4,0,2
DT3151,6/6/2025 21:57:05,2,1,1,PRD,117.44831,0.62496,111.4,26.30581,58.34,JL RO CEMPAKA 6900,3,29.9,0,2
DT3151,6/6/2025 21:57:08,2,1,1,PRD,117.44848,0.62506,112.3,25.11497,58.88,JL RO CEMPAKA 6900,2,28.4,0,2
DT3151,6/6/2025 21:57:11,2,1,1,PRD,117.44865,0.62516,111.7,24.0723,57.16,JL RO CEMPAKA 6900,1,26,0,2
DT3151,6/6/2025 21:57:14,2,1,1,PRD,117.44881,0.62527,110.6,25.3687,57.7,JL RO CEMPAKA 6900,2,25.8,0,2
DT3151,6/6/2025 21:57:17,2,1,1,PRD,117.44897,0.62538,110.7,22.25178,56.96,JL RO CEMPAKA 6900,1,25.7,0,2
DT3151,6/6/2025 21:57:20,2,1,1,PRD,117.44912,0.62548,110.5,23.09444,54.89,JL RO CEMPAKA 7100,2,25.2,0,2
DT3151,6/6/2025 21:57:23,2,1,1,PRD,117.44927,0.62558,112.6,23.75375,54.72,JL RO CEMPAKA 7100,2,24.3,0,2
DT3151,6/6/2025 21:57:26,2,1,1,PRD,117.44942,0.62569,112.2,23.82413,55.69,JL RO CEMPAKA 7100,1,24.3,0,2
DT3151,6/6/2025 21:57:29,2,1,1,PRD,117.44957,0.62579,113.2,24.85014,54.94,JL RO CEMPAKA 7100,2,25,0,2
DT3151,6/6/2025 21:57:32,2,1,1,PRD,117.44972,0.62591,113.4,25.49834,53.07,JL RO CEMPAKA 7100,2,26.1,0,2
DT3151,6/6/2025 21:57:35,2,1,1,PRD,117.44987,0.62603,113.3,25.24646,48.84,JL RO CEMPAKA 7100,2,26.6,0,2
DT3151,6/6/2025 21:57:38,2,1,1,PRD,117.45001,0.62617,113.2,24.94459,44.72,JL RO CEMPAKA 7100,2,26.1,0,2
DT3151,6/6/2025 21:57:41,2,1,1,PRD,117.45015,0.62631,112,26.43545,44.88,JL RO CEMPAKA 7100,2,26.3,0,2
DT3151,6/6/2025 21:57:44,2,1,1,PRD,117.45029,0.62647,112.1,25.77799,43.58,JL RO CEMPAKA 7100,2,27.4,0,2
DT3151,6/6/2025 21:57:47,2,1,1,PRD,117.45043,0.62661,111.5,25.84651,44.7,JL RO CEMPAKA 7150,2,26.6,0,2
DT3151,6/6/2025 21:57:50,2,1,1,PRD,117.45057,0.62676,111,26.17987,43.36,JL RO CEMPAKA 7150,1,26.7,0,2
DT3151,6/6/2025 21:57:53,2,1,1,PRD,117.45069,0.6269,111.3,21.59802,42.07,JL RO ANGGREK 7300,2,26.6,0,2
DT3151,6/6/2025 21:57:56,2,1,1,PRD,117.45079,0.62701,111.2,18.06256,43.55,JL RO ANGGREK 7300,3,21.1,0,2
DT3151,6/6/2025 21:57:59,2,1,1,PRD,117.45089,0.6271,112.2,17.63104,44.71,JL RO ANGGREK 7300,2,18.3,0,2
DT3151,6/6/2025 21:58:02,2,1,1,PRD,117.45098,0.6272,112.9,19.17376,45.35,JL RO ANGGREK 7300,2,18.6,0,2
DT3151,6/6/2025 21:58:05,2,1,1,PRD,117.45109,0.6273,113.5,19.29228,46.07,JL RO ANGGREK 7300,2,20.1,0,2
DT3151,6/6/2025 21:58:08,2,1,1,PRD,117.45119,0.6274,114.1,19.5886,44.62,JL RO ANGGREK 7300,1,19.8,0,2
DT3151,6/6/2025 21:58:11,2,1,1,PRD,117.45129,0.62752,113.7,20.39422,37.62,JL RO ANGGREK 7300,1,20.4,0,2
DT3151,6/6/2025 21:58:14,2,1,1,PRD,117.45138,0.62766,112.5,21.72766,34.55,JL RO ANGGREK 7300,1,21,0,2
DT3151,6/6/2025 21:58:17,2,1,1,PRD,117.45148,0.6278,112,23.63522,35.23,JL RO ANGGREK 7300,2,23.3,0,2
DT3151,6/6/2025 21:58:20,2,1,1,PRD,117.45159,0.62794,112.5,23.23334,36.51,JL RO ANGGREK 7500,2,24.3,0,2
DT3151,6/6/2025 21:58:23,2,1,1,PRD,117.45169,0.62808,113,21.83878,37.24,JL RO ANGGREK 7500,2,23.1,0,2
DT3151,6/6/2025 21:58:26,2,1,1,PRD,117.45179,0.62821,112.1,21.44246,38.2,JL RO ANGGREK 7500,1,22.1,0,2
DT3151,6/6/2025 21:58:29,2,1,1,PRD,117.4519,0.62834,111.1,23.15741,43.73,JL RO ANGGREK 7500,2,23.1,0,2
DT3151,6/6/2025 21:58:32,2,1,1,PRD,117.45202,0.62846,110.6,22.44809,44.18,JL RO ANGGREK 7500,2,23.9,0,2
DT3151,6/6/2025 21:58:35,2,1,1,PRD,117.45213,0.62858,109.8,20.71277,46.71,JL RO ANGGREK 7500,2,22.4,0,2
DT3151,6/6/2025 21:58:38,2,1,1,PRD,117.45224,0.62869,111.2,21.07946,43.94,JL RO ANGGREK 7500,2,21.6,0,2
DT3151,6/6/2025 21:58:41,2,1,1,PRD,117.45235,0.62882,110.6,22.56106,43.2,JL RO ANGGREK 7500,2,23.2,0,2
DT3151,6/6/2025 21:58:44,2,1,1,PRD,117.45247,0.62895,111.2,22.60736,41.66,JL RO ANGGREK 7500,1,23.3,0,2
DT3151,6/6/2025 21:58:47,2,1,1,PRD,117.45258,0.62908,111.5,22.62588,41.56,JL RO ANGGREK 7500,2,22.8,0,2
DT3151,6/6/2025 21:58:50,2,1,1,PRD,117.45269,0.6292,111.2,22.94072,42.82,JL RO ANGGREK 7600,2,23.2,0,2
DT3151,6/6/2025 21:58:53,2,1,1,PRD,117.45281,0.62933,110.9,23.02962,44.29,JL RO ANGGREK 7600,2,23.6,0,2
DT3151,6/6/2025 21:58:56,2,1,1,PRD,117.45293,0.62945,111.1,22.1814,46.23,JL RO ANGGREK 7600,2,23.2,0,2
DT3151,6/6/2025 21:58:59,2,1,1,PRD,117.45306,0.62956,110.5,22.54995,45.14,JL RO ANGGREK 7600,1,23.2,0,2
DT3151,6/6/2025 21:59:02,2,1,1,PRD,117.45317,0.62969,110.2,23.7945,41.27,JL RO ANGGREK 7600,1,23.7,0,2
DT3151,6/6/2025 21:59:05,2,1,1,PRD,117.45329,0.62983,110.6,23.3778,39.89,JL RO ANGGREK 7600,1,24.6,0,2
DT3151,6/6/2025 21:59:08,2,1,1,PRD,117.4534,0.62998,111.1,23.09814,36.61,JL RO ANGGREK 7600,2,24.8,0,2
DT3151,6/6/2025 21:59:11,2,1,1,PRD,117.4535,0.63012,111.9,21.32948,33.47,JL. RO ANGGREK 03,2,23.5,0,2
DT3151,6/6/2025 21:59:14,2,1,1,PRD,117.45359,0.63025,112.4,21.13502,33.78,JL. RO SAKURA 7700C,1,21.4,0,2
DT3151,6/6/2025 21:59:17,2,1,1,PRD,117.45367,0.63038,112.2,19.04782,33.87,JL. RO SAKURA 7700C,3,21.3,0,2
DT3151,6/6/2025 21:59:20,2,1,1,PRD,117.45375,0.63049,112.5,17.03099,37.72,JL. RO SAKURA 7700C,2,19.3,0,2
DT3151,6/6/2025 21:59:23,2,1,1,PRD,117.45384,0.63057,112.2,15.56421,54.53,JL. RO SAKURA 7700C,3,16.8,0,2
DT3151,6/6/2025 21:59:27,2,1,1,PRD,117.45397,0.63063,113.7,12.6399,78.26,JL. RO SAKURA 7700C,2,15.4,0,2
DT3151,6/6/2025 21:59:29,2,1,1,PRD,117.45404,0.63064,114.2,12.54545,84.96,JL. RO SAKURA 7700C,2,12.4,0,2
DT3151,6/6/2025 21:59:32,2,1,1,PRD,117.45413,0.63063,115.3,13.5696,100.44,JL. RO SAKURA 7700C,1,12.9,0,2
DT3151,6/6/2025 21:59:35,2,1,1,PRD,117.45424,0.63059,115.4,14.20854,118.73,JL RO SAKURA 7900,2,14.6,0,2
DT3151,6/6/2025 21:59:38,2,1,1,PRD,117.45433,0.63053,116.5,15.05306,128.78,JL RO SAKURA 7900,2,14.7,0,2
DT3151,6/6/2025 21:59:41,2,1,1,PRD,117.45442,0.63045,116.1,15.9735,136.12,JL RO SAKURA 7900,2,15.9,0,2
DT3151,6/6/2025 21:59:44,2,1,1,PRD,117.45451,0.63034,115.7,17.37546,139.22,JL RO SAKURA 7900,2,17.8,0,2
DT3151,6/6/2025 21:59:47,2,1,1,PRD,117.45459,0.63025,116.4,16.94765,138.2,JL RO SAKURA 7900,3,17.9,0,2
DT3151,6/6/2025 21:59:50,2,1,1,PRD,117.45469,0.63015,117.1,17.12359,132.14,JL RO SAKURA 7900,3,17.7,0,2
DT3151,6/6/2025 21:59:53,2,1,1,PRD,117.45479,0.63006,118,17.57363,130.14,JL RO SAKURA 7900,2,18,0,2
DT3151,6/6/2025 21:59:56,2,1,1,PRD,117.4549,0.62998,118.4,18.66631,126.33,JL RO SAKURA 7900,2,18.6,0,2
DT3151,6/6/2025 21:59:59,2,1,1,PRD,117.45501,0.62989,119.3,19.2182,123.35,JL RO SAKURA 7900,2,19,0,2
DT3162,6/6/2025 21:00:02,2,5,1,PRD,117.4769,0.67744,54.1,15.25492,175.58,JL RO TAMRIN 16100,100,19.5,0,4
DT3162,6/6/2025 21:00:05,2,5,1,PRD,117.47691,0.67736,55.4,13.39922,173.23,JL RO TAMRIN 16100,101,16,0,4
DT3162,6/6/2025 21:00:08,2,5,1,PRD,117.47693,0.67722,57,13.4696,175.96,JL RO TAMRIN 16100,100,14.2,0,4
DT3162,6/6/2025 21:00:11,2,5,1,PRD,117.47694,0.67713,57.8,11.525,181.73,JL RO TAMRIN 16100,100,14.5,0,4
DT3162,6/6/2025 21:00:14,2,5,1,PRD,117.47694,0.67704,58.8,10.39713,179.85,JL RO TAMRIN 16100,100,13.4,0,4
DT3162,6/6/2025 21:00:17,2,5,1,PRD,117.47694,0.67698,59.7,12.24542,183.66,JL RO TAMRIN 16100,100,11.4,0,4
DT3162,6/6/2025 21:00:20,2,5,1,PRD,117.47694,0.67688,60.5,13.37144,187.16,JL RO TAMRIN 16100,99,12.8,0,4
DT3162,6/6/2025 21:00:23,2,5,1,PRD,117.47692,0.67674,62.3,13.85481,193.51,JL RO TAMRIN 16100,99,14.3,0,4
DT3162,6/6/2025 21:00:26,2,5,1,PRD,117.47689,0.67663,63.1,15.04565,197.65,JL RO TAMRIN 16100,99,15.2,0,4
DT3162,6/6/2025 21:00:29,2,5,1,PRD,117.47686,0.67656,63.5,16.0235,199.56,JL RO TAMRIN 16100,101,16.4,0,4
DT3162,6/6/2025 21:00:32,2,5,1,PRD,117.47681,0.67641,64.1,14.29374,200.74,JL RO TAMRIN 16100,100,16.7,0,4
DT3162,6/6/2025 21:00:35,2,5,1,PRD,117.47677,0.6763,64.9,14.4456,199.21,JL RO TAMRIN 16100,101,15.2,0,4
DT3162,6/6/2025 21:00:38,2,5,1,PRD,117.47674,0.67619,65.3,14.32337,198.33,JL RO TAMRIN 16100,100,15.1,0,4
DT3162,6/6/2025 21:00:41,2,5,1,PRD,117.47672,0.67612,65.6,15.52532,197.29,JL RO TAMRIN 16100,101,15.3,0,4
DT3162,6/6/2025 21:00:44,2,5,1,PRD,117.47668,0.67601,66.1,15.5568,191.2,JL RO TAMRIN 16100,100,16.6,0,4
DT3162,6/6/2025 21:00:47,2,5,1,PRD,117.47664,0.67585,67.4,17.05136,197.31,JL RO TAMRIN 16100,99,15.9,0,4
DT3162,6/6/2025 21:00:50,2,5,1,PRD,117.4766,0.67573,68.2,17.29583,201.53,JL RO TAMRIN 16100,101,17.8,0,4
DT3162,6/6/2025 21:00:53,2,5,1,PRD,117.47656,0.67564,69.3,17.79216,207.79,JL RO TAMRIN 16100,100,17.8,0,4
DT3162,6/6/2025 21:00:56,2,5,1,PRD,117.4765,0.67551,70.5,18.66075,207.29,JL RO TAMRIN 16100,99,18.9,0,4
DT3162,6/6/2025 21:00:59,2,5,1,PRD,117.4764,0.67533,71,20.85908,210.25,JL RO TAMRIN 16100,101,21,0,4
DT3162,6/6/2025 21:01:02,2,5,1,PRD,117.47633,0.67518,71.6,21.97213,205.88,JL RO TAMRIN 16100,101,22.3,0,4
DT3162,6/6/2025 21:01:05,2,5,1,PRD,117.47627,0.67503,72.3,21.8573,198.37,JL RO TAMRIN 15900,100,22.8,0,4
DT3162,6/6/2025 21:01:08,2,5,1,PRD,117.47624,0.67493,73.6,21.85175,189.75,JL RO TAMRIN 15900,102,22.2,0,4
DT3162,6/6/2025 21:01:11,2,5,1,PRD,117.47619,0.67472,75.4,20.10346,195.57,JL RO TAMRIN 15900,101,22.9,0,4
DT3162,6/6/2025 21:01:14,2,5,1,PRD,117.47615,0.67457,75.9,20.08124,197.55,JL RO TAMRIN 15900,101,20.3,0,4
DT3162,6/6/2025 21:01:17,2,5,1,PRD,117.4761,0.67443,76,20.2757,198.55,JL RO TAMRIN 15900,100,20.3,0,4
DT3162,6/6/2025 21:01:20,2,5,1,PRD,117.47606,0.67433,75.7,21.55172,198.59,JL RO TAMRIN 15900,101,21.4,0,4
DT3162,6/6/2025 21:01:23,2,5,1,PRD,117.47601,0.67417,75.2,23.88339,196.2,JL RO TAMRIN 15900,101,22.6,0,4
DT3162,6/6/2025 21:01:26,2,5,1,PRD,117.47595,0.67393,74.7,26.3873,194.68,JL RO TAMRIN 15900,100,25.8,0,4
DT3162,6/6/2025 21:01:29,2,5,1,PRD,117.4759,0.67372,74.3,28.86342,194.47,JL RO TAMRIN 15900,101,28.7,0,4
DT3162,6/6/2025 21:01:32,2,5,1,PRD,117.47586,0.67358,74,29.95425,193.38,JL RO TAMRIN 15900,102,30.8,0,4
DT3162,6/6/2025 21:01:35,2,5,1,PRD,117.47581,0.67336,74.6,29.40976,191.83,JL RO TAMRIN 15700,102,32.4,0,4
DT3162,6/6/2025 21:01:38,2,5,1,PRD,117.47576,0.67307,76.1,27.79111,187.34,JL RO TAMRIN 15700,104,30,0,4
DT3162,6/6/2025 21:01:41,2,5,1,PRD,117.47575,0.67294,76.2,25.9317,185.24,JL RO TAMRIN 15700,101,28.1,0,4
DT3162,6/6/2025 21:01:44,2,5,1,PRD,117.47574,0.67274,77.4,22.60736,182.79,JL RO TAMRIN 15700,101,26.4,0,4
DT3162,6/6/2025 21:01:47,2,5,1,PRD,117.47574,0.67253,78.4,18.71816,176.52,JL RO TAMRIN 15700,101,22,0,4
DT3162,6/6/2025 21:01:50,2,5,1,PRD,117.47575,0.67239,79.5,18.27554,170.75,JL RO TAMRIN 15700,100,19.8,0,4
DT3162,6/6/2025 21:01:53,2,5,1,PRD,117.47577,0.67231,80,14.71414,163.39,JL RO TAMRIN 15700,102,17,0,4
DT3162,6/6/2025 21:01:56,2,5,1,PRD,117.4758,0.67221,80.3,12.70842,161.68,JL RO TAMRIN 15700,100,15.1,0,4
DT3162,6/6/2025 21:01:59,2,5,1,PRD,117.47585,0.67207,81.5,13.67887,162.91,JL RO TAMRIN 15700,100,13.9,0,4
DT3162,6/6/2025 21:02:02,2,5,1,PRD,117.47588,0.67197,82.5,14.43449,161.74,JL RO TAMRIN 15500,100,14.6,0,4
DT3162,6/6/2025 21:02:05,2,5,1,PRD,117.47591,0.6719,82.7,15.88275,161.6,JL RO TAMRIN 15500,99,15.4,0,4
DT3162,6/6/2025 21:02:08,2,5,1,PRD,117.47594,0.67179,82.3,17.07174,161.66,JL RO TAMRIN 15500,101,17.5,0,4
DT3162,6/6/2025 21:02:11,2,5,1,PRD,117.47599,0.67166,82.7,17.91069,160.6,JL RO TAMRIN 15500,99,18.5,0,4
DT3162,6/6/2025 21:02:14,2,5,1,PRD,117.47605,0.67149,83.7,17.23656,159.17,JL RO TAMRIN 15500,101,19,0,4
DT3162,6/6/2025 21:02:17,2,5,1,PRD,117.4761,0.67137,84.7,16.60874,157.39,JL RO TAMRIN 15500,101,18.5,0,4
DT3162,6/6/2025 21:02:20,2,5,1,PRD,117.47613,0.67129,85.8,16.21241,155.09,JL RO TAMRIN 15500,101,17.7,0,4
DT3162,6/6/2025 21:02:23,2,5,1,PRD,117.47619,0.67118,87.6,15.33456,158.33,JL RO TAMRIN 15500,100,16.9,0,4
DT3162,6/6/2025 21:02:26,2,5,1,PRD,117.47624,0.67104,89.2,14.84748,163.07,JL RO TAMRIN 15500,100,16.4,0,4
DT3162,6/6/2025 21:02:29,2,5,1,PRD,117.47627,0.67092,90.3,16.68096,166.01,JL RO TAMRIN 15500,98,16.6,0,4
DT3162,6/6/2025 21:02:32,2,5,1,PRD,117.47629,0.67083,90.2,17.06803,174.56,JL RO TAMRIN 15500,101,18.2,0,4
DT3162,6/6/2025 21:02:35,2,5,1,PRD,117.4763,0.6707,91.3,16.63837,181.9,JL RO TAMRIN 15500,101,18.6,0,4
DT3162,6/6/2025 21:02:38,2,5,1,PRD,117.47628,0.67054,93.1,15.85127,190.31,JL RO TAMRIN 15500,99,17.6,0,4
DT3162,6/6/2025 21:02:41,2,5,1,PRD,117.47625,0.67042,94,15.94202,199.44,JL RO TAMRIN 15500,102,16.3,0,4
DT3162,6/6/2025 21:02:44,2,5,1,PRD,117.47622,0.67034,94.9,18.6626,201.76,JL RO TAMRIN 15500,98,17.8,0,4
DT3162,6/6/2025 21:02:47,2,5,1,PRD,117.47615,0.67016,95.4,19.99049,203.13,JL RO TAMRIN 15500,100,19,0,4
DT3162,6/6/2025 21:02:50,2,5,1,PRD,117.47612,0.67006,96,22.4055,199.33,JL RO TAMRIN 15300,99,21.7,0,4
DT3162,6/6/2025 21:02:53,2,5,1,PRD,117.47603,0.66984,95.5,24.03711,203.41,JL RO TAMRIN 15300,103,24.9,0,4
DT3162,6/6/2025 21:02:56,2,5,1,PRD,117.47597,0.66973,95.2,26.20765,209.76,JL RO TAMRIN 15300,100,25.3,0,4
DT3162,6/6/2025 21:02:59,2,5,1,PRD,117.47584,0.6695,95.3,24.92792,215.22,JL RO TAMRIN 15300,102,26.7,0,4
DT3162,6/6/2025 21:03:02,2,5,1,PRD,117.47574,0.66935,95.2,22.77775,214.93,JL RO TAMRIN 15300,102,25.3,0,4
DT3162,6/6/2025 21:03:05,2,5,1,PRD,117.47567,0.66926,95.2,21.50728,214.65,JL RO TAMRIN 15300,103,23.3,0,4
DT3162,6/6/2025 21:03:08,2,5,1,PRD,117.47558,0.66912,94.7,21.42394,214.49,JL RO TAMRIN 15300,101,21.4,0,4
DT3162,6/6/2025 21:03:11,2,5,1,PRD,117.47546,0.66893,93.4,22.28697,210.97,JL RO TAMRIN 15300,101,23.1,0,4
DT3162,6/6/2025 21:03:14,2,5,1,PRD,117.47539,0.66879,92.6,20.65721,205.92,JL RO TAMRIN 15300,101,21.3,0,4
DT3162,6/6/2025 21:03:17,2,5,1,PRD,117.47534,0.66869,92.7,20.32014,198.94,JL RO TAMRIN 15300,100,21.2,0,4
DT3162,6/6/2025 21:03:20,2,5,1,PRD,117.4753,0.66855,92.2,18.23479,186,JL RO TAMRIN 15300,103,20.9,0,4
DT3162,6/6/2025 21:03:23,2,5,1,PRD,117.47529,0.66841,92.4,16.66985,175.33,JL RO TAMRIN 15300,102,20.9,0,4
DT3162,6/6/2025 21:03:26,2,5,1,PRD,117.47532,0.66825,91.9,15.98832,159.82,JL. RO TAMRIN 15100,102,17.1,0,4
DT3162,6/6/2025 21:03:29,2,5,1,PRD,117.47538,0.66814,90.1,16.36242,150.02,JL. RO TAMRIN 15100,101,17.7,0,4
DT3162,6/6/2025 21:03:32,2,5,1,PRD,117.47543,0.66807,89.2,16.1161,138.2,JL. RO TAMRIN 15100,103,18.7,0,4
DT3162,6/6/2025 21:03:35,2,5,1,PRD,117.47552,0.66797,87.1,19.446,131.55,JL. RO TAMRIN 15100,102,19.8,0,4
DT3162,6/6/2025 21:03:38,2,5,1,PRD,117.47568,0.66784,85,20.30348,131.99,JL. RO TAMRIN 15100,104,21.5,0,4
DT3162,6/6/2025 21:03:41,2,5,1,PRD,117.47578,0.66774,84.3,19.70528,132.96,JL RO TAMRIN 15000,101,20.7,0,4
DT3162,6/6/2025 21:03:44,2,5,1,PRD,117.47586,0.66767,83.2,21.77767,130.79,JL RO TAMRIN 15000,100,23.2,0,4
DT3162,6/6/2025 21:03:47,2,5,1,PRD,117.476,0.66756,82.5,25.91133,127.97,JL RO TAMRIN 15000,101,25.4,0,4
DT3162,6/6/2025 21:03:50,2,5,1,PRD,117.4762,0.66739,81.9,24.92422,130.24,JL RO TAMRIN 15000,101,26.7,0,4
DT3162,6/6/2025 21:03:53,2,5,1,PRD,117.47634,0.66727,82.2,24.32232,131.18,JL RO TAMRIN 15000,102,25.6,0,4
DT3162,6/6/2025 21:03:56,2,5,1,PRD,117.47643,0.6672,82.3,22.32956,131.4,JL RO TAMRIN 15000,104,24.7,0,4
DT3162,6/6/2025 21:03:59,2,5,1,PRD,117.47656,0.66708,82,24.05563,134.9,JL RO TAMRIN 15000,100,24.8,0,4
DT3162,6/6/2025 21:04:02,2,5,1,PRD,117.47674,0.66691,82.4,23.02777,133.27,JL RO TAMRIN 15000,101,24.4,0,4
DT3162,6/6/2025 21:04:05,2,5,1,PRD,117.47686,0.6668,83.2,20.93501,134.84,JL RO TAMRIN 15000,102,23,0,4
DT3162,6/6/2025 21:04:08,2,5,1,PRD,117.47696,0.66669,83.5,18.4237,137.81,JL RO TAMRIN 15000,102,20.1,0,4
DT3162,6/6/2025 21:04:11,2,5,1,PRD,117.47702,0.66662,83.3,18.66631,137.34,JL RO TAMRIN 15000,103,20.1,0,4
DT3162,6/6/2025 21:04:14,2,5,1,PRD,117.47712,0.66652,83.3,20.25347,136.23,JL RO TAMRIN 15000,101,20.7,0,4
DT3162,6/6/2025 21:04:17,2,5,1,PRD,117.47727,0.66636,83.2,22.85553,136.71,JL RO TAMRIN 14800,102,23.1,0,4
DT3162,6/6/2025 21:04:20,2,5,1,PRD,117.4774,0.66623,84.4,24.79458,141.35,JL RO TAMRIN 14800,100,25.2,0,4
DT3162,6/6/2025 21:04:23,2,5,1,PRD,117.47748,0.66612,84.3,25.51686,141.72,JL RO TAMRIN 14800,101,25.8,0,4
DT3162,6/6/2025 21:04:26,2,5,1,PRD,117.4776,0.66597,84.4,26.62435,146.59,JL RO TAMRIN 14800,101,27,0,4
DT3162,6/6/2025 21:04:29,2,5,1,PRD,117.47774,0.66574,84.6,26.10209,150.93,JL RO TAMRIN 14800,100,28,0,4
DT3162,6/6/2025 21:04:32,2,5,1,PRD,117.47783,0.66556,85,26.81881,153.58,JL RO TAMRIN 14800,101,27.9,0,4
DT3162,6/6/2025 21:04:35,2,5,1,PRD,117.47789,0.66544,85.3,27.24292,157.3,JL RO TAMRIN 14800,102,28,0,4
DT3162,6/6/2025 21:04:38,2,5,1,PRD,117.47796,0.66524,85.1,27.5948,164.09,JL RO TAMRIN 14800,101,26.8,0,4
DT3162,6/6/2025 21:04:41,2,5,1,PRD,117.47802,0.66497,85.3,27.23736,169.12,JL RO TAMRIN 14800,101,26.8,0,4
DT3162,6/6/2025 21:04:44,2,5,1,PRD,117.47805,0.66476,85.3,29.41161,173.07,JL RO TAMRIN 14800,102,29.5,0,4
DT3162,6/6/2025 21:04:47,2,5,1,PRD,117.47806,0.66461,85.9,29.88202,183.43,JL RO TAMRIN 14800,101,31,0,4
DT3162,6/6/2025 21:04:50,2,5,1,PRD,117.47804,0.66438,87.3,29.55792,190.46,JL RO TAMRIN 14600,103,30.5,0,4
DT3162,6/6/2025 21:04:53,2,5,1,PRD,117.47797,0.6641,89,27.85223,197.26,JL RO TAMRIN 14600,101,29.6,0,4
DT3162,6/6/2025 21:04:56,2,5,1,PRD,117.47791,0.6639,89.8,26.98179,199.88,JL RO TAMRIN 14600,99,28.7,0,4
DT3162,6/6/2025 21:04:59,2,5,1,PRD,117.47785,0.66371,90.9,25.7891,197.4,JL RO TAMRIN 14600,102,27.5,0,4
DT3162,6/6/2025 21:05:02,2,5,1,PRD,117.47781,0.66359,91.7,24.37047,197.88,JL RO TAMRIN 14600,100,26,0,4
DT3162,6/6/2025 21:05:05,2,5,1,PRD,117.47776,0.66341,93.5,23.25371,193.19,JL RO TAMRIN 14600,100,25.4,0,4
DT3162,6/6/2025 21:05:08,2,5,1,PRD,117.47772,0.66317,95,23.68708,187.05,JL RO TAMRIN 14600,102,25,0,4
DT3162,6/6/2025 21:05:11,2,5,1,PRD,117.4777,0.66299,96.4,23.87598,184.83,JL RO TAMRIN 14600,100,25.9,0,4
DT3162,6/6/2025 21:05:14,2,5,1,PRD,117.47769,0.66286,97.1,25.80577,184.23,JL RO TAMRIN 14600,100,27.9,0,4
DT3162,6/6/2025 21:05:17,2,5,1,PRD,117.47768,0.66267,98.3,26.40582,178.52,JL RO TAMRIN 14400,100,28.8,0,4
DT3162,6/6/2025 21:05:20,2,5,1,PRD,117.4777,0.6624,98.7,26.96697,175.09,JL RO TAMRIN 14400,102,28.1,0,4
DT3162,6/6/2025 21:05:23,2,5,1,PRD,117.47772,0.6622,99.3,26.89474,175.21,JL RO TAMRIN 14400,101,28.2,0,4
DT3162,6/6/2025 21:05:26,2,5,1,PRD,117.47774,0.66206,99.6,26.93734,174.63,JL RO TAMRIN 14400,101,27.9,0,4
DT3162,6/6/2025 21:05:29,2,5,1,PRD,117.47776,0.66185,99.9,27.1818,172.89,JL RO TAMRIN 14400,101,28.3,0,4
DT3162,6/6/2025 21:05:32,2,5,1,PRD,117.4778,0.66158,100.7,27.20588,171.5,JL RO TAMRIN 14400,100,29.2,0,4
DT3162,6/6/2025 21:05:35,2,5,1,PRD,117.47782,0.66137,101.2,27.42812,175.63,JL RO TAMRIN 14400,100,29.1,0,4
DT3162,6/6/2025 21:05:38,2,5,1,PRD,117.47784,0.66123,101.3,25.21868,178.31,JL RO TAMRIN 14400,102,26.8,0,4
DT3162,6/6/2025 21:05:41,2,5,1,PRD,117.47784,0.66104,101.9,23.34261,184.21,JL RO TAMRIN 14400,100,24.9,0,4
DT3162,6/6/2025 21:05:44,2,5,1,PRD,117.47781,0.66086,103.4,23.66115,198.27,JL RO TAMRIN 14200,101,25,0,4
DT3162,6/6/2025 21:05:47,2,5,1,PRD,117.47771,0.66065,104.5,23.56485,216.31,JL RO TAMRIN 14200,102,25.2,0,4
DT3162,6/6/2025 21:05:50,2,5,1,PRD,117.47759,0.66053,105.5,21.69803,233.85,JL. RO BIDADARI 14150,102,22.5,0,4
DT3162,6/6/2025 21:05:53,2,5,1,PRD,117.47749,0.66047,105.7,22.23326,254.16,JL. RO BIDADARI 14150,100,23.3,0,4
DT3162,6/6/2025 21:05:56,2,5,1,PRD,117.47733,0.66043,106,22.13881,270.53,JL. RO BIDADARI 14150,101,23.2,0,4
DT3162,6/6/2025 21:05:59,2,5,1,PRD,117.4771,0.66044,107.1,23.5704,276.94,JL. RO BIDADARI 14150,101,24.8,0,4
DT3162,6/6/2025 21:06:02,2,5,1,PRD,117.47692,0.66047,108,23.78524,281.16,JL. RO BIDADARI 14100,102,25.6,0,4
DT3162,6/6/2025 21:06:05,2,5,1,PRD,117.4768,0.66049,109.2,23.94636,282.8,JL. RO BIDADARI 14100,101,25.7,0,4
DT3162,6/6/2025 21:06:08,2,5,1,PRD,117.47663,0.66053,111.9,23.40928,281.66,JL. RO BIDADARI 14100,102,24.6,0,4
DT3162,6/6/2025 21:06:11,2,5,1,PRD,117.47641,0.66057,112.8,20.33496,282.9,JL. RO BIDADARI 14100,101,22.1,0,4
DT3162,6/6/2025 21:06:14,2,5,1,PRD,117.47627,0.6606,114.4,17.97366,282.75,JL. RO BIDADARI 14100,101,19.4,0,4
DT3162,6/6/2025 21:06:17,2,5,1,PRD,117.47618,0.66062,114.9,16.50873,283.49,JL. RO BIDADARI 14100,100,19.4,0,4
DT3162,6/6/2025 21:06:20,2,5,1,PRD,117.47606,0.66065,116.1,15.66236,277.97,JL. RO BIDADARI 14100,100,17.7,0,4
DT3162,6/6/2025 21:06:23,2,5,1,PRD,117.47591,0.66066,117.8,14.06964,273.43,JL. RO BIDADARI 14100,100,14.7,0,4
DT3162,6/6/2025 21:06:26,2,5,1,PRD,117.47579,0.66067,117.5,15.58088,274.06,JL. RO BIDADARI 14100,100,14.7,0,4
DT3162,6/6/2025 21:06:29,2,5,1,PRD,117.4757,0.66068,117.2,16.51058,274.74,JL. RO BIDADARI 14100,100,16,0,4
DT3162,6/6/2025 21:06:32,2,5,1,PRD,117.47557,0.66069,116.6,16.78097,276.57,JL. RO BIDADARI 14100,101,17.5,0,4
DT3162,6/6/2025 21:06:35,2,5,1,PRD,117.47541,0.66071,118.7,14.42708,275.41,JL. RO BIDADARI 14100,101,17.7,0,4
DT3162,6/6/2025 21:06:38,2,5,1,PRD,117.4753,0.66072,119.4,14.91786,275.26,JL. RO BIDADARI 14100,101,16.6,0,4
DT3162,6/6/2025 21:06:41,2,5,1,PRD,117.47522,0.66072,120.5,16.53836,275.58,JL. RO BIDADARI 14100,101,16.1,0,4
DT3162,6/6/2025 21:06:44,2,5,1,PRD,117.4751,0.66074,121.6,17.18471,277.7,JL. RO BIDADARI 14100,101,17.2,0,4
DT3162,6/6/2025 21:06:47,2,5,1,PRD,117.47492,0.66075,121.9,19.06634,272.78,JL. RO BIDADARI 13900,100,18.5,0,4
DT3162,6/6/2025 21:06:50,2,5,1,PRD,117.47477,0.66076,123.3,21.07761,273.15,JL. RO BIDADARI 13900,101,20,0,4
DT3162,6/6/2025 21:06:53,2,5,1,PRD,117.47466,0.66076,125.3,22.39068,273.81,JL. RO BIDADARI 13900,100,22.5,0,4
DT3162,6/6/2025 21:06:56,2,5,1,PRD,117.47449,0.66077,124.6,23.11111,274.38,JL. RO BIDADARI 13900,101,23.3,0,4
DT3162,6/6/2025 21:06:59,2,5,1,PRD,117.47426,0.66079,123.8,23.02962,277.36,JL. RO BIDADARI 13900,102,24.7,0,4
DT3162,6/6/2025 21:07:02,2,5,1,PRD,117.47409,0.66082,124.1,22.82775,282.15,JL. RO BIDADARI 13900,103,24.6,0,4
DT3162,6/6/2025 21:07:05,2,5,1,PRD,117.47392,0.66088,123.9,23.66856,292.91,JL. RO BIDADARI 13900,99,23.4,0,4
DT3162,6/6/2025 21:07:08,2,5,1,PRD,117.47381,0.66093,123.7,23.47225,299.18,JL. RO BIDADARI 13900,99,24,0,4
DT3162,6/6/2025 21:07:11,2,5,1,PRD,117.47361,0.66104,121.8,23.17408,302.38,JL. RO BIDADARI 13900,101,24.2,0,4
DT3162,6/6/2025 21:07:14,2,5,1,PRD,117.47345,0.66114,122.1,24.52604,303.73,JL. RO BIDADARI 13900,101,23.4,0,4
DT3162,6/6/2025 21:07:17,2,5,1,PRD,117.4733,0.66126,121.6,25.55204,312.46,JL. RO BIDADARI 13700,101,25.1,0,4
DT3162,6/6/2025 21:07:20,2,5,1,PRD,117.4732,0.66135,120.3,25.51686,311.15,JL. RO BIDADARI 13700,101,26,0,4
DT3162,6/6/2025 21:07:23,2,5,1,PRD,117.47299,0.66152,116.8,28.05965,304.42,JL. RO BIDADARI 13700,96,24.7,0,4
DT3162,6/6/2025 21:07:26,2,5,1,PRD,117.4728,0.66163,116.2,28.51154,297.06,JL. RO BIDADARI 13700,96,28.4,0,4
DT3162,6/6/2025 21:07:29,2,5,1,PRD,117.47261,0.66169,116.5,25.35388,280.74,JL. RO BIDADARI 13700,96,29.7,0,4
DT3162,6/6/2025 21:07:32,2,5,1,PRD,117.47248,0.6617,116.2,25.66872,264.11,JL. RO BIDADARI 13600,96,27.6,0,4
DT3162,6/6/2025 21:07:35,2,5,1,PRD,117.4723,0.66166,116,23.95932,238.81,JL. RO BIDADARI 13600,102,27.7,0,4
DT3162,6/6/2025 21:07:38,2,5,1,PRD,117.47211,0.66151,117.5,24.16119,222.46,JL. RO BIDADARI 13600,101,25.9,0,4
DT3162,6/6/2025 21:07:41,2,5,1,PRD,117.47199,0.66137,118.5,24.43899,213.37,JL. RO JUANDA 13500,101,25.9,0,4
DT3162,6/6/2025 21:07:44,2,5,1,PRD,117.47192,0.66126,118.4,26.2095,204.56,JL. RO JUANDA 13500,103,26.2,0,4
DT3162,6/6/2025 21:07:47,2,5,1,PRD,117.47184,0.66107,117.8,25.91689,210.22,JL. RO JUANDA 13500,102,26.6,0,4
DT3162,6/6/2025 21:07:50,2,5,1,PRD,117.47171,0.66084,117,25.75206,214.91,JL. RO JUANDA 13500,102,27.2,0,4
DT3162,6/6/2025 21:07:53,2,5,1,PRD,117.47159,0.66069,116.5,26.14839,219.51,JL. RO JUANDA 13500,100,26.5,0,4
DT3162,6/6/2025 21:07:56,2,5,1,PRD,117.4715,0.66058,116.2,27.89112,222.95,JL. RO JUANDA 13500,101,27.2,0,4
DT3162,6/6/2025 21:07:59,2,5,1,PRD,117.47135,0.66042,118,28.11892,224.85,JL. RO JUANDA 13500,101,29.9,0,4
DT3162,6/6/2025 21:08:02,2,5,1,PRD,117.47116,0.66022,118.8,26.97623,223.07,JL. RO JUANDA 13500,101,29.7,0,4
DT3162,6/6/2025 21:08:05,2,5,1,PRD,117.47102,0.66006,119,27.3596,222.7,JL. RO JUANDA 13500,100,28.5,0,4
DT3162,6/6/2025 21:08:08,2,5,1,PRD,117.47093,0.65996,118.3,26.1558,222.18,JL. RO JUANDA 13500,100,28.4,0,4
DT3162,6/6/2025 21:08:11,2,5,1,PRD,117.47079,0.65982,117.9,24.84643,223.53,JL. RO JUANDA 13300,101,27,0,4
DT3162,6/6/2025 21:08:14,2,5,1,PRD,117.47063,0.65963,117.2,23.52596,216.98,JL. RO JUANDA 13300,101,26,0,4
DT3162,6/6/2025 21:08:17,2,5,1,PRD,117.47054,0.65949,118.8,19.70343,215.44,JL. RO JUANDA 13300,101,24.9,0,4
DT3162,6/6/2025 21:08:20,2,5,1,PRD,117.47049,0.65941,119.4,20.32014,215.8,JL. RO JUANDA 13300,103,22.5,0,4
DT3162,6/6/2025 21:08:23,2,5,1,PRD,117.4704,0.65927,119.1,21.07206,210.95,JL. RO JUANDA 13300,100,22.7,0,4
DT3162,6/6/2025 21:08:26,2,5,1,PRD,117.47032,0.65914,119,21.12576,211.71,JL. RO JUANDA 13300,102,23.4,0,4
DT3162,6/6/2025 21:08:29,2,5,1,PRD,117.47021,0.65892,120.1,22.65181,206.58,JL. RO JUANDA 13300,101,23.1,0,4
DT3162,6/6/2025 21:08:32,2,5,1,PRD,117.47013,0.65878,119.9,21.99806,208.05,JL. RO JUANDA 13300,101,23.9,0,4
DT3162,6/6/2025 21:08:35,2,5,1,PRD,117.47008,0.65866,119.8,25.36314,211.04,JL. RO JUANDA 13300,101,24.8,0,4
DT3162,6/6/2025 21:08:38,2,5,1,PRD,117.46998,0.65848,119.9,27.62814,210.85,JL. RO JUANDA 13300,101,26.8,0,4
DT3162,6/6/2025 21:08:41,2,5,1,PRD,117.46982,0.65824,120.9,28.60784,217.21,JL. RO JUANDA 13100,100,29,0,4
DT3162,6/6/2025 21:08:44,2,5,1,PRD,117.4697,0.65805,121,28.50228,214.67,JL. RO JUANDA 13100,101,29.6,0,4
DT3162,6/6/2025 21:08:47,2,5,1,PRD,117.46961,0.65793,120.7,29.90054,215.47,JL. RO JUANDA 13100,101,29.8,0,4
DT3162,6/6/2025 21:08:50,2,5,1,PRD,117.46948,0.65774,120,29.99684,214.19,JL. RO JUANDA 13100,100,30.7,0,4
DT3162,6/6/2025 21:08:53,2,5,1,PRD,117.46933,0.65747,118.6,30.94507,202.73,JL. RO JUANDA 13100,100,31.5,0,4
DT3162,6/6/2025 21:08:56,2,5,1,PRD,117.46925,0.65725,117.6,31.31176,197.86,JL. RO JUANDA 13100,102,32.1,0,4
DT3162,6/6/2025 21:08:59,2,5,1,PRD,117.46921,0.65709,117.5,31.81551,197.85,JL. RO JUANDA 13100,101,33,0,4
DT3162,6/6/2025 21:09:02,2,5,1,PRD,117.46913,0.65686,117.6,32.30629,197.58,JL. RO JUANDA 13100,103,33.1,0,4
DT3162,6/6/2025 21:09:05,2,5,1,PRD,117.46903,0.65654,117,33.00264,199.67,JL. RO JUANDA 12900,101,33.1,0,4
DT3162,6/6/2025 21:09:08,2,5,1,PRD,117.46895,0.65632,117.4,31.81921,200.25,JL. RO JUANDA 12900,101,33.1,0,4
DT3162,6/6/2025 21:09:11,2,5,1,PRD,117.46887,0.65609,117.6,30.26909,195.86,JL. RO JUANDA 12900,102,32.8,0,4
DT3162,6/6/2025 21:09:14,2,5,1,PRD,117.46883,0.65595,117.9,29.63015,196.89,JL. RO JUANDA 12900,101,31.2,0,4
DT3162,6/6/2025 21:09:17,2,5,1,PRD,117.46877,0.65573,117.2,31.22657,194.57,JL. RO JUANDA 12900,102,31,0,4
DT3162,6/6/2025 21:09:20,2,5,1,PRD,117.46868,0.65542,115.8,32.39148,196.06,JL. RO JUANDA 12900,100,32.9,0,4
DT3162,6/6/2025 21:09:23,2,5,1,PRD,117.46862,0.65518,115.5,32.30444,195.01,JL. RO JUANDA 12900,102,33,0,4
DT3162,6/6/2025 21:09:26,2,5,1,PRD,117.46858,0.65503,114.6,31.18398,193.29,JL. RO JUANDA 12700,101,33.5,0,4
DT3162,6/6/2025 21:09:29,2,5,1,PRD,117.46852,0.6548,112.7,28.68563,195.81,JL. RO JUANDA 12700,100,31.9,0,4
DT3162,6/6/2025 21:09:32,2,5,1,PRD,117.46844,0.65453,111.6,26.88919,197.64,JL. RO JUANDA 12700,100,28.1,0,4
DT3162,6/6/2025 21:09:35,2,5,1,PRD,117.46838,0.65434,110.6,26.63732,200.16,JL. RO JUANDA 12700,100,29.3,0,4
DT3162,6/6/2025 21:09:38,2,5,1,PRD,117.46832,0.65422,109.7,25.62242,208.26,JL. RO JUANDA 12700,100,28,0,4
DT3162,6/6/2025 21:09:41,2,5,1,PRD,117.46823,0.65405,108.5,24.04822,216.32,JL. RO JUANDA 12700,100,26,0,4
DT3162,6/6/2025 21:09:44,2,5,1,PRD,117.46808,0.65385,107.2,23.4741,225.61,JL. RO JUANDA 12700,100,24.7,0,4
DT3162,6/6/2025 21:09:47,2,5,1,PRD,117.46794,0.65373,106.3,24.36491,234.29,JL. RO JUANDA 12700,100,24.8,0,4
DT3162,6/6/2025 21:09:50,2,5,1,PRD,117.46784,0.65366,104.5,26.23358,242.76,JL. RO JUANDA 12700,100,24.6,0,4
DT3162,6/6/2025 21:09:53,2,5,1,PRD,117.46766,0.65358,102.9,28.53747,249,JL. RO JUANDA 12700,100,26.5,0,4
DT3162,6/6/2025 21:09:56,2,5,1,PRD,117.46739,0.65348,100.9,29.04677,254.89,JL. RO JUANDA 12500,100,29.4,0,4
DT3162,6/6/2025 21:09:59,2,5,1,PRD,117.46716,0.65342,99,30.20242,257.18,JL. RO JUANDA 12500,100,30.1,0,4
DT3162,6/6/2025 21:10:02,2,5,1,PRD,117.46702,0.65338,97.9,29.7283,259.78,JL. RO JUANDA 12500,100,30.4,0,4
DT3162,6/6/2025 21:10:05,2,5,1,PRD,117.4668,0.65333,97.5,31.27287,256.58,JL. RO JUANDA 12500,104,30.4,0,4
DT3162,6/6/2025 21:10:08,2,5,1,PRD,117.46649,0.65325,95.9,32.52853,251.25,JL. RO JUANDA 12500,99,32.4,0,4
DT3162,6/6/2025 21:10:11,2,5,1,PRD,117.46626,0.65316,95.6,32.7804,248.31,JL. RO JUANDA 12500,102,33.7,0,4
DT3162,6/6/2025 21:10:14,2,5,1,PRD,117.46611,0.65309,95.3,32.26554,241.53,JL. RO JUANDA 12500,101,34.1,0,4
DT3162,6/6/2025 21:10:17,2,5,1,PRD,117.46589,0.65297,94.9,31.60808,240.52,JL. RO JUANDA 12300,102,33.9,0,4
DT3162,6/6/2025 21:10:20,2,5,1,PRD,117.46563,0.6528,92.7,31.63957,234.55,JL. RO JUANDA 12300,101,33.2,0,4
DT3162,6/6/2025 21:10:23,2,5,1,PRD,117.46544,0.65266,92.5,30.1913,234.09,JL. RO JUANDA 12300,101,32.1,0,4
DT3162,6/6/2025 21:10:26,2,5,1,PRD,117.46526,0.65253,91.7,29.18196,233.7,JL. RO JUANDA 12300,102,30.8,0,4
DT3162,6/6/2025 21:10:29,2,5,1,PRD,117.46514,0.65244,91.3,30.52652,233.46,JL. RO JUANDA 12300,101,30.8,0,4
DT3162,6/6/2025 21:10:32,2,5,1,PRD,117.46495,0.6523,90.4,31.42103,229.91,JL. RO JUANDA 12300,101,32.3,0,4
DT3162,6/6/2025 21:10:35,2,5,1,PRD,117.46472,0.65207,88.9,33.29526,223.61,JL. RO JUANDA 12300,101,34.3,0,4
DT3162,6/6/2025 21:10:38,2,5,1,PRD,117.46456,0.65186,88.3,34.3972,214.73,JL. RO TULIP 12100,102,35.3,0,4
DT3162,6/6/2025 21:10:41,2,5,1,PRD,117.46447,0.65171,87.6,32.99523,203.15,JL. RO TULIP 12100,102,34.3,0,4
DT3162,6/6/2025 21:10:44,2,5,1,PRD,117.46438,0.65148,87.1,33.08228,198.39,JL. RO TULIP 12100,102,34.9,0,4
DT3162,6/6/2025 21:10:47,2,5,1,PRD,117.46427,0.65116,86.6,34.23607,199.58,JL. RO TULIP 12100,100,34.8,0,4
DT3162,6/6/2025 21:10:50,2,5,1,PRD,117.46419,0.65091,86.1,34.13977,195.77,JL. RO TULIP 12100,103,36.3,0,4
DT3162,6/6/2025 21:10:53,2,5,1,PRD,117.46415,0.65074,86.2,34.57869,191.69,JL. RO TULIP 12100,101,36.6,0,4
DT3162,6/6/2025 21:10:56,2,5,1,PRD,117.4641,0.65048,85.7,33.45268,188.51,JL. RO TULIP 12100,103,35.9,0,4
DT3162,6/6/2025 21:10:59,2,5,1,PRD,117.46406,0.65015,86,31.63957,186.82,JL. RO TULIP 12100,102,34.6,0,4
DT3162,6/6/2025 21:11:02,2,5,1,PRD,117.46403,0.64991,86.5,30.25983,186.37,JL. RO TULIP 11900,101,32.5,0,4
DT3162,6/6/2025 21:11:05,2,5,1,PRD,117.46402,0.64968,87.5,30.45984,182.27,JL. RO TULIP 11900,101,31.8,0,4
DT3162,6/6/2025 21:11:08,2,5,1,PRD,117.46402,0.64953,88.1,31.04137,181.37,JL. RO TULIP 11900,99,31.6,0,4
DT3162,6/6/2025 21:11:11,2,5,1,PRD,117.46402,0.64929,88.2,31.77847,175.53,JL. RO TULIP 11900,101,32.8,0,4
DT3162,6/6/2025 21:11:14,2,5,1,PRD,117.46405,0.64898,88.1,29.93202,171.57,JL. RO TULIP 11900,101,32,0,4
DT3162,6/6/2025 21:11:17,2,5,1,PRD,117.46408,0.64876,88,30.67282,174.43,JL. RO TULIP 11900,100,31.7,0,4
DT3162,6/6/2025 21:11:20,2,5,1,PRD,117.46409,0.64859,88.1,33.08228,173.43,JL. RO TULIP 11900,101,33,0,4
DT3162,6/6/2025 21:11:23,2,5,1,PRD,117.46412,0.64834,88,34.39534,173.52,JL. RO TULIP 11700,101,35.2,0,4
DT3162,6/6/2025 21:11:26,2,5,1,PRD,117.46417,0.64799,87.3,36.43254,170.86,JL. RO TULIP 11700,101,36.8,0,4
DT3162,6/6/2025 21:11:29,2,5,1,PRD,117.46421,0.64771,86.2,37.35299,171.6,JL. RO TULIP 11700,102,37.9,0,4
DT3162,6/6/2025 21:11:32,2,5,1,PRD,117.46424,0.64752,86,37.44559,173.17,JL. RO TULIP 11700,101,39.2,0,4
DT3162,6/6/2025 21:11:35,2,5,1,PRD,117.46427,0.64723,86.1,38.2401,172.17,JL. RO TULIP 11700,101,39.4,0,4
DT3162,6/6/2025 21:11:38,2,5,1,PRD,117.46432,0.64686,87.3,36.34365,173.07,JL. RO TULIP 11700,102,39.5,0,4
DT3162,6/6/2025 21:11:41,2,5,1,PRD,117.46435,0.6466,89.8,31.91552,176.66,JL. RO TULIP 11700,103,35.9,0,4
DT3162,6/6/2025 21:11:44,2,5,1,PRD,117.46436,0.64644,91.4,26.9892,176.15,JL. RO TULIP 11500,101,31.5,0,4
DT3162,6/6/2025 21:11:47,2,5,1,PRD,117.46438,0.64625,93.5,23.77227,176.15,JL. RO TULIP 11500,102,27.4,0,4
DT3162,6/6/2025 21:11:50,2,5,1,PRD,117.46439,0.64607,95.1,21.23688,174.43,JL. RO TULIP 11500,100,24.6,0,4
DT3162,6/6/2025 21:11:53,2,5,1,PRD,117.46441,0.64587,97.1,18.47555,174.06,JL. RO TULIP 11500,100,20.6,0,4
DT3162,6/6/2025 21:11:56,2,5,1,PRD,117.46443,0.64573,98.4,18.15886,172.19,JL. RO TULIP 11500,101,20,0,4
DT3162,6/6/2025 21:11:59,2,5,1,PRD,117.46444,0.6456,99.3,16.6217,177.26,JL. RO TULIP 11500,100,18.5,0,4
DT3162,6/6/2025 21:12:02,2,5,1,PRD,117.46445,0.64552,100.5,13.44922,174.4,JL. RO TULIP 11500,101,16.5,0,4
DT3162,6/6/2025 21:12:05,2,5,1,PRD,117.46446,0.64538,102.7,14.15484,174.38,JL. RO TULIP 11500,100,14.9,0,4
DT3162,6/6/2025 21:12:08,2,5,1,PRD,117.46447,0.64531,102.9,13.53627,178.13,JL. RO TULIP 11500,100,15.1,0,4
DT3162,6/6/2025 21:12:11,2,5,1,PRD,117.46447,0.6452,104.2,14.79748,180.07,JL. RO TULIP 11500,100,15.7,0,4
DT3162,6/6/2025 21:12:14,2,5,1,PRD,117.46447,0.64505,104.7,13.65109,181.98,JL. RO TULIP 11500,100,15.9,0,4
DT3162,6/6/2025 21:12:17,2,5,1,PRD,117.46447,0.64498,104.9,13.63813,181.09,JL. RO TULIP 11500,100,15,0,4
DT3162,6/6/2025 21:12:20,2,5,1,PRD,117.46449,0.64483,105.6,14.38448,177.12,JL. RO TULIP 11500,100,15.5,0,4
DT3162,6/6/2025 21:12:23,2,5,1,PRD,117.46449,0.64475,106,15.52717,176.44,JL. RO TULIP 11500,100,16.7,0,4
DT3162,6/6/2025 21:12:26,2,5,1,PRD,117.4645,0.64463,107,15.75311,175.53,JL. RO TULIP 11500,100,17.3,0,4
DT3162,6/6/2025 21:12:29,2,5,1,PRD,117.46452,0.64447,106.5,15.85682,181.44,JL. RO TULIP 11500,101,17.6,0,4
DT3162,6/6/2025 21:12:32,2,5,1,PRD,117.46451,0.64433,107.7,17.10878,180.78,JL. RO TULIP 11500,99,18.5,0,4
DT3162,6/6/2025 21:12:35,2,5,1,PRD,117.46451,0.64424,108.4,17.92366,177.91,JL. RO TULIP 11500,100,19.1,0,4
DT3162,6/6/2025 21:12:38,2,5,1,PRD,117.46452,0.64409,109.6,19.26821,178,JL. RO TULIP 11500,101,20.4,0,4
DT3162,6/6/2025 21:12:41,2,5,1,PRD,117.46453,0.64393,110.1,18.7978,180.52,JL. RO TULIP 11500,100,20.6,0,4
DT3162,6/6/2025 21:12:44,2,5,1,PRD,117.46453,0.64373,111.1,19.54416,183.17,JL. RO TULIP 11500,100,21.1,0,4
DT3162,6/6/2025 21:12:47,2,5,1,PRD,117.46453,0.64359,111,18.42555,182.68,JL. RO TULIP 11500,101,20.9,0,4
DT3162,6/6/2025 21:12:50,2,5,1,PRD,117.46453,0.64349,111.9,19.68861,179.79,JL. RO TULIP 11300,101,21.2,0,4
DT3162,6/6/2025 21:12:53,2,5,1,PRD,117.46454,0.64333,113.6,20.47016,176.03,JL. RO TULIP 11300,100,22.4,0,4
DT3162,6/6/2025 21:12:56,2,5,1,PRD,117.46456,0.6431,115.2,21.19614,165.84,JL. RO TULIP 11300,99,22.3,0,4
DT3162,6/6/2025 21:12:59,2,5,1,PRD,117.46462,0.64295,116,21.62951,154.49,JL. RO TULIP 11300,100,23.5,0,4
DT3162,6/6/2025 21:13:02,2,5,1,PRD,117.46468,0.64285,116.4,22.30919,138.67,JL. RO TULIP 11100,102,23.5,0,4
DT3162,6/6/2025 21:13:05,2,5,1,PRD,117.46479,0.64273,116.4,21.1628,129.2,JL. RO TULIP 11100,99,23.2,0,4
DT3162,6/6/2025 21:13:08,2,5,1,PRD,117.46495,0.64261,115.8,16.57355,126.42,JL. RO TULIP 11100,102,21.5,0,4
DT3162,6/6/2025 21:13:11,2,5,1,PRD,117.46501,0.64256,115.8,14.26781,127.58,JL. RO TULIP 11100,99,16.2,0,4
DT3162,6/6/2025 21:13:14,2,5,1,PRD,117.46513,0.64247,116.2,15.19566,129.41,JL. RO TULIP 11100,100,15.5,0,4
DT3162,6/6/2025 21:13:17,2,5,1,PRD,117.46522,0.64239,115.3,15.88831,130.07,JL. RO TULIP 11100,100,16.4,0,4
DT3162,6/6/2025 21:13:20,2,5,1,PRD,117.46528,0.64234,115.3,16.88283,133.43,JL. RO TULIP 11100,100,17.1,0,4
DT3162,6/6/2025 21:13:23,2,5,1,PRD,117.46541,0.64222,116,17.07174,131.58,JL. RO TULIP  10900,99,18,0,4
DT3162,6/6/2025 21:13:26,2,5,1,PRD,117.46551,0.64214,116.4,16.27167,131.14,JL. RO TULIP  10900,100,17.6,0,4
DT3162,6/6/2025 21:13:29,2,5,1,PRD,117.46557,0.64208,116.6,14.30114,132.78,JL. RO TULIP  10900,101,16,0,4
DT3162,6/6/2025 21:13:32,2,5,1,PRD,117.46564,0.64201,116.7,14.44745,135.05,JL. RO TULIP  10900,99,14.8,0,4
DT3162,6/6/2025 21:13:35,2,5,1,PRD,117.46575,0.6419,118,14.68451,136.14,JL. RO TULIP  10900,100,15.2,0,4
DT3162,6/6/2025 21:13:38,2,5,1,PRD,117.46582,0.64182,119.2,15.47716,137.31,JL. RO TULIP  10900,100,16.1,0,4
DT3162,6/6/2025 21:13:41,2,5,1,PRD,117.46587,0.64176,119.8,16.65318,137.64,JL. RO TULIP  10900,100,17.1,0,4
DT3162,6/6/2025 21:13:44,2,5,1,PRD,117.46596,0.64167,121.1,17.08655,137.09,JL. RO TULIP  10900,100,17.5,0,4
DT3162,6/6/2025 21:13:47,2,5,1,PRD,117.46608,0.64154,122.3,17.0347,137.68,JL. RO TULIP  10900,100,17.9,0,4
DT3162,6/6/2025 21:13:50,2,5,1,PRD,117.46616,0.64145,122.2,15.96239,136.13,JL. RO TULIP  10900,100,17.3,0,4
DT3162,6/6/2025 21:13:53,2,5,1,PRD,117.46622,0.6414,122.5,15.06972,133.79,JL. RO TULIP  10900,100,16.5,0,4
DT3162,6/6/2025 21:13:56,2,5,1,PRD,117.46631,0.64132,123.9,15.44568,134.33,JL. RO TULIP  10900,100,16.5,0,4
DT3162,6/6/2025 21:13:59,2,5,1,PRD,117.46642,0.6412,124.7,15.73644,134.68,JL. RO TULIP  10900,100,16.4,0,4
DT3162,6/6/2025 21:14:02,2,5,1,PRD,117.46648,0.64114,124.5,16.718,134.21,JL. RO TULIP  10900,102,17.1,0,4
DT3162,6/6/2025 21:14:05,2,5,1,PRD,117.4666,0.64102,125.4,18.007,132.85,JL. RO TULIP  10900,100,18.5,0,4
DT3162,6/6/2025 21:14:08,2,5,1,PRD,117.46667,0.64096,126,17.98848,130.7,JL. RO TULIP  10900,98,18.5,0,4
DT3162,6/6/2025 21:14:11,2,5,1,PRD,117.46678,0.64087,127.1,18.62742,124.44,JL. RO TULIP  10900,100,20,0,4
DT3162,6/6/2025 21:14:14,2,5,1,PRD,117.46693,0.64077,128.5,17.02914,125.78,JL. RO TULIP  10900,100,19.3,0,4
DT3162,6/6/2025 21:14:17,2,5,1,PRD,117.46703,0.64069,129.1,14.55116,125.38,JL. RO TULIP  10900,101,17.7,0,4
DT3162,6/6/2025 21:14:20,2,5,1,PRD,117.46709,0.64065,129.6,15.98276,125.92,JL. RO TULIP  10900,100,16.4,0,4
DT3162,6/6/2025 21:14:23,2,5,1,PRD,117.46719,0.64058,130.4,17.61252,125.88,JL. RO TULIP  10900,100,17.7,0,4
DT3162,6/6/2025 21:14:26,2,5,1,PRD,117.46734,0.64047,131.3,17.55326,128.78,JL. RO TULIP  10900,100,18.7,0,4
DT3162,6/6/2025 21:14:29,2,5,1,PRD,117.46745,0.64038,132.6,18.60334,129.55,JL. RO TULIP 10700,100,19.4,0,4
DT3162,6/6/2025 21:14:32,2,5,1,PRD,117.46757,0.6403,133.9,19.63861,126.21,JL. RO TULIP 10700,101,20.5,0,4
DT3162,6/6/2025 21:14:35,2,5,1,PRD,117.46766,0.64023,134.3,20.93871,129.52,JL. RO TULIP 10700,99,21.4,0,4
DT3162,6/6/2025 21:14:38,2,5,1,PRD,117.46777,0.64013,133.9,21.39986,127.1,JL. RO TULIP 10700,101,22.5,0,4
DT3162,6/6/2025 21:14:41,2,5,1,PRD,117.46796,0.64,135,23.22223,126.73,JL. RO TULIP 10700,101,23.1,0,4
DT3162,6/6/2025 21:14:44,2,5,1,PRD,117.46811,0.6399,136.5,23.99451,126.57,JL. RO TULIP 10700,100,25,0,4
DT3162,6/6/2025 21:14:47,2,5,1,PRD,117.46821,0.63982,137,24.91125,127.16,JL. RO TULIP 10700,101,25.4,0,4
DT3162,6/6/2025 21:14:50,2,5,1,PRD,117.46835,0.63971,137.8,24.52604,124.69,JL. RO TULIP 10700,101,25.8,0,4
DT3162,6/6/2025 21:14:53,2,5,1,PRD,117.46856,0.63956,137.7,26.03912,124.5,JL. RO TULIP 10700,101,27.4,0,4
DT3162,6/6/2025 21:14:56,2,5,1,PRD,117.46873,0.63945,138,27.18921,123.27,JL. RO TULIP 10700,101,28.9,0,4
DT3162,6/6/2025 21:14:59,2,5,1,PRD,117.46885,0.63937,138.2,30.01536,123.94,JL. RO TULIP 10700,101,30.4,0,4
DT3162,6/6/2025 21:15:02,2,5,1,PRD,117.46904,0.63924,138.4,29.3116,130.13,JL. RO TULIP 10700,101,31.1,0,4
DT3162,6/6/2025 21:15:05,2,5,1,PRD,117.46926,0.63905,138.4,30.50614,131.87,JL. RO SAKURA 10500,102,31.5,0,4
DT3162,6/6/2025 21:15:08,2,5,1,PRD,117.46943,0.63887,137.8,33.17858,139.55,JL. RO SAKURA 10500,101,33.5,0,4
DT3162,6/6/2025 21:15:11,2,5,1,PRD,117.46953,0.63873,137.5,34.35275,150.5,JL. RO SAKURA 10400,102,35.2,0,4
DT3162,6/6/2025 21:15:14,2,5,1,PRD,117.46965,0.6385,137.3,35.17133,159.26,JL. RO SAKURA 10400,102,35.7,0,4
DT3162,6/6/2025 21:15:17,2,5,1,PRD,117.46974,0.63825,137.3,35.62507,160.2,JL. RO SAKURA 10400,102,37.3,0,4
DT3162,6/6/2025 21:15:20,2,5,1,PRD,117.46986,0.63791,138.1,34.69907,160.39,JL. RO SAKURA 10400,101,36.4,0,4
DT3162,6/6/2025 21:15:23,2,5,1,PRD,117.46995,0.63766,139.2,34.54165,163.13,JL. RO SAKURA 10400,101,35.1,0,4
DT3162,6/6/2025 21:15:26,2,5,1,PRD,117.47,0.6375,139.5,33.99161,163.6,JL. RO SAKURA 10400,103,35.5,0,4
DT3162,6/6/2025 21:15:29,2,5,1,PRD,117.47007,0.63725,139.8,34.61203,165.59,JL. RO SAKURA 10400,99,35.2,0,4
DT3162,6/6/2025 21:15:32,2,5,1,PRD,117.47015,0.6369,139.6,35.7862,165.69,JL. RO SAKURA 10200,99,35.2,0,4
DT3162,6/6/2025 21:15:35,2,5,1,PRD,117.47021,0.63664,140.2,36.03622,167.22,JL. RO SAKURA 10200,101,37.2,0,4
DT3162,6/6/2025 21:15:38,2,5,1,PRD,117.47025,0.63646,140.7,35.83805,168.39,JL. RO SAKURA 10200,102,36.7,0,4
DT3162,6/6/2025 21:15:41,2,5,1,PRD,117.4703,0.63619,140.5,36.29364,171.43,JL. RO SAKURA 10200,100,38.1,0,4
DT3162,6/6/2025 21:15:44,2,5,1,PRD,117.47035,0.63582,140.1,36.81776,172.81,JL. RO SAKURA 10200,102,37.3,0,4
DT3162,6/6/2025 21:15:47,2,5,1,PRD,117.47038,0.63555,140.9,36.71775,174.85,JL. RO SAKURA 10200,102,37.5,0,4
DT3162,6/6/2025 21:15:50,2,5,1,PRD,117.4704,0.63536,141.8,36.95296,174.95,JL. RO SAKURA 10200,103,38.3,0,4
DT3162,6/6/2025 21:15:53,2,5,1,PRD,117.47043,0.63508,142.4,36.60478,173.7,JL RO SAKURA 10000,100,38.3,0,4
DT3162,6/6/2025 21:15:56,2,5,1,PRD,117.47047,0.63471,142.6,37.54374,174.19,JL RO SAKURA 10000,102,38.1,0,4
DT3162,6/6/2025 21:15:59,2,5,1,PRD,117.47049,0.63442,142.7,37.43077,177.5,JL RO SAKURA 10000,103,38.9,0,4
DT3162,6/6/2025 21:16:02,2,5,1,PRD,117.4705,0.63423,142.7,38.07897,175.14,JL RO SAKURA 10000,100,39.1,0,4
DT3162,6/6/2025 21:16:05,2,5,1,PRD,117.47052,0.63395,143,36.84739,177.28,JL RO SAKURA 10000,102,39,0,4
DT3162,6/6/2025 21:16:08,2,5,1,PRD,117.47053,0.63357,143.7,37.13075,179.09,JL RO SAKURA 10000,101,38.4,0,4
DT3162,6/6/2025 21:16:11,2,5,1,PRD,117.47053,0.63329,143.4,36.72516,179.37,JL RO SAKURA 9800,102,37.7,0,4
DT3162,6/6/2025 21:16:14,2,5,1,PRD,117.47053,0.63302,143.4,37.26594,179.72,JL RO SAKURA 9800,100,38.2,0,4
DT3162,6/6/2025 21:16:17,2,5,1,PRD,117.47053,0.63283,143.8,37.34002,176.37,JL RO SAKURA 9800,101,38.9,0,4
DT3162,6/6/2025 21:16:20,2,5,1,PRD,117.47055,0.63245,144.2,36.48996,177.71,JL RO SAKURA 9800,103,38.3,0,4
DT3162,6/6/2025 21:16:23,2,5,1,PRD,117.47056,0.63218,144.4,35.04169,178.34,JL RO SAKURA 9800,102,37.2,0,4
DT3162,6/6/2025 21:16:26,2,5,1,PRD,117.47057,0.63192,144.8,33.59713,176.1,JL RO SAKURA 9800,103,34.9,0,4
DT3162,6/6/2025 21:16:29,2,5,1,PRD,117.47058,0.63175,145.3,33.12858,178.29,JL RO SAKURA 9800,101,33.7,0,4
DT3162,6/6/2025 21:16:32,2,5,1,PRD,117.47059,0.6315,145.3,32.77484,176,JL RO SAKURA 9800,101,34.4,0,4
DT3162,6/6/2025 21:16:35,2,5,1,PRD,117.47062,0.63117,145.4,32.71373,176.25,JL RO SAKURA 9800,103,33.6,0,4
DT3162,6/6/2025 21:16:38,2,5,1,PRD,117.47064,0.63093,146.8,31.56734,177.84,JL RO SAKURA 9600C,101,32.5,0,4
DT3162,6/6/2025 21:16:41,2,5,1,PRD,117.47063,0.63077,146.8,32.26369,189.4,JL RO SAKURA 9600C,99,32.5,0,4
DT3162,6/6/2025 21:16:44,2,5,1,PRD,117.47054,0.63046,147.6,32.34518,204.09,JL RO SAKURA 9600C,105,33.8,0,4
DT3162,6/6/2025 21:16:47,2,5,1,PRD,117.47046,0.63032,148.2,32.37481,222.1,JL RO SAKURA 9600C,101,32.6,0,4
DT3162,6/6/2025 21:16:50,2,5,1,PRD,117.47023,0.6301,150.3,31.6229,233.98,JL RO SAKURA 9600C,102,33.2,0,4
DT3162,6/6/2025 21:16:53,2,5,1,PRD,117.47009,0.63003,149.8,31.77847,245.2,JL RO SAKURA 9600C,100,32.2,0,4
DT3162,6/6/2025 21:16:56,2,5,1,PRD,117.46987,0.62993,149.9,32.83411,246.79,JL RO SAKURA 9600,100,34.9,0,4
DT3162,6/6/2025 21:16:59,2,5,1,PRD,117.46957,0.62979,151.6,32.19517,248.32,JL RO SAKURA 9600,102,34.5,0,4
DT3162,6/6/2025 21:17:02,2,5,1,PRD,117.46933,0.6297,151.8,33.33785,249.29,JL RO SAKURA 9600,100,34.6,0,4
DT3162,6/6/2025 21:17:05,2,5,1,PRD,117.46917,0.62964,151.4,34.48239,248.8,JL RO SAKURA 9600,102,35.5,0,4
DT3162,6/6/2025 21:17:08,2,5,1,PRD,117.46893,0.62955,151.2,33.5675,249.36,JL RO SAKURA 9400,101,35.3,0,4
DT3162,6/6/2025 21:17:11,2,5,1,PRD,117.46862,0.62944,151.6,31.0173,249.96,JL RO SAKURA 9400,101,32.9,0,4
DT3162,6/6/2025 21:17:14,2,5,1,PRD,117.46839,0.62935,153.1,34.06569,249.11,JL RO SAKURA 9400,102,35,0,4
DT3162,6/6/2025 21:17:17,2,5,1,PRD,117.46822,0.62928,152.6,35.85842,248.8,JL RO SAKURA 9400,101,38,0,4
DT3162,6/6/2025 21:17:20,2,5,1,PRD,117.46798,0.62918,151.8,35.10836,248.42,JL RO SAKURA 9400,101,36.4,0,4
DT3162,6/6/2025 21:17:23,2,5,1,PRD,117.46765,0.62905,150.7,35.61952,249.48,JL RO SAKURA 9400,100,36.4,0,4
DT3162,6/6/2025 21:17:26,2,5,1,PRD,117.4674,0.62895,151.2,34.79723,247.09,JL RO SAKURA 9400,98,35.3,0,4
DT3162,6/6/2025 21:17:29,2,5,1,PRD,117.46725,0.62887,151.4,33.66195,245.4,JL RO SAKURA 9400,106,35.3,0,4
DT3162,6/6/2025 21:17:32,2,5,1,PRD,117.46702,0.62877,152.4,34.18977,246.15,JL RO SAKURA 9400,100,35.6,0,4
DT3162,6/6/2025 21:17:35,2,5,1,PRD,117.4667,0.62862,152.9,35.68804,245.51,JL RO SAKURA 9200,102,34.7,0,4
DT3162,6/6/2025 21:17:38,2,5,1,PRD,117.46645,0.6285,152.7,37.49189,244.15,JL RO SAKURA 9200,100,37.6,0,4
DT3162,6/6/2025 21:17:41,2,5,1,PRD,117.46619,0.62837,151.9,38.07156,244.95,JL RO SAKURA 9200,101,38.7,0,4
DT3162,6/6/2025 21:17:44,2,5,1,PRD,117.46602,0.62828,152,38.27158,247.57,JL RO SAKURA 9200,100,39,0,4
DT3162,6/6/2025 21:17:47,2,5,1,PRD,117.46567,0.62814,149.6,38.01415,250.1,JL RO SAKURA 9200,102,38.8,0,4
DT3162,6/6/2025 21:17:50,2,5,1,PRD,117.4654,0.62803,149.4,36.61774,246.44,JL RO SAKURA 9200,103,39.2,0,4
DT3162,6/6/2025 21:17:53,2,5,1,PRD,117.46514,0.62792,147.7,39.07164,247.21,JL RO SAKURA 9200,99,39.2,0,4
DT3162,6/6/2025 21:17:56,2,5,1,PRD,117.46496,0.62784,145.2,39.60317,248.36,JL RO SAKURA 9000,101,39,0,4
DT3162,6/6/2025 21:17:59,2,5,1,PRD,117.46468,0.62773,141.1,39.99579,245.61,JL RO SAKURA 9000,102,40.3,0,4
DT3162,6/6/2025 21:18:02,2,5,1,PRD,117.46433,0.62758,137.8,37.57893,247.63,JL RO SAKURA 9000,102,40.4,0,4
DT3162,6/6/2025 21:18:05,2,5,1,PRD,117.46407,0.62746,136.2,36.95666,241.58,JL RO SAKURA 9000,102,38.2,0,4
DT3162,6/6/2025 21:18:08,2,5,1,PRD,117.46382,0.62734,136,35.10836,244.58,JL RO SAKURA 9000,101,37.8,0,4
DT3162,6/6/2025 21:18:11,2,5,1,PRD,117.46367,0.62727,134.8,32.19517,245.79,JL RO SAKURA 9000,101,34.7,0,4
DT3162,6/6/2025 21:18:14,2,5,1,PRD,117.46338,0.62712,134.2,32.00071,243.6,JL RO SAKURA 8800C,101,33.4,0,4
DT3162,6/6/2025 21:18:17,2,5,1,PRD,117.46324,0.62705,133.9,31.59512,243.57,JL RO SAKURA 8800C,102,33.6,0,4
DT3162,6/6/2025 21:18:20,2,5,1,PRD,117.46295,0.6269,134.7,33.94716,241.87,JL RO SAKURA 8800C,101,31.4,0,4
DT3162,6/6/2025 21:18:23,2,5,1,PRD,117.46279,0.62682,135.3,34.34349,244.26,JL RO SAKURA 8800C,101,34.3,0,4
DT3162,6/6/2025 21:18:26,2,5,1,PRD,117.46249,0.62666,135.6,33.66751,241.99,JL RO SAKURA 8800C,102,35.3,0,4
DT3162,6/6/2025 21:18:29,2,5,1,PRD,117.46226,0.62657,135.6,31.50808,252.87,JL RO SAKURA 8800C,102,34.8,0,4
DT3162,6/6/2025 21:18:32,2,5,1,PRD,117.46211,0.62654,135.1,28.8486,267.35,JL RO SAKURA 8800C,102,33.1,0,4
DT3162,6/6/2025 21:18:35,2,5,1,PRD,117.46184,0.62657,136.1,26.12431,290.9,JL RO SAKURA 8800C,101,30,0,4
DT3162,6/6/2025 21:18:38,2,5,1,PRD,117.46168,0.62669,135.1,25.97245,316.51,JL RO SAKURA 8600,101,27.2,0,4
DT3162,6/6/2025 21:18:41,2,5,1,PRD,117.46159,0.62679,135,26.8966,318.71,JL RO SAKURA 8600,102,27,0,4
DT3162,6/6/2025 21:18:44,2,5,1,PRD,117.46146,0.62695,135.3,26.69288,320.27,JL RO SAKURA 8600,100,28.6,0,4
DT3162,6/6/2025 21:18:47,2,5,1,PRD,117.46133,0.62711,135.7,27.35774,320.1,JL RO SAKURA 8600,101,28.1,0,4
DT3162,6/6/2025 21:18:50,2,5,1,PRD,117.46114,0.62733,136,28.76897,320,JL RO SAKURA 8600,102,28.9,0,4
DT3162,6/6/2025 21:18:53,2,5,1,PRD,117.461,0.62751,136.7,31.04137,321.3,JL RO SAKURA 8600,97,30.3,0,4
DT3162,6/6/2025 21:18:56,2,5,1,PRD,117.4609,0.62763,136.7,29.67089,319.41,JL RO SAKURA 8600,102,32.3,0,4
DT3162,6/6/2025 21:18:59,2,5,1,PRD,117.4607,0.62786,135.6,28.47635,316.04,JL RO SAKURA 8600,102,30.8,0,4
DT3162,6/6/2025 21:19:02,2,5,1,PRD,117.4606,0.62796,135.2,26.52249,311.76,JL RO SAKURA 8600,102,29.6,0,4
DT3162,6/6/2025 21:19:05,2,5,1,PRD,117.46039,0.62812,135.3,25.57982,302.23,JL RO SAKURA 8400,101,27.2,0,4
DT3162,6/6/2025 21:19:08,2,5,1,PRD,117.46021,0.6282,134.3,27.27626,289.14,JL RO SAKURA 8400,101,27.4,0,4
DT3162,6/6/2025 21:19:11,2,5,1,PRD,117.46007,0.62825,133.2,31.82106,285.9,JL RO SAKURA 8400,102,28.6,0,4
DT3162,6/6/2025 21:19:14,2,5,1,PRD,117.45983,0.62831,131.5,34.94909,284.87,JL RO SAKURA 8400,102,33.6,0,4
DT3162,6/6/2025 21:19:17,2,5,1,PRD,117.45949,0.62841,130.6,35.91213,287.32,JL RO SAKURA 8300,102,36.4,0,4
DT3162,6/6/2025 21:19:20,2,5,1,PRD,117.45922,0.62848,129,36.82887,283.94,JL RO SAKURA 8300,100,37.3,0,4
DT3162,6/6/2025 21:19:23,2,5,1,PRD,117.45894,0.62853,127,37.68264,282.55,JL RO SAKURA 8300,104,38.3,0,4
DT3162,6/6/2025 21:19:26,2,5,1,PRD,117.45875,0.62856,127.1,37.88266,276.8,JL RO SAKURA 8200,104,39.2,0,4
DT3162,6/6/2025 21:19:29,2,5,1,PRD,117.45847,0.62859,127.5,36.85665,273.35,JL RO SAKURA 8200,102,39.2,0,4
DT3162,6/6/2025 21:19:32,2,5,1,PRD,117.4581,0.62861,127.4,36.18808,273.11,JL RO SAKURA 8200,103,38.4,0,4
DT3162,6/6/2025 21:19:35,2,5,1,PRD,117.45784,0.62864,128.5,34.27311,278.39,JL RO SAKURA 8200,103,37.5,0,4
DT3162,6/6/2025 21:19:38,2,5,1,PRD,117.45767,0.62866,129,32.87856,279.59,JL RO SAKURA 8200,101,35.4,0,4
DT3162,6/6/2025 21:19:41,2,5,1,PRD,117.45742,0.6287,130.6,32.14331,283.43,JL RO SAKURA 8200,101,33.3,0,4
DT3162,6/6/2025 21:19:44,2,5,1,PRD,117.4571,0.62878,129.9,32.79336,283.92,JL RO SAKURA 8200,103,33.3,0,4
DT3162,6/6/2025 21:19:47,2,5,1,PRD,117.45687,0.62884,129.3,33.02672,286.76,JL RO SAKURA  8100,101,33.9,0,4
DT3162,6/6/2025 21:19:50,2,5,1,PRD,117.4567,0.62889,127.1,32.61372,291.27,JL RO SAKURA  8100,102,33.9,0,4
DT3162,6/6/2025 21:19:53,2,5,1,PRD,117.45648,0.62898,127.1,31.96552,293.92,JL RO SAKURA  8100,101,34.1,0,4
DT3162,6/6/2025 21:19:56,2,5,1,PRD,117.45618,0.62912,127.2,32.823,296.71,JL RO SAKURA  8100,102,33.1,0,4
DT3162,6/6/2025 21:19:59,2,5,1,PRD,117.45597,0.62923,126.1,30.89136,298.53,JL RO SAKURA  8100,101,33.5,0,4
DT3162,6/6/2025 21:20:02,2,5,1,PRD,117.45583,0.62931,125.5,31.32658,298.96,JL RO SAKURA  8100,101,33.7,0,4
DT3162,6/6/2025 21:20:05,2,5,1,PRD,117.45563,0.62942,124.8,31.16731,296.52,JL RO SAKURA  8100,102,32.5,0,4
DT3162,6/6/2025 21:20:08,2,5,1,PRD,117.45535,0.62956,124.5,30.8358,295.04,JL RO SAKURA 7900,101,32.8,0,4
DT3162,6/6/2025 21:20:11,2,5,1,PRD,117.45514,0.62966,123.6,29.96536,297.92,JL RO SAKURA 7900,102,31.7,0,4
DT3162,6/6/2025 21:20:14,2,5,1,PRD,117.45501,0.62973,123.1,28.50598,303.24,JL RO SAKURA 7900,101,31.1,0,4
DT3162,6/6/2025 21:20:17,2,5,1,PRD,117.45483,0.62985,121.3,27.56332,304.16,JL RO SAKURA 7900,103,29.2,0,4
DT3162,6/6/2025 21:20:20,2,5,1,PRD,117.45466,0.62997,121.3,24.83347,306.6,JL RO SAKURA 7900,103,28,0,4
DT3162,6/6/2025 21:20:23,2,5,1,PRD,117.45445,0.63012,121.8,23.95932,304.59,JL RO SAKURA 7900,102,25.7,0,4
DT3162,6/6/2025 21:20:26,2,5,1,PRD,117.4543,0.63022,121.2,23.7056,305.1,JL RO SAKURA 7900,99,25.3,0,4
DT3162,6/6/2025 21:20:29,2,5,1,PRD,117.45421,0.63028,121.8,22.69996,293.08,JL RO SAKURA 7900,103,24.8,0,4
DT3162,6/6/2025 21:20:32,2,5,1,PRD,117.45405,0.63033,121.7,20.97575,259.98,JL. RO SAKURA 7700C,103,24.6,0,4
DT3162,6/6/2025 21:20:35,2,5,1,PRD,117.45385,0.63024,121.4,22.67774,228.23,JL. RO SAKURA 7700C,103,23.5,0,4
DT3162,6/6/2025 21:20:38,2,5,1,PRD,117.45373,0.63012,120,24.70938,222.37,JL. RO ANGGREK 03,95,21.8,0,4
DT3162,6/6/2025 21:20:41,2,5,1,PRD,117.4536,0.62997,120.9,25.49463,223.88,JL RO ANGGREK 7600,101,25.9,0,4
DT3162,6/6/2025 21:20:44,2,5,1,PRD,117.45351,0.62988,121.9,26.98734,221.51,JL RO ANGGREK 7600,102,26.3,0,4
DT3162,6/6/2025 21:20:47,2,5,1,PRD,117.45333,0.62966,120.7,28.02446,218.75,JL RO ANGGREK 7600,102,27.4,0,4
DT3162,6/6/2025 21:20:50,2,5,1,PRD,117.45319,0.62949,119.6,29.38198,220.42,JL RO ANGGREK 7600,102,30,0,4
DT3162,6/6/2025 21:20:53,2,5,1,PRD,117.45309,0.62938,119.6,30.10241,221.64,JL RO ANGGREK 7600,101,30.8,0,4
DT3162,6/6/2025 21:20:56,2,5,1,PRD,117.45294,0.6292,119.8,30.59319,220.22,JL RO ANGGREK 7600,101,31.2,0,4
DT3162,6/6/2025 21:20:59,2,5,1,PRD,117.45275,0.62896,119,30.09315,217.33,JL RO ANGGREK 7500,100,32.6,0,4
DT3162,6/6/2025 21:21:02,2,5,1,PRD,117.45266,0.62883,118.9,29.35605,214.47,JL RO ANGGREK 7500,101,31.7,0,4
DT3162,6/6/2025 21:21:05,2,5,1,PRD,117.45254,0.62865,119.5,30.59504,216.24,JL RO ANGGREK 7500,102,31.1,0,4
DT3162,6/6/2025 21:21:08,2,5,1,PRD,117.45235,0.62839,120.5,31.82477,216.02,JL RO ANGGREK 7500,100,32.2,0,4
DT3162,6/6/2025 21:21:11,2,5,1,PRD,117.45221,0.62819,121,33.31192,217.88,JL RO ANGGREK 7500,100,33.5,0,4
DT3162,6/6/2025 21:21:14,2,5,1,PRD,117.45205,0.628,121.1,30.48392,223.03,JL RO ANGGREK 7500,101,34.2,0,4
DT3162,6/6/2025 21:21:17,2,5,1,PRD,117.45194,0.6279,121.1,28.63377,227.52,JL RO ANGGREK 7500,102,31.4,0,4
DT3162,6/6/2025 21:21:20,2,5,1,PRD,117.4518,0.62774,122.6,27.58739,221.59,JL RO ANGGREK 7500,102,30.5,0,4
DT3162,6/6/2025 21:21:23,2,5,1,PRD,117.45162,0.62752,121.9,29.43198,216.92,JL RO ANGGREK 7300,100,29.1,0,4
DT3162,6/6/2025 21:21:26,2,5,1,PRD,117.45147,0.62732,121.9,32.24332,214.88,JL RO ANGGREK 7300,101,32,0,4
DT3162,6/6/2025 21:21:29,2,5,1,PRD,117.45138,0.62718,121.8,33.97494,215.21,JL RO ANGGREK 7300,101,33.1,0,4
DT3162,6/6/2025 21:21:32,2,5,1,PRD,117.45122,0.62697,120.9,36.18623,219.2,JL RO ANGGREK 7300,98,36.5,0,4
DT3162,6/6/2025 21:21:35,2,5,1,PRD,117.45099,0.62671,121.4,32.87485,221.03,JL RO CEMPAKA 7150,104,35.9,0,4
DT3162,6/6/2025 21:21:38,2,5,1,PRD,117.45083,0.62652,121.1,33.59713,225.16,JL RO CEMPAKA 7150,100,34.4,0,4
DT3162,6/6/2025 21:21:41,2,5,1,PRD,117.4507,0.62641,120.3,34.0342,231.35,JL RO CEMPAKA 7150,101,34.3,0,4
DT3162,6/6/2025 21:21:44,2,5,1,PRD,117.45049,0.62625,119.6,35.01021,234.56,JL RO CEMPAKA 7100,101,36.2,0,4
DT3162,6/6/2025 21:21:47,2,5,1,PRD,117.4502,0.62604,119,36.7159,233.61,JL RO CEMPAKA 7100,102,36.4,0,4
DT3162,6/6/2025 21:21:50,2,5,1,PRD,117.44998,0.62588,119.5,36.72146,234.22,JL RO CEMPAKA 7100,102,38,0,4
DT3162,6/6/2025 21:21:53,2,5,1,PRD,117.44983,0.62577,119.7,38.14009,235.47,JL RO CEMPAKA 7100,100,38.4,0,4
DT3162,6/6/2025 21:21:56,2,5,1,PRD,117.44959,0.6256,120.4,38.88089,235.46,JL RO CEMPAKA 7100,101,39.6,0,4
DT3162,6/6/2025 21:21:59,2,5,1,PRD,117.44927,0.62538,120.9,38.44567,235.62,JL RO CEMPAKA 7100,101,39.4,0,4
DT3162,6/6/2025 21:22:02,2,5,1,PRD,117.44904,0.62523,120.8,36.40847,238.57,JL RO CEMPAKA 6900,101,39.4,0,4
DT3162,6/6/2025 21:22:05,2,5,1,PRD,117.44888,0.62513,120.8,36.75109,240.06,JL RO CEMPAKA 6900,103,36.7,0,4
DT3162,6/6/2025 21:22:08,2,5,1,PRD,117.44864,0.62499,120.9,37.14742,238.58,JL RO CEMPAKA 6900,100,38.3,0,4
DT3162,6/6/2025 21:22:11,2,5,1,PRD,117.44832,0.62479,122.2,37.86599,238.83,JL RO CEMPAKA 6900,102,39.8,0,4
DT3162,6/6/2025 21:22:14,2,5,1,PRD,117.44807,0.62464,123.6,37.85488,241.11,JL RO CEMPAKA 6900,101,39.9,0,4
DT3162,6/6/2025 21:22:17,2,5,1,PRD,117.44791,0.62455,124.3,35.05651,239.04,JL RO CEMPAKA 6900,103,37.4,0,4
DT3162,6/6/2025 21:22:20,2,5,1,PRD,117.44769,0.62441,124.6,33.79715,236.67,JL RO CEMPAKA 6900,101,35.7,0,4
DT3162,6/6/2025 21:22:23,2,5,1,PRD,117.44742,0.62422,126.2,31.2525,233.76,JL RO CEMPAKA 6700,102,34.1,0,4
DT3162,6/6/2025 21:22:26,2,5,1,PRD,117.44724,0.62408,126.5,30.9747,229.57,JL RO CEMPAKA 6700,101,32.5,0,4
DT3162,6/6/2025 21:22:29,2,5,1,PRD,117.44712,0.62397,126.3,32.02478,227.63,JL RO CEMPAKA 6700,101,33.1,0,4
DT3162,6/6/2025 21:22:32,2,5,1,PRD,117.44694,0.62381,125.6,31.22287,226.2,JL RO CEMPAKA 6700,101,33.4,0,4
DT3162,6/6/2025 21:22:35,2,5,1,PRD,117.44671,0.62358,125.5,31.38584,224.19,JL RO CEMPAKA 6620,101,32.5,0,4
DT3162,6/6/2025 21:22:38,2,5,1,PRD,117.44656,0.62342,126.2,28.68378,222.51,JL RO CEMPAKA 6620,101,32,0,4
DT3162,6/6/2025 21:22:41,2,5,1,PRD,117.44647,0.6233,126.1,28.90416,219.04,JL RO CEMPAKA 6620,100,29.9,0,4
DT3162,6/6/2025 21:22:44,2,5,1,PRD,117.44633,0.62313,125.6,30.24501,216.95,JL RO CEMPAKA 6620,100,30.5,0,4
DT3162,6/6/2025 21:22:47,2,5,1,PRD,117.44615,0.62288,125,30.51355,217.04,JL RO CEMPAKA 6620,101,31.2,0,4
DT3162,6/6/2025 21:22:50,2,5,1,PRD,117.44601,0.6227,125.3,29.66904,217.17,JL RO CEMPAKA 6500,102,31.6,0,4
DT3162,6/6/2025 21:22:53,2,5,1,PRD,117.44588,0.62252,125.1,26.61324,217.3,JL RO CEMPAKA 6500,101,29.1,0,4
DT3162,6/6/2025 21:22:56,2,5,1,PRD,117.4458,0.62242,125.6,25.64464,215.08,JL RO CEMPAKA 6500,102,27.7,0,4
DT3162,6/6/2025 21:22:59,2,5,1,PRD,117.44569,0.62226,125.4,24.9094,216.61,JL RO CEMPAKA 6500,101,26.4,0,4
DT3162,6/6/2025 21:23:02,2,5,1,PRD,117.44555,0.62206,125.1,22.05176,216.15,JL RO CEMPAKA 6500,101,24.4,0,4
DT3162,6/6/2025 21:23:05,2,5,1,PRD,117.44546,0.62194,125.2,18.74039,216.07,JL RO CEMPAKA 6500,101,22.3,0,4
DT3162,6/6/2025 21:23:08,2,5,1,PRD,117.44538,0.62183,125.5,14.76044,215.48,JL RO CEMPAKA 6500,101,17.2,0,4
DT3162,6/6/2025 21:23:11,2,5,1,PRD,117.44535,0.62177,126.3,12.45285,214.13,JL RO CEMPAKA 6500,101,13.2,0,4
DT3162,6/6/2025 21:23:14,2,5,1,PRD,117.44528,0.62167,127.4,10.67122,215.21,JL RO CEMPAKA 6500,102,12.7,0,4
DT3162,6/6/2025 21:23:17,2,5,1,PRD,117.44524,0.62161,127.7,8.64514,215.37,JL RO CEMPAKA 6500,101,10.3,0,4
DT3162,6/6/2025 21:23:20,2,5,1,PRD,117.44521,0.62156,128.1,6.68387,216.55,JL RO CEMPAKA 6500,101,7.7,0,4
DT3162,6/6/2025 21:23:23,2,5,1,PRD,117.44518,0.62153,128.7,7.64876,216.23,JL RO CEMPAKA 6500,100,7.4,0,4
DT3162,6/6/2025 21:23:26,2,5,1,PRD,117.44514,0.62145,130,7.52838,217.35,JL RO CEMPAKA 6500,101,8.1,0,4
DT3162,6/6/2025 21:23:29,2,5,1,PRD,117.44511,0.6214,130.3,7.88396,219.72,JL. RO MELATI 6400,101,8.1,0,4
DT3162,6/6/2025 21:23:32,2,5,1,PRD,117.44507,0.62135,129.9,9.33038,218.96,JL. RO MELATI 6400,102,8.8,0,4
DT3162,6/6/2025 21:23:35,2,5,1,PRD,117.44504,0.62131,129.9,12.26765,222.84,JL. RO MELATI 6400,100,11,0,4
DT3162,6/6/2025 21:23:38,2,5,1,PRD,117.44496,0.62124,129.9,16.99395,235.29,JL. RO MELATI 6400,100,14.6,0,4
DT3162,6/6/2025 21:23:41,2,5,1,PRD,117.44481,0.62114,129.9,19.58305,237.99,JL. RO MELATI 6400,100,19.5,0,4
DT3162,6/6/2025 21:23:44,2,5,1,PRD,117.44469,0.62103,130.3,23.42595,227.38,JL. RO MELATI 6400,101,22.7,0,4
DT3162,6/6/2025 21:23:47,2,5,1,PRD,117.4446,0.62095,129.7,25.58538,222.08,JL. RO MELATI 6400,101,25.8,0,4
DT3162,6/6/2025 21:23:50,2,5,1,PRD,117.44447,0.62079,129.6,29.74868,218.35,JL. RO MELATI 6400,101,28.8,0,4
DT3162,6/6/2025 21:23:53,2,5,1,PRD,117.44429,0.62056,129.6,28.8486,220.75,JL. RO MELATI 6400,101,31.1,0,4
DT3162,6/6/2025 21:23:56,2,5,1,PRD,117.44415,0.62039,130.4,29.14122,222.41,JL. RO MELATI 6400,101,29.7,0,4
DT3162,6/6/2025 21:23:59,2,5,1,PRD,117.44405,0.62028,130.2,30.35428,219.32,JL. RO MELATI 6400,100,31.2,0,4
DT3162,6/6/2025 21:24:02,2,5,1,PRD,117.44391,0.6201,130.5,31.19324,219.82,JL. RO MELATI 6100,101,31.7,0,4
DT3162,6/6/2025 21:24:05,2,5,1,PRD,117.44369,0.61986,130.6,32.20258,227.21,JL. RO MELATI 6100,99,32.8,0,4
DT3162,6/6/2025 21:24:08,2,5,1,PRD,117.4435,0.61971,130.9,31.59327,233.83,JL. RO MELATI 6100,102,32.6,0,4
DT3162,6/6/2025 21:24:11,2,5,1,PRD,117.44331,0.61959,130.7,29.34679,240.3,JL. RO MELATI 6100,102,32.6,0,4
DT3162,6/6/2025 21:24:14,2,5,1,PRD,117.44318,0.61952,130.3,29.93758,244.17,JL. RO MELATI 6100,100,32.6,0,4
DT3162,6/6/2025 21:24:17,2,5,1,PRD,117.44298,0.61942,129.9,32.36555,240.04,JL. RO MELATI 6100,98,33.9,0,4
DT3162,6/6/2025 21:24:20,2,5,1,PRD,117.4427,0.61924,130.9,33.63973,237.25,JL. RO MELATI 6100,101,35,0,4
DT3162,6/6/2025 21:24:23,2,5,1,PRD,117.44249,0.6191,131,33.71381,232.9,JL. RO MELATI 6100,102,35,0,4
DT3162,6/6/2025 21:24:26,2,5,1,PRD,117.44237,0.61899,131,33.65454,224.27,JL. RO MELATI 6100,102,34.7,0,4
DT3162,6/6/2025 21:24:29,2,5,1,PRD,117.4422,0.61881,131.2,32.07294,220.31,JL. RO MELATI 5900,101,33.9,0,4
DT3162,6/6/2025 21:24:32,2,5,1,PRD,117.44201,0.61854,130.8,33.45453,210.15,JL. RO MELATI 5900,102,34,0,4
DT3162,6/6/2025 21:24:35,2,5,1,PRD,117.44189,0.6183,130.4,34.73611,204.93,JL. RO MELATI 5900,103,35.4,0,4
DT3162,6/6/2025 21:24:38,2,5,1,PRD,117.44183,0.61814,130,35.52506,193.42,JL. RO MELATI 5900,100,37.2,0,4
DT3162,6/6/2025 21:24:41,2,5,1,PRD,117.44177,0.61788,129.6,34.02865,185.76,JL. RO MELATI 5900,101,36.2,0,4
DT3162,6/6/2025 21:24:44,2,5,1,PRD,117.44176,0.61753,129.8,35.08984,176.65,JL. RO MELATI 5900,102,35.4,0,4
DT3162,6/6/2025 21:24:47,2,5,1,PRD,117.44178,0.61727,129.3,33.83789,175.92,JL. RO MELATI 5900,101,34.5,0,4
DT3162,6/6/2025 21:24:50,2,5,1,PRD,117.4418,0.61711,129.6,31.86551,166.08,JL. RO MELATI 5900,101,35.1,0,4
DT3162,6/6/2025 21:24:53,2,5,1,PRD,117.44186,0.61687,129,33.02857,156.53,JL. RO MELATI 5900,102,34.4,0,4
DT3162,6/6/2025 21:24:56,2,5,1,PRD,117.44201,0.61657,127.9,34.5898,150.25,JL. RO MELATI 5600,101,35.4,0,4
DT3162,6/6/2025 21:24:59,2,5,1,PRD,117.44215,0.61635,127.8,32.09146,146.84,JL. RO MELATI 5600,101,35.1,0,4
DT3162,6/6/2025 21:25:02,2,5,1,PRD,117.44227,0.61615,127.3,30.70986,156.8,JL. RO MELATI 5600,102,32.5,0,4
DT3162,6/6/2025 21:25:05,2,5,1,PRD,117.44231,0.616,127.2,27.23736,171.72,JL. RO MELATI 5600,102,30.1,0,4
DT3162,6/6/2025 21:25:08,2,5,1,PRD,117.44232,0.61581,126.2,23.8445,189.93,JL. RO MELATI 5600,99,24.6,0,4
DT3162,6/6/2025 21:25:11,2,5,1,PRD,117.44228,0.61556,126.6,24.3075,186.91,JL. RO MELATI 5600,102,25,0,4
DT3162,6/6/2025 21:25:14,2,5,1,PRD,117.44226,0.61536,125.3,27.90594,193.22,JL. RO MELATI 5600,98,26.4,0,4
DT3162,6/6/2025 21:25:17,2,5,1,PRD,117.44222,0.61522,123.9,30.56356,196.21,JL. RO MELATI 5600,98,30.6,0,4
DT3162,6/6/2025 21:25:20,2,5,1,PRD,117.44216,0.615,121.8,32.34148,196.84,JL. RO MELATI 5600,98,31.2,0,4
DT3162,6/6/2025 21:25:23,2,5,1,PRD,117.44207,0.61467,119.1,33.98235,197.59,JL. RO MELATI 5500,99,34.9,0,4
DT3162,6/6/2025 21:25:26,2,5,1,PRD,117.44199,0.61443,118.1,32.10257,198.44,JL. RO MELATI 5500,99,34.1,0,4
DT3162,6/6/2025 21:25:29,2,5,1,PRD,117.44192,0.61428,117.5,34.84908,207.95,JL. RO MELATI 5500,101,34.2,0,4
DT3162,6/6/2025 21:25:32,2,5,1,PRD,117.4418,0.61404,115.9,36.3455,213.53,JL. RO MELATI 5500,101,37.3,0,4
DT3162,6/6/2025 21:25:35,2,5,1,PRD,117.44158,0.61375,114.6,35.48062,220.44,JL. RO MELATI 5500,100,36.4,0,4
DT3162,6/6/2025 21:25:38,2,5,1,PRD,117.4414,0.61356,114.8,33.76566,225.87,JL. RO MELATI 5500,103,34,0,4
DT3162,6/6/2025 21:25:41,2,5,1,PRD,117.44123,0.61338,114.9,31.70068,223.39,JL. RO MELATI 5500,101,34,0,4
DT3162,6/6/2025 21:25:44,2,5,1,PRD,117.44113,0.61326,114.9,29.86535,219.58,JL. RO MELATI 5500,103,32,0,4
DT3162,6/6/2025 21:25:47,2,5,1,PRD,117.44099,0.61309,113.8,26.341,207.82,JL. RO MELATI 5500,103,32,0,4
DT3162,6/6/2025 21:25:50,2,5,1,PRD,117.44089,0.61285,111.9,25.70946,195.51,JL. RO MELATI 5200,101,27,0,4
DT3162,6/6/2025 21:25:53,2,5,1,PRD,117.44087,0.61266,111.3,25.22054,179.1,JL. RO MELATI 5200,103,26.8,0,4
DT3162,6/6/2025 21:25:56,2,5,1,PRD,117.44088,0.61253,110,26.75214,171.51,JL. RO MELATI 5200,99,27.3,0,4
DT3162,6/6/2025 21:25:59,2,5,1,PRD,117.44091,0.61233,109.4,26.07246,167.64,JL. RO MELATI 5200,101,27.4,0,4
DT3162,6/6/2025 21:26:02,2,5,1,PRD,117.44096,0.61207,109,25.11127,169.93,JL. RO MELATI 5200,100,26.6,0,4
DT3162,6/6/2025 21:26:05,2,5,1,PRD,117.44099,0.6119,108.5,21.7573,171.46,JL. RO MELATI 5200,100,23.2,0,4
DT3162,6/6/2025 21:26:08,2,5,1,PRD,117.441,0.6118,108,19.859,173.17,JL. RO MELATI 5200,103,21.1,0,4
DT3162,6/6/2025 21:26:11,2,5,1,PRD,117.44102,0.61165,108,20.71092,172.56,JL. RO MELATI 5200,101,21.7,0,4
DT3162,6/6/2025 21:26:14,2,5,1,PRD,117.44104,0.6115,107.4,24.32046,175.64,JL. RO MELATI 5200,99,24.4,0,4
DT3162,6/6/2025 21:26:17,2,5,1,PRD,117.44107,0.61123,104.8,27.63554,171.31,JL. RO ELANG 5100,99,29.5,0,4
DT3162,6/6/2025 21:26:20,2,5,1,PRD,117.4411,0.61102,103,27.40034,170.07,JL. RO ELANG 5100,99,28.6,0,4
DT3162,6/6/2025 21:26:23,2,5,1,PRD,117.44113,0.61089,101.2,27.08735,166.74,JL. RO ELANG 5100,99,27.8,0,4
DT3162,6/6/2025 21:26:26,2,5,1,PRD,117.44118,0.61069,98.8,25.65576,162.7,JL. RO ELANG 5100,99,26.5,0,4
DT3162,6/6/2025 21:26:29,2,5,1,PRD,117.44126,0.61045,94.9,24.17971,159.76,JL. RO ELANG 5100,99,25.5,0,4
DT3162,6/6/2025 21:26:32,2,5,1,PRD,117.4413,0.61033,93.4,23.4778,160.69,JL. RO ELANG 5100,99,24,0,4
DT3162,6/6/2025 21:26:35,2,5,1,PRD,117.44136,0.61016,92.2,24.15934,159.18,JL. RO ELANG 5100,99,25.1,0,4
DT3162,6/6/2025 21:26:38,2,5,1,PRD,117.44143,0.60994,89.9,22.06288,160.09,JL. RO ELANG 5100,99,22.8,0,4
DT3162,6/6/2025 21:26:41,2,5,1,PRD,117.44149,0.60979,88.2,19.93122,153.46,JL. STP MELAWAN,99,22.3,0,4
DT3162,6/6/2025 21:26:44,2,5,1,PRD,117.44156,0.60966,87.1,19.26265,152.88,JL. STP MELAWAN,99,21.3,0,4
DT3162,6/6/2025 21:26:47,2,5,1,PRD,117.4416,0.60957,86.1,20.08679,153.98,JL. STP MELAWAN,99,20.2,0,4
DT3162,6/6/2025 21:26:50,2,5,1,PRD,117.44167,0.60943,85.4,18.97559,163.52,JL. STP MELAWAN,99,20,0,4
DT3162,6/6/2025 21:26:53,2,5,1,PRD,117.44171,0.60926,85.3,15.32715,171.5,JL. STP MELAWAN,102,17.9,0,4
DT3162,6/6/2025 21:26:56,2,5,1,PRD,117.44171,0.60913,86.2,16.75875,178.56,JL. STP MELAWAN,102,17.9,0,4
DT3162,6/6/2025 21:26:59,2,5,1,PRD,117.44171,0.60905,85.6,15.29196,188.45,JL. STP MELAWAN,96,15.9,0,4
DT3162,6/6/2025 21:27:02,2,5,1,PRD,117.44168,0.60889,85.5,14.71414,196.95,JL. STP MELAWAN,100,14.6,0,4
DT3162,6/6/2025 21:27:05,2,5,1,PRD,117.44164,0.60879,84.6,12.81214,204.85,JL. STP MELAWAN,101,14.5,0,4
DT3162,6/6/2025 21:27:08,2,5,1,PRD,117.44159,0.6087,84.7,13.00845,213.39,OUT. CRUSHER 7 02,102,13.3,0,4
DT3162,6/6/2025 21:27:11,2,5,1,PRD,117.44156,0.60865,84.5,12.05467,227.2,OUT. CRUSHER 7 02,100,12.8,0,4
DT3162,6/6/2025 21:27:14,2,5,1,PRD,117.44149,0.60859,85.3,9.65448,240.84,JL. STP TO CRUSHER 78,101,10.5,0,4
DT3162,6/6/2025 21:27:17,2,5,1,PRD,117.44141,0.60853,86.6,10.66752,241.95,JL. STP TO CRUSHER 78,99,11.7,0,4
DT3162,6/6/2025 21:27:20,2,5,1,PRD,117.44134,0.6085,88.1,9.66929,246.38,JL. STP TO CRUSHER 78,101,10.4,0,4
DT3162,6/6/2025 21:27:23,2,5,1,PRD,117.44129,0.60848,89.1,9.40816,243.24,JL. CRUSHER 78 04,99,9.6,0,4
DT3162,6/6/2025 21:27:26,2,5,1,PRD,117.44123,0.60844,89.1,9.55076,244,JL. CRUSHER 78 04,99,10.3,0,4
DT3162,6/6/2025 21:27:29,2,5,1,PRD,117.44114,0.6084,88.6,8.64514,237.84,JL. CRUSHER 78 04,99,9.6,0,4
DT3162,6/6/2025 21:27:32,2,5,1,PRD,117.4411,0.60837,88.2,4.85409,232.61,JL. CRUSHER 78 04,99,5.4,0,4
DT3162,6/6/2025 21:27:35,2,5,1,PRD,117.44107,0.60835,87.8,4.24664,224.2,JL. CRUSHER 78 04,99,5.4,0,4
DT3162,6/6/2025 21:27:38,2,5,1,PRD,117.44105,0.60831,87.4,6.07271,202.35,JL. CRUSHER 78 04,99,4.3,0,4
DT3162,6/6/2025 21:27:41,2,5,1,PRD,117.44104,0.60825,86.4,6.10234,184.12,IN WIGHTBRIDGE 01,100,6.9,0,4
DT3162,6/6/2025 21:27:44,2,5,1,PRD,117.44105,0.6082,86.2,7.2265,170.62,IN WIGHTBRIDGE 01,100,6.2,0,4
DT3162,6/6/2025 21:27:47,2,5,1,PRD,117.44106,0.60817,85.9,6.62275,153.42,IN WIGHTBRIDGE 01,100,7.4,0,4
DT3162,6/6/2025 21:27:50,2,5,1,PRD,117.44108,0.60812,84.7,6.49867,150.59,IN WIGHTBRIDGE 01,101,8.1,0,4
DT3162,6/6/2025 21:27:53,2,5,1,PRD,117.44111,0.60807,83.7,5.19486,150.49,IN WIGHTBRIDGE 01,101,7.2,0,4
DT3162,6/6/2025 21:27:56,2,5,1,PRD,117.44113,0.60803,81,5.00596,154.97,IN WEIGHTBRIDGE,101,6.1,0,4
DT3162,6/6/2025 21:27:59,2,5,1,PRD,117.44115,0.60799,80.7,5.17078,153.91,IN WEIGHTBRIDGE,102,6.3,0,4
DT3162,6/6/2025 21:28:02,2,5,1,PRD,117.44117,0.60797,81.2,5.47822,151.22,IN WEIGHTBRIDGE,101,6,0,4
DT3162,6/6/2025 21:28:05,2,5,1,PRD,117.44119,0.60793,80.8,5.00781,150.07,IN WEIGHTBRIDGE,101,5.8,0,4
DT3162,6/6/2025 21:28:08,2,5,1,PRD,117.44122,0.60788,81.7,4.46147,147.8,IN WEIGHTBRIDGE,103,5.8,0,4
DT3162,6/6/2025 21:28:11,2,5,1,PRD,117.44124,0.60786,82.8,3.49472,149.46,IN WEIGHTBRIDGE,103,4.9,0,4
DT3162,6/6/2025 21:28:14,2,5,1,PRD,117.44125,0.60784,83.3,3.57621,150.08,IN WEIGHTBRIDGE,103,3.6,0,4
DT3162,6/6/2025 21:28:17,2,5,1,PRD,117.44127,0.60781,83.6,0.26484,0,IN WEIGHTBRIDGE,103,3.2,0,4
DT3162,6/6/2025 21:28:20,2,5,1,PRD,117.44128,0.60781,83.1,0.16483,0,IN WEIGHTBRIDGE,102,0,0,5
DT3162,6/6/2025 21:28:23,2,5,1,PRD,117.44128,0.6078,82.2,0.03889,0,IN WEIGHTBRIDGE,101,0,0,5
DT3162,6/6/2025 21:28:26,2,5,1,PRD,117.44128,0.6078,81.5,0.06852,0,IN WEIGHTBRIDGE,101,0,0,5
DT3162,6/6/2025 21:28:29,2,5,1,PRD,117.44128,0.6078,80.4,0.01111,0,IN WEIGHTBRIDGE,101,0,0,5
DT3162,6/6/2025 21:28:32,2,5,1,PRD,117.44129,0.60779,79.4,0.05371,0,IN WEIGHTBRIDGE,101,0,0,5
DT3162,6/6/2025 21:28:35,2,5,1,PRD,117.44129,0.60779,78.7,0.01667,0,IN WEIGHTBRIDGE,101,0,0,5
DT3162,6/6/2025 21:28:38,2,5,1,PRD,117.44129,0.60779,78,0.02037,0,IN WEIGHTBRIDGE,101,0,0,5
DT3162,6/6/2025 21:28:41,2,5,1,PRD,117.44129,0.60779,77.6,0.0889,0,IN WEIGHTBRIDGE,101,0,0,5
DT3162,6/6/2025 21:28:44,2,5,1,PRD,117.4413,0.60779,76.9,0.02778,0,IN WEIGHTBRIDGE,101,0,0,5
DT3162,6/6/2025 21:28:47,2,5,1,PRD,117.4413,0.60778,76.6,1.00378,148.57,IN WEIGHTBRIDGE,101,0,0,5
DT3162,6/6/2025 21:28:50,2,5,1,PRD,117.44131,0.60776,76.1,4.30034,152.08,IN WEIGHTBRIDGE,101,0,0,4
DT3162,6/6/2025 21:28:53,2,5,1,PRD,117.44132,0.60774,76,5.77083,149.54,IN WEIGHTBRIDGE,100,4.9,0,4
DT3162,6/6/2025 21:28:56,2,5,1,PRD,117.44134,0.6077,76.4,6.37273,150.54,IN CRUSHER 8 03,99,6.2,0,4
DT3162,6/6/2025 21:28:59,2,5,1,PRD,117.44137,0.60765,76,7.13576,149.47,IN CRUSHER 8 03,99,7.3,0,4
DT3162,6/6/2025 21:29:02,2,5,1,PRD,117.44141,0.60759,76.9,8.5229,147.39,IN CRUSHER 8 03,102,8.3,0,4
DT3162,6/6/2025 21:29:05,2,5,1,PRD,117.44144,0.60754,76.7,11.08607,148.94,IN CRUSHER 8 03,102,9.3,0,4
DT3162,6/6/2025 21:29:08,2,5,1,PRD,117.44148,0.60746,76.7,13.44737,152.69,IN CRUSHER 8 03,102,11.6,0,4
DT3162,6/6/2025 21:29:11,2,5,1,PRD,117.44153,0.60736,76.9,13.1918,157.16,CRUSHER 8,102,13.9,0,4
DT3162,6/6/2025 21:29:14,2,5,1,PRD,117.44159,0.60724,77.7,12.46211,153.56,CRUSHER 8,101,14.5,0,4
DT3162,6/6/2025 21:29:17,2,5,1,PRD,117.44163,0.60716,77.9,12.85103,152.87,CRUSHER 8,101,13.3,0,4
DT3162,6/6/2025 21:29:20,2,5,1,PRD,117.44166,0.6071,77.9,11.47314,152.49,CRUSHER 8,101,14.8,0,4
DT3162,6/6/2025 21:29:23,2,5,1,PRD,117.4417,0.60701,76.9,9.39149,151.17,CRUSHER 8,101,14.8,0,4
DT3162,6/6/2025 21:29:26,2,5,1,PRD,117.44175,0.60693,75.3,7.65246,155.88,CRUSHER 8,101,9.7,0,4
DT3162,6/6/2025 21:29:29,2,5,1,PRD,117.44176,0.60688,74.1,8.16917,164.26,CRUSHER 8,101,8.4,0,4
DT3162,6/6/2025 21:29:32,2,5,1,PRD,117.44177,0.60683,74.6,8.57476,187.67,CRUSHER 8,102,8.1,0,4
DT3162,6/6/2025 21:29:35,2,5,1,PRD,117.44175,0.60677,75.3,9.1211,223.44,CRUSHER 8,102,8,0,4
DT3162,6/6/2025 21:29:38,2,5,1,PRD,117.44166,0.60673,75.6,8.85071,275.15,CRUSHER 8,102,7.9,0,4
DT3162,6/6/2025 21:29:41,2,5,1,PRD,117.44163,0.60674,74,0.61116,0,CRUSHER 8,92,6.9,0,4
DT3162,6/6/2025 21:29:44,2,5,1,PRD,117.44164,0.60675,73.2,2.53909,52.57,CRUSHER 8,86,1.9,0,4
DT3162,6/6/2025 21:29:47,2,5,1,PRD,117.44165,0.60676,72.7,3.76326,54.05,CRUSHER 8,89,3.4,0,4
DT3162,6/6/2025 21:29:50,2,5,1,PRD,117.44169,0.60678,69.9,5.87084,77.24,CRUSHER 8,104,4.8,0,4
DT3162,6/6/2025 21:29:53,2,5,1,PRD,117.44172,0.60677,69.2,4.01884,117.73,CRUSHER 8,96,5.9,0,4
DT3162,6/6/2025 21:29:56,2,5,1,PRD,117.44174,0.60674,68.1,4.68926,143.73,CRUSHER 8,105,5.6,0,4
DT3162,6/6/2025 21:29:59,2,5,1,PRD,117.44175,0.60672,68.3,3.47806,157.44,CRUSHER 8,105,4.4,0,4
DT3162,6/6/2025 21:30:02,2,5,1,PRD,117.44176,0.60671,67.2,3.59103,144.05,CRUSHER 8,100,2.6,0,4
DT3162,6/6/2025 21:30:05,2,5,1,PRD,117.44177,0.60669,67.4,1.93534,145.86,CRUSHER 8,103,3.4,0,4
DT3162,6/6/2025 21:30:08,2,5,1,PRD,117.44178,0.60668,67.3,2.53168,137.26,CRUSHER 8,103,2.3,0,4
DT3162,6/6/2025 21:30:11,2,5,1,PRD,117.44179,0.60667,67.7,1.65013,146.35,CRUSHER 8,103,2.7,0,4
DT3162,6/6/2025 21:30:14,2,5,1,PRD,117.4418,0.60666,68.8,0.07408,0,CRUSHER 8,101,1.4,0,4
DT3162,6/6/2025 21:30:17,2,6,1,PRD,117.44179,0.60666,69.6,0.1889,0,CRUSHER 8,103,0,0,5
DT3162,6/6/2025 21:30:20,2,6,1,PRD,117.4418,0.60666,69.3,0.07778,0,CRUSHER 8,107,0,0,5
DT3162,6/6/2025 21:30:23,2,6,1,PRD,117.4418,0.60666,69.5,0.03148,0,CRUSHER 8,108,0,0,5
DT3162,6/6/2025 21:30:26,2,6,1,PRD,117.4418,0.60666,70.1,0.05186,0,CRUSHER 8,108,0,0,5
DT3162,6/6/2025 21:30:29,2,6,1,PRD,117.4418,0.60666,71.7,0.07593,0,CRUSHER 8,109,0,0,5
DT3162,6/6/2025 21:30:32,2,6,1,PRD,117.4418,0.60666,73.5,0.14075,0,CRUSHER 8,110,0,0,5
DT3162,6/6/2025 21:30:35,2,6,1,PRD,117.4418,0.60666,74.1,0.08519,0,CRUSHER 8,105,0,0,5
DT3162,6/6/2025 21:30:38,2,8,1,PRD,117.4418,0.60666,75.4,0.03704,0,CRUSHER 8,67,0,0,6
DT3162,6/6/2025 21:30:41,2,8,1,PRD,117.4418,0.60666,75.9,0.06667,0,CRUSHER 8,4,0,0,6
DT3162,6/6/2025 21:30:44,2,8,1,PRD,117.44181,0.60666,76.7,0.00556,0,CRUSHER 8,3,0,0,6
DT3162,6/6/2025 21:30:47,2,8,1,PRD,117.44181,0.60666,77,0.02593,0,CRUSHER 8,4,0,0,6
DT3162,6/6/2025 21:30:50,2,8,1,PRD,117.44182,0.60666,77.3,0.02037,0,CRUSHER 8,5,0,0,6
DT3162,6/6/2025 21:30:53,2,8,1,PRD,117.44182,0.60666,77.9,0.01296,0,CRUSHER 8,5,0,0,6
DT3162,6/6/2025 21:30:56,2,8,1,PRD,117.44182,0.60666,78.4,0.0426,0,CRUSHER 8,5,0,0,6
DT3162,6/6/2025 21:30:59,2,8,1,PRD,117.44182,0.60666,78.5,0.03334,0,CRUSHER 8,5,0,0,6
DT3162,6/6/2025 21:31:02,2,8,1,PRD,117.44182,0.60666,78.7,0.03334,0,CRUSHER 8,6,0,0,6
DT3162,6/6/2025 21:31:05,2,8,1,PRD,117.44182,0.60666,79.1,0.03889,0,CRUSHER 8,6,0,0,6
DT3162,6/6/2025 21:31:08,2,8,1,PRD,117.44183,0.60666,79.8,0.03148,0,CRUSHER 8,6,0,0,6
DT3162,6/6/2025 21:31:11,2,8,1,PRD,117.44183,0.60666,80.3,0.02593,0,CRUSHER 8,6,0,0,6
DT3162,6/6/2025 21:31:14,2,8,1,PRD,117.44183,0.60666,80.5,0.01296,0,CRUSHER 8,6,0,0,6
DT3162,6/6/2025 21:31:17,2,8,1,PRD,117.44183,0.60666,80.6,0.06112,0,CRUSHER 8,6,0,0,6
DT3162,6/6/2025 21:31:20,2,8,1,PRD,117.44183,0.60666,80.9,0.02408,0,CRUSHER 8,6,0,0,6
DT3162,6/6/2025 21:31:23,2,8,1,PRD,117.44183,0.60666,81.1,0.02778,0,CRUSHER 8,6,0,0,6
DT3162,6/6/2025 21:31:26,2,8,1,PRD,117.44183,0.60666,81,0.02963,0,CRUSHER 8,6,0,0,6
DT3162,6/6/2025 21:31:29,2,8,1,PRD,117.44183,0.60666,80.8,0.02593,0,CRUSHER 8,6,0,0,6
DT3162,6/6/2025 21:31:32,2,8,1,PRD,117.44183,0.60666,80.1,0.02222,0,CRUSHER 8,6,0,0,6
DT3162,6/6/2025 21:31:35,2,8,1,PRD,117.44183,0.60666,79,0.02037,0,CRUSHER 8,6,0,0,6
DT3162,6/6/2025 21:31:38,2,8,1,PRD,117.44183,0.60667,78.4,0.08704,0,CRUSHER 8,5,0,0,6
DT3162,6/6/2025 21:31:41,2,8,1,PRD,117.44183,0.60667,78.5,0.00741,0,CRUSHER 8,5,0,0,6
DT3162,6/6/2025 21:31:44,2,8,1,PRD,117.44182,0.60667,78.3,0.01482,0,CRUSHER 8,5,0,0,6
DT3162,6/6/2025 21:31:47,2,8,1,PRD,117.44182,0.60667,78.1,0.02408,0,CRUSHER 8,5,0,0,6
DT3162,6/6/2025 21:31:50,2,8,1,PRD,117.44182,0.60667,78.1,0.0426,0,CRUSHER 8,5,0,0,6
DT3162,6/6/2025 21:31:53,2,8,1,PRD,117.44182,0.60667,78.2,0.03889,0,CRUSHER 8,5,0,0,6
DT3162,6/6/2025 21:31:56,2,8,1,PRD,117.44182,0.60667,78.3,0.04815,0,CRUSHER 8,5,0,0,6
DT3162,6/6/2025 21:31:59,2,8,1,PRD,117.44182,0.60667,78.5,0.05,0,CRUSHER 8,5,0,0,6
DT3162,6/6/2025 21:32:02,2,8,1,PRD,117.44181,0.60667,78.8,0.00926,0,CRUSHER 8,5,0,0,6
DT3162,6/6/2025 21:32:05,2,8,1,PRD,117.44181,0.60667,79.1,0.02408,0,CRUSHER 8,5,0,0,6
DT3162,6/6/2025 21:32:08,2,8,1,PRD,117.44181,0.60667,79.4,0.03148,0,CRUSHER 8,5,0,0,6
DT3162,6/6/2025 21:32:11,2,8,1,PRD,117.44181,0.60667,80.1,0.01482,0,CRUSHER 8,5,0,0,6
DT3162,6/6/2025 21:32:14,2,8,1,PRD,117.44181,0.60667,80.8,0.19816,0,CRUSHER 8,5,0,0,6
DT3162,6/6/2025 21:32:17,2,8,1,PRD,117.44181,0.60667,81.6,0.02408,0,CRUSHER 8,5,0,0,6
DT3162,6/6/2025 21:32:20,2,8,1,PRD,117.44181,0.60667,81.8,0.03148,0,CRUSHER 8,5,0,0,6
DT3162,6/6/2025 21:32:23,2,8,1,PRD,117.44181,0.60667,82.7,0.02408,0,CRUSHER 8,5,0,0,6
DT3162,6/6/2025 21:32:26,2,8,1,PRD,117.4418,0.60667,83.3,0.0463,0,CRUSHER 8,5,0,0,6
DT3162,6/6/2025 21:32:29,2,8,1,PRD,117.4418,0.60667,83.4,0.01667,0,CRUSHER 8,5,0,0,6
DT3162,6/6/2025 21:32:32,2,8,1,PRD,117.4418,0.60667,83.2,0.03519,0,CRUSHER 8,5,0,0,6
DT3162,6/6/2025 21:32:35,2,8,1,PRD,117.4418,0.60668,82.9,0.04074,0,CRUSHER 8,5,0,0,6
DT3162,6/6/2025 21:32:38,2,8,1,PRD,117.4418,0.60668,82.7,0.0037,0,CRUSHER 8,5,0,0,6
DT3162,6/6/2025 21:32:41,2,8,1,PRD,117.4418,0.60668,82.8,0.00741,0,CRUSHER 8,5,0,0,6
DT3162,6/6/2025 21:32:44,2,8,1,PRD,117.4418,0.60668,82.9,0.02593,0,CRUSHER 8,5,0,0,6
DT3162,6/6/2025 21:32:47,2,8,1,PRD,117.4418,0.60668,83.2,0.05741,0,CRUSHER 8,5,0,0,6
DT3162,6/6/2025 21:32:50,2,8,1,PRD,117.44179,0.60668,83.7,0.01667,0,CRUSHER 8,5,0,0,6
DT3162,6/6/2025 21:32:53,2,8,1,PRD,117.44179,0.60668,83.9,0.18335,0,CRUSHER 8,5,0,0,6
DT3162,6/6/2025 21:32:56,2,8,1,PRD,117.44179,0.60668,83.9,0.02593,0,CRUSHER 8,4,0,0,6
DT3162,6/6/2025 21:32:59,2,8,1,PRD,117.44179,0.60668,83.8,0.0889,0,CRUSHER 8,1,0,0,6
DT3162,6/6/2025 21:33:02,2,8,1,PRD,117.44179,0.60668,83.6,0.05186,0,CRUSHER 8,0,0,0,6
DT3162,6/6/2025 21:33:05,2,8,1,PRD,117.44179,0.60668,82.9,0.0889,0,CRUSHER 8,0,0,0,6
DT3162,6/6/2025 21:33:08,2,1,1,PRD,117.44179,0.60668,82.6,0.08704,0,CRUSHER 8,0,0,0,1
DT3162,6/6/2025 21:33:11,2,1,1,PRD,117.44179,0.60667,82.4,1.36492,32.99,CRUSHER 8,0,0,0,1
DT3162,6/6/2025 21:33:14,2,1,1,PRD,117.44178,0.60669,81.4,7.41356,328.72,CRUSHER 8,0,4.2,0,1
DT3162,6/6/2025 21:33:17,2,1,1,PRD,117.44173,0.60675,80.6,6.98945,306.81,CRUSHER 8,0,8.6,0,1
DT3162,6/6/2025 21:33:20,2,1,1,PRD,117.44167,0.60676,80.5,8.65995,271.77,CRUSHER 8,0,9.5,0,1
DT3162,6/6/2025 21:33:23,2,1,1,PRD,117.44164,0.60673,80.8,9.77115,211.09,CRUSHER 8,2,9.3,0,1
DT3162,6/6/2025 21:33:26,2,1,1,PRD,117.44162,0.60666,80.3,10.81938,203,CRUSHER 8,6,11.7,0,1
DT3162,6/6/2025 21:33:29,2,1,1,PRD,117.44157,0.60656,80.3,12.05282,214.14,CRUSHER 8,4,12,0,1
DT3162,6/6/2025 21:33:32,2,1,1,PRD,117.44149,0.60648,81.7,15.24937,235.89,CRUSHER 8,0,15.5,0,1
DT3162,6/6/2025 21:33:35,2,1,1,PRD,117.44138,0.60642,81.9,16.79579,248.89,IN CRUSHER 8 01,0,16.3,0,2
DT3162,6/6/2025 21:33:38,2,1,1,PRD,117.44129,0.60639,81.9,16.97728,262.92,IN CRUSHER 8 01,0,17.4,0,2
DT3162,6/6/2025 21:33:41,2,1,1,PRD,117.44112,0.60638,81.6,18.60519,272.36,IN CRUSHER 8 01,0,18.7,0,2
DT3162,6/6/2025 21:33:44,2,1,1,PRD,117.44098,0.60639,80.8,19.85344,283.36,IN CRUSHER 8 01,0,20.4,0,2
DT3162,6/6/2025 21:33:47,2,1,1,PRD,117.44088,0.60642,80.6,19.78677,303.51,IN CRUSHER 8 01,3,19.6,0,2
DT3162,6/6/2025 21:33:50,2,1,1,PRD,117.44076,0.60652,80.9,21.52394,323.39,IN CRUSHER 8 01,0,21.2,0,2
DT3162,6/6/2025 21:33:53,2,1,1,PRD,117.44067,0.60665,81,19.99234,331.03,IN CRUSHER 8 01,0,21,0,2
DT3162,6/6/2025 21:33:56,2,1,1,PRD,117.44056,0.60682,80.3,18.03292,330.76,IN CRUSHER 8 01,0,19.4,0,2
DT3162,6/6/2025 21:33:59,2,1,1,PRD,117.4405,0.60693,77.2,15.83645,329.07,IN CRUSHER 8 01,0,17,0,2
DT3162,6/6/2025 21:34:02,2,1,1,PRD,117.44045,0.607,77,15.54013,330.49,IN CRUSHER 8 01,0,17.4,0,2
DT3162,6/6/2025 21:34:05,2,1,1,PRD,117.4404,0.6071,77,13.09179,332.94,IN CRUSHER 8 01,0,14.1,0,2
DT3162,6/6/2025 21:34:08,2,1,1,PRD,117.44033,0.60722,73.4,12.48804,333.56,IN CRUSHER 8 01,0,13.7,0,2
DT3162,6/6/2025 21:34:11,2,1,1,PRD,117.44029,0.6073,73,11.63612,334.32,IN CRUSHER 8 01,0,13.4,0,2
DT3162,6/6/2025 21:34:14,2,1,1,PRD,117.44027,0.60736,73.2,13.21032,333.21,IN CRUSHER 8 01,0,13.1,0,2
DT3162,6/6/2025 21:34:17,2,1,1,PRD,117.44023,0.60745,73.5,16.11796,340.63,IN CRUSHER 8 01,0,14.1,0,2
DT3162,6/6/2025 21:34:20,2,1,1,PRD,117.44019,0.60762,75.8,16.08832,350.27,IN CRUSHER 8 01,2,17.3,0,2
DT3162,6/6/2025 21:34:23,2,1,1,PRD,117.44017,0.60772,76.8,12.65472,352.38,STP. MELAWAN 2,0,15.5,0,2
DT3162,6/6/2025 21:34:26,2,1,1,PRD,117.44016,0.60779,77.8,13.66776,351.62,STP. MELAWAN 2,0,15.7,0,2
DT3162,6/6/2025 21:34:29,2,1,1,PRD,117.44015,0.6079,79,16.86246,5.32,STP. MELAWAN 2,4,15.6,0,2
DT3162,6/6/2025 21:34:32,2,1,1,PRD,117.44017,0.60803,79.5,17.58104,33.73,JL. CRUSHER 78 04,0,18,0,2
DT3162,6/6/2025 21:34:35,2,1,1,PRD,117.44028,0.60814,78.4,13.36218,55,JL. CRUSHER 78 04,0,16.9,0,2
DT3162,6/6/2025 21:34:38,2,1,1,PRD,117.44033,0.60818,78.4,8.73033,57.82,JL. CRUSHER 78 04,0,12.9,0,2
DT3162,6/6/2025 21:34:41,2,1,1,PRD,117.44041,0.60822,79.3,8.64514,61.68,JL. CRUSHER 78 04,1,9.2,0,2
DT3162,6/6/2025 21:34:44,2,1,1,PRD,117.44045,0.60825,80,9.34149,63.37,JL. CRUSHER 78 04,2,9.5,0,2
DT3162,6/6/2025 21:34:47,2,1,1,PRD,117.44054,0.60831,82,9.51372,64.05,JL. CRUSHER 78 04,1,10.5,0,2
DT3162,6/6/2025 21:34:50,2,1,1,PRD,117.44059,0.60834,82.3,10.21748,65.19,JL. CRUSHER 78 04,0,10.8,0,2
DT3162,6/6/2025 21:34:53,2,1,1,PRD,117.4407,0.60839,82.7,13.9826,66.6,JL. CRUSHER 78 04,1,13.3,0,2
DT3162,6/6/2025 21:34:56,2,1,1,PRD,117.44077,0.60842,82.4,15.49198,64.38,IN WIGHTBRIDGE 01,1,16.1,0,2
DT3162,6/6/2025 21:34:59,2,1,1,PRD,117.44091,0.6085,83,16.01424,60.3,IN WIGHTBRIDGE 01,1,17.2,0,2
DT3162,6/6/2025 21:35:02,2,1,1,PRD,117.44102,0.60856,83.3,17.12544,62.69,IN WIGHTBRIDGE 01,0,18.2,0,2
DT3162,6/6/2025 21:35:05,2,1,1,PRD,117.4411,0.60861,82.6,16.03091,58.6,IN WIGHTBRIDGE 01,0,18.5,0,2
DT3162,6/6/2025 21:35:08,2,1,1,PRD,117.44121,0.60868,81.5,17.97922,58.86,IN WIGHTBRIDGE 01,0,17.9,0,2
DT3162,6/6/2025 21:35:11,2,1,1,PRD,117.44137,0.60878,79.3,17.97181,58.66,IN WIGHTBRIDGE 01,0,19.8,0,2
DT3162,6/6/2025 21:35:14,2,1,1,PRD,117.44148,0.60886,79.3,16.33094,51.87,JL. STP MELAWAN,0,18,0,2
DT3162,6/6/2025 21:35:17,2,1,1,PRD,117.44156,0.60894,79,13.2918,38.68,JL. STP MELAWAN,0,15.8,0,2
DT3162,6/6/2025 21:35:20,2,1,1,PRD,117.44158,0.60899,78.6,7.23762,15.11,JL. STP MELAWAN,0,10.9,0,2
DT3162,6/6/2025 21:35:23,2,1,1,PRD,117.44159,0.60905,78.9,11.37128,350.06,JL. STP MELAWAN,1,14.1,0,2
DT3162,6/6/2025 21:35:26,2,1,1,PRD,117.44156,0.6092,81.2,13.90667,336.76,JL. STP MELAWAN,1,14.1,0,2
DT3162,6/6/2025 21:35:29,2,1,1,PRD,117.44153,0.60932,81.8,17.13841,342.63,JL. STP MELAWAN,2,17.8,0,2
DT3162,6/6/2025 21:35:32,2,1,1,PRD,117.4415,0.60941,82,16.61059,340.95,JL. STP MELAWAN,0,17.7,0,2
DT3162,6/6/2025 21:35:35,2,1,1,PRD,117.44146,0.60952,82.2,13.16216,337.12,JL. STP MELAWAN,1,16.4,0,2
DT3162,6/6/2025 21:35:38,2,1,1,PRD,117.44142,0.60964,81.5,7.0339,339.72,JL. STP MELAWAN,1,9.4,0,2
DT3162,6/6/2025 21:35:41,2,1,1,PRD,117.4414,0.60969,81.8,4.05218,340.31,JL. STP MELAWAN,1,6.5,0,2
DT3162,6/6/2025 21:35:44,2,1,1,PRD,117.44139,0.6097,82.1,0.02593,0,JL. STP MELAWAN,0,0,0,1
DT3162,6/6/2025 21:35:47,2,1,1,PRD,117.44139,0.6097,82.4,0.0426,0,JL. STP MELAWAN,1,0,0,1
DT3162,6/6/2025 21:35:50,2,1,1,PRD,117.44138,0.60971,82.5,0.21483,0,JL. STP MELAWAN,1,0,0,1
DT3162,6/6/2025 21:35:53,2,1,1,PRD,117.44137,0.60972,82.6,3.04469,341.3,JL. STP MELAWAN,1,0,0,2
DT3162,6/6/2025 21:35:56,2,1,1,PRD,117.44135,0.60978,82.9,10.6453,341.25,JL. STP MELAWAN,3,9.7,0,2
DT3162,6/6/2025 21:35:59,2,1,1,PRD,117.44133,0.60984,83.2,16.40131,348.22,JL. RO ELANG 5100,1,15.2,0,2
DT3162,6/6/2025 21:36:02,2,1,1,PRD,117.44132,0.60997,84.2,17.39769,355.84,JL. RO ELANG 5100,1,15.2,0,2
DT3162,6/6/2025 21:36:05,2,1,1,PRD,117.44131,0.61014,86,16.78838,1.68,JL. RO ELANG 5100,3,16.5,0,2
DT3162,6/6/2025 21:36:08,2,1,1,PRD,117.44132,0.61026,87.4,15.58643,11.09,JL. RO ELANG 5100,1,16.2,0,2
DT3162,6/6/2025 21:36:11,2,1,1,PRD,117.44134,0.61033,87.6,11.98244,21.56,JL. RO ELANG 5100,1,11,0,2
DT3162,6/6/2025 21:36:14,2,1,1,PRD,117.44139,0.61041,88.8,13.42144,35.99,JL. RO ELANG 5100,2,12.3,0,2
DT3162,6/6/2025 21:36:17,2,1,1,PRD,117.44148,0.6105,89.7,13.55664,48.66,IN CS. HCR,2,14,0,2
DT3162,6/6/2025 21:36:20,2,1,1,PRD,117.44155,0.61058,90.3,13.72517,26.37,IN CS. HCR,1,15.8,0,2
DT3162,6/6/2025 21:36:23,2,1,1,PRD,117.44155,0.61064,91.1,13.96223,336.27,IN CS. HCR,6,14.4,0,2
DT3162,6/6/2025 21:36:26,2,1,1,PRD,117.44151,0.61074,91.9,14.45486,338.22,IN CS. HCR,3,15.7,0,2
DT3162,6/6/2025 21:36:29,2,1,1,PRD,117.44148,0.61085,93.4,11.53611,342.03,IN CS. HCR,1,13.7,0,2
DT3162,6/6/2025 21:36:32,2,1,1,PRD,117.44145,0.61096,93.9,10.57492,342.33,IN CS. HCR,1,10.7,0,2
DT3162,6/6/2025 21:36:35,2,1,1,PRD,117.44143,0.61101,94.1,9.82856,340.78,IN CS. HCR,0,11.1,0,2
DT3162,6/6/2025 21:36:38,2,1,1,PRD,117.44139,0.6111,94.8,7.5895,334.61,IN CS. HCR,0,9.9,0,2
DT3162,6/6/2025 21:36:41,2,1,1,PRD,117.44138,0.61112,94.6,3.0132,335.05,IN CS. HCR,0,3.1,0,2
DT3162,6/6/2025 21:36:44,2,1,1,PRD,117.44137,0.61114,93.6,0.06297,0,IN CS. HCR,0,0,0,2
DT3162,6/6/2025 21:36:47,2,0,2,D10,117.44137,0.61114,93.3,0.03148,0,IN CS. HCR,1,0,0,2
DT3162,6/6/2025 21:36:50,2,0,2,D10,117.44136,0.61114,93.1,0.05,0,IN CS. HCR,1,0,0,2
DT3162,6/6/2025 21:36:53,2,0,2,D10,117.44136,0.61115,93,0.02778,0,IN CS. HCR,1,0,0,2
DT3162,6/6/2025 21:36:56,2,0,2,D10,117.44135,0.61115,92.8,0.02593,0,IN CS. HCR,1,0,0,2
DT3162,6/6/2025 21:36:59,2,0,2,D10,117.44135,0.61115,92.6,0.03889,0,IN CS. HCR,1,0,0,2
DT3162,6/6/2025 21:37:02,2,0,2,D10,117.44135,0.61115,92.9,0.01111,0,IN CS. HCR,1,0,0,2
DT3162,6/6/2025 21:37:05,2,0,2,D10,117.44135,0.61115,93.3,0.01482,0,IN CS. HCR,1,0,0,2
DT3162,6/6/2025 21:37:08,2,0,2,D10,117.44135,0.61115,94.1,0.04445,0,IN CS. HCR,1,0,0,2
DT3162,6/6/2025 21:37:11,2,0,2,D10,117.44135,0.61116,94.5,0.04815,0,IN CS. HCR,1,0,0,2
DT3162,6/6/2025 21:37:14,2,0,2,D10,117.44134,0.61116,94.5,0.01482,0,IN CS. HCR,1,0,0,2
DT3162,6/6/2025 21:37:17,2,0,2,D10,117.44134,0.61116,94.5,0.05926,0,IN CS. HCR,1,0,0,2
DT3162,6/6/2025 21:37:20,2,0,2,D10,117.44135,0.61116,94.3,0.05186,0,IN CS. HCR,1,0,0,2
DT3162,6/6/2025 21:37:23,2,0,2,D10,117.44135,0.61116,94.5,0.03519,0,IN CS. HCR,1,0,0,2
DT3162,6/6/2025 21:37:26,2,0,2,D10,117.44135,0.61116,94.7,0.02778,0,IN CS. HCR,1,0,0,2
DT3162,6/6/2025 21:37:29,2,0,2,D10,117.44135,0.61116,94.7,0.02037,0,IN CS. HCR,1,0,0,2
DT3162,6/6/2025 21:37:32,2,0,2,D10,117.44135,0.61116,94,0.05371,0,IN CS. HCR,1,0,0,2
DT3162,6/6/2025 21:37:35,2,0,2,D10,117.44135,0.61116,93.1,0.10371,0,IN CS. HCR,1,0,0,2
DT3162,6/6/2025 21:37:38,2,0,2,D10,117.44136,0.61116,93,0.04445,0,IN CS. HCR,1,0,0,2
DT3162,6/6/2025 21:37:41,2,0,2,D10,117.44136,0.61116,93.1,0.01482,0,IN CS. HCR,1,0,0,2
DT3162,6/6/2025 21:37:44,2,0,2,D10,117.44136,0.61116,92.8,0.02593,0,IN CS. HCR,1,0,0,2
DT3162,6/6/2025 21:37:47,2,0,2,D10,117.44136,0.61116,93.1,0.02593,0,IN CS. HCR,1,0,0,2
DT3162,6/6/2025 21:37:50,2,0,2,D10,117.44136,0.61116,93.1,0.03334,0,IN CS. HCR,1,0,0,2
DT3162,6/6/2025 21:37:53,2,0,2,D10,117.44136,0.61116,93,0.03148,0,IN CS. HCR,1,0,0,2
DT3162,6/6/2025 21:37:56,2,0,2,D10,117.44136,0.61116,92.9,0.00926,0,IN CS. HCR,1,0,0,2
DT3162,6/6/2025 21:37:59,2,0,2,D10,117.44136,0.61116,92.7,0.0037,0,IN CS. HCR,1,0,0,2
DT3162,6/6/2025 21:38:02,2,0,2,D10,117.44136,0.61116,92.5,0.02037,0,IN CS. HCR,1,0,0,2
DT3162,6/6/2025 21:38:05,2,0,2,D10,117.44136,0.61116,92.4,0.0463,0,IN CS. HCR,1,0,0,2
DT3162,6/6/2025 21:38:08,2,0,2,D10,117.44136,0.61116,92.2,0.03519,0,IN CS. HCR,1,0,0,2
DT3162,6/6/2025 21:38:11,2,0,2,D10,117.44136,0.61116,92,0.01482,0,IN CS. HCR,1,0,0,2
DT3162,6/6/2025 21:38:14,2,0,2,D10,117.44136,0.61116,91.8,0.03334,0,IN CS. HCR,1,0,0,2
DT3162,6/6/2025 21:38:17,2,0,2,D10,117.44136,0.61116,91.8,0.01111,0,IN CS. HCR,1,0,0,2
DT3162,6/6/2025 21:38:20,2,0,2,D10,117.44136,0.61116,91.7,0.02222,0,IN CS. HCR,1,0,0,2
DT3162,6/6/2025 21:38:23,2,0,2,D10,117.44135,0.61116,91.6,0.02408,0,IN CS. HCR,1,0,0,2
DT3162,6/6/2025 21:38:26,2,0,2,D10,117.44135,0.61116,91.6,0.02593,0,IN CS. HCR,1,0,0,2
DT3162,6/6/2025 21:38:29,2,0,2,D10,117.44135,0.61116,91.7,0.02408,0,IN CS. HCR,1,0,0,2
DT3162,6/6/2025 21:38:32,2,0,2,D10,117.44135,0.61116,92.4,0.04445,0,IN CS. HCR,1,0,0,2
DT3162,6/6/2025 21:38:35,2,0,2,D10,117.44135,0.61116,93.1,0.0037,0,IN CS. HCR,1,0,0,2
DT3162,6/6/2025 21:38:38,2,0,2,D10,117.44135,0.61116,93.5,0.05,0,IN CS. HCR,1,0,0,2
DT3162,6/6/2025 21:38:41,2,0,2,D10,117.44136,0.61116,93.7,0.02037,0,IN CS. HCR,1,0,0,2
DT3162,6/6/2025 21:38:44,2,0,2,D10,117.44136,0.61116,94.1,0.02408,0,IN CS. HCR,1,0,0,2
DT3162,6/6/2025 21:38:47,2,0,2,D10,117.44136,0.61116,95.1,0.00741,0,IN CS. HCR,1,0,0,2
DT3162,6/6/2025 21:38:50,2,0,2,D10,117.44136,0.61116,95.5,0.04815,0,IN CS. HCR,1,0,0,2
DT3162,6/6/2025 21:38:53,2,0,2,D10,117.44136,0.61116,95.7,0.0463,0,IN CS. HCR,1,0,0,2
DT3162,6/6/2025 21:38:56,2,0,2,D10,117.44136,0.61116,95.9,0.00741,0,IN CS. HCR,1,0,0,2
DT3162,6/6/2025 21:38:59,2,0,2,D10,117.44136,0.61116,96.1,0.02222,0,IN CS. HCR,1,0,0,2
DT3162,6/6/2025 21:39:02,2,0,2,D10,117.44137,0.61116,96.5,0.03334,0,IN CS. HCR,1,0,0,2
DT3162,6/6/2025 21:39:05,2,0,2,D10,117.44136,0.61116,96.9,0.04815,0,IN CS. HCR,1,0,0,2
DT3162,6/6/2025 21:39:08,2,0,2,D10,117.44137,0.61116,97.1,0.02037,0,IN CS. HCR,1,0,0,2
DT3162,6/6/2025 21:39:11,2,0,2,D10,117.44137,0.61116,97.2,0.01296,0,IN CS. HCR,1,0,0,2
DT3162,6/6/2025 21:39:14,2,0,2,D10,117.44136,0.61116,97.2,0.01296,0,IN CS. HCR,1,0,0,2
DT3162,6/6/2025 21:39:17,2,0,2,D10,117.44136,0.61116,97.2,0.03148,0,IN CS. HCR,1,0,0,2
DT3162,6/6/2025 21:39:20,2,0,2,D10,117.44136,0.61116,97,0.01111,0,IN CS. HCR,1,0,0,2
DT3162,6/6/2025 21:39:23,2,0,2,D10,117.44136,0.61115,96.5,0.0426,0,IN CS. HCR,1,0,0,2
DT3162,6/6/2025 21:39:26,2,0,2,D10,117.44136,0.61115,95.8,0.01667,0,IN CS. HCR,1,0,0,2
DT3162,6/6/2025 21:39:29,2,0,2,D10,117.44136,0.61115,95.2,0.01852,0,IN CS. HCR,1,0,0,2
DT3162,6/6/2025 21:39:32,2,0,2,D10,117.44136,0.61115,94.7,0.01296,0,IN CS. HCR,1,0,0,2
DT3162,6/6/2025 21:39:35,2,0,2,D10,117.44136,0.61115,94.2,0.02037,0,IN CS. HCR,1,0,0,2
DT3162,6/6/2025 21:39:38,2,0,2,D10,117.44136,0.61115,93.7,0.01111,0,IN CS. HCR,1,0,0,2
DT3162,6/6/2025 21:39:41,2,0,2,D10,117.44136,0.61114,93.2,0.03334,0,IN CS. HCR,1,0,0,2
DT3162,6/6/2025 21:39:44,2,0,2,D10,117.44136,0.61114,92.6,0.01296,0,IN CS. HCR,1,0,0,2
DT3162,6/6/2025 21:39:47,2,0,2,D10,117.44136,0.61114,92.2,0.02037,0,IN CS. HCR,1,0,0,2
DT3162,6/6/2025 21:39:50,2,0,2,D10,117.44136,0.61114,91.8,0.02408,0,IN CS. HCR,1,0,0,2
DT3162,6/6/2025 21:39:53,2,0,2,D10,117.44136,0.61114,92,0.02222,0,IN CS. HCR,1,0,0,2
DT3162,6/6/2025 21:39:56,2,0,2,D10,117.44136,0.61114,92.2,0.01482,0,IN CS. HCR,1,0,0,2
DT3162,6/6/2025 21:39:59,2,0,2,D10,117.44137,0.61114,92.4,0.03519,0,IN CS. HCR,1,0,0,2
DT3162,6/6/2025 21:40:02,2,0,2,D10,117.44137,0.61114,92.5,0.03519,0,IN CS. HCR,1,0,0,2
DT3162,6/6/2025 21:40:05,2,0,2,D10,117.44137,0.61114,92.9,0.03704,0,IN CS. HCR,1,0,0,2
DT3162,6/6/2025 21:40:08,2,0,2,D10,117.44136,0.61114,93.9,0.04074,0,IN CS. HCR,1,0,0,2
DT3162,6/6/2025 21:40:11,2,0,2,D10,117.44136,0.61114,94.6,0.00926,0,IN CS. HCR,1,0,0,2
DT3162,6/6/2025 21:40:14,2,0,2,D10,117.44136,0.61114,95.4,0.02222,0,IN CS. HCR,1,0,0,2
DT3162,6/6/2025 21:40:17,2,0,2,D10,117.44136,0.61115,96.4,0.02037,0,IN CS. HCR,1,0,0,2
DT3162,6/6/2025 21:40:20,2,0,2,D10,117.44136,0.61115,96.6,0.01111,0,IN CS. HCR,1,0,0,2
DT3162,6/6/2025 21:40:23,2,0,2,D10,117.44136,0.61115,96.2,0.01111,0,IN CS. HCR,1,0,0,2
DT3162,6/6/2025 21:40:26,2,0,2,D10,117.44136,0.61115,95.8,0.02593,0,IN CS. HCR,1,0,0,2
DT3162,6/6/2025 21:40:29,2,0,2,D10,117.44137,0.61115,94.9,0.01296,0,IN CS. HCR,1,0,0,2
DT3162,6/6/2025 21:40:32,2,0,2,D10,117.44137,0.61115,94.3,0.19816,0,IN CS. HCR,1,0,0,2
DT3162,6/6/2025 21:40:35,2,0,2,D10,117.44137,0.61115,93.5,0.12964,0,IN CS. HCR,1,0,0,2
DT3162,6/6/2025 21:40:38,2,0,2,D10,117.44137,0.61115,93.1,0.11297,0,IN CS. HCR,1,0,0,2
DT3162,6/6/2025 21:40:41,2,0,2,D10,117.44137,0.61115,92.2,0.03148,0,IN CS. HCR,1,0,0,2
DT3162,6/6/2025 21:40:44,2,0,2,D10,117.44136,0.61115,91.1,0.04074,0,IN CS. HCR,1,0,0,2
DT3162,6/6/2025 21:40:47,2,0,2,D10,117.44136,0.61115,90.2,0.05,0,IN CS. HCR,1,0,0,2
DT3162,6/6/2025 21:40:50,2,0,2,D10,117.44136,0.61115,89.7,0.08704,0,IN CS. HCR,1,0,0,2
DT3162,6/6/2025 21:40:53,2,0,2,D10,117.44136,0.61115,89.1,0.11482,0,IN CS. HCR,1,0,0,2
DT3162,6/6/2025 21:40:56,2,0,2,D10,117.44136,0.61115,88.5,0.05926,0,IN CS. HCR,1,0,0,2
DT3162,6/6/2025 21:40:59,2,0,2,D10,117.44136,0.61115,88.1,0.05741,0,IN CS. HCR,1,0,0,2
DT3162,6/6/2025 21:41:02,2,0,2,D10,117.44136,0.61115,87.9,0.01482,0,IN CS. HCR,1,0,0,2
DT3162,6/6/2025 21:41:05,2,0,2,D10,117.44135,0.61116,87.7,0.10371,0,IN CS. HCR,1,0,0,2
DT3162,6/6/2025 21:41:08,2,0,2,D10,117.44136,0.61116,87.5,0.04815,0,IN CS. HCR,1,0,0,2
DT3162,6/6/2025 21:41:11,2,0,2,D10,117.44136,0.61116,87.5,0.05556,0,IN CS. HCR,1,0,0,2
DT3162,6/6/2025 21:41:14,2,0,2,D10,117.44136,0.61116,87.5,0.07593,0,IN CS. HCR,1,0,0,2
DT3162,6/6/2025 21:41:17,2,0,2,D10,117.44137,0.61116,87.5,0.05741,0,IN CS. HCR,1,0,0,2
DT3162,6/6/2025 21:41:21,2,1,1,PRD,117.44137,0.61116,87.6,0.60931,0,IN CS. HCR,1,0,0,2
DT3162,6/6/2025 21:41:23,2,1,1,PRD,117.44137,0.61117,87.9,3.7503,338.98,IN CS. HCR,2,0,0,2
DT3162,6/6/2025 21:41:26,2,1,1,PRD,117.44135,0.61121,88.5,6.12456,341.13,IN CS. HCR,3,5.3,0,2
DT3162,6/6/2025 21:41:29,2,1,1,PRD,117.44133,0.61126,89.4,6.23754,339.74,IN CS. HCR,2,6.4,0,2
DT3162,6/6/2025 21:41:32,2,1,1,PRD,117.44132,0.61129,89.8,6.62275,341.83,IN CS. HCR,2,6.4,0,2
DT3162,6/6/2025 21:41:35,2,1,1,PRD,117.4413,0.61136,90.1,8.21547,345.6,IN CS. HCR,0,6.7,0,2
DT3162,6/6/2025 21:41:38,2,1,1,PRD,117.44128,0.61143,91.3,10.18044,349.67,IN CS. HCR,0,9.4,0,2
DT3162,6/6/2025 21:41:41,2,1,1,PRD,117.44127,0.61151,92,10.56566,348.77,IN CS. HCR,1,11.8,0,2
DT3162,6/6/2025 21:41:44,2,1,1,PRD,117.44125,0.61156,92.5,11.2972,314.35,IN CS. HCR,1,11.6,0,2
DT3162,6/6/2025 21:41:47,2,1,1,PRD,117.44118,0.6116,94.6,5.43932,294.18,JL. RO ELANG 5100,1,13.4,0,2
DT3162,6/6/2025 21:41:50,2,1,1,PRD,117.44115,0.6116,93.5,3.95217,252.42,JL. RO MELATI 5200,1,3.5,0,2
DT3162,6/6/2025 21:41:53,2,1,1,PRD,117.44114,0.61158,92.8,0.31299,0,JL. RO MELATI 5200,15,3.1,0,2
DT3162,6/6/2025 21:41:56,2,1,1,PRD,117.44114,0.61157,92.9,0.10186,0,JL. RO MELATI 5200,0,0,0,1
DT3162,6/6/2025 21:41:59,2,1,1,PRD,117.44114,0.61157,92.8,0.10186,0,JL. RO MELATI 5200,0,0,0,1
DT3162,6/6/2025 21:42:02,2,1,1,PRD,117.44113,0.61157,93.8,0.05741,0,JL. RO MELATI 5200,0,0,0,1
DT3162,6/6/2025 21:42:05,2,1,1,PRD,117.44113,0.61157,94.5,0.05741,0,JL. RO MELATI 5200,0,0,0,1
DT3162,6/6/2025 21:42:08,2,1,1,PRD,117.44113,0.61157,94.7,0.01111,0,JL. RO MELATI 5200,0,0,0,1
DT3162,6/6/2025 21:42:11,2,1,1,PRD,117.44112,0.61157,94.8,0.01296,0,JL. RO MELATI 5200,0,0,0,1
DT3162,6/6/2025 21:42:14,2,1,1,PRD,117.44111,0.61156,94.8,2.46872,254.29,JL. RO MELATI 5200,0,0,0,1
DT3162,6/6/2025 21:42:17,2,1,1,PRD,117.44106,0.61156,94.2,8.43771,276.23,JL. RO MELATI 5200,0,4.2,0,2
DT3162,6/6/2025 21:42:20,2,1,1,PRD,117.44101,0.61157,94.6,11.84724,284.58,JL. RO MELATI 5200,0,10.1,0,2
DT3162,6/6/2025 21:42:23,2,1,1,PRD,117.44092,0.6116,94.5,13.65665,295.8,JL. RO MELATI 5200,3,12.5,0,2
DT3162,6/6/2025 21:42:26,2,1,1,PRD,117.44083,0.61165,94.1,15.0012,307.07,JL. RO MELATI 5200,0,15.3,0,2
DT3162,6/6/2025 21:42:29,2,1,1,PRD,117.44071,0.61177,93.2,17.47362,328.9,JL. RO MELATI 5200,0,15.6,0,2
DT3162,6/6/2025 21:42:32,2,1,1,PRD,117.44068,0.61192,94.3,22.65181,358.07,JL. RO MELATI 5200,0,19.5,0,2
DT3162,6/6/2025 21:42:35,2,1,1,PRD,117.44068,0.61205,95.7,26.1558,0.95,JL. RO MELATI 5200,1,24.5,0,2
DT3162,6/6/2025 21:42:38,2,1,1,PRD,117.44069,0.61226,96.9,28.55228,2.95,JL. RO MELATI 5200,0,27.6,0,2
DT3162,6/6/2025 21:42:41,2,1,1,PRD,117.4407,0.61256,97.3,31.32658,4.27,JL. RO MELATI 5200,0,31.8,0,2
DT3162,6/6/2025 21:42:44,2,1,1,PRD,117.44074,0.61283,97.4,37.36225,13.59,JL. RO MELATI 5200,0,35.1,0,2
DT3162,6/6/2025 21:42:47,2,1,1,PRD,117.4408,0.61302,98.2,40.20322,28.68,JL. RO MELATI 5500,0,39.2,0,2
DT3162,6/6/2025 21:42:50,2,1,1,PRD,117.44096,0.61328,98.4,41.00513,41.45,JL. RO MELATI 5500,0,41.5,0,2
DT3162,6/6/2025 21:42:53,2,1,1,PRD,117.44124,0.6136,98.8,42.0404,42.46,JL. RO MELATI 5500,0,42.9,0,2
DT3162,6/6/2025 21:42:56,2,1,1,PRD,117.44146,0.61384,99.5,43.78313,41.35,JL. RO MELATI 5500,0,44.3,0,2
DT3162,6/6/2025 21:42:59,2,1,1,PRD,117.44165,0.61413,101.7,44.71098,31.5,JL. RO MELATI 5500,0,45.8,0,2
DT3162,6/6/2025 21:43:02,2,1,1,PRD,117.44175,0.61432,103.4,41.91076,21.95,JL. RO MELATI 5500,1,46,0,2
DT3162,6/6/2025 21:43:05,2,1,1,PRD,117.4419,0.61471,107.6,40.29582,17.58,JL. RO MELATI 5500,1,43,0,2
DT3162,6/6/2025 21:43:08,2,1,1,PRD,117.44198,0.61499,110.5,36.53996,15.43,JL. RO MELATI 5600,0,41,0,2
DT3162,6/6/2025 21:43:11,2,1,1,PRD,117.44203,0.61526,112.7,34.84353,9.02,JL. RO MELATI 5600,1,37.1,0,2
DT3162,6/6/2025 21:43:14,2,1,1,PRD,117.44206,0.61543,113.9,31.98774,4.12,JL. RO MELATI 5600,0,35.8,0,2
DT3162,6/6/2025 21:43:17,2,1,1,PRD,117.44206,0.61567,116,28.58747,353.02,JL. RO MELATI 5600,0,32.9,0,2
DT3162,6/6/2025 21:43:20,2,1,1,PRD,117.442,0.61596,118,29.29679,342.38,JL. RO MELATI 5600,1,30.5,0,2
DT3162,6/6/2025 21:43:23,2,1,1,PRD,117.44193,0.61617,118.4,28.4245,336.94,JL. RO MELATI 5600,0,30.4,0,2
DT3162,6/6/2025 21:43:26,2,1,1,PRD,117.44187,0.6163,118.7,29.83757,332.16,JL. RO MELATI 5600,0,30.7,0,2
DT3162,6/6/2025 21:43:29,2,1,1,PRD,117.44176,0.61651,118.5,29.54866,334.06,JL. RO MELATI 5600,0,31.7,0,2
DT3162,6/6/2025 21:43:32,2,1,1,PRD,117.44165,0.61678,117.1,28.94491,340.98,JL. RO MELATI 5900,0,29.1,0,2
DT3162,6/6/2025 21:43:35,2,1,1,PRD,117.4416,0.61698,116.7,25.4224,353.19,JL. RO MELATI 5900,0,27.8,0,2
DT3162,6/6/2025 21:43:38,2,1,1,PRD,117.44159,0.61711,117.3,24.9094,1,JL. RO MELATI 5900,4,25.4,0,2
DT3162,6/6/2025 21:43:41,2,1,1,PRD,117.44159,0.6173,117.8,25.86503,5.65,JL. RO MELATI 5900,0,25.8,0,2
DT3162,6/6/2025 21:43:44,2,1,1,PRD,117.44161,0.61758,118.6,29.00232,7.68,JL. RO MELATI 5900,0,29.1,0,2
DT3162,6/6/2025 21:43:47,2,1,1,PRD,117.44164,0.61781,119.6,29.6357,6.35,JL. RO MELATI 5900,0,30.8,0,2
DT3162,6/6/2025 21:43:50,2,1,1,PRD,117.44166,0.61797,119.5,31.13582,10.49,JL. RO MELATI 5900,0,30.9,0,2
DT3162,6/6/2025 21:43:53,2,1,1,PRD,117.44171,0.6182,119.1,32.21739,17.94,JL. RO MELATI 5900,0,31.8,0,2
DT3162,6/6/2025 21:43:56,2,1,1,PRD,117.44179,0.61843,119.1,33.06561,27.14,JL. RO MELATI 5900,1,33.3,0,2
DT3162,6/6/2025 21:43:59,2,1,1,PRD,117.44195,0.61872,119.4,32.81188,29.8,JL. RO MELATI 5900,0,33.6,0,2
DT3162,6/6/2025 21:44:02,2,1,1,PRD,117.44208,0.61893,120.1,31.30436,31.76,JL. RO MELATI 6100,0,32.5,0,2
DT3162,6/6/2025 21:44:05,2,1,1,PRD,117.44217,0.61906,120.8,31.45066,33.9,JL. RO MELATI 6100,1,31.8,0,2
DT3162,6/6/2025 21:44:08,2,1,1,PRD,117.44231,0.61925,121,31.48956,41.99,JL. RO MELATI 6100,1,31.8,0,2
DT3162,6/6/2025 21:44:11,2,1,1,PRD,117.44253,0.61948,121.1,31.72846,48.45,JL. RO MELATI 6100,0,32.1,0,2
DT3162,6/6/2025 21:44:14,2,1,1,PRD,117.44272,0.61962,120.9,30.39502,55.26,JL. RO MELATI 6100,0,32,0,2
DT3162,6/6/2025 21:44:17,2,1,1,PRD,117.44291,0.61975,121.4,28.73193,58.96,JL. RO MELATI 6100,2,31.1,0,2
DT3162,6/6/2025 21:44:20,2,1,1,PRD,117.44303,0.61982,121.4,27.44664,57.06,JL. RO MELATI 6100,1,29.4,0,2
DT3162,6/6/2025 21:44:23,2,1,1,PRD,117.44326,0.61997,121.6,26.90586,57.17,JL. RO MELATI 6100,1,27,0,2
DT3162,6/6/2025 21:44:26,2,1,1,PRD,117.44344,0.62008,122,26.23728,60.3,JL. RO MELATI 6100,2,27.3,0,2
DT3162,6/6/2025 21:44:29,2,1,1,PRD,117.44355,0.62015,122.2,25.54278,55.99,JL. RO MELATI 6100,0,27.2,0,2
DT3162,6/6/2025 21:44:32,2,1,1,PRD,117.4437,0.62026,123,25.02237,50.43,JL. RO MELATI 6100,0,26.2,0,2
DT3162,6/6/2025 21:44:35,2,1,1,PRD,117.4439,0.62043,123.6,25.33721,47.56,JL. RO MELATI 6400,0,25.7,0,2
DT3162,6/6/2025 21:44:38,2,1,1,PRD,117.44403,0.62057,123.8,26.91326,42.69,JL. RO MELATI 6400,1,26.7,0,2
DT3162,6/6/2025 21:44:41,2,1,1,PRD,117.44413,0.62067,123.7,26.8114,42.13,JL. RO MELATI 6400,0,28.5,0,2
DT3162,6/6/2025 21:44:44,2,1,1,PRD,117.44426,0.62082,123.2,26.41137,40.48,JL. RO MELATI 6400,1,27.2,0,2
DT3162,6/6/2025 21:44:47,2,1,1,PRD,117.44443,0.62103,122.8,27.71333,39.93,JL. RO MELATI 6400,0,27.9,0,2
DT3162,6/6/2025 21:44:50,2,1,1,PRD,117.44457,0.6212,122.3,29.582,38.87,JL. RO MELATI 6400,0,29.7,0,2
DT3162,6/6/2025 21:44:53,2,1,1,PRD,117.44471,0.62138,122.7,28.88935,38.96,JL. RO MELATI 6400,0,30.5,0,2
DT3162,6/6/2025 21:44:56,2,1,1,PRD,117.4448,0.6215,122.2,27.95964,39.7,JL RO CEMPAKA 6500,0,30.3,0,2
DT3162,6/6/2025 21:44:59,2,1,1,PRD,117.44494,0.62166,122.1,29.61533,41.43,JL RO CEMPAKA 6500,2,30.1,0,2
DT3162,6/6/2025 21:45:02,2,1,1,PRD,117.44513,0.62189,121.9,30.10426,37.92,JL RO CEMPAKA 6500,0,31.6,0,2
DT3162,6/6/2025 21:45:05,2,1,1,PRD,117.44528,0.62209,121.5,33.0082,38.04,JL RO CEMPAKA 6500,1,32.8,0,2
DT3162,6/6/2025 21:45:08,2,1,1,PRD,117.44544,0.62228,120.8,34.02309,40.72,JL RO CEMPAKA 6500,0,34.5,0,2
DT3162,6/6/2025 21:45:11,2,1,1,PRD,117.44555,0.62242,120.3,32.84152,38.2,JL RO CEMPAKA 6500,0,33.5,0,2
DT3162,6/6/2025 21:45:14,2,1,1,PRD,117.44575,0.62268,120.2,33.2471,38.65,JL RO CEMPAKA 6500,1,33.5,0,2
DT3162,6/6/2025 21:45:17,2,1,1,PRD,117.44591,0.62289,120.6,33.47675,39.05,JL RO CEMPAKA 6500,2,33.6,0,2
DT3162,6/6/2025 21:45:20,2,1,1,PRD,117.44608,0.62307,120.3,32.29518,42.47,JL RO CEMPAKA 6620,0,32.8,0,2
DT3162,6/6/2025 21:45:23,2,1,1,PRD,117.44618,0.62319,120.1,30.38762,38.13,JL RO CEMPAKA 6620,0,31.9,0,2
DT3162,6/6/2025 21:45:26,2,1,1,PRD,117.44636,0.62344,120.1,30.33761,32.77,JL RO CEMPAKA 6620,2,30.9,0,2
DT3162,6/6/2025 21:45:29,2,1,1,PRD,117.44649,0.62364,119.7,32.17665,34.66,JL RO CEMPAKA 6620,2,32.1,0,2
DT3162,6/6/2025 21:45:32,2,1,1,PRD,117.44664,0.62384,119.9,32.82114,38.08,JL RO CEMPAKA 6700,1,33.1,0,2
DT3162,6/6/2025 21:45:35,2,1,1,PRD,117.44674,0.62396,119.9,30.48392,40.09,JL RO CEMPAKA 6700,1,32,0,2
DT3162,6/6/2025 21:45:38,2,1,1,PRD,117.44693,0.62418,119.2,28.23374,47.55,JL RO CEMPAKA 6700,0,29.9,0,2
DT3162,6/6/2025 21:45:41,2,1,1,PRD,117.44712,0.62432,119.3,31.96922,58.54,JL RO CEMPAKA 6700,0,31.1,0,2
DT3162,6/6/2025 21:45:44,2,1,1,PRD,117.44735,0.62444,118.3,35.48802,61.52,JL RO CEMPAKA 6700,0,34.5,0,2
DT3162,6/6/2025 21:45:47,2,1,1,PRD,117.44751,0.62452,118.2,37.84377,61.93,JL RO CEMPAKA 6900,0,37.9,0,2
DT3162,6/6/2025 21:45:50,2,1,1,PRD,117.44776,0.62465,117,37.53819,60.85,JL RO CEMPAKA 6900,0,38.6,0,2
DT3162,6/6/2025 21:45:53,2,1,1,PRD,117.44809,0.62483,116.6,36.28068,62.31,JL RO CEMPAKA 6900,0,37.5,0,2
DT3162,6/6/2025 21:45:56,2,1,1,PRD,117.44832,0.62497,115.9,35.88065,57.19,JL RO CEMPAKA 6900,0,37.1,0,2
DT3162,6/6/2025 21:45:59,2,1,1,PRD,117.44847,0.62507,116,36.8085,60.5,JL RO CEMPAKA 6900,1,37.8,0,2
DT3162,6/6/2025 21:46:02,2,1,1,PRD,117.44871,0.62522,116.9,36.34735,59.09,JL RO CEMPAKA 6900,1,37.7,0,2
DT3162,6/6/2025 21:46:05,2,1,1,PRD,117.44902,0.62541,117,35.0065,55.99,JL RO CEMPAKA 7100,1,36.4,0,2
DT3162,6/6/2025 21:46:08,2,1,1,PRD,117.44924,0.62556,117.3,33.69714,55.15,JL RO CEMPAKA 7100,2,35.5,0,2
DT3162,6/6/2025 21:46:11,2,1,1,PRD,117.44938,0.62566,116.8,35.71026,55.97,JL RO CEMPAKA 7100,2,35.5,0,2
DT3162,6/6/2025 21:46:14,2,1,1,PRD,117.4496,0.62582,116.1,35.80286,54.67,JL RO CEMPAKA 7100,1,36.9,0,2
DT3162,6/6/2025 21:46:17,2,1,1,PRD,117.44988,0.62603,116.3,34.41016,49.51,JL RO CEMPAKA 7100,0,35.6,0,2
DT3162,6/6/2025 21:46:20,2,1,1,PRD,117.45006,0.62623,117.5,34.65648,41.04,JL RO CEMPAKA 7100,2,36.5,0,2
DT3162,6/6/2025 21:46:23,2,1,1,PRD,117.45024,0.62643,119.2,34.53424,45.83,JL RO CEMPAKA 7100,2,35.8,0,2
DT3162,6/6/2025 21:46:26,2,1,1,PRD,117.45036,0.62655,119.3,31.85255,41.82,JL RO CEMPAKA 7150,1,33.6,0,2
DT3162,6/6/2025 21:46:29,2,1,1,PRD,117.45053,0.62673,119.3,32.20443,42.85,JL RO CEMPAKA 7150,0,33.5,0,2
DT3162,6/6/2025 21:46:33,2,1,1,PRD,117.45074,0.62697,119.4,32.03034,44.7,JL RO ANGGREK 7300,2,33.5,0,2
DT3162,6/6/2025 21:46:35,2,1,1,PRD,117.45086,0.62708,120.2,32.01738,45.67,JL RO ANGGREK 7300,1,33,0,2
DT3162,6/6/2025 21:46:38,2,1,1,PRD,117.45109,0.62731,120.5,32.16739,44.13,JL RO ANGGREK 7300,1,33.6,0,2
DT3162,6/6/2025 21:46:41,2,1,1,PRD,117.45125,0.6275,120.1,34.97872,37.37,JL RO ANGGREK 7300,0,35,0,2
DT3162,6/6/2025 21:46:44,2,1,1,PRD,117.45136,0.62765,119.8,36.28068,35.24,JL RO ANGGREK 7300,1,37,0,2
DT3162,6/6/2025 21:46:47,2,1,1,PRD,117.45152,0.62787,118.9,34.13051,37.4,JL RO ANGGREK 7300,1,35.3,0,2
DT3162,6/6/2025 21:46:50,2,1,1,PRD,117.45168,0.62808,118.7,32.42667,40.53,JL RO ANGGREK 7500,0,33.7,0,2
DT3162,6/6/2025 21:46:53,2,1,1,PRD,117.45188,0.62833,117.6,31.43955,38.3,JL RO ANGGREK 7500,0,31.5,0,2
DT3162,6/6/2025 21:46:56,2,1,1,PRD,117.45204,0.62851,117.4,30.59319,44.52,JL RO ANGGREK 7500,1,31.6,0,2
DT3162,6/6/2025 21:46:59,2,1,1,PRD,117.45214,0.62862,117.3,28.35597,44.08,JL RO ANGGREK 7500,1,31.6,0,2
DT3162,6/6/2025 21:47:02,2,1,1,PRD,117.45229,0.62877,116.7,30.88025,40.71,JL RO ANGGREK 7500,0,31.2,0,2
DT3162,6/6/2025 21:47:05,2,1,1,PRD,117.45249,0.62902,115.6,31.50622,39.21,JL RO ANGGREK 7500,0,32.2,0,2
DT3162,6/6/2025 21:47:08,2,1,1,PRD,117.45265,0.6292,115,31.73772,41.55,JL RO ANGGREK 7600,1,32.2,0,2
DT3162,6/6/2025 21:47:11,2,1,1,PRD,117.45276,0.62932,114.9,31.41733,45.16,JL RO ANGGREK 7600,1,32.2,0,2
DT3162,6/6/2025 21:47:14,2,1,1,PRD,117.45298,0.62954,114.4,31.51919,45.43,JL RO ANGGREK 7600,0,32.3,0,2
DT3162,6/6/2025 21:47:17,2,1,1,PRD,117.45313,0.62971,113.8,28.54117,43.42,JL RO ANGGREK 7600,0,30.4,0,2
DT3162,6/6/2025 21:47:20,2,1,1,PRD,117.45328,0.62987,113.4,28.32634,41.78,JL RO ANGGREK 7600,0,29.6,0,2
DT3162,6/6/2025 21:47:23,2,1,1,PRD,117.45337,0.62999,113.3,27.93186,33,JL RO ANGGREK 7600,1,29.9,0,2
DT3162,6/6/2025 21:47:26,2,1,1,PRD,117.45348,0.63017,113.5,28.35597,31.91,JL. RO ANGGREK 03,1,29.4,0,2
DT3162,6/6/2025 21:47:29,2,1,1,PRD,117.45363,0.6304,113.8,27.2244,32.82,JL. RO SAKURA 7700C,1,29,0,2
DT3162,6/6/2025 21:47:32,2,1,1,PRD,117.45377,0.63055,114.5,25.71687,51.72,JL. RO SAKURA 7700C,2,26.2,0,2
DT3162,6/6/2025 21:47:35,2,1,1,PRD,117.45388,0.63062,114.7,26.77066,74.48,JL. RO SAKURA 7700C,0,26.3,0,2
DT3162,6/6/2025 21:47:38,2,1,1,PRD,117.45408,0.63065,116.1,26.90586,108.25,JL. RO SAKURA 7700C,0,25.8,0,2
DT3162,6/6/2025 21:47:41,2,1,1,PRD,117.45432,0.63051,116.9,28.70044,131.48,JL RO SAKURA 7900,1,29.2,0,2
DT3162,6/6/2025 21:47:44,2,1,1,PRD,117.45448,0.63034,117.2,30.83395,135.66,JL RO SAKURA 7900,1,31.4,0,2
DT3162,6/6/2025 21:47:47,2,1,1,PRD,117.45465,0.63017,117.5,32.60631,130.62,JL RO SAKURA 7900,2,33.5,0,2
DT3162,6/6/2025 21:47:50,2,1,1,PRD,117.45478,0.63006,118,35.70286,126.1,JL RO SAKURA 7900,1,36.3,0,2
DT3162,6/6/2025 21:47:53,2,1,1,PRD,117.45501,0.6299,118.9,36.37698,122.11,JL RO SAKURA 7900,1,37.7,0,2
DT3162,6/6/2025 21:47:56,2,1,1,PRD,117.45532,0.62971,119,35.90287,118.19,JL RO SAKURA 7900,1,37.1,0,2
DT3162,6/6/2025 21:47:59,2,1,1,PRD,117.45548,0.62963,119.1,35.94917,115.82,JL RO SAKURA 7900,0,36.1,0,2
DT3162,6/6/2025 21:48:02,2,1,1,PRD,117.45573,0.62952,120.1,36.16586,115.93,JL RO SAKURA  8100,1,36.8,0,2
DT3162,6/6/2025 21:48:05,2,1,1,PRD,117.45597,0.62939,120.4,38.1938,116.09,JL RO SAKURA  8100,0,38.3,0,2
DT3162,6/6/2025 21:48:08,2,1,1,PRD,117.45633,0.62922,121.2,39.24018,117.18,JL RO SAKURA  8100,1,40.2,0,2
DT3162,6/6/2025 21:48:11,2,1,1,PRD,117.45651,0.62913,121.3,39.93653,113,JL RO SAKURA  8100,1,40.6,0,2
DT3162,6/6/2025 21:48:14,2,1,1,PRD,117.45678,0.62902,121.5,40.0921,106.76,JL RO SAKURA  8100,1,40.6,0,2
DT3162,6/6/2025 21:48:17,2,1,1,PRD,117.45707,0.62894,122,40.19766,101.69,JL RO SAKURA 8200,1,41.4,0,2
DT3162,6/6/2025 21:48:20,2,1,1,PRD,117.45748,0.62887,122.3,41.3422,99.57,JL RO SAKURA 8200,1,41.9,0,2
DT3162,6/6/2025 21:48:23,2,1,1,PRD,117.45779,0.62882,122.9,41.3922,97.87,JL RO SAKURA 8200,0,42.4,0,2
DT3162,6/6/2025 21:48:26,2,1,1,PRD,117.45799,0.62879,123.1,41.43294,96.67,JL RO SAKURA 8200,0,42.2,0,2
DT3162,6/6/2025 21:48:29,2,1,1,PRD,117.4583,0.62876,122.8,41.64407,96.08,JL RO SAKURA 8200,0,42.4,0,2
DT3162,6/6/2025 21:48:32,2,1,1,PRD,117.45872,0.62871,123.2,41.08477,98.33,JL RO SAKURA 8200,0,41.7,0,2
DT3162,6/6/2025 21:48:35,2,1,1,PRD,117.45901,0.62865,124.5,38.37529,101.54,JL RO SAKURA 8300,1,39.7,0,2
DT3162,6/6/2025 21:48:38,2,1,1,PRD,117.45919,0.62862,125.2,37.42151,102.04,JL RO SAKURA 8300,0,39.7,0,2
DT3162,6/6/2025 21:48:41,2,1,1,PRD,117.45946,0.62855,125.7,37.11593,103.89,JL RO SAKURA 8300,0,38.6,0,2
DT3162,6/6/2025 21:48:44,2,1,1,PRD,117.45983,0.62846,127.6,39.15684,104.2,JL RO SAKURA 8400,1,38.1,0,2
DT3162,6/6/2025 21:48:47,2,1,1,PRD,117.46011,0.62838,129.3,37.26409,107.51,JL RO SAKURA 8400,0,40.2,0,2
DT3162,6/6/2025 21:48:50,2,1,1,PRD,117.46028,0.62833,130.3,35.24541,111.02,JL RO SAKURA 8400,1,38.8,0,2
DT3162,6/6/2025 21:48:53,2,1,1,PRD,117.46053,0.62822,131.3,34.87316,122.62,JL RO SAKURA 8600,0,36,0,2
DT3162,6/6/2025 21:48:56,2,1,1,PRD,117.46079,0.62802,130.6,31.59327,131.48,JL RO SAKURA 8600,0,35,0,2
DT3162,6/6/2025 21:48:59,2,1,1,PRD,117.46096,0.62786,130.8,30.67282,134.48,JL RO SAKURA 8600,0,31.9,0,2
DT3162,6/6/2025 21:49:02,2,1,1,PRD,117.46107,0.62775,130.5,31.35621,137.46,JL RO SAKURA 8600,3,31.4,0,2
DT3162,6/6/2025 21:49:05,2,1,1,PRD,117.46127,0.62751,130.1,31.30806,142.96,JL RO SAKURA 8600,1,31.9,0,2
DT3162,6/6/2025 21:49:08,2,1,1,PRD,117.46141,0.62732,129.2,29.48199,143.39,JL RO SAKURA 8600,0,32.2,0,2
DT3162,6/6/2025 21:49:11,2,1,1,PRD,117.4615,0.62721,128,28.9801,141.61,JL RO SAKURA 8600,0,29.9,0,2
DT3162,6/6/2025 21:49:14,2,1,1,PRD,117.46163,0.62703,126.2,28.80971,137.03,JL RO SAKURA 8600,0,29.6,0,2
DT3162,6/6/2025 21:49:17,2,1,1,PRD,117.46186,0.62685,124.9,29.93758,117.17,JL RO SAKURA 8800C,0,29.8,0,2
DT3162,6/6/2025 21:49:20,2,1,1,PRD,117.46207,0.6268,125.1,28.65414,91.49,JL RO SAKURA 8800C,0,30.8,0,2
DT3162,6/6/2025 21:49:23,2,1,1,PRD,117.46221,0.62682,125.5,29.2616,66.35,JL RO SAKURA 8800C,4,31.7,0,2
DT3162,6/6/2025 21:49:26,2,1,1,PRD,117.46249,0.62695,125.7,31.56549,64.79,JL RO SAKURA 8800C,0,31.3,0,2
DT3162,6/6/2025 21:49:29,2,1,1,PRD,117.46263,0.62702,126.1,31.61549,65.88,JL RO SAKURA 8800C,1,32.1,0,2
DT3162,6/6/2025 21:49:32,2,1,1,PRD,117.46285,0.62712,126.5,32.06553,65.86,JL RO SAKURA 8800C,1,32.6,0,2
DT3162,6/6/2025 21:49:35,2,1,1,PRD,117.46315,0.62726,127.7,33.68603,65.46,JL RO SAKURA 8800C,1,32.7,0,2
DT3162,6/6/2025 21:49:38,2,1,1,PRD,117.46331,0.62733,128.6,35.43432,66.91,JL RO SAKURA 8800C,0,34.1,0,2
DT3162,6/6/2025 21:49:41,2,1,1,PRD,117.46364,0.62748,129.8,35.74175,67.01,JL RO SAKURA 9000,1,36.7,0,2
DT3162,6/6/2025 21:49:44,2,1,1,PRD,117.46389,0.62758,131.2,35.36024,69.15,JL RO SAKURA 9000,0,37.2,0,2
DT3162,6/6/2025 21:49:47,2,1,1,PRD,117.46406,0.62765,131.6,34.98058,67.56,JL RO SAKURA 9000,0,36.7,0,2
DT3162,6/6/2025 21:49:50,2,1,1,PRD,117.4643,0.62776,133.3,34.94539,67.61,JL RO SAKURA 9000,1,35.8,0,2
DT3162,6/6/2025 21:49:53,2,1,1,PRD,117.46462,0.62788,135.2,32.49149,70.55,JL RO SAKURA 9000,1,35.9,0,2
DT3162,6/6/2025 21:49:56,2,1,1,PRD,117.46486,0.62798,137.3,33.58602,67.98,JL RO SAKURA 9000,1,34.7,0,2
DT3162,6/6/2025 21:49:59,2,1,1,PRD,117.46509,0.62808,139.1,32.94338,67.71,JL RO SAKURA 9200,1,34.6,0,2
DT3162,6/6/2025 21:50:02,2,1,1,PRD,117.46525,0.62815,139.8,34.12866,67.13,JL RO SAKURA 9200,1,34.3,0,2
DT3162,6/6/2025 21:50:05,2,1,1,PRD,117.46548,0.62825,141.3,32.83411,65.1,JL RO SAKURA 9200,0,35.3,0,2
DT3162,6/6/2025 21:50:08,2,1,1,PRD,117.46579,0.62838,143,34.64351,66.3,JL RO SAKURA 9200,0,35,0,2
DT3162,6/6/2025 21:50:11,2,1,1,PRD,117.46603,0.62849,143.4,35.0528,64.35,JL RO SAKURA 9200,0,35.5,0,2
DT3162,6/6/2025 21:50:14,2,1,1,PRD,117.46619,0.62857,144.5,35.4195,65.02,JL RO SAKURA 9200,0,36.7,0,2
DT3162,6/6/2025 21:50:17,2,1,1,PRD,117.46644,0.62869,145,35.74545,64.87,JL RO SAKURA 9200,1,37,0,2
DT3162,6/6/2025 21:50:20,2,1,1,PRD,117.46677,0.62885,146,34.77315,64.2,JL RO SAKURA 9400,1,36.7,0,2
DT3162,6/6/2025 21:50:23,2,1,1,PRD,117.467,0.62896,146,32.32851,67.58,JL RO SAKURA 9400,0,35.8,0,2
DT3162,6/6/2025 21:50:26,2,1,1,PRD,117.46715,0.62902,145.9,32.873,65.54,JL RO SAKURA 9400,0,33.6,0,2
DT3162,6/6/2025 21:50:29,2,1,1,PRD,117.46738,0.62913,147.3,33.01931,67.7,JL RO SAKURA 9400,0,33.8,0,2
DT3162,6/6/2025 21:50:32,2,1,1,PRD,117.46769,0.62925,147.6,33.04153,70.92,JL RO SAKURA 9400,0,34.1,0,2
DT3162,6/6/2025 21:50:35,2,1,1,PRD,117.46791,0.62933,147.9,32.35074,70.77,JL RO SAKURA 9400,1,33.8,0,2
DT3162,6/6/2025 21:50:38,2,1,1,PRD,117.46815,0.62943,150,33.74714,68.8,JL RO SAKURA 9400,1,34.1,0,2
DT3162,6/6/2025 21:50:41,2,1,1,PRD,117.46831,0.62949,150.3,32.43593,71.61,JL RO SAKURA 9400,0,34.9,0,2
DT3162,6/6/2025 21:50:44,2,1,1,PRD,117.46862,0.62961,150.6,31.04693,67.43,JL RO SAKURA 9400,0,35.1,0,2
DT3162,6/6/2025 21:50:47,2,1,1,PRD,117.46884,0.62971,151.7,31.20435,68.46,JL RO SAKURA 9400,0,34.6,0,2
DT3162,6/6/2025 21:50:50,2,1,1,PRD,117.46906,0.62979,152.1,29.62459,68.17,JL RO SAKURA 9600,2,32.4,0,2
DT3162,6/6/2025 21:50:53,2,1,1,PRD,117.4692,0.62985,151.9,28.20781,67.3,JL RO SAKURA 9600,0,30.7,0,2
DT3162,6/6/2025 21:50:56,2,1,1,PRD,117.4694,0.62993,151.3,29.56718,67.18,JL RO SAKURA 9600,0,29.7,0,2
DT3162,6/6/2025 21:50:59,2,1,1,PRD,117.46969,0.63005,149.1,31.1136,66.29,JL RO SAKURA 9600,0,30.7,0,2
DT3162,6/6/2025 21:51:02,2,1,1,PRD,117.4699,0.63016,148.9,30.24872,62.29,JL RO SAKURA 9600,0,33.5,0,2
DT3162,6/6/2025 21:51:05,2,1,1,PRD,117.47008,0.63028,147.5,29.32827,51.42,JL RO SAKURA 9600C,1,31.5,0,2
DT3162,6/6/2025 21:51:08,2,1,1,PRD,117.47019,0.63038,145.6,26.85585,43.11,JL RO SAKURA 9600C,1,30.8,0,2
DT3162,6/6/2025 21:51:11,2,1,1,PRD,117.47032,0.63055,143.1,28.99306,20.31,JL RO SAKURA 9600C,1,31,0,2
DT3162,6/6/2025 21:51:14,2,1,1,PRD,117.4704,0.63085,140,32.5915,5.08,JL RO SAKURA 9600C,2,31,0,2
DT3162,6/6/2025 21:51:17,2,1,1,PRD,117.4704,0.63102,138.2,34.8639,358.15,JL RO SAKURA 9600C,1,34.3,0,2
DT3162,6/6/2025 21:51:20,2,1,1,PRD,117.47039,0.63137,136.6,35.71397,357.98,JL RO SAKURA 9800,1,35.9,0,2
DT3162,6/6/2025 21:51:23,2,1,1,PRD,117.47037,0.63165,135.1,36.26031,358.02,JL RO SAKURA 9800,2,36.5,0,2
DT3162,6/6/2025 21:51:26,2,1,1,PRD,117.47037,0.63183,134.3,36.7196,358.91,JL RO SAKURA 9800,1,36.1,0,2
DT3162,6/6/2025 21:51:29,2,1,1,PRD,117.47037,0.63211,132.9,37.41966,0.06,JL RO SAKURA 9800,1,37.6,0,2
DT3162,6/6/2025 21:51:32,2,1,1,PRD,117.47036,0.63249,132.5,37.28446,0.66,JL RO SAKURA 9800,1,37.7,0,2
DT3162,6/6/2025 21:51:35,2,1,1,PRD,117.47036,0.63277,132.3,37.33076,0.39,JL RO SAKURA 9800,1,37.7,0,2
DT3162,6/6/2025 21:51:38,2,1,1,PRD,117.47036,0.63296,131.9,37.61597,1.19,JL RO SAKURA 9800,1,37.9,0,2
DT3162,6/6/2025 21:51:41,2,1,1,PRD,117.47036,0.63324,131.5,37.82895,1.18,JL RO SAKURA 9800,1,38.2,0,2
DT3162,6/6/2025 21:51:44,2,1,1,PRD,117.47037,0.63362,131.1,36.54737,359.97,JL RO SAKURA 10000,0,38.3,0,2
DT3162,6/6/2025 21:51:47,2,1,1,PRD,117.47036,0.6339,130.5,35.82324,357.94,JL RO SAKURA 10000,1,37.6,0,2
DT3162,6/6/2025 21:51:50,2,1,1,PRD,117.47035,0.63408,130.5,34.04902,356.14,JL RO SAKURA 10000,0,36.7,0,2
DT3162,6/6/2025 21:51:53,2,1,1,PRD,117.47033,0.63433,131.2,33.82493,355.88,JL RO SAKURA 10000,1,35.5,0,2
DT3162,6/6/2025 21:51:56,2,1,1,PRD,117.4703,0.63468,131.7,34.83797,355.52,JL RO SAKURA 10000,1,34.4,0,2
DT3162,6/6/2025 21:51:59,2,1,1,PRD,117.47028,0.63495,132,36.27142,354.77,JL RO SAKURA 10000,0,35.5,0,2
DT3162,6/6/2025 21:52:02,2,1,1,PRD,117.47026,0.63522,131.5,36.68256,353.53,JL RO SAKURA 10000,0,37.3,0,2
DT3162,6/6/2025 21:52:05,2,1,1,PRD,117.47023,0.6354,130.9,37.23816,351.11,JL. RO SAKURA 10200,0,37.4,0,2
DT3162,6/6/2025 21:52:08,2,1,1,PRD,117.47019,0.63568,131,37.0863,351.04,JL. RO SAKURA 10200,0,37.6,0,2
DT3162,6/6/2025 21:52:11,2,1,1,PRD,117.47013,0.63605,130.5,36.47329,349.53,JL. RO SAKURA 10200,0,37.6,0,2
DT3162,6/6/2025 21:52:14,2,1,1,PRD,117.47009,0.63632,131.2,36.53996,351.4,JL. RO SAKURA 10200,1,37.6,0,2
DT3162,6/6/2025 21:52:17,2,1,1,PRD,117.47007,0.6365,132.1,36.10289,350.9,JL. RO SAKURA 10200,2,37.6,0,2
DT3162,6/6/2025 21:52:20,2,1,1,PRD,117.47002,0.63677,133,36.16956,348.14,JL. RO SAKURA 10200,1,36.7,0,2
DT3162,6/6/2025 21:52:23,2,1,1,PRD,117.46994,0.63713,133.4,35.98621,346.29,JL. RO SAKURA 10400,0,36.7,0,2
DT3162,6/6/2025 21:52:26,2,1,1,PRD,117.46987,0.63739,133.6,36.15845,343.45,JL. RO SAKURA 10400,0,36.8,0,2
DT3162,6/6/2025 21:52:29,2,1,1,PRD,117.46982,0.63756,133,35.87509,343.67,JL. RO SAKURA 10400,0,36.6,0,2
DT3162,6/6/2025 21:52:32,2,1,1,PRD,117.46975,0.63782,133.4,35.30653,343.42,JL. RO SAKURA 10400,1,36.2,0,2
DT3162,6/6/2025 21:52:35,2,1,1,PRD,117.46965,0.63816,132.3,35.42691,344.22,JL. RO SAKURA 10400,1,35.9,0,2
DT3162,6/6/2025 21:52:38,2,1,1,PRD,117.46957,0.63842,130.5,35.0491,339.04,JL. RO SAKURA 10400,0,36.1,0,2
DT3162,6/6/2025 21:52:41,2,1,1,PRD,117.4695,0.63858,130.7,33.41564,330.43,JL. RO SAKURA 10400,0,35.9,0,2
DT3162,6/6/2025 21:52:44,2,1,1,PRD,117.46936,0.63879,130.5,32.36926,318,JL. RO SAKURA 10500,0,34.7,0,2
DT3162,6/6/2025 21:52:47,2,1,1,PRD,117.46913,0.63901,129.6,33.41008,307,JL. RO TULIP 10700,2,33.8,0,2
DT3162,6/6/2025 21:52:50,2,1,1,PRD,117.46892,0.63916,130.2,34.41201,305.05,JL. RO TULIP 10700,0,35,0,2
DT3162,6/6/2025 21:52:53,2,1,1,PRD,117.46878,0.63925,131.1,34.2157,306.51,JL. RO TULIP 10700,0,35.1,0,2
DT3162,6/6/2025 21:52:56,2,1,1,PRD,117.46858,0.6394,131.7,33.47305,306.62,JL. RO TULIP 10700,0,34.7,0,2
DT3162,6/6/2025 21:52:59,2,1,1,PRD,117.46838,0.63955,132.7,31.60623,307.62,JL. RO TULIP 10700,0,33.4,0,2
DT3162,6/6/2025 21:53:02,2,1,1,PRD,117.46812,0.63973,133.2,32.0359,303.09,JL. RO TULIP 10700,0,32.1,0,2
DT3162,6/6/2025 21:53:05,2,1,1,PRD,117.46792,0.63987,133.2,31.86551,306.56,JL. RO TULIP 10700,0,33.4,0,2
DT3162,6/6/2025 21:53:08,2,1,1,PRD,117.46779,0.63996,133.3,30.94692,306.28,JL. RO TULIP 10700,0,32.2,0,2
DT3162,6/6/2025 21:53:11,2,1,1,PRD,117.4676,0.6401,131.5,29.37828,307.86,JL. RO TULIP 10700,0,30.6,0,2
DT3162,6/6/2025 21:53:14,2,1,1,PRD,117.46736,0.64028,130.6,29.27827,302.97,JL. RO TULIP 10700,0,28.5,0,2
DT3162,6/6/2025 21:53:17,2,1,1,PRD,117.46718,0.6404,129.1,28.7097,304.38,JL. RO TULIP  10900,0,29.2,0,2
DT3162,6/6/2025 21:53:20,2,1,1,PRD,117.46707,0.64048,128.4,28.11336,306.07,JL. RO TULIP  10900,0,28.3,0,2
DT3162,6/6/2025 21:53:23,2,1,1,PRD,117.46689,0.64061,126.7,29.09862,308.8,JL. RO TULIP  10900,0,28.3,0,2
DT3162,6/6/2025 21:53:26,2,1,1,PRD,117.46666,0.64079,125.7,29.91536,308.49,JL. RO TULIP  10900,0,29.4,0,2
DT3162,6/6/2025 21:53:29,2,1,1,PRD,117.46649,0.64094,124.4,30.22649,311.55,JL. RO TULIP  10900,0,30.4,0,2
DT3162,6/6/2025 21:53:32,2,1,1,PRD,117.46638,0.64105,123.1,29.37087,314.34,JL. RO TULIP  10900,3,30.4,0,2
DT3162,6/6/2025 21:53:35,2,1,1,PRD,117.46622,0.6412,120.7,30.25242,315.1,JL. RO TULIP  10900,3,30.1,0,2
DT3162,6/6/2025 21:53:38,2,1,1,PRD,117.46605,0.64137,117.7,30.68949,313.35,JL. RO TULIP  10900,3,30.9,0,2
DT3162,6/6/2025 21:53:41,2,1,1,PRD,117.46583,0.64158,114.2,30.33576,316.02,JL. RO TULIP  10900,3,30.8,0,2
DT3162,6/6/2025 21:53:44,2,1,1,PRD,117.46567,0.64175,113.1,30.9747,317.43,JL. RO TULIP  10900,3,31.2,0,2
DT3162,6/6/2025 21:53:47,2,1,1,PRD,117.46557,0.64187,112,30.84876,316.71,JL. RO TULIP  10900,3,31.1,0,2
DT3162,6/6/2025 21:53:50,2,1,1,PRD,117.4654,0.64204,109.3,31.79699,314.04,JL. RO TULIP  10900,3,31.8,0,2
DT3162,6/6/2025 21:53:53,2,1,1,PRD,117.46516,0.64225,106.7,31.12286,308.89,JL. RO TULIP 11100,3,32.5,0,2
DT3162,6/6/2025 21:53:56,2,1,1,PRD,117.46504,0.64234,105.6,30.72653,302.95,JL. RO TULIP 11100,3,31.6,0,2
DT3162,6/6/2025 21:53:59,2,1,1,PRD,117.46484,0.64246,104.3,31.25435,300.45,JL. RO TULIP 11100,3,31.4,0,2
DT3162,6/6/2025 21:54:02,2,1,1,PRD,117.46459,0.64264,102,32.81003,313.32,JL. RO TULIP 11100,3,32,0,2
DT3162,6/6/2025 21:54:05,2,1,1,PRD,117.46449,0.64278,101.1,32.1322,340.21,JL. RO TULIP 11300,3,32.2,0,2
DT3162,6/6/2025 21:54:08,2,1,1,PRD,117.46443,0.64309,99.2,28.86527,358.65,JL. RO TULIP 11300,3,30.5,0,2
DT3162,6/6/2025 21:54:11,2,1,1,PRD,117.46443,0.6433,95.9,28.14484,0.77,JL. RO TULIP 11300,3,28.5,0,2
DT3162,6/6/2025 21:54:14,2,1,1,PRD,117.46444,0.64352,93.1,28.44857,359.54,JL. RO TULIP 11300,3,28.4,0,2
DT3162,6/6/2025 21:54:17,2,1,1,PRD,117.46444,0.64366,91.7,28.54302,359.31,JL. RO TULIP 11500,3,28.9,0,2
DT3162,6/6/2025 21:54:20,2,1,1,PRD,117.46444,0.64388,90.3,28.62822,359.63,JL. RO TULIP 11500,3,29.2,0,2
DT3162,6/6/2025 21:54:23,2,1,1,PRD,117.46443,0.64416,89.4,28.7486,357.26,JL. RO TULIP 11500,3,28.4,0,2
DT3162,6/6/2025 21:54:26,2,1,1,PRD,117.46442,0.64439,88.2,30.7395,0.16,JL. RO TULIP 11500,0,29.9,0,2
DT3162,6/6/2025 21:54:29,2,1,1,PRD,117.46441,0.64454,87.1,29.77275,358.05,JL. RO TULIP 11500,0,30.5,0,2
DT3162,6/6/2025 21:54:32,2,1,1,PRD,117.4644,0.64477,86,30.51911,356.35,JL. RO TULIP 11500,0,29.9,0,2
DT3162,6/6/2025 21:54:35,2,1,1,PRD,117.46439,0.64508,84.3,32.30999,359.25,JL. RO TULIP 11500,0,31.2,0,2
DT3162,6/6/2025 21:54:38,2,1,1,PRD,117.46438,0.64533,82.3,33.82308,354.88,JL. RO TULIP 11500,0,32.5,0,2
DT3162,6/6/2025 21:54:41,2,1,1,PRD,117.46436,0.6455,81.2,36.55292,354.15,JL. RO TULIP 11500,0,36,0,2
DT3162,6/6/2025 21:54:44,2,1,1,PRD,117.46433,0.64579,78.5,37.40299,355.68,JL. RO TULIP 11500,1,37.7,0,2
DT3162,6/6/2025 21:54:47,2,1,1,PRD,117.4643,0.64616,74.5,37.20298,356.54,JL. RO TULIP 11500,1,37.7,0,2
DT3162,6/6/2025 21:54:50,2,1,1,PRD,117.46428,0.64644,72.9,35.71952,355.75,JL. RO TULIP 11500,1,36.9,0,2
DT3162,6/6/2025 21:54:53,2,1,1,PRD,117.46426,0.64661,71.6,35.8788,354.76,JL. RO TULIP 11700,1,36.1,0,2
DT3162,6/6/2025 21:54:56,2,1,1,PRD,117.46423,0.64688,68.9,34.96946,353.56,JL. RO TULIP 11700,1,36.1,0,2
DT3162,6/6/2025 21:54:59,2,1,1,PRD,117.46419,0.64715,66.7,35.14911,349.56,JL. RO TULIP 11700,0,36.1,0,2
DT3162,6/6/2025 21:55:02,2,1,1,PRD,117.46413,0.64749,67,33.46564,349.32,JL. RO TULIP 11700,1,34.8,0,2
DT3162,6/6/2025 21:55:05,2,1,1,PRD,117.46408,0.64774,67.8,33.04338,347.82,JL. RO TULIP 11700,1,33.7,0,2
DT3162,6/6/2025 21:55:08,2,1,1,PRD,117.46404,0.64791,68.1,34.73796,346.95,JL. RO TULIP 11700,0,35.1,0,2
DT3162,6/6/2025 21:55:11,2,1,1,PRD,117.46398,0.64817,68.2,34.79723,347.12,JL. RO TULIP 11700,0,35.8,0,2
DT3162,6/6/2025 21:55:14,2,1,1,PRD,117.4639,0.64851,70.1,34.67129,348.71,JL. RO TULIP 11900,1,36.2,0,2
DT3162,6/6/2025 21:55:17,2,1,1,PRD,117.46385,0.64877,71.8,34.81575,350.19,JL. RO TULIP 11900,1,35.9,0,2
DT3162,6/6/2025 21:55:20,2,1,1,PRD,117.46383,0.64894,71.6,34.65462,355.54,JL. RO TULIP 11900,1,35.1,0,2
DT3162,6/6/2025 21:55:23,2,1,1,PRD,117.46382,0.64921,71.6,34.58054,359.75,JL. RO TULIP 11900,0,34.8,0,2
DT3162,6/6/2025 21:55:26,2,1,1,PRD,117.46383,0.64956,70.7,34.74537,4.17,JL. RO TULIP 11900,0,35,0,2
DT3162,6/6/2025 21:55:29,2,1,1,PRD,117.46384,0.64982,70.9,34.75648,2.95,JL. RO TULIP 11900,1,35.7,0,2
DT3162,6/6/2025 21:55:32,2,1,1,PRD,117.46386,0.65,70.8,36.64552,10.84,JL. RO TULIP 11900,0,35.5,0,2
DT3162,6/6/2025 21:55:35,2,1,1,PRD,117.46391,0.65028,69,38.16416,11.52,JL. RO TULIP 12100,0,38.3,0,2
DT3162,6/6/2025 21:55:38,2,1,1,PRD,117.46398,0.65066,68.4,37.57708,11.49,JL. RO TULIP 12100,1,38.1,0,2
DT3162,6/6/2025 21:55:41,2,1,1,PRD,117.46404,0.65092,68.7,35.40839,14.62,JL. RO TULIP 12100,1,37.1,0,2
DT3162,6/6/2025 21:55:44,2,1,1,PRD,117.46409,0.65109,68.7,34.09162,16.44,JL. RO TULIP 12100,0,35.5,0,2
DT3162,6/6/2025 21:55:47,2,1,1,PRD,117.46415,0.65134,68.8,33.30081,13.78,JL. RO TULIP 12100,0,34.4,0,2
DT3162,6/6/2025 21:55:50,2,1,1,PRD,117.46424,0.65166,68.5,32.09331,20.94,JL. RO TULIP 12100,0,33.8,0,2
DT3162,6/6/2025 21:55:53,2,1,1,PRD,117.46433,0.65189,68.8,33.97309,21.65,JL. RO TULIP 12100,0,34.1,0,2
DT3162,6/6/2025 21:55:56,2,1,1,PRD,117.46441,0.65206,68.9,37.19186,37.09,JL. RO JUANDA 12300,1,36.8,0,2
DT3162,6/6/2025 21:55:59,2,1,1,PRD,117.46459,0.65227,70.1,36.00844,48.13,JL. RO JUANDA 12300,0,36.9,0,2
DT3162,6/6/2025 21:56:02,2,1,1,PRD,117.46487,0.65249,71.1,35.25282,54.25,JL. RO JUANDA 12300,0,36.4,0,2
DT3162,6/6/2025 21:56:05,2,1,1,PRD,117.46509,0.65264,72.5,35.08984,58,JL. RO JUANDA 12300,0,36,0,2
DT3162,6/6/2025 21:56:08,2,1,1,PRD,117.46524,0.65273,73.6,35.3269,56.65,JL. RO JUANDA 12300,0,35.9,0,2
DT3162,6/6/2025 21:56:11,2,1,1,PRD,117.46547,0.65288,74.9,36.33439,56.91,JL. RO JUANDA 12300,0,37,0,2
DT3162,6/6/2025 21:56:14,2,1,1,PRD,117.46579,0.65308,77.2,37.78821,59.17,JL. RO JUANDA 12300,1,37.9,0,2
DT3162,6/6/2025 21:56:17,2,1,1,PRD,117.46604,0.65323,79.5,38.12157,64,JL. RO JUANDA 12500,0,39.1,0,2
DT3162,6/6/2025 21:56:20,2,1,1,PRD,117.46622,0.6533,80,36.61404,72.73,JL. RO JUANDA 12500,0,38,0,2
DT3162,6/6/2025 21:56:23,2,1,1,PRD,117.46648,0.65338,82.2,34.04902,72.46,JL. RO JUANDA 12500,0,36,0,2
DT3162,6/6/2025 21:56:26,2,1,1,PRD,117.46681,0.65348,83.9,32.99338,75.17,JL. RO JUANDA 12500,0,34.5,0,2
DT3162,6/6/2025 21:56:29,2,1,1,PRD,117.46705,0.65354,86,32.823,76.08,JL. RO JUANDA 12500,1,34.1,0,2
DT3162,6/6/2025 21:56:32,2,1,1,PRD,117.46729,0.6536,88.7,32.14331,74.79,JL. RO JUANDA 12500,1,33.7,0,2
DT3162,6/6/2025 21:56:35,2,1,1,PRD,117.46744,0.65365,90.4,31.86736,69.62,JL. RO JUANDA 12500,0,33.5,0,2
DT3162,6/6/2025 21:56:38,2,1,1,PRD,117.46766,0.65374,92.7,31.06915,61.1,JL. RO JUANDA 12700,1,33,0,2
DT3162,6/6/2025 21:56:41,2,1,1,PRD,117.46791,0.65392,95.3,28.43561,42.48,JL. RO JUANDA 12700,0,32.2,0,2
DT3162,6/6/2025 21:56:44,2,1,1,PRD,117.46804,0.65409,96.5,29.57829,34.67,JL. RO JUANDA 12700,1,30.7,0,2
DT3162,6/6/2025 21:56:47,2,1,1,PRD,117.46812,0.65422,96.9,30.7932,24.05,JL. RO JUANDA 12700,1,32.8,0,2
DT3162,6/6/2025 21:56:50,2,1,1,PRD,117.46821,0.65444,97.1,33.20821,20.55,JL. RO JUANDA 12700,0,33.4,0,2
DT3162,6/6/2025 21:56:53,2,1,1,PRD,117.46831,0.65476,98.8,33.60639,17.11,JL. RO JUANDA 12700,1,35.6,0,2
DT3162,6/6/2025 21:56:56,2,1,1,PRD,117.46838,0.655,100.9,34.73796,16.4,JL. RO JUANDA 12700,1,35.6,0,2
DT3162,6/6/2025 21:56:59,2,1,1,PRD,117.46844,0.65517,101.3,33.68232,19.37,JL. RO JUANDA 12900,0,36,0,2
DT3162,6/6/2025 21:57:02,2,1,1,PRD,117.46852,0.65541,102.1,33.78974,18.61,JL. RO JUANDA 12900,0,35.3,0,2
DT3162,6/6/2025 21:57:05,2,1,1,PRD,117.4686,0.65566,101.8,34.29348,18.34,JL. RO JUANDA 12900,0,35.5,0,2
DT3162,6/6/2025 21:57:08,2,1,1,PRD,117.4687,0.65599,102.1,33.99716,17.06,JL. RO JUANDA 12900,0,34.3,0,2
DT3162,6/6/2025 21:57:11,2,1,1,PRD,117.46876,0.65624,101.4,34.22496,16.07,JL. RO JUANDA 12900,0,34.8,0,2
DT3162,6/6/2025 21:57:14,2,1,1,PRD,117.46881,0.6564,101.1,32.58964,16.73,JL. RO JUANDA 12900,0,33.5,0,2
DT3162,6/6/2025 21:57:17,2,1,1,PRD,117.46888,0.65663,100.8,33.22488,17.17,JL. RO JUANDA 12900,1,33,0,2
DT3162,6/6/2025 21:57:20,2,1,1,PRD,117.46898,0.65696,99.9,34.48794,17.94,JL. RO JUANDA 13100,1,35.1,0,2
DT3162,6/6/2025 21:57:23,2,1,1,PRD,117.46906,0.65721,100.3,35.00836,19.95,JL. RO JUANDA 13100,0,35.7,0,2
DT3162,6/6/2025 21:57:26,2,1,1,PRD,117.46912,0.65738,100.7,36.28253,25.02,JL. RO JUANDA 13100,0,36.8,0,2
DT3162,6/6/2025 21:57:29,2,1,1,PRD,117.46924,0.65763,100.3,37.47522,26.83,JL. RO JUANDA 13100,0,37.7,0,2
DT3162,6/6/2025 21:57:32,2,1,1,PRD,117.46943,0.65796,101.7,37.79191,30.51,JL. RO JUANDA 13100,0,38.7,0,2
DT3162,6/6/2025 21:57:35,2,1,1,PRD,117.46958,0.65821,102.6,37.42151,34.49,JL. RO JUANDA 13100,0,38.5,0,2
DT3162,6/6/2025 21:57:38,2,1,1,PRD,117.46968,0.65836,103.1,36.87888,32.16,JL. RO JUANDA 13100,0,37.7,0,2
DT3162,6/6/2025 21:57:41,2,1,1,PRD,117.46982,0.6586,102.9,36.78442,31.29,JL. RO JUANDA 13300,1,38.1,0,2
DT3162,6/6/2025 21:57:44,2,1,1,PRD,117.47001,0.65893,101.9,38.41418,31.3,JL. RO JUANDA 13300,1,38.1,0,2
DT3162,6/6/2025 21:57:47,2,1,1,PRD,117.47017,0.65917,101.5,37.90859,34.49,JL. RO JUANDA 13300,0,38.2,0,2
DT3162,6/6/2025 21:57:50,2,1,1,PRD,117.47027,0.65932,101.6,37.25668,33.95,JL. RO JUANDA 13300,0,38.2,0,2
DT3162,6/6/2025 21:57:53,2,1,1,PRD,117.47042,0.65956,101.1,35.35468,33.52,JL. RO JUANDA 13300,1,36.9,0,2
DT3162,6/6/2025 21:57:56,2,1,1,PRD,117.47057,0.65977,100.6,33.58232,39.08,JL. RO JUANDA 13300,0,35,0,2
DT3162,6/6/2025 21:57:59,2,1,1,PRD,117.4708,0.66004,99.7,34.24163,38.75,JL. RO JUANDA 13500,0,34.8,0,2
DT3162,6/6/2025 21:58:02,2,1,1,PRD,117.47096,0.66024,98.8,34.43794,37.46,JL. RO JUANDA 13500,0,35,0,2
DT3162,6/6/2025 21:58:05,2,1,1,PRD,117.47106,0.66038,98.2,34.24533,36.06,JL. RO JUANDA 13500,1,34.5,0,2
DT3162,6/6/2025 21:58:08,2,1,1,PRD,117.47121,0.6606,97.7,34.49906,32.22,JL. RO JUANDA 13500,1,35,0,2
DT3162,6/6/2025 21:58:11,2,1,1,PRD,117.47137,0.6609,97.3,31.16916,23.49,JL. RO JUANDA 13500,1,34.7,0,2
DT3162,6/6/2025 21:58:14,2,1,1,PRD,117.47149,0.66113,96.7,34.38053,27.66,JL. RO JUANDA 13500,1,35,0,2
DT3162,6/6/2025 21:58:17,2,1,1,PRD,117.47158,0.66128,96.2,34.32867,29.65,JL. RO JUANDA 13500,1,34.7,0,2
DT3162,6/6/2025 21:58:20,2,1,1,PRD,117.47171,0.6615,96.2,32.53779,35.3,JL. RO JUANDA 13500,1,33.8,0,2
DT3162,6/6/2025 21:58:23,2,1,1,PRD,117.47186,0.6617,96.7,31.4377,42.97,JL. RO BIDADARI 13600,0,32.8,0,2
DT3162,6/6/2025 21:58:26,2,1,1,PRD,117.47202,0.66186,97.7,29.99314,61.5,JL. RO BIDADARI 13600,2,30.6,0,2
DT3162,6/6/2025 21:58:29,2,1,1,PRD,117.47224,0.66194,99.4,30.35058,87.86,JL. RO BIDADARI 13600,2,30.6,0,2
DT3162,6/6/2025 21:58:32,2,1,1,PRD,117.47247,0.66194,101.8,33.08598,102.53,JL. RO BIDADARI 13600,1,32.4,0,2
DT3162,6/6/2025 21:58:35,2,1,1,PRD,117.47279,0.66184,103.6,33.39897,114.73,JL. RO BIDADARI 13700,0,33.8,0,2
DT3162,6/6/2025 21:58:38,2,1,1,PRD,117.473,0.66172,105.4,28.98195,125.14,JL. RO BIDADARI 13700,0,30.2,0,2
DT3162,6/6/2025 21:58:41,2,1,1,PRD,117.47311,0.66163,106.3,27.84482,131.52,JL. RO BIDADARI 13700,0,29.5,0,2
DT3162,6/6/2025 21:58:44,2,1,1,PRD,117.47326,0.66149,108.5,27.80037,133.72,JL. RO BIDADARI 13700,1,28.5,0,2
DT3162,6/6/2025 21:58:47,2,1,1,PRD,117.47347,0.66129,111.1,30.9747,130.97,JL. RO BIDADARI 13900,1,31.8,0,2
DT3162,6/6/2025 21:58:50,2,1,1,PRD,117.47365,0.66114,113,30.80802,125.46,JL. RO BIDADARI 13900,1,33.9,0,2
DT3162,6/6/2025 21:58:53,2,1,1,PRD,117.47378,0.66105,113.8,32.29147,114.24,JL. RO BIDADARI 13900,0,34.5,0,2
DT3162,6/6/2025 21:58:56,2,1,1,PRD,117.47401,0.66096,115.5,33.91382,99.89,JL. RO BIDADARI 13900,1,35.7,0,2
DT3162,6/6/2025 21:58:59,2,1,1,PRD,117.47437,0.66093,116.9,38.51049,91.1,JL. RO BIDADARI 13900,0,40.3,0,2
DT3162,6/6/2025 21:59:02,2,1,1,PRD,117.47468,0.66092,116.9,40.45138,89.64,JL. RO BIDADARI 13900,1,41.8,0,2
DT3162,6/6/2025 21:59:05,2,1,1,PRD,117.47498,0.66092,116.2,39.5902,92.31,JL. RO BIDADARI 13900,0,40.5,0,2
DT3162,6/6/2025 21:59:08,2,1,1,PRD,117.47518,0.66091,116,38.77718,93.62,JL. RO BIDADARI 14100,0,39.7,0,2
DT3162,6/6/2025 21:59:11,2,1,1,PRD,117.47555,0.66087,114.8,32.89708,100.77,JL. RO BIDADARI 14100,0,35.1,0,2
DT3162,6/6/2025 21:59:14,2,1,1,PRD,117.47581,0.6608,112.5,35.01947,105.35,JL. RO BIDADARI 14100,0,35.3,0,2
DT3162,6/6/2025 21:59:17,2,1,1,PRD,117.47607,0.66075,109.3,35.62692,100.68,JL. RO BIDADARI 14100,0,36.3,0,2
DT3162,6/6/2025 21:59:20,2,1,1,PRD,117.47625,0.66072,108.1,35.10281,101.52,JL. RO BIDADARI 14100,0,35.8,0,2
DT3162,6/6/2025 21:59:23,2,1,1,PRD,117.4765,0.66067,105.4,33.67862,99.37,JL. RO BIDADARI 14100,1,34.4,0,2
DT3162,6/6/2025 21:59:26,2,1,1,PRD,117.47685,0.66061,103.9,32.89522,95.6,JL. RO BIDADARI 14100,1,34.4,0,2
DT3162,6/6/2025 21:59:29,2,1,1,PRD,117.47709,0.66062,102.1,32.14146,83.85,JL. RO BIDADARI 14150,0,33.7,0,2
DT3162,6/6/2025 21:59:32,2,1,1,PRD,117.47725,0.66065,101,31.20064,73.71,JL. RO BIDADARI 14150,0,33,0,2
DT3162,6/6/2025 21:59:35,2,1,1,PRD,117.47753,0.66078,98.2,31.31732,48.16,JL RO TAMRIN 14200,0,31.7,0,2
DT3162,6/6/2025 21:59:38,2,1,1,PRD,117.47763,0.6609,96.8,28.53747,20.08,JL RO TAMRIN 14200,0,32.2,0,2
DT3162,6/6/2025 21:59:41,2,1,1,PRD,117.47769,0.66118,94.1,27.4985,3.38,JL RO TAMRIN 14400,0,30.9,0,2
DT3162,6/6/2025 21:59:44,2,1,1,PRD,117.47769,0.66132,92.8,31.31362,353.81,JL RO TAMRIN 14400,1,28.1,0,2
DT3162,6/6/2025 21:59:47,2,1,1,PRD,117.47766,0.66157,92.1,37.61042,351.76,JL RO TAMRIN 14400,1,32.2,0,2
DT3162,6/6/2025 21:59:50,2,1,1,PRD,117.47762,0.66187,91.6,44.3091,355.09,JL RO TAMRIN 14400,0,37.6,0,2
DT3162,6/6/2025 21:59:53,2,1,1,PRD,117.47758,0.66232,89.6,44.60542,356.02,JL RO TAMRIN 14400,0,44.4,0,2
DT3162,6/6/2025 21:59:56,2,1,1,PRD,117.47756,0.66265,88.5,42.80157,357.46,JL RO TAMRIN 14400,0,45.1,0,2
DT3162,6/6/2025 21:59:59,2,1,1,PRD,117.47756,0.66286,85.6,41.42554,1.87,JL RO TAMRIN 14600,1,43.4,0,2
DT3208,6/6/2025 21:00:02,2,0,2,D98,117.45749,0.59454,98.6,0.07593,0,IN CS. HASSANUDIN,0,0,0,0
DT3208,6/6/2025 21:00:05,2,0,2,D98,117.45749,0.59454,98.5,0.01296,0,IN CS. HASSANUDIN,0,0,0,0
DT3208,6/6/2025 21:00:08,2,0,2,D98,117.45749,0.59455,98.4,0.05371,0,IN CS. HASSANUDIN,0,0,0,0
DT3208,6/6/2025 21:00:11,2,0,2,D98,117.45749,0.59455,98.4,0.08334,0,IN CS. HASSANUDIN,0,0,0,0
DT3208,6/6/2025 21:00:14,2,0,2,D98,117.45749,0.59455,98.4,0.02222,0,IN CS. HASSANUDIN,0,0,0,0
DT3208,6/6/2025 21:00:17,2,0,2,D98,117.45749,0.59455,98.6,0.04815,0,IN CS. HASSANUDIN,0,0,0,0
DT3208,6/6/2025 21:00:20,2,0,2,D98,117.45749,0.59455,98.9,0.05556,0,IN CS. HASSANUDIN,0,0,0,0
DT3208,6/6/2025 21:00:23,2,0,2,D98,117.45749,0.59455,99.1,0.05741,0,IN CS. HASSANUDIN,0,0,0,0
DT3208,6/6/2025 21:00:26,2,0,2,D98,117.45749,0.59455,99.2,0.01111,0,IN CS. HASSANUDIN,0,0,0,0
DT3208,6/6/2025 21:00:29,2,0,2,D98,117.45749,0.59455,99.3,0.02778,0,IN CS. HASSANUDIN,0,0,0,0
DT3208,6/6/2025 21:00:32,2,0,2,D98,117.4575,0.59455,99.4,0.00185,0,IN CS. HASSANUDIN,0,0,0,0
DT3208,6/6/2025 21:00:35,2,0,2,D98,117.4575,0.59456,99.4,0.05741,0,IN CS. HASSANUDIN,0,0,0,0
DT3208,6/6/2025 21:00:38,2,0,2,D98,117.4575,0.59456,99.2,0.08149,0,IN CS. HASSANUDIN,0,0,0,0
DT3208,6/6/2025 21:00:41,2,0,2,D98,117.4575,0.59456,99,0.11297,0,IN CS. HASSANUDIN,0,0,0,0
DT3208,6/6/2025 21:00:44,2,0,2,D98,117.45749,0.59456,98.6,0.07964,0,IN CS. HASSANUDIN,0,0,0,0
DT3208,6/6/2025 21:00:47,2,0,2,D98,117.45749,0.59456,98.3,0.01111,0,IN CS. HASSANUDIN,0,0,0,0
DT3208,6/6/2025 21:00:50,2,0,2,D98,117.45749,0.59456,97.8,0.02037,0,IN CS. HASSANUDIN,0,0,0,0
DT3208,6/6/2025 21:00:53,2,0,2,D98,117.45749,0.59456,97.4,0.0426,0,IN CS. HASSANUDIN,0,0,0,0
DT3208,6/6/2025 21:00:56,2,0,2,D98,117.45748,0.59456,97,0.04074,0,IN CS. HASSANUDIN,0,0,0,0
DT3208,6/6/2025 21:00:59,2,0,2,D98,117.45748,0.59456,96.6,0.02037,0,IN CS. HASSANUDIN,0,0,0,0
DT3208,6/6/2025 21:01:02,2,0,2,D98,117.45748,0.59457,96.2,0.06112,0,IN CS. HASSANUDIN,0,0,0,0
DT3208,6/6/2025 21:01:05,2,0,2,D98,117.45747,0.59457,95.8,0.04445,0,IN CS. HASSANUDIN,0,0,0,0
DT3208,6/6/2025 21:01:08,2,0,2,D98,117.45747,0.59457,95.3,0.02593,0,IN CS. HASSANUDIN,0,0,0,0
DT3208,6/6/2025 21:01:11,2,0,2,D98,117.45746,0.59457,94.8,0.03519,0,IN CS. HASSANUDIN,0,0,0,0
DT3208,6/6/2025 21:01:14,2,0,2,D98,117.45746,0.59457,94.4,0.02593,0,IN CS. HASSANUDIN,0,0,0,0
DT3208,6/6/2025 21:01:17,2,0,2,D98,117.45746,0.59458,93.8,0.02963,0,IN CS. HASSANUDIN,0,0,0,0
DT3208,6/6/2025 21:01:20,2,0,2,D98,117.45745,0.59458,93.4,0.02037,0,IN CS. HASSANUDIN,0,0,0,0
DT3208,6/6/2025 21:01:23,2,0,2,D98,117.45745,0.59458,92.7,0.02222,0,IN CS. HASSANUDIN,0,0,0,0
DT3208,6/6/2025 21:01:26,2,0,2,D98,117.45745,0.59458,92,0.01482,0,IN CS. HASSANUDIN,0,0,0,0
DT3208,6/6/2025 21:01:29,2,0,2,D98,117.45744,0.59458,91.4,0.01296,0,IN CS. HASSANUDIN,0,0,0,0
DT3208,6/6/2025 21:01:32,2,0,2,D98,117.45744,0.59458,90.8,0.06667,0,IN CS. HASSANUDIN,0,0,0,0
DT3208,6/6/2025 21:01:35,2,0,2,D98,117.45744,0.59458,90.3,0.05741,0,IN CS. HASSANUDIN,0,0,0,0
DT3208,6/6/2025 21:01:38,2,0,2,D98,117.45744,0.59458,90.1,0.0463,0,IN CS. HASSANUDIN,0,0,0,0
DT3208,6/6/2025 21:01:41,2,0,2,D98,117.45744,0.59458,89.8,0.05556,0,IN CS. HASSANUDIN,0,0,0,0
DT3208,6/6/2025 21:01:44,2,0,2,D98,117.45744,0.59458,89.7,0.05,0,IN CS. HASSANUDIN,0,0,0,0
DT3208,6/6/2025 21:01:47,2,0,2,D98,117.45744,0.59458,89.4,0.0426,0,IN CS. HASSANUDIN,0,0,0,0
DT3208,6/6/2025 21:01:50,2,0,2,D98,117.45744,0.59457,88.9,0.05926,0,IN CS. HASSANUDIN,0,0,0,0
DT3208,6/6/2025 21:01:53,2,0,2,D98,117.45744,0.59457,88.7,0.00741,0,IN CS. HASSANUDIN,0,0,0,0
DT3208,6/6/2025 21:01:56,2,0,2,D98,117.45743,0.59457,88.9,0.14816,0,IN CS. HASSANUDIN,0,0,0,0
DT3208,6/6/2025 21:01:59,2,0,2,D98,117.45743,0.59457,88.8,0.02408,0,IN CS. HASSANUDIN,0,0,0,0
DT3208,6/6/2025 21:02:02,2,0,2,D98,117.45743,0.59457,88.8,0.09816,0,IN CS. HASSANUDIN,0,0,0,0
DT3208,6/6/2025 21:02:05,2,0,2,D98,117.45743,0.59457,88.5,0.07593,0,IN CS. HASSANUDIN,0,0,0,0
DT3208,6/6/2025 21:02:08,2,0,2,D98,117.45743,0.59457,88.3,0.06112,0,IN CS. HASSANUDIN,0,0,0,0
DT3208,6/6/2025 21:02:11,2,0,2,D98,117.45742,0.59458,88.1,0.05741,0,IN CS. HASSANUDIN,0,0,0,0
DT3208,6/6/2025 21:02:14,2,0,2,D98,117.45742,0.59458,87.9,0.02408,0,IN CS. HASSANUDIN,0,0,0,0
DT3208,6/6/2025 21:02:17,2,0,2,D98,117.45742,0.59458,87.4,0.01482,0,IN CS. HASSANUDIN,0,0,0,0
DT3208,6/6/2025 21:02:20,2,0,2,D98,117.45742,0.59458,87.2,0.09445,0,IN CS. HASSANUDIN,0,0,0,0
DT3208,6/6/2025 21:02:23,2,0,2,D98,117.45741,0.59459,87.1,0.0926,0,IN CS. HASSANUDIN,0,0,0,0
DT3208,6/6/2025 21:02:26,2,0,2,D98,117.45741,0.59459,86.6,0.11668,0,IN CS. HASSANUDIN,0,0,0,0
DT3208,6/6/2025 21:02:29,2,0,2,D98,117.45741,0.59459,86.4,0.0963,0,IN CS. HASSANUDIN,0,0,0,0
DT3208,6/6/2025 21:02:32,2,0,2,D98,117.45741,0.5946,86.2,0.13149,0,IN CS. HASSANUDIN,0,0,0,0
DT3208,6/6/2025 21:02:35,2,0,2,D98,117.45741,0.5946,85.9,0.03889,0,IN CS. HASSANUDIN,0,0,0,0
DT3208,6/6/2025 21:02:38,2,0,2,D98,117.45741,0.5946,85.8,0.02963,0,IN CS. HASSANUDIN,0,0,0,0
DT3208,6/6/2025 21:02:41,2,0,2,D98,117.45741,0.59461,85.7,0.06482,0,IN CS. HASSANUDIN,0,0,0,0
DT3208,6/6/2025 21:02:44,2,0,2,D98,117.45741,0.59461,85.7,0.02037,0,IN CS. HASSANUDIN,0,0,0,0
DT3208,6/6/2025 21:02:47,2,0,2,D98,117.4574,0.59461,85.1,0.03148,0,IN CS. HASSANUDIN,0,0,0,0
DT3208,6/6/2025 21:02:50,2,0,2,D98,117.4574,0.59461,85.1,0.02778,0,IN CS. HASSANUDIN,0,0,0,0
DT3208,6/6/2025 21:02:53,2,0,2,D98,117.4574,0.59461,85.3,0.02408,0,IN CS. HASSANUDIN,0,0,0,0
DT3208,6/6/2025 21:02:56,2,0,2,D98,117.45739,0.59461,85.6,0.00741,0,IN CS. HASSANUDIN,0,0,0,0
DT3208,6/6/2025 21:02:59,2,0,2,D98,117.45739,0.5946,86.4,0.04074,0,IN CS. HASSANUDIN,0,0,0,0
DT3208,6/6/2025 21:03:02,2,0,2,D98,117.45739,0.5946,87.1,0.05556,0,IN CS. HASSANUDIN,0,0,0,0
DT3208,6/6/2025 21:03:05,2,0,2,D98,117.45739,0.5946,87.8,0.06852,0,IN CS. HASSANUDIN,0,0,0,0
DT3208,6/6/2025 21:03:08,2,0,2,D98,117.45739,0.59459,88.5,0.05926,0,IN CS. HASSANUDIN,0,0,0,0
DT3208,6/6/2025 21:03:11,2,0,2,D98,117.45739,0.59459,89.2,0.05926,0,IN CS. HASSANUDIN,0,0,0,0
DT3208,6/6/2025 21:03:14,2,0,2,D98,117.45739,0.59459,89.8,0.08334,0,IN CS. HASSANUDIN,0,0,0,0
DT3208,6/6/2025 21:03:17,2,0,2,D98,117.45739,0.59458,90.3,0.02222,0,IN CS. HASSANUDIN,0,0,0,0
DT3208,6/6/2025 21:03:20,2,0,2,D98,117.45739,0.59458,90.8,0.06297,0,IN CS. HASSANUDIN,0,0,0,0
DT3208,6/6/2025 21:03:23,2,0,2,D98,117.45739,0.59458,91.2,0.0037,0,IN CS. HASSANUDIN,0,0,0,0
DT3208,6/6/2025 21:03:26,2,0,2,D98,117.4574,0.59458,91.3,0.02408,0,IN CS. HASSANUDIN,0,0,0,0
DT3208,6/6/2025 21:03:29,2,0,2,D98,117.4574,0.59458,91.5,0.02593,0,IN CS. HASSANUDIN,0,0,0,0
DT3208,6/6/2025 21:03:32,2,0,2,D98,117.4574,0.59458,91.5,0.09816,0,IN CS. HASSANUDIN,0,0,0,0
DT3208,6/6/2025 21:03:35,2,0,2,D98,117.4574,0.59458,91.5,0.03519,0,IN CS. HASSANUDIN,0,0,0,0
DT3208,6/6/2025 21:03:38,2,0,2,D98,117.45741,0.59458,91.5,0.01852,0,IN CS. HASSANUDIN,0,0,0,0
DT3208,6/6/2025 21:03:41,2,0,2,D98,117.45741,0.59458,91.6,0.03704,0,IN CS. HASSANUDIN,0,0,0,0
DT3208,6/6/2025 21:03:44,2,0,2,D98,117.45741,0.59458,91.7,0.03148,0,IN CS. HASSANUDIN,0,0,0,0
DT3208,6/6/2025 21:03:47,2,0,2,D98,117.45741,0.59458,91.8,0.06112,0,IN CS. HASSANUDIN,0,0,0,0
DT3208,6/6/2025 21:03:50,2,0,2,D98,117.45741,0.59458,91.8,0.04074,0,IN CS. HASSANUDIN,0,0,0,0
DT3208,6/6/2025 21:03:53,2,0,2,D98,117.45742,0.59458,91.9,0.02222,0,IN CS. HASSANUDIN,0,0,0,0
DT3208,6/6/2025 21:03:56,2,0,2,D98,117.45742,0.59458,92.1,0.01482,0,IN CS. HASSANUDIN,0,0,0,0
DT3208,6/6/2025 21:03:59,2,0,2,D98,117.45743,0.59458,92.2,0.00926,0,IN CS. HASSANUDIN,0,0,0,0
DT3208,6/6/2025 21:04:02,2,0,2,D98,117.45743,0.59458,92.2,0.01667,0,IN CS. HASSANUDIN,0,0,0,0
DT3208,6/6/2025 21:04:05,2,0,2,D98,117.45743,0.59457,92.2,0.06297,0,IN CS. HASSANUDIN,0,0,0,0
DT3208,6/6/2025 21:04:08,2,0,2,D98,117.45744,0.59457,92.2,0.02037,0,IN CS. HASSANUDIN,0,0,0,0
DT3208,6/6/2025 21:04:11,2,0,2,D98,117.45744,0.59457,92.3,0.01296,0,IN CS. HASSANUDIN,0,0,0,0
DT3208,6/6/2025 21:04:14,2,0,2,D98,117.45744,0.59457,92.7,0.01852,0,IN CS. HASSANUDIN,0,0,0,0
DT3208,6/6/2025 21:04:17,2,0,2,D98,117.45744,0.59457,93.1,0.0926,0,IN CS. HASSANUDIN,0,0,0,0
DT3208,6/6/2025 21:04:20,2,0,2,D98,117.45745,0.59457,93.5,0.11668,0,IN CS. HASSANUDIN,0,0,0,0
DT3208,6/6/2025 21:04:23,2,0,2,D98,117.45745,0.59457,93.8,0.05556,0,IN CS. HASSANUDIN,0,0,0,0
DT3208,6/6/2025 21:04:26,2,0,2,D98,117.45745,0.59457,94.2,0.02222,0,IN CS. HASSANUDIN,0,0,0,0
DT3208,6/6/2025 21:04:29,2,0,2,D98,117.45745,0.59457,94.7,0.06852,0,IN CS. HASSANUDIN,0,0,0,0
DT3208,6/6/2025 21:04:32,2,0,2,D98,117.45745,0.59457,95.1,0.02408,0,IN CS. HASSANUDIN,0,0,0,0
DT3208,6/6/2025 21:04:35,2,0,2,D98,117.45745,0.59457,95.5,0.06667,0,IN CS. HASSANUDIN,0,0,0,0
DT3208,6/6/2025 21:04:38,2,0,2,D98,117.45745,0.59457,95.8,0.02778,0,IN CS. HASSANUDIN,0,0,0,0
DT3208,6/6/2025 21:04:41,2,0,2,D98,117.45745,0.59457,95.8,0.03519,0,IN CS. HASSANUDIN,0,0,0,0
DT3208,6/6/2025 21:04:44,2,0,2,D98,117.45745,0.59457,95.9,0.01667,0,IN CS. HASSANUDIN,0,0,0,0
DT3208,6/6/2025 21:04:47,2,0,2,D98,117.45746,0.59457,95.8,0.02963,0,IN CS. HASSANUDIN,0,0,0,0
DT3208,6/6/2025 21:04:50,2,0,2,D98,117.45746,0.59457,95.7,0.09075,0,IN CS. HASSANUDIN,0,0,0,0
DT3208,6/6/2025 21:04:53,2,0,2,D98,117.45745,0.59457,95.4,0.03704,0,IN CS. HASSANUDIN,0,0,0,0
DT3208,6/6/2025 21:04:56,2,0,2,D98,117.45745,0.59457,95.4,0.09075,0,IN CS. HASSANUDIN,0,0,0,0
DT3208,6/6/2025 21:04:59,2,0,2,D98,117.45745,0.59457,95.2,0.03704,0,IN CS. HASSANUDIN,0,0,0,0
DT3208,6/6/2025 21:05:02,2,0,2,D98,117.45746,0.59457,95.1,0.03889,0,IN CS. HASSANUDIN,0,0,0,0
DT3208,6/6/2025 21:05:05,2,0,2,D98,117.45745,0.59457,95,0.03519,0,IN CS. HASSANUDIN,0,0,0,0
DT3208,6/6/2025 21:05:08,2,0,2,D98,117.45745,0.59457,94.9,0.0463,0,IN CS. HASSANUDIN,0,0,0,0
DT3208,6/6/2025 21:05:11,2,0,2,D98,117.45745,0.59457,94.7,0.03519,0,IN CS. HASSANUDIN,0,0,0,0
DT3208,6/6/2025 21:05:14,2,0,2,D98,117.45745,0.59457,94.5,0.01852,0,IN CS. HASSANUDIN,0,0,0,0
DT3208,6/6/2025 21:05:17,2,0,2,D98,117.45745,0.59457,94.4,0.01852,0,IN CS. HASSANUDIN,0,0,0,0
DT3208,6/6/2025 21:05:20,2,0,2,D98,117.45745,0.59457,94.3,0.05371,0,IN CS. HASSANUDIN,0,0,0,0
DT3208,6/6/2025 21:05:23,2,0,2,D98,117.45745,0.59457,94.4,0.10927,0,IN CS. HASSANUDIN,0,0,0,0
DT3208,6/6/2025 21:05:26,2,0,2,D98,117.45744,0.59457,94.5,0.0963,0,IN CS. HASSANUDIN,0,0,0,0
DT3208,6/6/2025 21:05:29,2,0,2,D98,117.45744,0.59457,94.6,0.07223,0,IN CS. HASSANUDIN,0,0,0,0
DT3208,6/6/2025 21:05:32,2,0,2,D98,117.45744,0.59457,94.6,0.02037,0,IN CS. HASSANUDIN,0,0,0,0
DT3208,6/6/2025 21:05:35,2,0,2,D98,117.45744,0.59457,94.4,0.01482,0,IN CS. HASSANUDIN,0,0,0,0
DT3208,6/6/2025 21:05:38,2,0,2,D98,117.45743,0.59457,94.3,0.16853,0,IN CS. HASSANUDIN,0,0,0,0
DT3208,6/6/2025 21:05:41,2,0,2,D98,117.45744,0.59457,94.1,0.11853,0,IN CS. HASSANUDIN,0,0,0,0
DT3208,6/6/2025 21:05:44,2,0,2,D98,117.45744,0.59457,94.1,0.03519,0,IN CS. HASSANUDIN,0,0,0,0
DT3208,6/6/2025 21:05:47,2,0,2,D98,117.45744,0.59457,93.9,0.1352,0,IN CS. HASSANUDIN,0,0,0,0
DT3208,6/6/2025 21:05:50,2,0,2,D98,117.45743,0.59457,93.7,0.04815,0,IN CS. HASSANUDIN,0,0,0,0
DT3208,6/6/2025 21:05:53,2,0,2,D98,117.45743,0.59457,93.6,0.0463,0,IN CS. HASSANUDIN,0,0,0,0
DT3208,6/6/2025 21:05:56,2,0,2,D98,117.45743,0.59457,93.6,0.03334,0,IN CS. HASSANUDIN,0,0,0,0
DT3208,6/6/2025 21:05:59,2,0,2,D98,117.45743,0.59457,93.7,0.06297,0,IN CS. HASSANUDIN,0,0,0,0
DT3208,6/6/2025 21:06:02,2,0,2,D98,117.45743,0.59458,93.6,0.06297,0,IN CS. HASSANUDIN,0,0,0,0
DT3208,6/6/2025 21:06:05,2,0,2,D98,117.45743,0.59458,93.7,0.05186,0,IN CS. HASSANUDIN,0,0,0,0
DT3208,6/6/2025 21:06:08,2,0,2,D98,117.45743,0.59458,94,0.03704,0,IN CS. HASSANUDIN,0,0,0,0
DT3208,6/6/2025 21:06:11,2,0,2,D98,117.45743,0.59458,94.1,0.03704,0,IN CS. HASSANUDIN,0,0,0,0
DT3208,6/6/2025 21:06:14,2,0,2,D98,117.45742,0.59458,94.2,0.02963,0,IN CS. HASSANUDIN,0,0,0,0
DT3208,6/6/2025 21:06:17,2,0,2,D98,117.45742,0.59458,94.4,0.02963,0,IN CS. HASSANUDIN,0,0,0,0
DT3208,6/6/2025 21:06:20,2,0,2,D98,117.45742,0.59458,94.6,0.04815,0,IN CS. HASSANUDIN,0,0,0,0
DT3208,6/6/2025 21:06:23,2,0,2,D98,117.45742,0.59457,95,0.04445,0,IN CS. HASSANUDIN,0,0,0,0
DT3208,6/6/2025 21:06:26,2,0,2,D98,117.45742,0.59457,95.1,0.02222,0,IN CS. HASSANUDIN,0,0,0,0
DT3208,6/6/2025 21:06:29,2,0,2,D98,117.45742,0.59457,95.4,0.02408,0,IN CS. HASSANUDIN,0,0,0,0
DT3208,6/6/2025 21:06:32,2,0,2,D98,117.45742,0.59457,95.3,0.05,0,IN CS. HASSANUDIN,0,0,0,0
DT3208,6/6/2025 21:06:35,2,0,2,D98,117.45742,0.59457,95.2,0.01852,0,IN CS. HASSANUDIN,0,0,0,0
DT3208,6/6/2025 21:06:38,2,0,2,D98,117.45743,0.59456,95,0.01482,0,IN CS. HASSANUDIN,0,0,0,0
DT3208,6/6/2025 21:06:41,2,0,2,D98,117.45743,0.59456,94.7,0.01111,0,IN CS. HASSANUDIN,0,0,0,0
DT3208,6/6/2025 21:06:44,2,0,2,D98,117.45743,0.59456,94.6,0,0,IN CS. HASSANUDIN,0,0,0,0
DT3208,6/6/2025 21:06:47,2,0,2,D98,117.45743,0.59456,94.4,0.02037,0,IN CS. HASSANUDIN,0,0,0,0
DT3208,6/6/2025 21:06:50,2,0,2,D98,117.45743,0.59456,94.1,0.02778,0,IN CS. HASSANUDIN,0,0,0,0
DT3208,6/6/2025 21:06:53,2,0,2,D98,117.45743,0.59456,93.9,0.01296,0,IN CS. HASSANUDIN,0,0,0,0
DT3208,6/6/2025 21:06:56,2,0,2,D98,117.45743,0.59456,93.6,0.04815,0,IN CS. HASSANUDIN,0,0,0,0
DT3208,6/6/2025 21:06:59,2,0,2,D98,117.45743,0.59456,93.1,0.02037,0,IN CS. HASSANUDIN,0,0,0,0
DT3208,6/6/2025 21:07:02,2,0,2,D98,117.45743,0.59456,92.4,0.01111,0,IN CS. HASSANUDIN,0,0,0,0
DT3208,6/6/2025 21:07:05,2,0,2,D98,117.45743,0.59457,91.6,0.07964,0,IN CS. HASSANUDIN,0,0,0,0
DT3208,6/6/2025 21:07:08,2,0,2,D98,117.45743,0.59457,90.8,0.03519,0,IN CS. HASSANUDIN,0,0,0,0
DT3208,6/6/2025 21:07:11,2,0,2,D98,117.45743,0.59457,90.3,0.03889,0,IN CS. HASSANUDIN,0,0,0,0
DT3208,6/6/2025 21:07:14,2,0,2,D98,117.45743,0.59457,89.9,0.05556,0,IN CS. HASSANUDIN,0,0,0,0
DT3208,6/6/2025 21:07:17,2,0,2,D98,117.45743,0.59457,89.8,0.00741,0,IN CS. HASSANUDIN,0,0,0,0
DT3208,6/6/2025 21:07:20,2,0,2,D98,117.45743,0.59457,89.6,0.03148,0,IN CS. HASSANUDIN,0,0,0,0
DT3208,6/6/2025 21:07:23,2,0,2,D98,117.45743,0.59458,89.5,0.03704,0,IN CS. HASSANUDIN,0,0,0,0
DT3208,6/6/2025 21:07:26,2,0,2,D98,117.45743,0.59457,89.5,0.0426,0,IN CS. HASSANUDIN,0,0,0,0
DT3208,6/6/2025 21:07:29,2,0,2,D98,117.45743,0.59457,89.5,0.02037,0,IN CS. HASSANUDIN,0,0,0,0
DT3208,6/6/2025 21:07:32,2,0,2,D98,117.45742,0.59457,89.1,0.06482,0,IN CS. HASSANUDIN,0,0,0,0
DT3208,6/6/2025 21:07:35,2,0,2,D98,117.45742,0.59457,89,0.01667,0,IN CS. HASSANUDIN,0,0,0,0
DT3208,6/6/2025 21:07:38,2,0,2,D98,117.45742,0.59457,89.2,0.05741,0,IN CS. HASSANUDIN,0,0,0,0
DT3208,6/6/2025 21:07:41,2,0,2,D98,117.45742,0.59456,89.4,0.09075,0,IN CS. HASSANUDIN,0,0,0,0
DT3208,6/6/2025 21:07:44,2,0,2,D98,117.45742,0.59456,89.6,0.03704,0,IN CS. HASSANUDIN,0,0,0,0
DT3208,6/6/2025 21:07:47,2,0,2,D98,117.45742,0.59456,89.8,0.03889,0,IN CS. HASSANUDIN,0,0,0,0
DT3208,6/6/2025 21:07:50,2,0,2,D98,117.45743,0.59456,89.8,0.03704,0,IN CS. HASSANUDIN,0,0,0,0
DT3208,6/6/2025 21:07:53,2,0,2,D98,117.45743,0.59455,90,0.03704,0,IN CS. HASSANUDIN,0,0,0,0
DT3208,6/6/2025 21:07:56,2,0,2,D98,117.45743,0.59455,90.3,0.02963,0,IN CS. HASSANUDIN,0,0,0,0
DT3208,6/6/2025 21:07:59,2,0,2,D98,117.45743,0.59455,90.6,0.08149,0,IN CS. HASSANUDIN,0,0,0,0
DT3208,6/6/2025 21:08:02,2,0,2,D98,117.45743,0.59455,91,0.0463,0,IN CS. HASSANUDIN,0,0,0,0
DT3208,6/6/2025 21:08:05,2,0,2,D98,117.45744,0.59455,91.1,0.02593,0,IN CS. HASSANUDIN,0,0,0,0
DT3208,6/6/2025 21:08:08,2,0,2,D98,117.45744,0.59455,91.3,0.03519,0,IN CS. HASSANUDIN,0,0,0,0
DT3208,6/6/2025 21:08:11,2,0,2,D98,117.45744,0.59455,91.6,0.05926,0,IN CS. HASSANUDIN,0,0,0,0
DT3208,6/6/2025 21:08:14,2,0,2,D98,117.45744,0.59455,91.8,0.06297,0,IN CS. HASSANUDIN,0,0,0,0
DT3208,6/6/2025 21:08:17,2,0,2,D98,117.45744,0.59455,92.2,0.00185,0,IN CS. HASSANUDIN,0,0,0,0
DT3208,6/6/2025 21:08:20,2,0,2,D98,117.45745,0.59455,92.5,0.0426,0,IN CS. HASSANUDIN,0,0,0,0
DT3208,6/6/2025 21:08:23,2,0,2,D98,117.45745,0.59455,92.7,0.03519,0,IN CS. HASSANUDIN,0,0,0,0
DT3208,6/6/2025 21:08:26,2,0,2,D98,117.45745,0.59456,93.1,0.00926,0,IN CS. HASSANUDIN,0,0,0,0
DT3208,6/6/2025 21:08:29,2,0,2,D98,117.45745,0.59456,93.5,0.02408,0,IN CS. HASSANUDIN,0,0,0,0
DT3208,6/6/2025 21:08:32,2,0,2,D98,117.45745,0.59456,93.8,0.03334,0,IN CS. HASSANUDIN,0,0,0,0
DT3208,6/6/2025 21:08:35,2,0,2,D98,117.45745,0.59456,94.4,0.04815,0,IN CS. HASSANUDIN,0,0,0,0
DT3208,6/6/2025 21:08:38,2,0,2,D98,117.45745,0.59456,95,0.08149,0,IN CS. HASSANUDIN,0,0,0,0
DT3208,6/6/2025 21:08:41,2,0,2,D98,117.45746,0.59456,95.6,0.03704,0,IN CS. HASSANUDIN,0,0,0,0
DT3208,6/6/2025 21:08:44,2,0,2,D98,117.45746,0.59456,96.1,0.00926,0,IN CS. HASSANUDIN,0,0,0,0
DT3208,6/6/2025 21:08:47,2,0,2,D98,117.45746,0.59456,96.5,0.01111,0,IN CS. HASSANUDIN,0,0,0,0
DT3208,6/6/2025 21:08:50,2,0,2,D98,117.45746,0.59456,96.6,0.11482,0,IN CS. HASSANUDIN,0,0,0,0
DT3208,6/6/2025 21:08:53,2,0,2,D98,117.45746,0.59455,96.7,0.02963,0,IN CS. HASSANUDIN,0,0,0,0
DT3208,6/6/2025 21:08:56,2,0,2,D98,117.45746,0.59455,96.9,0.02037,0,IN CS. HASSANUDIN,0,0,0,0
DT3208,6/6/2025 21:08:59,2,0,2,D98,117.45747,0.59455,97,0.05741,0,IN CS. HASSANUDIN,0,0,0,0
DT3208,6/6/2025 21:09:02,2,0,2,D98,117.45747,0.59455,97,0.02593,0,IN CS. HASSANUDIN,0,0,0,0
DT3208,6/6/2025 21:09:05,2,0,2,D98,117.45747,0.59455,97,0.07038,0,IN CS. HASSANUDIN,0,0,0,0
DT3208,6/6/2025 21:09:08,2,0,2,D98,117.45747,0.59455,96.9,0.04445,0,IN CS. HASSANUDIN,0,0,0,0
DT3208,6/6/2025 21:09:11,2,0,2,D98,117.45747,0.59454,96.7,0.03334,0,IN CS. HASSANUDIN,0,0,0,0
DT3208,6/6/2025 21:09:14,2,0,2,D98,117.45747,0.59454,96.5,0.03334,0,IN CS. HASSANUDIN,0,0,0,0
DT3208,6/6/2025 21:09:17,2,0,2,D98,117.45747,0.59454,96,0.02963,0,IN CS. HASSANUDIN,0,0,0,0
DT3208,6/6/2025 21:09:20,2,0,2,D98,117.45746,0.59454,95.4,0.07223,0,IN CS. HASSANUDIN,0,0,0,0
DT3208,6/6/2025 21:09:23,2,0,2,D98,117.45746,0.59454,94.9,0.06482,0,IN CS. HASSANUDIN,0,0,0,0
DT3208,6/6/2025 21:09:26,2,0,2,D98,117.45746,0.59454,94.5,0.10001,0,IN CS. HASSANUDIN,0,0,0,0
DT3208,6/6/2025 21:09:29,2,0,2,D98,117.45745,0.59453,94.1,0.03519,0,IN CS. HASSANUDIN,0,0,0,0
DT3208,6/6/2025 21:09:32,2,0,2,D98,117.45745,0.59453,93.8,0.05,0,IN CS. HASSANUDIN,0,0,0,0
DT3208,6/6/2025 21:09:35,2,0,2,D98,117.45745,0.59453,93.8,0.03334,0,IN CS. HASSANUDIN,0,0,0,0
DT3208,6/6/2025 21:09:38,2,0,2,D98,117.45744,0.59453,93.9,0.05,0,IN CS. HASSANUDIN,0,0,0,0
DT3208,6/6/2025 21:09:41,2,0,2,D98,117.45744,0.59453,94.2,0.03519,0,IN CS. HASSANUDIN,0,0,0,0
DT3208,6/6/2025 21:09:44,2,0,2,D98,117.45744,0.59453,94.6,0.0463,0,IN CS. HASSANUDIN,0,0,0,0
DT3208,6/6/2025 21:09:47,2,0,2,D98,117.45744,0.59453,95,0.00741,0,IN CS. HASSANUDIN,0,0,0,0
DT3208,6/6/2025 21:09:50,2,0,2,D98,117.45743,0.59453,95.6,0.04445,0,IN CS. HASSANUDIN,0,0,0,0
DT3208,6/6/2025 21:09:53,2,0,2,D98,117.45743,0.59453,96,0.0426,0,IN CS. HASSANUDIN,0,0,0,0
DT3208,6/6/2025 21:09:56,2,0,2,D98,117.45743,0.59453,96.6,0.00741,0,IN CS. HASSANUDIN,0,0,0,0
DT3208,6/6/2025 21:09:59,2,0,2,D98,117.45742,0.59453,97.1,0.05186,0,IN CS. HASSANUDIN,0,0,0,0
DT3208,6/6/2025 21:10:02,2,0,2,D98,117.45742,0.59453,97.6,0.01111,0,IN CS. HASSANUDIN,0,0,0,0
DT3208,6/6/2025 21:10:05,2,0,2,D98,117.45742,0.59453,98.2,0.06852,0,IN CS. HASSANUDIN,0,0,0,0
DT3208,6/6/2025 21:10:08,2,0,2,D98,117.45742,0.59453,98.5,0.0426,0,IN CS. HASSANUDIN,0,0,0,0
DT3208,6/6/2025 21:10:11,2,0,2,D98,117.45742,0.59453,98.8,0.04815,0,IN CS. HASSANUDIN,0,0,0,0
DT3208,6/6/2025 21:10:14,2,0,2,D98,117.45741,0.59453,99.4,0.02222,0,IN CS. HASSANUDIN,0,0,0,0
DT3208,6/6/2025 21:10:17,2,0,2,D98,117.45741,0.59453,100,0.03889,0,IN CS. HASSANUDIN,0,0,0,0
DT3208,6/6/2025 21:10:20,2,0,2,D98,117.45741,0.59453,100.4,0.03148,0,IN CS. HASSANUDIN,0,0,0,0
DT3208,6/6/2025 21:10:23,2,0,2,D98,117.45741,0.59453,100.5,0.02222,0,IN CS. HASSANUDIN,0,0,0,0
DT3208,6/6/2025 21:10:26,2,0,2,D98,117.45741,0.59453,100.7,0.11853,0,IN CS. HASSANUDIN,0,0,0,0
DT3208,6/6/2025 21:10:29,2,0,2,D98,117.45741,0.59453,100.9,0.1352,0,IN CS. HASSANUDIN,0,0,0,0
DT3208,6/6/2025 21:10:32,2,0,2,D98,117.45741,0.59453,100.9,0.02408,0,IN CS. HASSANUDIN,0,0,0,0
DT3208,6/6/2025 21:10:35,2,0,2,D98,117.45741,0.59454,100.9,0.10742,0,IN CS. HASSANUDIN,0,0,0,0
DT3208,6/6/2025 21:10:38,2,0,2,D98,117.45741,0.59454,100.8,0.03704,0,IN CS. HASSANUDIN,0,0,0,0
DT3208,6/6/2025 21:10:41,2,0,2,D98,117.45741,0.59454,100.7,0.02037,0,IN CS. HASSANUDIN,0,0,0,0
DT3208,6/6/2025 21:10:44,2,0,2,D98,117.45741,0.59454,100.8,0.04445,0,IN CS. HASSANUDIN,0,0,0,0
DT3208,6/6/2025 21:10:47,2,0,2,D98,117.45741,0.59454,100.8,0.03889,0,IN CS. HASSANUDIN,0,0,0,0
DT3208,6/6/2025 21:10:50,2,0,2,D98,117.45741,0.59454,101,0.03519,0,IN CS. HASSANUDIN,0,0,0,0
DT3208,6/6/2025 21:10:53,2,0,2,D98,117.45741,0.59454,101,0.04815,0,IN CS. HASSANUDIN,0,0,0,0
DT3208,6/6/2025 21:10:56,2,0,2,D98,117.45741,0.59454,101.1,0.0889,0,IN CS. HASSANUDIN,0,0,0,0
DT3208,6/6/2025 21:10:59,2,0,2,D98,117.45741,0.59454,101.2,0.05556,0,IN CS. HASSANUDIN,0,0,0,0
DT3208,6/6/2025 21:11:02,2,0,2,D98,117.45741,0.59454,101.3,0.05,0,IN CS. HASSANUDIN,0,0,0,0
DT3208,6/6/2025 21:11:05,2,0,2,D98,117.4574,0.59455,101.3,0.05926,0,IN CS. HASSANUDIN,0,0,0,0
DT3208,6/6/2025 21:11:08,2,0,2,D98,117.4574,0.59455,101.6,0.03519,0,IN CS. HASSANUDIN,0,0,0,0
DT3208,6/6/2025 21:11:11,2,0,2,D98,117.4574,0.59455,101.8,0.06667,0,IN CS. HASSANUDIN,0,0,0,0
DT3208,6/6/2025 21:11:14,2,0,2,D98,117.4574,0.59455,102,0.02222,0,IN CS. HASSANUDIN,0,0,0,0
DT3208,6/6/2025 21:11:17,2,0,2,D98,117.4574,0.59455,102.3,0.05741,0,IN CS. HASSANUDIN,0,0,0,0
DT3208,6/6/2025 21:11:20,2,0,2,D98,117.4574,0.59455,102.5,0.08334,0,IN CS. HASSANUDIN,0,0,0,0
DT3208,6/6/2025 21:11:23,2,0,2,D98,117.4574,0.59455,102.7,0.0463,0,IN CS. HASSANUDIN,0,0,0,0
DT3208,6/6/2025 21:11:26,2,0,2,D98,117.4574,0.59455,102.8,0.02222,0,IN CS. HASSANUDIN,0,0,0,0
DT3208,6/6/2025 21:11:29,2,0,2,D98,117.4574,0.59455,102.8,0.07038,0,IN CS. HASSANUDIN,0,0,0,0
DT3208,6/6/2025 21:11:32,2,0,2,D98,117.4574,0.59455,102.8,0.01296,0,IN CS. HASSANUDIN,0,0,0,0
DT3208,6/6/2025 21:11:35,2,0,2,D98,117.4574,0.59455,102.6,0.03889,0,IN CS. HASSANUDIN,0,0,0,0
DT3208,6/6/2025 21:11:38,2,0,2,D98,117.4574,0.59455,102.3,0.06667,0,IN CS. HASSANUDIN,0,0,0,0
DT3208,6/6/2025 21:11:41,2,0,2,D98,117.4574,0.59455,102,0.07408,0,IN CS. HASSANUDIN,0,0,0,0
DT3208,6/6/2025 21:11:44,2,0,2,D98,117.4574,0.59455,101.4,0.03889,0,IN CS. HASSANUDIN,0,0,0,0
DT3208,6/6/2025 21:11:47,2,0,2,D98,117.45741,0.59455,100.7,0.10371,0,IN CS. HASSANUDIN,0,0,0,0
DT3208,6/6/2025 21:11:50,2,0,2,D98,117.45741,0.59455,100.1,0.06852,0,IN CS. HASSANUDIN,0,0,0,0
DT3208,6/6/2025 21:11:53,2,0,2,D98,117.45741,0.59455,99.4,0.12038,0,IN CS. HASSANUDIN,0,0,0,0
DT3208,6/6/2025 21:11:56,2,0,2,D98,117.45741,0.59455,98.5,0.01296,0,IN CS. HASSANUDIN,0,0,0,0
DT3208,6/6/2025 21:11:59,2,0,2,D98,117.45741,0.59455,97.7,0.05,0,IN CS. HASSANUDIN,0,0,0,0
DT3208,6/6/2025 21:12:02,2,0,2,D98,117.45742,0.59455,97,0.07964,0,IN CS. HASSANUDIN,0,0,0,0
DT3208,6/6/2025 21:12:05,2,0,2,D98,117.45742,0.59456,96.3,0.0426,0,IN CS. HASSANUDIN,0,0,0,0
DT3208,6/6/2025 21:12:08,2,0,2,D98,117.45742,0.59456,95.6,0.03148,0,IN CS. HASSANUDIN,0,0,0,0
DT3208,6/6/2025 21:12:11,2,0,2,D98,117.45742,0.59456,95.1,0.06297,0,IN CS. HASSANUDIN,0,0,0,0
DT3208,6/6/2025 21:12:14,2,0,2,D98,117.45742,0.59456,94.6,0.0926,0,IN CS. HASSANUDIN,0,0,0,0
DT3208,6/6/2025 21:12:17,2,0,2,D98,117.45742,0.59456,93.8,0.05,0,IN CS. HASSANUDIN,0,0,0,0
DT3208,6/6/2025 21:12:20,2,0,2,D98,117.45742,0.59457,93,0.02222,0,IN CS. HASSANUDIN,0,0,0,0
DT3208,6/6/2025 21:12:23,2,0,2,D98,117.45741,0.59457,92.4,0.04815,0,IN CS. HASSANUDIN,0,0,0,0
DT3208,6/6/2025 21:12:26,2,0,2,D98,117.45741,0.59458,91.8,0.02963,0,IN CS. HASSANUDIN,0,0,0,0
DT3208,6/6/2025 21:12:29,2,0,2,D98,117.45741,0.59458,91.3,0.05556,0,IN CS. HASSANUDIN,0,0,0,0
DT3208,6/6/2025 21:12:32,2,0,2,D98,117.45742,0.59458,90.7,0.05556,0,IN CS. HASSANUDIN,0,0,0,0
DT3208,6/6/2025 21:12:35,2,0,2,D98,117.45742,0.59459,90.1,0.05371,0,IN CS. HASSANUDIN,0,0,0,0
DT3208,6/6/2025 21:12:38,2,0,2,D98,117.45741,0.59459,89.4,0.01667,0,IN CS. HASSANUDIN,0,0,0,0
DT3208,6/6/2025 21:12:41,2,0,2,D98,117.45741,0.59459,89.2,0.0426,0,IN CS. HASSANUDIN,0,0,0,0
DT3208,6/6/2025 21:12:44,2,0,2,D98,117.45741,0.5946,89.2,0.01111,0,IN CS. HASSANUDIN,0,0,0,0
DT3208,6/6/2025 21:12:47,2,0,2,D98,117.45741,0.5946,88.9,0.02593,0,IN CS. HASSANUDIN,0,0,0,0
DT3208,6/6/2025 21:12:50,2,0,2,D98,117.45741,0.5946,88.7,0.01667,0,IN CS. HASSANUDIN,0,0,0,0
DT3208,6/6/2025 21:12:53,2,0,2,D98,117.45741,0.5946,88.6,0.05,0,IN CS. HASSANUDIN,0,0,0,0
DT3208,6/6/2025 21:12:56,2,0,2,D98,117.4574,0.5946,88.4,0.04815,0,IN CS. HASSANUDIN,0,0,0,0
DT3208,6/6/2025 21:12:59,2,0,2,D98,117.4574,0.5946,88,0.0426,0,IN CS. HASSANUDIN,0,0,0,0
DT3208,6/6/2025 21:13:02,2,0,2,D98,117.4574,0.5946,87.8,0.03889,0,IN CS. HASSANUDIN,0,0,0,0
DT3208,6/6/2025 21:13:05,2,0,2,D98,117.4574,0.5946,87.9,0.01852,0,IN CS. HASSANUDIN,0,0,0,0
DT3208,6/6/2025 21:13:08,2,0,2,D98,117.4574,0.5946,87.8,0.05371,0,IN CS. HASSANUDIN,0,0,0,0
DT3208,6/6/2025 21:13:11,2,0,2,D98,117.4574,0.5946,87.7,0.04074,0,IN CS. HASSANUDIN,0,0,0,0
DT3208,6/6/2025 21:13:14,2,0,2,D98,117.4574,0.5946,87.6,0.02593,0,IN CS. HASSANUDIN,0,0,0,0
DT3208,6/6/2025 21:13:17,2,0,2,D98,117.4574,0.59461,87.4,0.02408,0,IN CS. HASSANUDIN,0,0,0,0
DT3208,6/6/2025 21:13:20,2,0,2,D98,117.45741,0.59461,87.2,0.05,0,IN CS. HASSANUDIN,0,0,0,0
DT3208,6/6/2025 21:13:23,2,0,2,D98,117.45741,0.59461,87,0.02222,0,IN CS. HASSANUDIN,0,0,0,0
DT3208,6/6/2025 21:13:26,2,0,2,D98,117.45741,0.59461,86.7,0.04445,0,IN CS. HASSANUDIN,0,0,0,0
DT3208,6/6/2025 21:13:29,2,0,2,D98,117.45741,0.59461,86.1,0.05186,0,IN CS. HASSANUDIN,0,0,0,0
DT3208,6/6/2025 21:13:32,2,0,2,D98,117.45741,0.59461,85.6,0.01296,0,IN CS. HASSANUDIN,0,0,0,0
DT3208,6/6/2025 21:13:35,2,0,2,D98,117.45741,0.59461,85.2,0.02222,0,IN CS. HASSANUDIN,0,0,0,0
DT3208,6/6/2025 21:13:38,2,0,2,D98,117.45741,0.59462,84.9,0.02963,0,IN CS. HASSANUDIN,0,0,0,0
DT3208,6/6/2025 21:13:41,2,0,2,D98,117.45742,0.59462,84.7,0.02593,0,IN CS. HASSANUDIN,0,0,0,0
DT3208,6/6/2025 21:13:44,2,0,2,D98,117.45742,0.59461,84.8,0.0426,0,IN CS. HASSANUDIN,0,0,0,0
DT3208,6/6/2025 21:13:47,2,0,2,D98,117.45742,0.59461,84.6,0.05371,0,IN CS. HASSANUDIN,0,0,0,0
DT3208,6/6/2025 21:13:50,2,0,2,D98,117.45743,0.59462,84.5,0.05371,0,IN CS. HASSANUDIN,0,0,0,0
DT3208,6/6/2025 21:13:53,2,0,2,D98,117.45743,0.59461,84.6,0.02778,0,IN CS. HASSANUDIN,0,0,0,0
DT3208,6/6/2025 21:13:56,2,0,2,D98,117.45743,0.59461,84.8,0.01111,0,IN CS. HASSANUDIN,0,0,0,0
DT3208,6/6/2025 21:13:59,2,0,2,D98,117.45743,0.59461,84.8,0.01667,0,IN CS. HASSANUDIN,0,0,0,0
DT3208,6/6/2025 21:14:02,2,0,2,D98,117.45744,0.59461,84.7,0.03334,0,IN CS. HASSANUDIN,0,0,0,0
DT3208,6/6/2025 21:14:05,2,0,2,D98,117.45744,0.59461,84.7,0.05,0,IN CS. HASSANUDIN,0,0,0,0
DT3208,6/6/2025 21:14:08,2,0,2,D98,117.45744,0.59461,85,0.01296,0,IN CS. HASSANUDIN,0,0,0,0
DT3208,6/6/2025 21:14:11,2,0,2,D98,117.45744,0.5946,85.2,0.04815,0,IN CS. HASSANUDIN,0,0,0,0
DT3208,6/6/2025 21:14:14,2,0,2,D98,117.45744,0.5946,85.2,0.02037,0,IN CS. HASSANUDIN,0,0,0,0
DT3208,6/6/2025 21:14:17,2,0,2,D98,117.45744,0.5946,85.1,0.0426,0,IN CS. HASSANUDIN,0,0,0,0
DT3208,6/6/2025 21:14:20,2,0,2,D98,117.45744,0.5946,85.1,0.00926,0,IN CS. HASSANUDIN,0,0,0,0
DT3208,6/6/2025 21:14:23,2,0,2,D98,117.45744,0.5946,85,0.02222,0,IN CS. HASSANUDIN,0,0,0,0
DT3208,6/6/2025 21:14:26,2,0,2,D98,117.45745,0.59461,84.7,0.01852,0,IN CS. HASSANUDIN,0,0,0,0
DT3208,6/6/2025 21:14:29,2,0,2,D98,117.45745,0.59461,84.5,0.04815,0,IN CS. HASSANUDIN,0,0,0,0
DT3208,6/6/2025 21:14:32,2,0,2,D98,117.45745,0.59461,84.4,0.15001,0,IN CS. HASSANUDIN,0,0,0,0
DT3208,6/6/2025 21:14:35,2,0,2,D98,117.45745,0.59461,84.3,0.01667,0,IN CS. HASSANUDIN,0,0,0,0
DT3208,6/6/2025 21:14:38,2,0,2,D98,117.45745,0.59461,84.1,0.01482,0,IN CS. HASSANUDIN,0,0,0,0
DT3208,6/6/2025 21:14:41,2,0,2,D98,117.45745,0.59461,83.8,0.04074,0,IN CS. HASSANUDIN,0,0,0,0
DT3208,6/6/2025 21:14:44,2,0,2,D98,117.45745,0.59461,83.9,0.04445,0,IN CS. HASSANUDIN,0,0,0,0
DT3208,6/6/2025 21:14:47,2,0,2,D98,117.45745,0.59461,84.1,0.03519,0,IN CS. HASSANUDIN,0,0,0,0
DT3208,6/6/2025 21:14:50,2,0,2,D98,117.45745,0.5946,84.5,0.01482,0,IN CS. HASSANUDIN,0,0,0,0
DT3208,6/6/2025 21:14:53,2,0,2,D98,117.45745,0.5946,85,0.07038,0,IN CS. HASSANUDIN,0,0,0,0
DT3208,6/6/2025 21:14:56,2,0,2,D98,117.45745,0.5946,85.5,0.07593,0,IN CS. HASSANUDIN,0,0,0,0
DT3208,6/6/2025 21:14:59,2,0,2,D98,117.45745,0.5946,85.9,0.01111,0,IN CS. HASSANUDIN,0,0,0,0
DT3208,6/6/2025 21:15:02,2,0,2,D98,117.45745,0.5946,86.3,0.07593,0,IN CS. HASSANUDIN,0,0,0,0
DT3208,6/6/2025 21:15:05,2,0,2,D98,117.45745,0.5946,86.6,0.03519,0,IN CS. HASSANUDIN,0,0,0,0
DT3208,6/6/2025 21:15:08,2,0,2,D98,117.45745,0.5946,86.9,0.04074,0,IN CS. HASSANUDIN,0,0,0,0
DT3208,6/6/2025 21:15:11,2,0,2,D98,117.45745,0.5946,87.2,0.03704,0,IN CS. HASSANUDIN,0,0,0,0
DT3208,6/6/2025 21:15:14,2,0,2,D98,117.45745,0.5946,87.3,0.04074,0,IN CS. HASSANUDIN,0,0,0,0
DT3208,6/6/2025 21:15:17,2,0,2,D98,117.45746,0.5946,87.5,0.03704,0,IN CS. HASSANUDIN,0,0,0,0
DT3208,6/6/2025 21:15:20,2,0,2,D98,117.45746,0.5946,87.4,0.02037,0,IN CS. HASSANUDIN,0,0,0,0
DT3208,6/6/2025 21:15:23,2,0,2,D98,117.45746,0.5946,87.3,0.08519,0,IN CS. HASSANUDIN,0,0,0,0
DT3208,6/6/2025 21:15:26,2,0,2,D98,117.45746,0.59461,87.1,0.03334,0,IN CS. HASSANUDIN,0,0,0,0
DT3208,6/6/2025 21:15:29,2,0,2,D98,117.45746,0.59461,87,0.05741,0,IN CS. HASSANUDIN,0,0,0,0
DT3208,6/6/2025 21:15:32,2,0,2,D98,117.45746,0.59461,86.8,0.02963,0,IN CS. HASSANUDIN,0,0,0,0
DT3208,6/6/2025 21:15:35,2,0,2,D98,117.45746,0.59461,86.8,0.11112,0,IN CS. HASSANUDIN,0,0,0,0
DT3208,6/6/2025 21:15:38,2,0,2,D98,117.45747,0.59461,86.7,0.02593,0,IN CS. HASSANUDIN,0,0,0,0
DT3208,6/6/2025 21:15:41,2,0,2,D98,117.45747,0.59462,86.6,0.07964,0,IN CS. HASSANUDIN,0,0,0,0
DT3208,6/6/2025 21:15:44,2,0,2,D98,117.45747,0.59462,86.6,0.03704,0,IN CS. HASSANUDIN,0,0,0,0
DT3208,6/6/2025 21:15:47,2,0,2,D98,117.45747,0.59462,86.7,0.0463,0,IN CS. HASSANUDIN,0,0,0,0
DT3208,6/6/2025 21:15:50,2,0,2,D98,117.45747,0.59462,86.7,0.02408,0,IN CS. HASSANUDIN,0,0,0,0
DT3208,6/6/2025 21:15:53,2,0,2,D98,117.45747,0.59462,86.7,0.03334,0,IN CS. HASSANUDIN,0,0,0,0
DT3208,6/6/2025 21:15:56,2,0,2,D98,117.45747,0.59462,86.6,0.03148,0,IN CS. HASSANUDIN,0,0,0,0
DT3208,6/6/2025 21:15:59,2,0,2,D98,117.45747,0.59462,86.5,0.03334,0,IN CS. HASSANUDIN,0,0,0,0
DT3208,6/6/2025 21:16:02,2,0,2,D98,117.45747,0.59462,86.3,0.02778,0,IN CS. HASSANUDIN,0,0,0,0
DT3208,6/6/2025 21:16:05,2,0,2,D98,117.45747,0.59462,86,0.01667,0,IN CS. HASSANUDIN,0,0,0,0
DT3208,6/6/2025 21:16:08,2,0,2,D98,117.45747,0.59462,85.7,0.0463,0,IN CS. HASSANUDIN,0,0,0,0
DT3208,6/6/2025 21:16:11,2,0,2,D98,117.45747,0.59462,85.4,0.0426,0,IN CS. HASSANUDIN,0,0,0,0
DT3208,6/6/2025 21:16:14,2,0,2,D98,117.45747,0.59462,85.3,0.03889,0,IN CS. HASSANUDIN,0,0,0,0
DT3208,6/6/2025 21:16:17,2,0,2,D98,117.45747,0.59461,85.3,0.02037,0,IN CS. HASSANUDIN,0,0,0,0
DT3208,6/6/2025 21:16:20,2,0,2,D98,117.45747,0.59461,85.2,0.02963,0,IN CS. HASSANUDIN,0,0,0,0
DT3208,6/6/2025 21:16:23,2,0,2,D98,117.45747,0.59461,85,0.01852,0,IN CS. HASSANUDIN,0,0,0,0
DT3208,6/6/2025 21:16:26,2,0,2,D98,117.45747,0.59461,84.9,0.03519,0,IN CS. HASSANUDIN,0,0,0,0
DT3208,6/6/2025 21:16:29,2,0,2,D98,117.45747,0.59461,84.8,0.02408,0,IN CS. HASSANUDIN,0,0,0,0
DT3208,6/6/2025 21:16:32,2,0,2,D98,117.45747,0.5946,84.9,0.02593,0,IN CS. HASSANUDIN,0,0,0,0
DT3208,6/6/2025 21:16:35,2,0,2,D98,117.45747,0.5946,85.1,0.07038,0,IN CS. HASSANUDIN,0,0,0,0
DT3208,6/6/2025 21:16:38,2,0,2,D98,117.45747,0.5946,85.3,0.06297,0,IN CS. HASSANUDIN,0,0,0,0
DT3208,6/6/2025 21:16:41,2,0,2,D98,117.45747,0.5946,85.4,0.06482,0,IN CS. HASSANUDIN,0,0,0,0
DT3208,6/6/2025 21:16:44,2,0,2,D98,117.45747,0.59459,85.5,0.05,0,IN CS. HASSANUDIN,0,0,0,0
DT3208,6/6/2025 21:16:47,2,0,2,D98,117.45747,0.59459,85.4,0.02408,0,IN CS. HASSANUDIN,0,0,0,0
DT3208,6/6/2025 21:16:50,2,0,2,D98,117.45747,0.59459,85.4,0.05371,0,IN CS. HASSANUDIN,0,0,0,0
DT3208,6/6/2025 21:16:53,2,0,2,D98,117.45746,0.59459,85.4,0.07408,0,IN CS. HASSANUDIN,0,0,0,0
DT3208,6/6/2025 21:16:56,2,0,2,D98,117.45746,0.59459,85.3,0.07223,0,IN CS. HASSANUDIN,0,0,0,0
DT3208,6/6/2025 21:16:59,2,0,2,D98,117.45746,0.59459,85.1,0.01852,0,IN CS. HASSANUDIN,0,0,0,0
DT3208,6/6/2025 21:17:02,2,0,2,D98,117.45746,0.59459,84.9,0.07223,0,IN CS. HASSANUDIN,0,0,0,0
DT3208,6/6/2025 21:17:05,2,0,2,D98,117.45746,0.59459,84.7,0.02593,0,IN CS. HASSANUDIN,0,0,0,0
DT3208,6/6/2025 21:17:08,2,0,2,D98,117.45746,0.59459,84.5,0.06112,0,IN CS. HASSANUDIN,0,0,0,0
DT3208,6/6/2025 21:17:11,2,0,2,D98,117.45746,0.59459,84.3,0.02593,0,IN CS. HASSANUDIN,0,0,0,0
DT3208,6/6/2025 21:17:14,2,0,2,D98,117.45745,0.59459,84.1,0.03704,0,IN CS. HASSANUDIN,0,0,0,0
DT3208,6/6/2025 21:17:17,2,0,2,D98,117.45745,0.5946,83.9,0.06667,0,IN CS. HASSANUDIN,0,0,0,0
DT3208,6/6/2025 21:17:20,2,0,2,D98,117.45745,0.5946,83.7,0.07408,0,IN CS. HASSANUDIN,0,0,0,0
DT3208,6/6/2025 21:17:23,2,0,2,D98,117.45745,0.5946,83.7,0.03334,0,IN CS. HASSANUDIN,0,0,0,0
DT3208,6/6/2025 21:17:26,2,0,2,D98,117.45746,0.5946,83.4,0.08519,0,IN CS. HASSANUDIN,0,0,0,0
DT3208,6/6/2025 21:17:29,2,0,2,D98,117.45746,0.5946,83.5,0.05,0,IN CS. HASSANUDIN,0,0,0,0
DT3208,6/6/2025 21:17:32,2,0,2,D98,117.45746,0.5946,83.5,0.10371,0,IN CS. HASSANUDIN,0,0,0,0
DT3208,6/6/2025 21:17:35,2,0,2,D98,117.45746,0.5946,83.6,0.00185,0,IN CS. HASSANUDIN,0,0,0,0
DT3208,6/6/2025 21:17:38,2,0,2,D98,117.45746,0.5946,83.6,0.04815,0,IN CS. HASSANUDIN,0,0,0,0
DT3208,6/6/2025 21:17:41,2,0,2,D98,117.45746,0.5946,83.6,0.07038,0,IN CS. HASSANUDIN,0,0,0,0
DT3208,6/6/2025 21:17:44,2,0,2,D98,117.45746,0.5946,83.7,0.05,0,IN CS. HASSANUDIN,0,0,0,0
DT3208,6/6/2025 21:17:47,2,0,2,D98,117.45746,0.5946,83.6,0.07778,0,IN CS. HASSANUDIN,0,0,0,0
DT3208,6/6/2025 21:17:50,2,0,2,D98,117.45746,0.59461,83.3,0.02593,0,IN CS. HASSANUDIN,0,0,0,0
DT3208,6/6/2025 21:17:53,2,0,2,D98,117.45746,0.59461,82.3,0.03334,0,IN CS. HASSANUDIN,0,0,0,0
DT3208,6/6/2025 21:17:56,2,0,2,D98,117.45747,0.59461,81.4,0.05926,0,IN CS. HASSANUDIN,0,0,0,0
DT3208,6/6/2025 21:17:59,2,0,2,D98,117.45747,0.59461,81,0.02963,0,IN CS. HASSANUDIN,0,0,0,0
DT3208,6/6/2025 21:18:02,2,0,2,D98,117.45747,0.59461,80.8,0.02593,0,IN CS. HASSANUDIN,0,0,0,0
DT3208,6/6/2025 21:18:05,2,0,2,D98,117.45747,0.59462,80.6,0.10371,0,IN CS. HASSANUDIN,0,0,0,0
DT3208,6/6/2025 21:18:08,2,0,2,D98,117.45747,0.59462,80.5,0.15186,0,IN CS. HASSANUDIN,0,0,0,0
DT3208,6/6/2025 21:18:11,2,0,2,D98,117.45747,0.59462,80.3,0.06482,0,IN CS. HASSANUDIN,0,0,0,0
DT3208,6/6/2025 21:18:14,2,0,2,D98,117.45747,0.59462,80.3,0.02037,0,IN CS. HASSANUDIN,0,0,0,0
DT3208,6/6/2025 21:18:17,2,0,2,D98,117.45748,0.59463,80.4,0.09816,0,IN CS. HASSANUDIN,0,0,0,0
DT3208,6/6/2025 21:18:20,2,0,2,D98,117.45748,0.59463,80.7,0.00556,0,IN CS. HASSANUDIN,0,0,0,0
DT3208,6/6/2025 21:18:23,2,0,2,D98,117.45748,0.59463,80.8,0.0426,0,IN CS. HASSANUDIN,0,0,0,0
DT3208,6/6/2025 21:18:26,2,0,2,D98,117.45748,0.59463,80.9,0.02222,0,IN CS. HASSANUDIN,0,0,0,0
DT3208,6/6/2025 21:18:29,2,0,2,D98,117.45747,0.59463,80.9,0.01296,0,IN CS. HASSANUDIN,0,0,0,0
DT3208,6/6/2025 21:18:32,2,0,2,D98,117.45747,0.59464,81,0.03889,0,IN CS. HASSANUDIN,0,0,0,0
DT3208,6/6/2025 21:18:35,2,0,2,D98,117.45747,0.59464,81.1,0.07593,0,IN CS. HASSANUDIN,0,0,0,0
DT3208,6/6/2025 21:18:38,2,0,2,D98,117.45748,0.59464,81,0.05,0,IN CS. HASSANUDIN,0,0,0,0
DT3208,6/6/2025 21:18:41,2,0,2,D98,117.45748,0.59464,81,0.06852,0,IN CS. HASSANUDIN,0,0,0,0
DT3208,6/6/2025 21:18:44,2,0,2,D98,117.45748,0.59464,81,0.03148,0,IN CS. HASSANUDIN,0,0,0,0
DT3208,6/6/2025 21:18:47,2,0,2,D98,117.45748,0.59464,81,0.08704,0,IN CS. HASSANUDIN,0,0,0,0
DT3208,6/6/2025 21:18:50,2,0,2,D98,117.45748,0.59464,80.9,0.03704,0,IN CS. HASSANUDIN,0,0,0,0
DT3208,6/6/2025 21:18:53,2,0,2,D98,117.45748,0.59464,80.8,0.08149,0,IN CS. HASSANUDIN,0,0,0,0
DT3208,6/6/2025 21:18:56,2,0,2,D98,117.45748,0.59464,80.7,0.04815,0,IN CS. HASSANUDIN,0,0,0,0
DT3208,6/6/2025 21:18:59,2,0,2,D98,117.45748,0.59464,80.4,0.02222,0,IN CS. HASSANUDIN,0,0,0,0
DT3208,6/6/2025 21:19:02,2,0,2,D98,117.45748,0.59463,80.1,0.06112,0,IN CS. HASSANUDIN,0,0,0,0
DT3208,6/6/2025 21:19:05,2,0,2,D98,117.45748,0.59463,80,0.08519,0,IN CS. HASSANUDIN,0,0,0,0
DT3208,6/6/2025 21:19:08,2,0,2,D98,117.45748,0.59463,79.7,0.05741,0,IN CS. HASSANUDIN,0,0,0,0
DT3208,6/6/2025 21:19:11,2,0,2,D98,117.45748,0.59463,79.8,0.05186,0,IN CS. HASSANUDIN,0,0,0,0
DT3208,6/6/2025 21:19:14,2,0,2,D98,117.45748,0.59462,79.6,0.04074,0,IN CS. HASSANUDIN,0,0,0,0
DT3208,6/6/2025 21:19:17,2,0,2,D98,117.45748,0.59462,79.6,0.05926,0,IN CS. HASSANUDIN,0,0,0,0
DT3208,6/6/2025 21:19:20,2,0,2,D98,117.45748,0.59462,79.6,0.05556,0,IN CS. HASSANUDIN,0,0,0,0
DT3208,6/6/2025 21:19:23,2,0,2,D98,117.45747,0.59462,79.5,0.03519,0,IN CS. HASSANUDIN,0,0,0,0
DT3208,6/6/2025 21:19:26,2,0,2,D98,117.45747,0.59462,79.6,0.03148,0,IN CS. HASSANUDIN,0,0,0,0
DT3208,6/6/2025 21:19:29,2,0,2,D98,117.45747,0.59461,79.9,0.03889,0,IN CS. HASSANUDIN,0,0,0,0
DT3208,6/6/2025 21:19:32,2,0,2,D98,117.45747,0.59461,80.2,0.02593,0,IN CS. HASSANUDIN,0,0,0,0
DT3208,6/6/2025 21:19:35,2,0,2,D98,117.45747,0.59461,80.4,0.01296,0,IN CS. HASSANUDIN,0,0,0,0
DT3208,6/6/2025 21:19:38,2,0,2,D98,117.45746,0.59461,80.6,0.07408,0,IN CS. HASSANUDIN,0,0,0,0
DT3208,6/6/2025 21:19:41,2,0,2,D98,117.45746,0.59461,80.6,0.03334,0,IN CS. HASSANUDIN,0,0,0,0
DT3208,6/6/2025 21:19:44,2,0,2,D98,117.45746,0.5946,80.7,0.01852,0,IN CS. HASSANUDIN,0,0,0,0
DT3208,6/6/2025 21:19:47,2,0,2,D98,117.45746,0.5946,80.6,0.07038,0,IN CS. HASSANUDIN,0,0,0,0
DT3208,6/6/2025 21:19:50,2,0,2,D98,117.45746,0.5946,80.6,0.05,0,IN CS. HASSANUDIN,0,0,0,0
DT3208,6/6/2025 21:19:53,2,0,2,D98,117.45746,0.5946,80.6,0.01296,0,IN CS. HASSANUDIN,0,0,0,0
DT3208,6/6/2025 21:19:56,2,0,2,D98,117.45746,0.5946,80.5,0.01296,0,IN CS. HASSANUDIN,0,0,0,0
DT3208,6/6/2025 21:19:59,2,0,2,D98,117.45746,0.5946,80.4,0.08334,0,IN CS. HASSANUDIN,0,0,0,0
DT3208,6/6/2025 21:20:02,2,0,2,D98,117.45746,0.5946,80.1,0.10371,0,IN CS. HASSANUDIN,0,0,0,0
DT3208,6/6/2025 21:20:05,2,0,2,D98,117.45746,0.5946,79.9,0.0463,0,IN CS. HASSANUDIN,0,0,0,0
DT3208,6/6/2025 21:20:08,2,0,2,D98,117.45746,0.5946,79.7,0.02778,0,IN CS. HASSANUDIN,0,0,0,0
DT3208,6/6/2025 21:20:11,2,0,2,D98,117.45746,0.59459,79.6,0.14075,0,IN CS. HASSANUDIN,0,0,0,0
DT3208,6/6/2025 21:20:14,2,0,2,D98,117.45746,0.59459,79.3,0.02222,0,IN CS. HASSANUDIN,0,0,0,0
DT3208,6/6/2025 21:20:17,2,0,2,D98,117.45746,0.5946,78.9,0.00926,0,IN CS. HASSANUDIN,0,0,0,0
DT3208,6/6/2025 21:20:20,2,0,2,D98,117.45746,0.5946,78.6,0.02408,0,IN CS. HASSANUDIN,0,0,0,0
DT3208,6/6/2025 21:20:23,2,0,2,D98,117.45746,0.5946,78.5,0.05741,0,IN CS. HASSANUDIN,0,0,0,0
DT3208,6/6/2025 21:20:26,2,0,2,D98,117.45746,0.5946,78.5,0.04074,0,IN CS. HASSANUDIN,0,0,0,0
DT3208,6/6/2025 21:20:29,2,0,2,D98,117.45746,0.5946,78.4,0.08519,0,IN CS. HASSANUDIN,0,0,0,0
DT3208,6/6/2025 21:20:32,2,0,2,D98,117.45746,0.5946,78.3,0.06297,0,IN CS. HASSANUDIN,0,0,0,0
DT3208,6/6/2025 21:20:35,2,0,2,D98,117.45746,0.5946,78.1,0.05741,0,IN CS. HASSANUDIN,0,0,0,0
DT3208,6/6/2025 21:20:38,2,0,2,D98,117.45746,0.5946,78.1,0.0963,0,IN CS. HASSANUDIN,0,0,0,0
DT3208,6/6/2025 21:20:41,2,0,2,D98,117.45746,0.5946,78.3,0.02963,0,IN CS. HASSANUDIN,0,0,0,0
DT3208,6/6/2025 21:20:44,2,0,2,D98,117.45746,0.5946,78.7,0.05,0,IN CS. HASSANUDIN,0,0,0,0
DT3208,6/6/2025 21:20:47,2,0,2,D98,117.45746,0.59461,79.2,0.03704,0,IN CS. HASSANUDIN,0,0,0,0
DT3208,6/6/2025 21:20:50,2,0,2,D98,117.45746,0.59461,79.5,0.02037,0,IN CS. HASSANUDIN,0,0,0,0
DT3208,6/6/2025 21:20:53,2,0,2,D98,117.45746,0.59461,79.8,0.10742,0,IN CS. HASSANUDIN,0,0,0,0
DT3208,6/6/2025 21:20:56,2,0,2,D98,117.45746,0.59461,80.1,0.01296,0,IN CS. HASSANUDIN,0,0,0,0
DT3208,6/6/2025 21:20:59,2,0,2,D98,117.45746,0.59461,80.5,0.04074,0,IN CS. HASSANUDIN,0,0,0,0
DT3208,6/6/2025 21:21:02,2,0,2,D98,117.45746,0.59461,80.9,0.05741,0,IN CS. HASSANUDIN,0,0,0,0
DT3208,6/6/2025 21:21:05,2,0,2,D98,117.45746,0.59461,81.7,0.05926,0,IN CS. HASSANUDIN,0,0,0,0
DT3208,6/6/2025 21:21:08,2,0,2,D98,117.45746,0.59461,82.5,0.02037,0,IN CS. HASSANUDIN,0,0,0,0
DT3208,6/6/2025 21:21:11,2,0,2,D98,117.45746,0.59461,83.6,0.01667,0,IN CS. HASSANUDIN,0,0,0,0
DT3208,6/6/2025 21:21:14,2,0,2,D98,117.45746,0.5946,84.7,0.02222,0,IN CS. HASSANUDIN,0,0,0,0
DT3208,6/6/2025 21:21:17,2,0,2,D98,117.45746,0.5946,85.6,0.02778,0,IN CS. HASSANUDIN,0,0,0,0
DT3208,6/6/2025 21:21:20,2,0,2,D98,117.45746,0.5946,86.4,0.05556,0,IN CS. HASSANUDIN,0,0,0,0
DT3208,6/6/2025 21:21:23,2,0,2,D98,117.45746,0.5946,87.3,0.05371,0,IN CS. HASSANUDIN,0,0,0,0
DT3208,6/6/2025 21:21:26,2,0,2,D98,117.45746,0.5946,88.2,0.04074,0,IN CS. HASSANUDIN,0,0,0,0
DT3208,6/6/2025 21:21:29,2,0,2,D98,117.45746,0.59459,89,0.04815,0,IN CS. HASSANUDIN,0,0,0,0
DT3208,6/6/2025 21:21:32,2,0,2,D98,117.45746,0.59459,89.6,0.02222,0,IN CS. HASSANUDIN,0,0,0,0
DT3208,6/6/2025 21:21:35,2,0,2,D98,117.45746,0.59459,90.3,0.03519,0,IN CS. HASSANUDIN,0,0,0,0
DT3208,6/6/2025 21:21:38,2,0,2,D98,117.45746,0.59459,90.8,0.08334,0,IN CS. HASSANUDIN,0,0,0,0
DT3208,6/6/2025 21:21:41,2,0,2,D98,117.45746,0.59459,91.5,0.06852,0,IN CS. HASSANUDIN,0,0,0,0
DT3208,6/6/2025 21:21:44,2,0,2,D98,117.45747,0.59459,92.1,0.03889,0,IN CS. HASSANUDIN,0,0,0,0
DT3208,6/6/2025 21:21:47,2,0,2,D98,117.45747,0.59459,92.6,0.02778,0,IN CS. HASSANUDIN,0,0,0,0
DT3208,6/6/2025 21:21:50,2,0,2,D98,117.45747,0.59459,93.3,0.06297,0,IN CS. HASSANUDIN,0,0,0,0
DT3208,6/6/2025 21:21:53,2,0,2,D98,117.45747,0.59459,93.5,0.04445,0,IN CS. HASSANUDIN,0,0,0,0
DT3208,6/6/2025 21:21:56,2,0,2,D98,117.45747,0.59459,94,0.01482,0,IN CS. HASSANUDIN,0,0,0,0
DT3208,6/6/2025 21:21:59,2,0,2,D98,117.45747,0.59459,94.7,0.07408,0,IN CS. HASSANUDIN,0,0,0,0
DT3208,6/6/2025 21:22:02,2,0,2,D98,117.45747,0.59459,94.7,0.02593,0,IN CS. HASSANUDIN,0,0,0,0
DT3208,6/6/2025 21:22:05,2,0,2,D98,117.45747,0.59459,94.7,0.01852,0,IN CS. HASSANUDIN,0,0,0,0
DT3208,6/6/2025 21:22:08,2,0,2,D98,117.45747,0.59459,94.5,0.01852,0,IN CS. HASSANUDIN,0,0,0,0
DT3208,6/6/2025 21:22:11,2,0,2,D98,117.45747,0.59459,94.3,0.03334,0,IN CS. HASSANUDIN,0,0,0,0
DT3208,6/6/2025 21:22:14,2,0,2,D98,117.45747,0.5946,94.2,0.0463,0,IN CS. HASSANUDIN,0,0,0,0
DT3208,6/6/2025 21:22:17,2,0,2,D98,117.45747,0.5946,94,0.02408,0,IN CS. HASSANUDIN,0,0,0,0
DT3208,6/6/2025 21:22:20,2,0,2,D98,117.45747,0.5946,93.7,0.02778,0,IN CS. HASSANUDIN,0,0,0,0
DT3208,6/6/2025 21:22:23,2,0,2,D98,117.45747,0.5946,93.5,0.04815,0,IN CS. HASSANUDIN,0,0,0,0
DT3208,6/6/2025 21:22:26,2,0,2,D98,117.45747,0.5946,93.2,0.08334,0,IN CS. HASSANUDIN,0,0,0,0
DT3208,6/6/2025 21:22:29,2,0,2,D98,117.45747,0.5946,92.9,0.01482,0,IN CS. HASSANUDIN,0,0,0,0
DT3208,6/6/2025 21:22:32,2,0,2,D98,117.45747,0.5946,92.6,0.05371,0,IN CS. HASSANUDIN,0,0,0,0
DT3208,6/6/2025 21:22:35,2,0,2,D98,117.45747,0.5946,92.4,0.00926,0,IN CS. HASSANUDIN,0,0,0,0
DT3208,6/6/2025 21:22:38,2,0,2,D98,117.45747,0.5946,92.2,0.02963,0,IN CS. HASSANUDIN,0,0,0,0
DT3208,6/6/2025 21:22:41,2,0,2,D98,117.45747,0.5946,92.2,0.03704,0,IN CS. HASSANUDIN,0,0,0,0
DT3208,6/6/2025 21:22:44,2,0,2,D98,117.45747,0.5946,92.3,0.03889,0,IN CS. HASSANUDIN,0,0,0,0
DT3208,6/6/2025 21:22:47,2,0,2,D98,117.45747,0.5946,92.5,0.07964,0,IN CS. HASSANUDIN,0,0,0,0
DT3208,6/6/2025 21:22:50,2,0,2,D98,117.45747,0.59459,92.8,0.05186,0,IN CS. HASSANUDIN,0,0,0,0
DT3208,6/6/2025 21:22:53,2,0,2,D98,117.45747,0.59459,93,0.01296,0,IN CS. HASSANUDIN,0,0,0,0
DT3208,6/6/2025 21:22:56,2,0,2,D98,117.45747,0.59459,93.2,0.06482,0,IN CS. HASSANUDIN,0,0,0,0
DT3208,6/6/2025 21:22:59,2,0,2,D98,117.45747,0.59459,93.6,0.05186,0,IN CS. HASSANUDIN,0,0,0,0
DT3208,6/6/2025 21:23:02,2,0,2,D98,117.45747,0.59459,93.9,0.02593,0,IN CS. HASSANUDIN,0,0,0,0
DT3208,6/6/2025 21:23:05,2,0,2,D98,117.45747,0.59459,94.1,0.02593,0,IN CS. HASSANUDIN,0,0,0,0
DT3208,6/6/2025 21:23:08,2,0,2,D98,117.45747,0.59458,94,0.01111,0,IN CS. HASSANUDIN,0,0,0,0
DT3208,6/6/2025 21:23:11,2,0,2,D98,117.45747,0.59458,93.8,0.01296,0,IN CS. HASSANUDIN,0,0,0,0
DT3208,6/6/2025 21:23:14,2,0,2,D98,117.45747,0.59458,93.4,0.01482,0,IN CS. HASSANUDIN,0,0,0,0
DT3208,6/6/2025 21:23:17,2,0,2,D98,117.45747,0.59458,93.2,0.03889,0,IN CS. HASSANUDIN,0,0,0,0
DT3208,6/6/2025 21:23:20,2,0,2,D98,117.45747,0.59458,93.1,0.01482,0,IN CS. HASSANUDIN,0,0,0,0
DT3208,6/6/2025 21:23:23,2,0,2,D98,117.45747,0.59458,92.8,0.02408,0,IN CS. HASSANUDIN,0,0,0,0
DT3208,6/6/2025 21:23:26,2,0,2,D98,117.45747,0.59458,92.6,0.03519,0,IN CS. HASSANUDIN,0,0,0,0
DT3208,6/6/2025 21:23:29,2,0,2,D98,117.45747,0.59457,92.5,0.04445,0,IN CS. HASSANUDIN,0,0,0,0
DT3208,6/6/2025 21:23:32,2,0,2,D98,117.45747,0.59457,92.4,0.01111,0,IN CS. HASSANUDIN,0,0,0,0
DT3208,6/6/2025 21:23:35,2,0,2,D98,117.45746,0.59457,92.1,0.01482,0,IN CS. HASSANUDIN,0,0,0,0
DT3208,6/6/2025 21:23:38,2,0,2,D98,117.45746,0.59457,91.8,0.02593,0,IN CS. HASSANUDIN,0,0,0,0
DT3208,6/6/2025 21:23:41,2,0,2,D98,117.45746,0.59456,91.7,0.00926,0,IN CS. HASSANUDIN,0,0,0,0
DT3208,6/6/2025 21:23:44,2,0,2,D98,117.45746,0.59456,91.6,0.0037,0,IN CS. HASSANUDIN,0,0,0,0
DT3208,6/6/2025 21:23:47,2,0,2,D98,117.45746,0.59456,91.6,0.05186,0,IN CS. HASSANUDIN,0,0,0,0
DT3208,6/6/2025 21:23:50,2,0,2,D98,117.45746,0.59456,91.8,0.01296,0,IN CS. HASSANUDIN,0,0,0,0
DT3208,6/6/2025 21:23:53,2,0,2,D98,117.45746,0.59456,92.1,0.03704,0,IN CS. HASSANUDIN,0,0,0,0
DT3208,6/6/2025 21:23:56,2,0,2,D98,117.45746,0.59456,92.5,0.01482,0,IN CS. HASSANUDIN,0,0,0,0
DT3208,6/6/2025 21:23:59,2,0,2,D98,117.45747,0.59456,92.8,0.0463,0,IN CS. HASSANUDIN,0,0,0,0
DT3208,6/6/2025 21:24:02,2,0,2,D98,117.45747,0.59456,93.1,0.0037,0,IN CS. HASSANUDIN,0,0,0,0
DT3208,6/6/2025 21:24:05,2,0,2,D98,117.45746,0.59456,93.2,0.04074,0,IN CS. HASSANUDIN,0,0,0,0
DT3208,6/6/2025 21:24:08,2,0,2,D98,117.45746,0.59456,93.1,0.04815,0,IN CS. HASSANUDIN,0,0,0,0
DT3208,6/6/2025 21:24:11,2,0,2,D98,117.45746,0.59456,93,0.02963,0,IN CS. HASSANUDIN,0,0,0,0
DT3208,6/6/2025 21:24:14,2,0,2,D98,117.45746,0.59456,92.8,0.02037,0,IN CS. HASSANUDIN,0,0,0,0
DT3208,6/6/2025 21:24:17,2,0,2,D98,117.45746,0.59456,92.6,0.06667,0,IN CS. HASSANUDIN,0,0,0,0
DT3208,6/6/2025 21:24:20,2,0,2,D98,117.45746,0.59456,92.4,0.06852,0,IN CS. HASSANUDIN,0,0,0,0
DT3208,6/6/2025 21:24:23,2,0,2,D98,117.45746,0.59456,91.9,0.0463,0,IN CS. HASSANUDIN,0,0,0,0
DT3208,6/6/2025 21:24:26,2,0,2,D98,117.45746,0.59456,91.3,0.03519,0,IN CS. HASSANUDIN,0,0,0,0
DT3208,6/6/2025 21:24:29,2,0,2,D98,117.45747,0.59457,90.9,0.03889,0,IN CS. HASSANUDIN,0,0,0,0
DT3208,6/6/2025 21:24:32,2,0,2,D98,117.45747,0.59457,90.7,0.03889,0,IN CS. HASSANUDIN,0,0,0,0
DT3208,6/6/2025 21:24:35,2,0,2,D98,117.45747,0.59457,90.3,0.02778,0,IN CS. HASSANUDIN,0,0,0,0
DT3208,6/6/2025 21:24:38,2,0,2,D98,117.45747,0.59457,89.6,0.02037,0,IN CS. HASSANUDIN,0,0,0,0
DT3208,6/6/2025 21:24:41,2,0,2,D98,117.45747,0.59457,89.4,0.02963,0,IN CS. HASSANUDIN,0,0,0,0
DT3208,6/6/2025 21:24:44,2,0,2,D98,117.45747,0.59457,89.2,0.06667,0,IN CS. HASSANUDIN,0,0,0,0
DT3208,6/6/2025 21:24:47,2,0,2,D98,117.45747,0.59457,89,0.06297,0,IN CS. HASSANUDIN,0,0,0,0
DT3208,6/6/2025 21:24:50,2,0,2,D98,117.45747,0.59457,88.8,0.09445,0,IN CS. HASSANUDIN,0,0,0,0
DT3208,6/6/2025 21:24:53,2,0,2,D98,117.45747,0.59458,88.8,0.05926,0,IN CS. HASSANUDIN,0,0,0,0
DT3208,6/6/2025 21:24:56,2,0,2,D98,117.45747,0.59458,89,0.03148,0,IN CS. HASSANUDIN,0,0,0,0
DT3208,6/6/2025 21:24:59,2,0,2,D98,117.45747,0.59458,89.1,0.03519,0,IN CS. HASSANUDIN,0,0,0,0
DT3208,6/6/2025 21:25:02,2,0,2,D98,117.45747,0.59458,89.2,0.05556,0,IN CS. HASSANUDIN,0,0,0,0
DT3208,6/6/2025 21:25:05,2,0,2,D98,117.45747,0.59458,89.4,0.03889,0,IN CS. HASSANUDIN,0,0,0,0
DT3208,6/6/2025 21:25:08,2,0,2,D98,117.45747,0.59458,89.7,0.00926,0,IN CS. HASSANUDIN,0,0,0,0
DT3208,6/6/2025 21:25:11,2,0,2,D98,117.45747,0.59458,89.9,0.01111,0,IN CS. HASSANUDIN,0,0,0,0
DT3208,6/6/2025 21:25:14,2,0,2,D98,117.45747,0.59458,90.1,0.04815,0,IN CS. HASSANUDIN,0,0,0,0
DT3208,6/6/2025 21:25:17,2,0,2,D98,117.45747,0.59458,90.4,0.01111,0,IN CS. HASSANUDIN,0,0,0,0
DT3208,6/6/2025 21:25:20,2,0,2,D98,117.45747,0.59458,90.7,0.02778,0,IN CS. HASSANUDIN,0,0,0,0
DT3208,6/6/2025 21:25:23,2,0,2,D98,117.45747,0.59458,91,0.04815,0,IN CS. HASSANUDIN,0,0,0,0
DT3208,6/6/2025 21:25:26,2,0,2,D98,117.45747,0.59459,91.3,0.01852,0,IN CS. HASSANUDIN,0,0,0,0
DT3208,6/6/2025 21:25:29,2,0,2,D98,117.45747,0.59459,91.5,0.04074,0,IN CS. HASSANUDIN,0,0,0,0
DT3208,6/6/2025 21:25:32,2,0,2,D98,117.45747,0.59459,91.5,0.02408,0,IN CS. HASSANUDIN,0,0,0,0
DT3208,6/6/2025 21:25:35,2,0,2,D98,117.45747,0.59459,91.5,0.01852,0,IN CS. HASSANUDIN,0,0,0,0
DT3208,6/6/2025 21:25:38,2,0,2,D98,117.45747,0.59459,91.5,0.02593,0,IN CS. HASSANUDIN,0,0,0,0
DT3208,6/6/2025 21:25:41,2,0,2,D98,117.45747,0.59459,91.5,0.01482,0,IN CS. HASSANUDIN,0,0,0,0
DT3208,6/6/2025 21:25:44,2,0,2,D98,117.45747,0.59459,91.7,0.0426,0,IN CS. HASSANUDIN,0,0,0,0
DT3208,6/6/2025 21:25:47,2,0,2,D98,117.45747,0.59459,91.6,0.04815,0,IN CS. HASSANUDIN,0,0,0,0
DT3208,6/6/2025 21:25:50,2,0,2,D98,117.45747,0.59459,91.7,0.0037,0,IN CS. HASSANUDIN,0,0,0,0
DT3208,6/6/2025 21:25:53,2,0,2,D98,117.45747,0.59459,91.8,0.07593,0,IN CS. HASSANUDIN,0,0,0,0
DT3208,6/6/2025 21:25:56,2,0,2,D98,117.45747,0.59459,91.8,0.02222,0,IN CS. HASSANUDIN,0,0,0,0
DT3208,6/6/2025 21:25:59,2,0,2,D98,117.45747,0.59459,91.7,0.06482,0,IN CS. HASSANUDIN,0,0,0,0
DT3208,6/6/2025 21:26:02,2,0,2,D98,117.45747,0.59459,91.4,0.03704,0,IN CS. HASSANUDIN,0,0,0,0
DT3208,6/6/2025 21:26:05,2,0,2,D98,117.45747,0.59459,91,0.02222,0,IN CS. HASSANUDIN,0,0,0,0
DT3208,6/6/2025 21:26:08,2,0,2,D98,117.45747,0.59459,90.8,0.02778,0,IN CS. HASSANUDIN,0,0,0,0
DT3208,6/6/2025 21:26:11,2,0,2,D98,117.45747,0.59459,90.6,0.05186,0,IN CS. HASSANUDIN,0,0,0,0
DT3208,6/6/2025 21:26:14,2,0,2,D98,117.45747,0.59459,90.2,0.02222,0,IN CS. HASSANUDIN,0,0,0,0
DT3208,6/6/2025 21:26:17,2,0,2,D98,117.45747,0.59459,90.2,0.04815,0,IN CS. HASSANUDIN,0,0,0,0
DT3208,6/6/2025 21:26:20,2,0,2,D98,117.45747,0.59459,90.2,0.02963,0,IN CS. HASSANUDIN,0,0,0,0
DT3208,6/6/2025 21:26:23,2,0,2,D98,117.45747,0.59459,89.9,0.03334,0,IN CS. HASSANUDIN,0,0,0,0
DT3208,6/6/2025 21:26:26,2,0,2,D98,117.45747,0.59459,89.4,0.01667,0,IN CS. HASSANUDIN,0,0,0,0
DT3208,6/6/2025 21:26:29,2,0,2,D98,117.45747,0.59459,89.1,0.03334,0,IN CS. HASSANUDIN,0,0,0,0
DT3208,6/6/2025 21:26:32,2,0,2,D98,117.45747,0.59459,89.1,0.01296,0,IN CS. HASSANUDIN,0,0,0,0
DT3208,6/6/2025 21:26:35,2,0,2,D98,117.45747,0.59459,88.9,0.0426,0,IN CS. HASSANUDIN,0,0,0,0
DT3208,6/6/2025 21:26:38,2,0,2,D98,117.45746,0.59459,88.8,0.02222,0,IN CS. HASSANUDIN,0,0,0,0
DT3208,6/6/2025 21:26:41,2,0,2,D98,117.45746,0.59459,88.8,0.02222,0,IN CS. HASSANUDIN,0,0,0,0
DT3208,6/6/2025 21:26:44,2,0,2,D98,117.45746,0.59459,88.8,0.03334,0,IN CS. HASSANUDIN,0,0,0,0
DT3208,6/6/2025 21:26:47,2,0,2,D98,117.45746,0.59459,88.7,0.01667,0,IN CS. HASSANUDIN,0,0,0,0
DT3208,6/6/2025 21:26:50,2,0,2,D98,117.45746,0.5946,88.7,0.05741,0,IN CS. HASSANUDIN,0,0,0,0
DT3208,6/6/2025 21:26:53,2,0,2,D98,117.45746,0.5946,88.7,0.0426,0,IN CS. HASSANUDIN,0,0,0,0
DT3208,6/6/2025 21:26:56,2,0,2,D98,117.45746,0.5946,88.8,0.04815,0,IN CS. HASSANUDIN,0,0,0,0
DT3208,6/6/2025 21:26:59,2,0,2,D98,117.45745,0.5946,88.8,0.06667,0,IN CS. HASSANUDIN,0,0,0,0
DT3208,6/6/2025 21:27:02,2,0,2,D98,117.45745,0.5946,88.7,0.01111,0,IN CS. HASSANUDIN,0,0,0,0
DT3208,6/6/2025 21:27:05,2,0,2,D98,117.45745,0.5946,88.8,0.03704,0,IN CS. HASSANUDIN,0,0,0,0
DT3208,6/6/2025 21:27:08,2,0,2,D98,117.45745,0.5946,89,0.02593,0,IN CS. HASSANUDIN,0,0,0,0
DT3208,6/6/2025 21:27:11,2,0,2,D98,117.45745,0.5946,89.3,0.01852,0,IN CS. HASSANUDIN,0,0,0,0
DT3208,6/6/2025 21:27:14,2,0,2,D98,117.45744,0.5946,89.3,0.05,0,IN CS. HASSANUDIN,0,0,0,0
DT3208,6/6/2025 21:27:17,2,0,2,D98,117.45744,0.5946,89.3,0.00926,0,IN CS. HASSANUDIN,0,0,0,0
DT3208,6/6/2025 21:27:20,2,0,2,D98,117.45744,0.59461,89.7,0.03148,0,IN CS. HASSANUDIN,0,0,0,0
DT3208,6/6/2025 21:27:23,2,0,2,D98,117.45743,0.59461,89.9,0.01111,0,IN CS. HASSANUDIN,0,0,0,0
DT3208,6/6/2025 21:27:26,2,0,2,D98,117.45743,0.59461,89.8,0.02222,0,IN CS. HASSANUDIN,0,0,0,0
DT3208,6/6/2025 21:27:29,2,0,2,D98,117.45743,0.59461,89.1,0.00741,0,IN CS. HASSANUDIN,0,0,0,0
DT3208,6/6/2025 21:27:32,2,0,2,D98,117.45743,0.59461,88.4,0.05926,0,IN CS. HASSANUDIN,0,0,0,0
DT3208,6/6/2025 21:27:35,2,0,2,D98,117.45743,0.59461,88.1,0.00741,0,IN CS. HASSANUDIN,0,0,0,0
DT3208,6/6/2025 21:27:38,2,0,2,D98,117.45743,0.5946,88,0.02037,0,IN CS. HASSANUDIN,0,0,0,0
DT3208,6/6/2025 21:27:41,2,0,2,D98,117.45743,0.5946,87.7,0.06297,0,IN CS. HASSANUDIN,0,0,0,0
DT3208,6/6/2025 21:27:44,2,0,2,D98,117.45743,0.5946,87.6,0.05556,0,IN CS. HASSANUDIN,0,0,0,0
DT3208,6/6/2025 21:27:47,2,0,2,D98,117.45743,0.5946,87.2,0.01667,0,IN CS. HASSANUDIN,0,0,0,0
DT3208,6/6/2025 21:27:50,2,0,2,D98,117.45744,0.5946,86.6,0.02593,0,IN CS. HASSANUDIN,0,0,0,0
DT3208,6/6/2025 21:27:53,2,0,2,D98,117.45744,0.5946,86,0.05186,0,IN CS. HASSANUDIN,0,0,0,0
DT3208,6/6/2025 21:27:56,2,0,2,D98,117.45744,0.5946,85.5,0.02778,0,IN CS. HASSANUDIN,0,0,0,0
DT3208,6/6/2025 21:27:59,2,0,2,D98,117.45744,0.5946,85.3,0.02222,0,IN CS. HASSANUDIN,0,0,0,0
DT3208,6/6/2025 21:28:02,2,0,2,D98,117.45744,0.59459,85,0.07038,0,IN CS. HASSANUDIN,0,0,0,0
DT3208,6/6/2025 21:28:05,2,0,2,D98,117.45744,0.59459,84.9,0.08149,0,IN CS. HASSANUDIN,0,0,0,0
DT3208,6/6/2025 21:28:08,2,0,2,D98,117.45744,0.59459,85,0.04815,0,IN CS. HASSANUDIN,0,0,0,0
DT3208,6/6/2025 21:28:11,2,0,2,D98,117.45744,0.59459,85.3,0.0037,0,IN CS. HASSANUDIN,0,0,0,0
DT3208,6/6/2025 21:28:14,2,0,2,D98,117.45744,0.59459,85.7,0.03334,0,IN CS. HASSANUDIN,0,0,0,0
DT3208,6/6/2025 21:28:17,2,0,2,D98,117.45744,0.59459,86.1,0.0889,0,IN CS. HASSANUDIN,0,0,0,0
DT3208,6/6/2025 21:28:20,2,0,2,D98,117.45745,0.59459,86.4,0.06112,0,IN CS. HASSANUDIN,0,0,0,0
DT3208,6/6/2025 21:28:23,2,0,2,D98,117.45745,0.59459,86.6,0.06482,0,IN CS. HASSANUDIN,0,0,0,0
DT3208,6/6/2025 21:28:26,2,0,2,D98,117.45745,0.59459,86.6,0.00926,0,IN CS. HASSANUDIN,0,0,0,0
DT3208,6/6/2025 21:28:29,2,0,2,D98,117.45745,0.59459,86.6,0.01296,0,IN CS. HASSANUDIN,0,0,0,0
DT3208,6/6/2025 21:28:32,2,0,2,D98,117.45745,0.59459,86.6,0.05371,0,IN CS. HASSANUDIN,0,0,0,0
DT3208,6/6/2025 21:28:35,2,0,2,D98,117.45745,0.59459,86.7,0.05371,0,IN CS. HASSANUDIN,0,0,0,0
DT3208,6/6/2025 21:28:38,2,0,2,D98,117.45745,0.59459,86.5,0.00926,0,IN CS. HASSANUDIN,0,0,0,0
DT3208,6/6/2025 21:28:41,2,0,2,D98,117.45745,0.59459,86.2,0.02963,0,IN CS. HASSANUDIN,0,0,0,0
DT3208,6/6/2025 21:28:44,2,0,2,D98,117.45746,0.59459,86,0.06297,0,IN CS. HASSANUDIN,0,0,0,0
DT3208,6/6/2025 21:28:47,2,0,2,D98,117.45745,0.5946,85.8,0.01111,0,IN CS. HASSANUDIN,0,0,0,0
DT3208,6/6/2025 21:28:50,2,0,2,D98,117.45745,0.5946,85.3,0.08519,0,IN CS. HASSANUDIN,0,0,0,0
DT3208,6/6/2025 21:28:53,2,0,2,D98,117.45745,0.5946,85,0.06297,0,IN CS. HASSANUDIN,0,0,0,0
DT3208,6/6/2025 21:28:56,2,0,2,D98,117.45745,0.5946,84.9,0.04074,0,IN CS. HASSANUDIN,0,0,0,0
DT3208,6/6/2025 21:28:59,2,0,2,D98,117.45745,0.5946,84.8,0.01111,0,IN CS. HASSANUDIN,0,0,0,0
DT3208,6/6/2025 21:29:02,2,0,2,D98,117.45745,0.5946,84.8,0.02778,0,IN CS. HASSANUDIN,0,0,0,0
DT3208,6/6/2025 21:29:05,2,0,2,D98,117.45745,0.5946,84.8,0.01667,0,IN CS. HASSANUDIN,0,0,0,0
DT3208,6/6/2025 21:29:08,2,0,2,D98,117.45745,0.5946,84.7,0.00556,0,IN CS. HASSANUDIN,0,0,0,0
DT3208,6/6/2025 21:29:11,2,0,2,D98,117.45745,0.5946,84.7,0.02593,0,IN CS. HASSANUDIN,0,0,0,0
DT3208,6/6/2025 21:29:14,2,0,2,D98,117.45745,0.59459,84.8,0.0426,0,IN CS. HASSANUDIN,0,0,0,0
DT3208,6/6/2025 21:29:17,2,0,2,D98,117.45745,0.59459,84.7,0.03889,0,IN CS. HASSANUDIN,0,0,0,0
DT3208,6/6/2025 21:29:20,2,0,2,D98,117.45745,0.59459,84.7,0.02593,0,IN CS. HASSANUDIN,0,0,0,0
DT3208,6/6/2025 21:29:23,2,0,2,D98,117.45745,0.59459,84.8,0.03704,0,IN CS. HASSANUDIN,0,0,0,0
DT3208,6/6/2025 21:29:26,2,0,2,D98,117.45745,0.59459,84.6,0.02593,0,IN CS. HASSANUDIN,0,0,0,0
DT3208,6/6/2025 21:29:29,2,0,2,D98,117.45745,0.59459,84.4,0.02408,0,IN CS. HASSANUDIN,0,0,0,0
DT3208,6/6/2025 21:29:32,2,0,2,D98,117.45745,0.59459,84.5,0.03334,0,IN CS. HASSANUDIN,0,0,0,0
DT3208,6/6/2025 21:29:35,2,0,2,D98,117.45745,0.59459,84.6,0.02037,0,IN CS. HASSANUDIN,0,0,0,0
DT3208,6/6/2025 21:29:38,2,0,2,D98,117.45746,0.59459,84.8,0.02593,0,IN CS. HASSANUDIN,0,0,0,0
DT3208,6/6/2025 21:29:41,2,0,2,D98,117.45746,0.59459,85,0.02593,0,IN CS. HASSANUDIN,0,0,0,0
DT3208,6/6/2025 21:29:44,2,0,2,D98,117.45746,0.59459,85.2,0.03889,0,IN CS. HASSANUDIN,0,0,0,0
DT3208,6/6/2025 21:29:47,2,0,2,D98,117.45746,0.59459,85.5,0.00926,0,IN CS. HASSANUDIN,0,0,0,0
DT3208,6/6/2025 21:29:50,2,0,2,D98,117.45746,0.59459,85.7,0.03889,0,IN CS. HASSANUDIN,0,0,0,0
DT3208,6/6/2025 21:29:53,2,0,2,D98,117.45746,0.59459,85.8,0.0426,0,IN CS. HASSANUDIN,0,0,0,0
DT3208,6/6/2025 21:29:56,2,0,2,D98,117.45746,0.59459,85.9,0.03148,0,IN CS. HASSANUDIN,0,0,0,0
DT3208,6/6/2025 21:29:59,2,0,2,D98,117.45747,0.59459,85.9,0.02037,0,IN CS. HASSANUDIN,0,0,0,0
DT3208,6/6/2025 21:30:02,2,0,2,D98,117.45747,0.59459,85.7,0.02408,0,IN CS. HASSANUDIN,0,0,0,0
DT3208,6/6/2025 21:30:05,2,0,2,D98,117.45747,0.59459,85.3,0.01482,0,IN CS. HASSANUDIN,0,0,0,0
DT3208,6/6/2025 21:30:08,2,0,2,D98,117.45747,0.59459,85,0.01852,0,IN CS. HASSANUDIN,0,0,0,0
DT3208,6/6/2025 21:30:11,2,0,2,D98,117.45748,0.59459,84.8,0.02037,0,IN CS. HASSANUDIN,0,0,0,0
DT3208,6/6/2025 21:30:14,2,0,2,D98,117.45748,0.59459,84.5,0.01667,0,IN CS. HASSANUDIN,0,0,0,0
DT3208,6/6/2025 21:30:17,2,0,2,D98,117.45748,0.59459,84.4,0.03704,0,IN CS. HASSANUDIN,0,0,0,0
DT3208,6/6/2025 21:30:20,2,0,2,D98,117.45748,0.59459,84.4,0.02593,0,IN CS. HASSANUDIN,0,0,0,0
DT3208,6/6/2025 21:30:23,2,0,2,D98,117.45748,0.59459,84.7,0.0426,0,IN CS. HASSANUDIN,0,0,0,0
DT3208,6/6/2025 21:30:26,2,0,2,D98,117.45748,0.59459,85,0.0463,0,IN CS. HASSANUDIN,0,0,0,0
DT3208,6/6/2025 21:30:29,2,0,2,D98,117.45748,0.59459,85.1,0.05371,0,IN CS. HASSANUDIN,0,0,0,0
DT3208,6/6/2025 21:30:32,2,0,2,D98,117.45748,0.59459,85.4,0.01482,0,IN CS. HASSANUDIN,0,0,0,0
DT3208,6/6/2025 21:30:35,2,0,2,D98,117.45748,0.5946,85.5,0.03519,0,IN CS. HASSANUDIN,0,0,0,0
DT3208,6/6/2025 21:30:38,2,0,2,D98,117.45748,0.5946,85.4,0.03334,0,IN CS. HASSANUDIN,0,0,0,0
DT3208,6/6/2025 21:30:41,2,0,2,D98,117.45748,0.5946,85.3,0.05556,0,IN CS. HASSANUDIN,0,0,0,0
DT3208,6/6/2025 21:30:44,2,0,2,D98,117.45748,0.5946,85.3,0.0463,0,IN CS. HASSANUDIN,0,0,0,0
DT3208,6/6/2025 21:30:47,2,0,2,D98,117.45748,0.5946,85.4,0.03334,0,IN CS. HASSANUDIN,0,0,0,0
DT3208,6/6/2025 21:30:50,2,0,2,D98,117.45748,0.5946,85.3,0.01667,0,IN CS. HASSANUDIN,0,0,0,0
DT3208,6/6/2025 21:30:53,2,0,2,D98,117.45748,0.5946,85.1,0.0463,0,IN CS. HASSANUDIN,0,0,0,0
DT3208,6/6/2025 21:30:56,2,0,2,D98,117.45748,0.5946,85.2,0.00741,0,IN CS. HASSANUDIN,0,0,0,0
DT3208,6/6/2025 21:30:59,2,0,2,D98,117.45747,0.5946,85.3,0.00926,0,IN CS. HASSANUDIN,0,0,0,0
DT3208,6/6/2025 21:31:02,2,0,2,D98,117.45747,0.5946,85.3,0.00741,0,IN CS. HASSANUDIN,0,0,0,0
DT3208,6/6/2025 21:31:05,2,0,2,D98,117.45747,0.5946,85.2,0.03519,0,IN CS. HASSANUDIN,0,0,0,0
DT3208,6/6/2025 21:31:08,2,0,2,D98,117.45747,0.5946,85.2,0.06112,0,IN CS. HASSANUDIN,0,0,0,0
DT3208,6/6/2025 21:31:11,2,0,2,D98,117.45747,0.5946,85.2,0.02222,0,IN CS. HASSANUDIN,0,0,0,0
DT3208,6/6/2025 21:31:14,2,0,2,D98,117.45747,0.5946,85.2,0.03334,0,IN CS. HASSANUDIN,0,0,0,0
DT3208,6/6/2025 21:31:17,2,0,2,D98,117.45747,0.5946,85.3,0.01852,0,IN CS. HASSANUDIN,0,0,0,0
DT3208,6/6/2025 21:31:20,2,0,2,D98,117.45747,0.5946,85.6,0.03334,0,IN CS. HASSANUDIN,0,0,0,0
DT3208,6/6/2025 21:31:23,2,0,2,D98,117.45747,0.5946,85.8,0.02593,0,IN CS. HASSANUDIN,0,0,0,0
DT3208,6/6/2025 21:31:26,2,0,2,D98,117.45747,0.5946,85.9,0.03334,0,IN CS. HASSANUDIN,0,0,0,0
DT3208,6/6/2025 21:31:29,2,0,2,D98,117.45747,0.5946,85.9,0.05556,0,IN CS. HASSANUDIN,0,0,0,0
DT3208,6/6/2025 21:31:32,2,0,2,D98,117.45746,0.5946,86,0.00556,0,IN CS. HASSANUDIN,0,0,0,0
DT3208,6/6/2025 21:31:35,2,0,2,D98,117.45746,0.5946,86,0.05371,0,IN CS. HASSANUDIN,0,0,0,0
DT3208,6/6/2025 21:31:38,2,0,2,D98,117.45746,0.5946,86,0.04445,0,IN CS. HASSANUDIN,0,0,0,0
DT3208,6/6/2025 21:31:41,2,0,2,D98,117.45746,0.5946,86,0.02037,0,IN CS. HASSANUDIN,0,0,0,0
DT3208,6/6/2025 21:31:44,2,0,2,D98,117.45746,0.5946,86.2,0.00926,0,IN CS. HASSANUDIN,0,0,0,0
DT3208,6/6/2025 21:31:47,2,0,2,D98,117.45745,0.5946,86.3,0.05741,0,IN CS. HASSANUDIN,0,0,0,0
DT3208,6/6/2025 21:31:50,2,0,2,D98,117.45745,0.5946,86.4,0.00926,0,IN CS. HASSANUDIN,0,0,0,0
DT3208,6/6/2025 21:31:53,2,0,2,D98,117.45745,0.5946,86.5,0.04445,0,IN CS. HASSANUDIN,0,0,0,0
DT3208,6/6/2025 21:31:56,2,0,2,D98,117.45745,0.5946,86.5,0.03889,0,IN CS. HASSANUDIN,0,0,0,0
DT3208,6/6/2025 21:31:59,2,0,2,D98,117.45745,0.5946,86.6,0.06667,0,IN CS. HASSANUDIN,0,0,0,0
DT3208,6/6/2025 21:32:02,2,0,2,D98,117.45745,0.5946,86.5,0.02593,0,IN CS. HASSANUDIN,0,0,0,0
DT3208,6/6/2025 21:32:05,2,0,2,D98,117.45745,0.5946,86.5,0.01111,0,IN CS. HASSANUDIN,0,0,0,0
DT3208,6/6/2025 21:32:08,2,0,2,D98,117.45746,0.5946,86.5,0.02778,0,IN CS. HASSANUDIN,0,0,0,0
DT3208,6/6/2025 21:32:11,2,0,2,D98,117.45746,0.5946,86.4,0.02778,0,IN CS. HASSANUDIN,0,0,0,0
DT3208,6/6/2025 21:32:14,2,0,2,D98,117.45746,0.5946,86.2,0.01667,0,IN CS. HASSANUDIN,0,0,0,0
DT3208,6/6/2025 21:32:17,2,0,2,D98,117.45746,0.5946,86.1,0.02222,0,IN CS. HASSANUDIN,0,0,0,0
DT3208,6/6/2025 21:32:20,2,0,2,D98,117.45746,0.5946,86.2,0.02037,0,IN CS. HASSANUDIN,0,0,0,0
DT3208,6/6/2025 21:32:23,2,0,2,D98,117.45746,0.5946,86.6,0.07223,0,IN CS. HASSANUDIN,0,0,0,0
DT3208,6/6/2025 21:32:26,2,0,2,D98,117.45746,0.5946,87.1,0.0463,0,IN CS. HASSANUDIN,0,0,0,0
DT3208,6/6/2025 21:32:29,2,0,2,D98,117.45746,0.59459,87.8,0.04074,0,IN CS. HASSANUDIN,0,0,0,0
DT3208,6/6/2025 21:32:32,2,0,2,D98,117.45746,0.59459,88.6,0.02778,0,IN CS. HASSANUDIN,0,0,0,0
DT3208,6/6/2025 21:32:35,2,0,2,D98,117.45746,0.59459,89.1,0.02963,0,IN CS. HASSANUDIN,0,0,0,0
DT3208,6/6/2025 21:32:38,2,0,2,D98,117.45746,0.59459,89.2,0.03148,0,IN CS. HASSANUDIN,0,0,0,0
DT3208,6/6/2025 21:32:41,2,0,2,D98,117.45746,0.59459,89.1,0.06667,0,IN CS. HASSANUDIN,0,0,0,0
DT3208,6/6/2025 21:32:44,2,0,2,D98,117.45746,0.59459,88.8,0.05556,0,IN CS. HASSANUDIN,0,0,0,0
DT3208,6/6/2025 21:32:47,2,0,2,D98,117.45746,0.59459,88.6,0.0426,0,IN CS. HASSANUDIN,0,0,0,0
DT3208,6/6/2025 21:32:50,2,0,2,D98,117.45746,0.59459,88.3,0.01111,0,IN CS. HASSANUDIN,0,0,0,0
DT3208,6/6/2025 21:32:53,2,0,2,D98,117.45746,0.59459,87.7,0.03148,0,IN CS. HASSANUDIN,0,0,0,0
DT3208,6/6/2025 21:32:56,2,0,2,D98,117.45746,0.59459,87.2,0.04074,0,IN CS. HASSANUDIN,0,0,0,0
DT3208,6/6/2025 21:32:59,2,0,2,D98,117.45746,0.59459,86.8,0.01852,0,IN CS. HASSANUDIN,0,0,0,0
DT3208,6/6/2025 21:33:02,2,0,2,D98,117.45746,0.59459,86.2,0.05,0,IN CS. HASSANUDIN,0,0,0,0
DT3208,6/6/2025 21:33:05,2,0,2,D98,117.45746,0.59459,85.8,0.00926,0,IN CS. HASSANUDIN,0,0,0,0
DT3208,6/6/2025 21:33:08,2,0,2,D98,117.45746,0.59459,85.6,0.07778,0,IN CS. HASSANUDIN,0,0,0,0
DT3208,6/6/2025 21:33:11,2,0,2,D98,117.45746,0.59459,85.5,0.00926,0,IN CS. HASSANUDIN,0,0,0,0
DT3208,6/6/2025 21:33:14,2,0,2,D98,117.45746,0.59459,85.2,0.04815,0,IN CS. HASSANUDIN,0,0,0,0
DT3208,6/6/2025 21:33:17,2,0,2,D98,117.45746,0.59459,85.1,0.02778,0,IN CS. HASSANUDIN,0,0,0,0
DT3208,6/6/2025 21:33:20,2,0,2,D98,117.45746,0.59459,85,0.0426,0,IN CS. HASSANUDIN,0,0,0,0
DT3208,6/6/2025 21:33:23,2,0,2,D98,117.45746,0.5946,84.8,0.05186,0,IN CS. HASSANUDIN,0,0,0,0
DT3208,6/6/2025 21:33:26,2,0,2,D98,117.45746,0.5946,85,0.03334,0,IN CS. HASSANUDIN,0,0,0,0
DT3208,6/6/2025 21:33:29,2,0,2,D98,117.45746,0.5946,85.1,0.07408,0,IN CS. HASSANUDIN,0,0,0,0
DT3208,6/6/2025 21:33:32,2,0,2,D98,117.45746,0.5946,85.5,0.00556,0,IN CS. HASSANUDIN,0,0,0,0
DT3208,6/6/2025 21:33:35,2,0,2,D98,117.45745,0.5946,85.9,0.04815,0,IN CS. HASSANUDIN,0,0,0,0
DT3208,6/6/2025 21:33:38,2,0,2,D98,117.45745,0.5946,86.3,0.05186,0,IN CS. HASSANUDIN,0,0,0,0
DT3208,6/6/2025 21:33:41,2,0,2,D98,117.45745,0.5946,86.5,0.06297,0,IN CS. HASSANUDIN,0,0,0,0
DT3208,6/6/2025 21:33:44,2,0,2,D98,117.45745,0.5946,86.9,0.02593,0,IN CS. HASSANUDIN,0,0,0,0
DT3208,6/6/2025 21:33:47,2,0,2,D98,117.45745,0.5946,87.3,0.01296,0,IN CS. HASSANUDIN,0,0,0,0
DT3208,6/6/2025 21:33:50,2,0,2,D98,117.45744,0.5946,87.7,0.03334,0,IN CS. HASSANUDIN,0,0,0,0
DT3208,6/6/2025 21:33:53,2,0,2,D98,117.45744,0.5946,88.2,0.05556,0,IN CS. HASSANUDIN,0,0,0,0
DT3208,6/6/2025 21:33:56,2,0,2,D98,117.45744,0.59459,89.1,0.01852,0,IN CS. HASSANUDIN,0,0,0,0
DT3208,6/6/2025 21:33:59,2,0,2,D98,117.45744,0.59459,89.7,0.02408,0,IN CS. HASSANUDIN,0,0,0,0
DT3208,6/6/2025 21:34:02,2,0,2,D98,117.45744,0.59459,90.3,0.03334,0,IN CS. HASSANUDIN,0,0,0,0
DT3208,6/6/2025 21:34:05,2,0,2,D98,117.45744,0.59459,90.9,0.04074,0,IN CS. HASSANUDIN,0,0,0,0
DT3208,6/6/2025 21:34:08,2,0,2,D98,117.45744,0.59459,91.7,0.02778,0,IN CS. HASSANUDIN,0,0,0,0
DT3208,6/6/2025 21:34:11,2,0,2,D98,117.45745,0.59459,92.4,0.00926,0,IN CS. HASSANUDIN,0,0,0,0
DT3208,6/6/2025 21:34:14,2,0,2,D98,117.45745,0.59459,92.8,0.02778,0,IN CS. HASSANUDIN,0,0,0,0
DT3208,6/6/2025 21:34:17,2,0,2,D98,117.45745,0.59459,92.8,0.00556,0,IN CS. HASSANUDIN,0,0,0,0
DT3208,6/6/2025 21:34:20,2,0,2,D98,117.45745,0.59459,92.8,0.03334,0,IN CS. HASSANUDIN,0,0,0,0
DT3208,6/6/2025 21:34:23,2,0,2,D98,117.45745,0.59459,92.7,0.02408,0,IN CS. HASSANUDIN,0,0,0,0
DT3208,6/6/2025 21:34:26,2,0,2,D98,117.45745,0.59459,92.3,0.03704,0,IN CS. HASSANUDIN,0,0,0,0
DT3208,6/6/2025 21:34:29,2,0,2,D98,117.45745,0.59459,92.1,0.01852,0,IN CS. HASSANUDIN,0,0,0,0
DT3208,6/6/2025 21:34:32,2,0,2,D98,117.45745,0.59459,91.8,0.03889,0,IN CS. HASSANUDIN,0,0,0,0
DT3208,6/6/2025 21:34:35,2,0,2,D98,117.45745,0.59459,91.8,0.05,0,IN CS. HASSANUDIN,0,0,0,0
DT3208,6/6/2025 21:34:38,2,0,2,D98,117.45745,0.59459,91.7,0.01482,0,IN CS. HASSANUDIN,0,0,0,0
DT3208,6/6/2025 21:34:41,2,0,2,D98,117.45745,0.59459,91.5,0.04815,0,IN CS. HASSANUDIN,0,0,0,0
DT3208,6/6/2025 21:34:44,2,0,2,D98,117.45745,0.59459,91.3,0.01852,0,IN CS. HASSANUDIN,0,0,0,0
DT3208,6/6/2025 21:34:47,2,0,2,D98,117.45745,0.59459,90.9,0.05926,0,IN CS. HASSANUDIN,0,0,0,0
DT3208,6/6/2025 21:34:50,2,0,2,D98,117.45745,0.59459,90.3,0.01482,0,IN CS. HASSANUDIN,0,0,0,0
DT3208,6/6/2025 21:34:53,2,0,2,D98,117.45745,0.59459,89.6,0.05926,0,IN CS. HASSANUDIN,0,0,0,0
DT3208,6/6/2025 21:34:56,2,0,2,D98,117.45745,0.59459,89.3,0.00556,0,IN CS. HASSANUDIN,0,0,0,0
DT3208,6/6/2025 21:34:59,2,0,2,D98,117.45745,0.59459,88.8,0.02408,0,IN CS. HASSANUDIN,0,0,0,0
DT3208,6/6/2025 21:35:02,2,0,2,D98,117.45745,0.59459,88.4,0.03148,0,IN CS. HASSANUDIN,0,0,0,0
DT3208,6/6/2025 21:35:05,2,0,2,D98,117.45745,0.59459,87.9,0.05,0,IN CS. HASSANUDIN,0,0,0,0
DT3208,6/6/2025 21:35:08,2,0,2,D98,117.45745,0.59459,87.5,0.03889,0,IN CS. HASSANUDIN,0,0,0,0
DT3208,6/6/2025 21:35:11,2,0,2,D98,117.45745,0.59459,87.3,0.0426,0,IN CS. HASSANUDIN,0,0,0,0
DT3208,6/6/2025 21:35:14,2,0,2,D98,117.45745,0.59459,87.1,0.03889,0,IN CS. HASSANUDIN,0,0,0,0
DT3208,6/6/2025 21:35:17,2,0,2,D98,117.45745,0.59459,87.1,0.02593,0,IN CS. HASSANUDIN,0,0,0,0
DT3208,6/6/2025 21:35:20,2,0,2,D98,117.45745,0.59459,87.1,0.04815,0,IN CS. HASSANUDIN,0,0,0,0
DT3208,6/6/2025 21:35:23,2,0,2,D98,117.45745,0.59459,87.1,0.02222,0,IN CS. HASSANUDIN,0,0,0,0
DT3208,6/6/2025 21:35:26,2,0,2,D98,117.45745,0.59459,87.2,0.01852,0,IN CS. HASSANUDIN,0,0,0,0
DT3208,6/6/2025 21:35:29,2,0,2,D98,117.45745,0.59459,87.4,0.02963,0,IN CS. HASSANUDIN,0,0,0,0
DT3208,6/6/2025 21:35:32,2,0,2,D98,117.45745,0.59459,87.4,0.03334,0,IN CS. HASSANUDIN,0,0,0,0
DT3208,6/6/2025 21:35:35,2,0,2,D98,117.45745,0.59459,87.4,0.03519,0,IN CS. HASSANUDIN,0,0,0,0
DT3208,6/6/2025 21:35:38,2,0,2,D98,117.45745,0.59458,87.4,0.06297,0,IN CS. HASSANUDIN,0,0,0,0
DT3208,6/6/2025 21:35:41,2,0,2,D98,117.45745,0.59458,87.3,0.03148,0,IN CS. HASSANUDIN,0,0,0,0
DT3208,6/6/2025 21:35:44,2,0,2,D98,117.45746,0.59458,87.2,0.09445,0,IN CS. HASSANUDIN,0,0,0,0
DT3208,6/6/2025 21:35:47,2,0,2,D98,117.45746,0.59458,87.1,0.03704,0,IN CS. HASSANUDIN,0,0,0,0
DT3208,6/6/2025 21:35:50,2,0,2,D98,117.45746,0.59458,87,0.05186,0,IN CS. HASSANUDIN,0,0,0,0
DT3208,6/6/2025 21:35:53,2,0,2,D98,117.45746,0.59458,87,0.04815,0,IN CS. HASSANUDIN,0,0,0,0
DT3208,6/6/2025 21:35:56,2,0,2,D98,117.45746,0.59458,87.2,0.02408,0,IN CS. HASSANUDIN,0,0,0,0
DT3208,6/6/2025 21:35:59,2,0,2,D98,117.45746,0.59457,87.3,0.03334,0,IN CS. HASSANUDIN,0,0,0,0
DT3208,6/6/2025 21:36:02,2,0,2,D98,117.45746,0.59457,87.2,0.05556,0,IN CS. HASSANUDIN,0,0,0,0
DT3208,6/6/2025 21:36:05,2,0,2,D98,117.45746,0.59457,87.2,0.01296,0,IN CS. HASSANUDIN,0,0,0,0
DT3208,6/6/2025 21:36:08,2,0,2,D98,117.45746,0.59457,87.3,0.05186,0,IN CS. HASSANUDIN,0,0,0,0
DT3208,6/6/2025 21:36:11,2,0,2,D98,117.45746,0.59457,87.1,0.07593,0,IN CS. HASSANUDIN,0,0,0,0
DT3208,6/6/2025 21:36:14,2,0,2,D98,117.45745,0.59457,86.9,0.06297,0,IN CS. HASSANUDIN,0,0,0,0
DT3208,6/6/2025 21:36:17,2,0,2,D98,117.45745,0.59457,86.6,0.05371,0,IN CS. HASSANUDIN,0,0,0,0
DT3208,6/6/2025 21:36:20,2,0,2,D98,117.45745,0.59457,86.5,0.01667,0,IN CS. HASSANUDIN,0,0,0,0
DT3208,6/6/2025 21:36:23,2,0,2,D98,117.45745,0.59457,86.5,0.04445,0,IN CS. HASSANUDIN,0,0,0,0
DT3208,6/6/2025 21:36:26,2,0,2,D98,117.45745,0.59457,86.2,0.05371,0,IN CS. HASSANUDIN,0,0,0,0
DT3208,6/6/2025 21:36:29,2,0,2,D98,117.45745,0.59457,86,0.06297,0,IN CS. HASSANUDIN,0,0,0,0
DT3208,6/6/2025 21:36:32,2,0,2,D98,117.45745,0.59457,85.8,0.07223,0,IN CS. HASSANUDIN,0,0,0,0
DT3208,6/6/2025 21:36:35,2,0,2,D98,117.45745,0.59457,85.8,0.0426,0,IN CS. HASSANUDIN,0,0,0,0
DT3208,6/6/2025 21:36:38,2,0,2,D98,117.45745,0.59457,85.9,0.02408,0,IN CS. HASSANUDIN,0,0,0,0
DT3208,6/6/2025 21:36:41,2,0,2,D98,117.45745,0.59457,85.8,0.05741,0,IN CS. HASSANUDIN,0,0,0,0
DT3208,6/6/2025 21:36:44,2,0,2,D98,117.45744,0.59457,85.7,0.01852,0,IN CS. HASSANUDIN,0,0,0,0
DT3208,6/6/2025 21:36:47,2,0,2,D98,117.45744,0.59457,85.6,0.03704,0,IN CS. HASSANUDIN,0,0,0,0
DT3208,6/6/2025 21:36:50,2,0,2,D98,117.45744,0.59458,85.2,0.03148,0,IN CS. HASSANUDIN,0,0,0,0
DT3208,6/6/2025 21:36:53,2,0,2,D98,117.45744,0.59458,84.9,0.05371,0,IN CS. HASSANUDIN,0,0,0,0
DT3208,6/6/2025 21:36:56,2,0,2,D98,117.45744,0.59458,84.9,0.07408,0,IN CS. HASSANUDIN,0,0,0,0
DT3208,6/6/2025 21:36:59,2,0,2,D98,117.45744,0.59458,84.8,0.04074,0,IN CS. HASSANUDIN,0,0,0,0
DT3208,6/6/2025 21:37:02,2,0,2,D98,117.45744,0.59458,84.8,0.05926,0,IN CS. HASSANUDIN,0,0,0,0
DT3208,6/6/2025 21:37:05,2,0,2,D98,117.45744,0.59458,84.7,0.03704,0,IN CS. HASSANUDIN,0,0,0,0
DT3208,6/6/2025 21:37:08,2,0,2,D98,117.45744,0.59458,84.6,0.03704,0,IN CS. HASSANUDIN,0,0,0,0
DT3208,6/6/2025 21:37:11,2,0,2,D98,117.45744,0.59458,84.5,0.0463,0,IN CS. HASSANUDIN,0,0,0,0
DT3208,6/6/2025 21:37:14,2,0,2,D98,117.45744,0.59457,84.4,0.03704,0,IN CS. HASSANUDIN,0,0,0,0
DT3208,6/6/2025 21:37:17,2,0,2,D98,117.45744,0.59457,84.3,0.07038,0,IN CS. HASSANUDIN,0,0,0,0
DT3208,6/6/2025 21:37:20,2,0,2,D98,117.45744,0.59458,84.1,0.02408,0,IN CS. HASSANUDIN,0,0,0,0
DT3208,6/6/2025 21:37:23,2,0,2,D98,117.45744,0.59458,84.1,0.01296,0,IN CS. HASSANUDIN,0,0,0,0
DT3208,6/6/2025 21:37:26,2,0,2,D98,117.45744,0.59457,84.1,0.06482,0,IN CS. HASSANUDIN,0,0,0,0
DT3208,6/6/2025 21:37:29,2,0,2,D98,117.45744,0.59457,84.1,0.03334,0,IN CS. HASSANUDIN,0,0,0,0
DT3208,6/6/2025 21:37:32,2,0,2,D98,117.45744,0.59457,84.1,0.0426,0,IN CS. HASSANUDIN,0,0,0,0
DT3208,6/6/2025 21:37:35,2,0,2,D98,117.45744,0.59457,84.2,0.05741,0,IN CS. HASSANUDIN,0,0,0,0
DT3208,6/6/2025 21:37:38,2,0,2,D98,117.45744,0.59457,84.2,0.01296,0,IN CS. HASSANUDIN,0,0,0,0
DT3208,6/6/2025 21:37:41,2,0,2,D98,117.45744,0.59457,84.2,0.07778,0,IN CS. HASSANUDIN,0,0,0,0
DT3208,6/6/2025 21:37:44,2,0,2,D98,117.45744,0.59457,84.4,0.03148,0,IN CS. HASSANUDIN,0,0,0,0
DT3208,6/6/2025 21:37:47,2,0,2,D98,117.45744,0.59457,84.5,0.03704,0,IN CS. HASSANUDIN,0,0,0,0
DT3208,6/6/2025 21:37:50,2,0,2,D98,117.45744,0.59457,84.5,0.05,0,IN CS. HASSANUDIN,0,0,0,0
DT3208,6/6/2025 21:37:53,2,0,2,D98,117.45744,0.59457,84.5,0.05741,0,IN CS. HASSANUDIN,0,0,0,0
DT3208,6/6/2025 21:37:56,2,0,2,D98,117.45744,0.59457,84.6,0.02037,0,IN CS. HASSANUDIN,0,0,0,0
DT3208,6/6/2025 21:37:59,2,0,2,D98,117.45744,0.59457,84.5,0.02593,0,IN CS. HASSANUDIN,0,0,0,0
DT3208,6/6/2025 21:38:02,2,0,2,D98,117.45744,0.59457,84.4,0.05186,0,IN CS. HASSANUDIN,0,0,0,0
DT3208,6/6/2025 21:38:05,2,0,2,D98,117.45743,0.59457,84.4,0.03704,0,IN CS. HASSANUDIN,0,0,0,0
DT3208,6/6/2025 21:38:08,2,0,2,D98,117.45743,0.59456,84.6,0.03148,0,IN CS. HASSANUDIN,0,0,0,0
DT3208,6/6/2025 21:38:11,2,0,2,D98,117.45743,0.59456,84.9,0.07408,0,IN CS. HASSANUDIN,0,0,0,0
DT3208,6/6/2025 21:38:14,2,0,2,D98,117.45743,0.59456,85,0.01482,0,IN CS. HASSANUDIN,0,0,0,0
DT3208,6/6/2025 21:38:17,2,0,2,D98,117.45743,0.59456,85.3,0.03889,0,IN CS. HASSANUDIN,0,0,0,0
DT3208,6/6/2025 21:38:20,2,0,2,D98,117.45743,0.59456,85.6,0.06112,0,IN CS. HASSANUDIN,0,0,0,0
DT3208,6/6/2025 21:38:23,2,0,2,D98,117.45743,0.59456,86,0.02037,0,IN CS. HASSANUDIN,0,0,0,0
DT3208,6/6/2025 21:38:26,2,0,2,D98,117.45743,0.59456,86.2,0.07408,0,IN CS. HASSANUDIN,0,0,0,0
DT3208,6/6/2025 21:38:29,2,0,2,D98,117.45743,0.59456,86.3,0.05186,0,IN CS. HASSANUDIN,0,0,0,0
DT3208,6/6/2025 21:38:32,2,0,2,D98,117.45743,0.59456,86.5,0.01667,0,IN CS. HASSANUDIN,0,0,0,0
DT3208,6/6/2025 21:38:35,2,0,2,D98,117.45743,0.59456,86.5,0.03334,0,IN CS. HASSANUDIN,0,0,0,0
DT3208,6/6/2025 21:38:38,2,0,2,D98,117.45743,0.59456,86.5,0.00556,0,IN CS. HASSANUDIN,0,0,0,0
DT3208,6/6/2025 21:38:41,2,0,2,D98,117.45743,0.59456,86.5,0.01667,0,IN CS. HASSANUDIN,0,0,0,0
DT3208,6/6/2025 21:38:44,2,0,2,D98,117.45743,0.59456,86.4,0.04074,0,IN CS. HASSANUDIN,0,0,0,0
DT3208,6/6/2025 21:38:47,2,0,2,D98,117.45743,0.59456,86.3,0.00926,0,IN CS. HASSANUDIN,0,0,0,0
DT3208,6/6/2025 21:38:50,2,0,2,D98,117.45743,0.59456,86.3,0.06482,0,IN CS. HASSANUDIN,0,0,0,0
DT3208,6/6/2025 21:38:53,2,0,2,D98,117.45744,0.59456,86.3,0.03334,0,IN CS. HASSANUDIN,0,0,0,0
DT3208,6/6/2025 21:38:56,2,0,2,D98,117.45744,0.59456,86.6,0.02778,0,IN CS. HASSANUDIN,0,0,0,0
DT3208,6/6/2025 21:38:59,2,0,2,D98,117.45744,0.59456,86.7,0.01482,0,IN CS. HASSANUDIN,0,0,0,0
DT3208,6/6/2025 21:39:02,2,0,2,D98,117.45744,0.59456,86.7,0.03889,0,IN CS. HASSANUDIN,0,0,0,0
DT3208,6/6/2025 21:39:05,2,0,2,D98,117.45744,0.59457,86.7,0.02222,0,IN CS. HASSANUDIN,0,0,0,0
DT3208,6/6/2025 21:39:08,2,0,2,D98,117.45745,0.59457,86.6,0.02408,0,IN CS. HASSANUDIN,0,0,0,0
DT3208,6/6/2025 21:39:11,2,0,2,D98,117.45745,0.59457,86.5,0.00741,0,IN CS. HASSANUDIN,0,0,0,0
DT3208,6/6/2025 21:39:14,2,0,2,D98,117.45745,0.59457,86.4,0.01667,0,IN CS. HASSANUDIN,0,0,0,0
DT3208,6/6/2025 21:39:17,2,0,2,D98,117.45745,0.59457,86.1,0.02408,0,IN CS. HASSANUDIN,0,0,0,0
DT3208,6/6/2025 21:39:20,2,0,2,D98,117.45745,0.59457,86.1,0.03704,0,IN CS. HASSANUDIN,0,0,0,0
DT3208,6/6/2025 21:39:23,2,0,2,D98,117.45745,0.59457,86.1,0.03148,0,IN CS. HASSANUDIN,0,0,0,0
DT3208,6/6/2025 21:39:26,2,0,2,D98,117.45745,0.59457,86.1,0.02593,0,IN CS. HASSANUDIN,0,0,0,0
DT3208,6/6/2025 21:39:29,2,0,2,D98,117.45744,0.59457,86.3,0.02408,0,IN CS. HASSANUDIN,0,0,0,0
DT3208,6/6/2025 21:39:32,2,0,2,D98,117.45744,0.59457,86.4,0.06667,0,IN CS. HASSANUDIN,0,0,0,0
DT3208,6/6/2025 21:39:35,2,0,2,D98,117.45744,0.59457,86.6,0.04815,0,IN CS. HASSANUDIN,0,0,0,0
DT3208,6/6/2025 21:39:38,2,0,2,D98,117.45744,0.59457,86.5,0.01482,0,IN CS. HASSANUDIN,0,0,0,0
DT3208,6/6/2025 21:39:41,2,0,2,D98,117.45744,0.59457,86.3,0.07408,0,IN CS. HASSANUDIN,0,0,0,0
DT3208,6/6/2025 21:39:44,2,0,2,D98,117.45744,0.59457,86.3,0.03704,0,IN CS. HASSANUDIN,0,0,0,0
DT3208,6/6/2025 21:39:47,2,0,2,D98,117.45744,0.59457,86.3,0.03148,0,IN CS. HASSANUDIN,0,0,0,0
DT3208,6/6/2025 21:39:50,2,0,2,D98,117.45744,0.59457,86.4,0.02963,0,IN CS. HASSANUDIN,0,0,0,0
DT3208,6/6/2025 21:39:53,2,0,2,D98,117.45744,0.59457,86.5,0.03704,0,IN CS. HASSANUDIN,0,0,0,0
DT3208,6/6/2025 21:39:56,2,0,2,D98,117.45744,0.59457,86.6,0.05371,0,IN CS. HASSANUDIN,0,0,0,0
DT3208,6/6/2025 21:39:59,2,0,2,D98,117.45744,0.59457,86.8,0.00926,0,IN CS. HASSANUDIN,0,0,0,0
DT3208,6/6/2025 21:40:02,2,0,2,D98,117.45744,0.59457,86.9,0.02037,0,IN CS. HASSANUDIN,0,0,0,0
DT3208,6/6/2025 21:40:05,2,0,2,D98,117.45744,0.59457,87.1,0.03519,0,IN CS. HASSANUDIN,0,0,0,0
DT3208,6/6/2025 21:40:08,2,0,2,D98,117.45743,0.59457,87.3,0.02037,0,IN CS. HASSANUDIN,0,0,0,0
DT3208,6/6/2025 21:40:11,2,0,2,D98,117.45744,0.59457,87.3,0.01667,0,IN CS. HASSANUDIN,0,0,0,0
DT3208,6/6/2025 21:40:14,2,0,2,D98,117.45744,0.59457,87,0.02593,0,IN CS. HASSANUDIN,0,0,0,0
DT3208,6/6/2025 21:40:17,2,0,2,D98,117.45743,0.59457,86.9,0.10556,0,IN CS. HASSANUDIN,0,0,0,0
DT3208,6/6/2025 21:40:20,2,0,2,D98,117.45743,0.59457,86.8,0.0037,0,IN CS. HASSANUDIN,0,0,0,0
DT3208,6/6/2025 21:40:23,2,0,2,D98,117.45743,0.59457,86.7,0.06112,0,IN CS. HASSANUDIN,0,0,0,0
DT3208,6/6/2025 21:40:26,2,0,2,D98,117.45743,0.59458,86.6,0.00741,0,IN CS. HASSANUDIN,0,0,0,0
DT3208,6/6/2025 21:40:29,2,0,2,D98,117.45743,0.59458,86.5,0.0426,0,IN CS. HASSANUDIN,0,0,0,0
DT3208,6/6/2025 21:40:32,2,0,2,D98,117.45743,0.59458,86.5,0.01111,0,IN CS. HASSANUDIN,0,0,0,0
DT3208,6/6/2025 21:40:35,2,0,2,D98,117.45743,0.59458,86.4,0.03334,0,IN CS. HASSANUDIN,0,0,0,0
DT3208,6/6/2025 21:40:38,2,0,2,D98,117.45743,0.59458,86.2,0.03148,0,IN CS. HASSANUDIN,0,0,0,0
DT3208,6/6/2025 21:40:41,2,0,2,D98,117.45743,0.59458,86,0.06297,0,IN CS. HASSANUDIN,0,0,0,0
DT3208,6/6/2025 21:40:44,2,0,2,D98,117.45743,0.59458,85.9,0.03704,0,IN CS. HASSANUDIN,0,0,0,0
DT3208,6/6/2025 21:40:47,2,0,2,D98,117.45743,0.59458,85.6,0.02778,0,IN CS. HASSANUDIN,0,0,0,0
DT3208,6/6/2025 21:40:50,2,0,2,D98,117.45743,0.59458,85.6,0.03704,0,IN CS. HASSANUDIN,0,0,0,0
DT3208,6/6/2025 21:40:53,2,0,2,D98,117.45743,0.59458,85.3,0.02408,0,IN CS. HASSANUDIN,0,0,0,0
DT3208,6/6/2025 21:40:56,2,0,2,D98,117.45743,0.59458,85,0.02037,0,IN CS. HASSANUDIN,0,0,0,0
DT3208,6/6/2025 21:40:59,2,0,2,D98,117.45743,0.59458,84.8,0.05556,0,IN CS. HASSANUDIN,0,0,0,0
DT3208,6/6/2025 21:41:02,2,0,2,D98,117.45743,0.59458,84.5,0.06667,0,IN CS. HASSANUDIN,0,0,0,0
DT3208,6/6/2025 21:41:05,2,0,2,D98,117.45743,0.59458,84.3,0.04445,0,IN CS. HASSANUDIN,0,0,0,0
DT3208,6/6/2025 21:41:08,2,0,2,D98,117.45743,0.59458,84.4,0.00741,0,IN CS. HASSANUDIN,0,0,0,0
DT3208,6/6/2025 21:41:11,2,0,2,D98,117.45742,0.59458,84.5,0.01111,0,IN CS. HASSANUDIN,0,0,0,0
DT3208,6/6/2025 21:41:14,2,0,2,D98,117.45742,0.59458,84.6,0.02963,0,IN CS. HASSANUDIN,0,0,0,0
DT3208,6/6/2025 21:41:17,2,0,2,D98,117.45742,0.59458,84.8,0.0926,0,IN CS. HASSANUDIN,0,0,0,0
DT3208,6/6/2025 21:41:20,2,0,2,D98,117.45742,0.59459,85,0.02037,0,IN CS. HASSANUDIN,0,0,0,0
DT3208,6/6/2025 21:41:23,2,0,2,D98,117.45742,0.59459,85.1,0.01296,0,IN CS. HASSANUDIN,0,0,0,0
DT3208,6/6/2025 21:41:26,2,0,2,D98,117.45742,0.59459,85.2,0.04815,0,IN CS. HASSANUDIN,0,0,0,0
DT3208,6/6/2025 21:41:29,2,0,2,D98,117.45742,0.59458,85.5,0.02593,0,IN CS. HASSANUDIN,0,0,0,0
DT3208,6/6/2025 21:41:32,2,0,2,D98,117.45741,0.59458,85.8,0.02408,0,IN CS. HASSANUDIN,0,0,0,0
DT3208,6/6/2025 21:41:35,2,0,2,D98,117.45741,0.59458,86,0.03889,0,IN CS. HASSANUDIN,0,0,0,0
DT3208,6/6/2025 21:41:38,2,0,2,D98,117.45741,0.59458,86,0.02222,0,IN CS. HASSANUDIN,0,0,0,0
DT3208,6/6/2025 21:41:41,2,0,2,D98,117.45741,0.59458,86,0.0426,0,IN CS. HASSANUDIN,0,0,0,0
DT3208,6/6/2025 21:41:44,2,0,2,D98,117.45741,0.59458,86.2,0.05186,0,IN CS. HASSANUDIN,0,0,0,0
DT3208,6/6/2025 21:41:47,2,0,2,D98,117.45741,0.59458,86.3,0.03704,0,IN CS. HASSANUDIN,0,0,0,0
DT3208,6/6/2025 21:41:50,2,0,2,D98,117.45741,0.59458,86.4,0.02963,0,IN CS. HASSANUDIN,0,0,0,0
DT3208,6/6/2025 21:41:53,2,0,2,D98,117.45741,0.59458,86.7,0.01111,0,IN CS. HASSANUDIN,0,0,0,0
DT3208,6/6/2025 21:41:56,2,0,2,D98,117.45741,0.59458,86.9,0.04815,0,IN CS. HASSANUDIN,0,0,0,0
DT3208,6/6/2025 21:41:59,2,0,2,D98,117.45741,0.59458,86.9,0.03148,0,IN CS. HASSANUDIN,0,0,0,0
DT3208,6/6/2025 21:42:02,2,0,2,D98,117.45741,0.59459,86.8,0.0963,0,IN CS. HASSANUDIN,0,0,0,0
DT3208,6/6/2025 21:42:05,2,0,2,D98,117.45741,0.59459,86.7,0.01111,0,IN CS. HASSANUDIN,0,0,0,0
DT3208,6/6/2025 21:42:08,2,0,2,D98,117.45741,0.59459,86.7,0.00926,0,IN CS. HASSANUDIN,0,0,0,0
DT3208,6/6/2025 21:42:11,2,0,2,D98,117.45741,0.59459,86.6,0.02222,0,IN CS. HASSANUDIN,0,0,0,0
DT3208,6/6/2025 21:42:14,2,0,2,D98,117.45741,0.59459,86.6,0.04074,0,IN CS. HASSANUDIN,0,0,0,0
DT3208,6/6/2025 21:42:17,2,0,2,D98,117.45742,0.59459,86.5,0.03519,0,IN CS. HASSANUDIN,0,0,0,0
DT3208,6/6/2025 21:42:20,2,0,2,D98,117.45742,0.59459,86.5,0.02037,0,IN CS. HASSANUDIN,0,0,0,0
DT3208,6/6/2025 21:42:23,2,0,2,D98,117.45742,0.59459,86.2,0.05556,0,IN CS. HASSANUDIN,0,0,0,0
DT3208,6/6/2025 21:42:26,2,0,2,D98,117.45742,0.59459,85.8,0.04815,0,IN CS. HASSANUDIN,0,0,0,0
DT3208,6/6/2025 21:42:29,2,0,2,D98,117.45742,0.59459,85.4,0.04074,0,IN CS. HASSANUDIN,0,0,0,0
DT3208,6/6/2025 21:42:32,2,0,2,D98,117.45742,0.59459,85.1,0.03889,0,IN CS. HASSANUDIN,0,0,0,0
DT3208,6/6/2025 21:42:35,2,0,2,D98,117.45743,0.59459,84.8,0.04074,0,IN CS. HASSANUDIN,0,0,0,0
DT3208,6/6/2025 21:42:38,2,0,2,D98,117.45743,0.59459,84.6,0.02778,0,IN CS. HASSANUDIN,0,0,0,0
DT3208,6/6/2025 21:42:41,2,0,2,D98,117.45743,0.59459,84.5,0.04074,0,IN CS. HASSANUDIN,0,0,0,0
DT3208,6/6/2025 21:42:44,2,0,2,D98,117.45743,0.59459,84.7,0.03148,0,IN CS. HASSANUDIN,0,0,0,0
DT3208,6/6/2025 21:42:47,2,0,2,D98,117.45743,0.59459,84.8,0.03889,0,IN CS. HASSANUDIN,0,0,0,0
DT3208,6/6/2025 21:42:50,2,0,2,D98,117.45743,0.59459,84.9,0.03519,0,IN CS. HASSANUDIN,0,0,0,0
DT3208,6/6/2025 21:42:53,2,0,2,D98,117.45743,0.59459,85,0.01667,0,IN CS. HASSANUDIN,0,0,0,0
DT3208,6/6/2025 21:42:56,2,0,2,D98,117.45743,0.59459,85,0.03704,0,IN CS. HASSANUDIN,0,0,0,0
DT3208,6/6/2025 21:42:59,2,0,2,D98,117.45743,0.59459,84.9,0.02408,0,IN CS. HASSANUDIN,0,0,0,0
DT3208,6/6/2025 21:43:02,2,0,2,D98,117.45743,0.59459,84.6,0.02778,0,IN CS. HASSANUDIN,0,0,0,0
DT3208,6/6/2025 21:43:05,2,0,2,D98,117.45744,0.59459,84.2,0.03148,0,IN CS. HASSANUDIN,0,0,0,0
DT3208,6/6/2025 21:43:08,2,0,2,D98,117.45744,0.59459,83.9,0.02963,0,IN CS. HASSANUDIN,0,0,0,0
DT3208,6/6/2025 21:43:11,2,0,2,D98,117.45744,0.59459,83.7,0.07223,0,IN CS. HASSANUDIN,0,0,0,0
DT3208,6/6/2025 21:43:14,2,0,2,D98,117.45744,0.59459,83.5,0.03889,0,IN CS. HASSANUDIN,0,0,0,0
DT3208,6/6/2025 21:43:17,2,0,2,D98,117.45744,0.59459,83.5,0.02408,0,IN CS. HASSANUDIN,0,0,0,0
DT3208,6/6/2025 21:43:20,2,0,2,D98,117.45744,0.59459,83.6,0.03334,0,IN CS. HASSANUDIN,0,0,0,0
DT3208,6/6/2025 21:43:23,2,0,2,D98,117.45744,0.59459,83.7,0.03889,0,IN CS. HASSANUDIN,0,0,0,0
DT3208,6/6/2025 21:43:26,2,0,2,D98,117.45744,0.59459,83.6,0.06482,0,IN CS. HASSANUDIN,0,0,0,0
DT3208,6/6/2025 21:43:29,2,0,2,D98,117.45744,0.59459,83.8,0.01667,0,IN CS. HASSANUDIN,0,0,0,0
DT3208,6/6/2025 21:43:32,2,0,2,D98,117.45744,0.59459,84,0.05741,0,IN CS. HASSANUDIN,0,0,0,0
DT3208,6/6/2025 21:43:35,2,0,2,D98,117.45744,0.59459,84.2,0.02037,0,IN CS. HASSANUDIN,0,0,0,0
DT3208,6/6/2025 21:43:38,2,0,2,D98,117.45744,0.59459,84.4,0.0963,0,IN CS. HASSANUDIN,0,0,0,0
DT3208,6/6/2025 21:43:41,2,0,2,D98,117.45743,0.59458,84.6,0.12038,0,IN CS. HASSANUDIN,0,0,0,0
DT3208,6/6/2025 21:43:44,2,0,2,D98,117.45743,0.59458,84.9,0.06852,0,IN CS. HASSANUDIN,0,0,0,0
DT3208,6/6/2025 21:43:47,2,0,2,D98,117.45743,0.59458,85.2,0.05926,0,IN CS. HASSANUDIN,0,0,0,0
DT3208,6/6/2025 21:43:50,2,0,2,D98,117.45743,0.59459,85.3,0.10186,0,IN CS. HASSANUDIN,0,0,0,0
DT3208,6/6/2025 21:43:53,2,0,2,D98,117.45743,0.59459,85.4,0.05741,0,IN CS. HASSANUDIN,0,0,0,0
DT3208,6/6/2025 21:43:56,2,0,2,D98,117.45743,0.59459,85.6,0.05186,0,IN CS. HASSANUDIN,0,0,0,0
DT3208,6/6/2025 21:43:59,2,0,2,D98,117.45743,0.59459,86,0.0463,0,IN CS. HASSANUDIN,0,0,0,0
DT3208,6/6/2025 21:44:02,2,0,2,D98,117.45743,0.59459,86.3,0.01111,0,IN CS. HASSANUDIN,0,0,0,0
DT3208,6/6/2025 21:44:05,2,0,2,D98,117.45743,0.59458,86.7,0.07038,0,IN CS. HASSANUDIN,0,0,0,0
DT3208,6/6/2025 21:44:08,2,0,2,D98,117.45742,0.59458,86.8,0.07964,0,IN CS. HASSANUDIN,0,0,0,0
DT3208,6/6/2025 21:44:11,2,0,2,D98,117.45742,0.59458,86.9,0.07964,0,IN CS. HASSANUDIN,0,0,0,0
DT3208,6/6/2025 21:44:14,2,0,2,D98,117.45742,0.59458,86.9,0.03889,0,IN CS. HASSANUDIN,0,0,0,0
DT3208,6/6/2025 21:44:17,2,0,2,D98,117.45742,0.59458,86.8,0.03519,0,IN CS. HASSANUDIN,0,0,0,0
DT3208,6/6/2025 21:44:20,2,0,2,D98,117.45742,0.59458,86.8,0.0926,0,IN CS. HASSANUDIN,0,0,0,0
DT3208,6/6/2025 21:44:23,2,0,2,D98,117.45742,0.59458,86.8,0.00926,0,IN CS. HASSANUDIN,0,0,0,0
DT3208,6/6/2025 21:44:26,2,0,2,D98,117.45742,0.59458,86.8,0.03334,0,IN CS. HASSANUDIN,0,0,0,0
DT3208,6/6/2025 21:44:29,2,0,2,D98,117.45742,0.59458,86.7,0.03148,0,IN CS. HASSANUDIN,0,0,0,0
DT3208,6/6/2025 21:44:32,2,0,2,D98,117.45742,0.59458,86.7,0.06482,0,IN CS. HASSANUDIN,0,0,0,0
DT3208,6/6/2025 21:44:35,2,0,2,D98,117.45742,0.59458,86.8,0.04815,0,IN CS. HASSANUDIN,0,0,0,0
DT3208,6/6/2025 21:44:38,2,0,2,D98,117.45742,0.59458,87,0.06297,0,IN CS. HASSANUDIN,0,0,0,0
DT3208,6/6/2025 21:44:41,2,0,2,D98,117.45741,0.59457,87.1,0.03889,0,IN CS. HASSANUDIN,0,0,0,0
DT3208,6/6/2025 21:44:44,2,0,2,D98,117.45741,0.59457,87.1,0.07778,0,IN CS. HASSANUDIN,0,0,0,0
DT3208,6/6/2025 21:44:47,2,0,2,D98,117.45742,0.59457,87.1,0.04445,0,IN CS. HASSANUDIN,0,0,0,0
DT3208,6/6/2025 21:44:50,2,0,2,D98,117.45742,0.59457,87.1,0.02037,0,IN CS. HASSANUDIN,0,0,0,0
DT3208,6/6/2025 21:44:53,2,0,2,D98,117.45743,0.59457,87.3,0.06852,0,IN CS. HASSANUDIN,0,0,0,0
DT3208,6/6/2025 21:44:56,2,0,2,D98,117.45743,0.59457,87.4,0.08704,0,IN CS. HASSANUDIN,0,0,0,0
DT3208,6/6/2025 21:44:59,2,0,2,D98,117.45743,0.59457,87.4,0.04815,0,IN CS. HASSANUDIN,0,0,0,0
DT3208,6/6/2025 21:45:02,2,0,2,D98,117.45743,0.59457,87.5,0.07408,0,IN CS. HASSANUDIN,0,0,0,0
DT3208,6/6/2025 21:45:05,2,0,2,D98,117.45743,0.59456,87.6,0.05,0,IN CS. HASSANUDIN,0,0,0,0
DT3208,6/6/2025 21:45:08,2,0,2,D98,117.45743,0.59457,87.6,0.04815,0,IN CS. HASSANUDIN,0,0,0,0
DT3208,6/6/2025 21:45:11,2,0,2,D98,117.45743,0.59457,87.5,0.08519,0,IN CS. HASSANUDIN,0,0,0,0
DT3208,6/6/2025 21:45:14,2,0,2,D98,117.45743,0.59457,87.4,0.04074,0,IN CS. HASSANUDIN,0,0,0,0
DT3208,6/6/2025 21:45:17,2,0,2,D98,117.45742,0.59456,87.5,0.03519,0,IN CS. HASSANUDIN,0,0,0,0
DT3208,6/6/2025 21:45:20,2,0,2,D98,117.45742,0.59456,87.6,0.0463,0,IN CS. HASSANUDIN,0,0,0,0
DT3208,6/6/2025 21:45:23,2,0,2,D98,117.45742,0.59456,87.4,0.01111,0,IN CS. HASSANUDIN,0,0,0,0
DT3208,6/6/2025 21:45:26,2,0,2,D98,117.45742,0.59456,87.4,0.05926,0,IN CS. HASSANUDIN,0,0,0,0
DT3208,6/6/2025 21:45:29,2,0,2,D98,117.45742,0.59456,87.3,0.11112,0,IN CS. HASSANUDIN,0,0,0,0
DT3208,6/6/2025 21:45:32,2,0,2,D98,117.45742,0.59457,87.3,0.00926,0,IN CS. HASSANUDIN,0,0,0,0
DT3208,6/6/2025 21:45:35,2,0,2,D98,117.45742,0.59457,87.4,0.0463,0,IN CS. HASSANUDIN,0,0,0,0
DT3208,6/6/2025 21:45:38,2,0,2,D98,117.45742,0.59457,87.4,0.02408,0,IN CS. HASSANUDIN,0,0,0,0
DT3208,6/6/2025 21:45:41,2,0,2,D98,117.45742,0.59457,87.4,0.04074,0,IN CS. HASSANUDIN,0,0,0,0
DT3208,6/6/2025 21:45:44,2,0,2,D98,117.45742,0.59457,87.3,0.02963,0,IN CS. HASSANUDIN,0,0,0,0
DT3208,6/6/2025 21:45:47,2,0,2,D98,117.45742,0.59457,87.2,0.00926,0,IN CS. HASSANUDIN,0,0,0,0
DT3208,6/6/2025 21:45:50,2,0,2,D98,117.45742,0.59457,87.2,0.06297,0,IN CS. HASSANUDIN,0,0,0,0
DT3208,6/6/2025 21:45:53,2,0,2,D98,117.45742,0.59457,87.4,0.05741,0,IN CS. HASSANUDIN,0,0,0,0
DT3208,6/6/2025 21:45:56,2,0,2,D98,117.45742,0.59457,87.6,0.06482,0,IN CS. HASSANUDIN,0,0,0,0
DT3208,6/6/2025 21:45:59,2,0,2,D98,117.45742,0.59457,87.8,0.01296,0,IN CS. HASSANUDIN,0,0,0,0
DT3208,6/6/2025 21:46:02,2,0,2,D98,117.45742,0.59457,87.9,0.08149,0,IN CS. HASSANUDIN,0,0,0,0
DT3208,6/6/2025 21:46:05,2,0,2,D98,117.45742,0.59457,88,0.07223,0,IN CS. HASSANUDIN,0,0,0,0
DT3208,6/6/2025 21:46:08,2,0,2,D98,117.45742,0.59457,88.3,0.07223,0,IN CS. HASSANUDIN,0,0,0,0
DT3208,6/6/2025 21:46:11,2,0,2,D98,117.45742,0.59457,88.7,0.05926,0,IN CS. HASSANUDIN,0,0,0,0
DT3208,6/6/2025 21:46:14,2,0,2,D98,117.45742,0.59457,89,0.04815,0,IN CS. HASSANUDIN,0,0,0,0
DT3208,6/6/2025 21:46:17,2,0,2,D98,117.45743,0.59457,89.5,0.09075,0,IN CS. HASSANUDIN,0,0,0,0
DT3208,6/6/2025 21:46:20,2,0,2,D98,117.45743,0.59457,89.9,0.04815,0,IN CS. HASSANUDIN,0,0,0,0
DT3208,6/6/2025 21:46:23,2,0,2,D98,117.45743,0.59457,90.2,0.03704,0,IN CS. HASSANUDIN,0,0,0,0
DT3208,6/6/2025 21:46:26,2,0,2,D98,117.45743,0.59457,90.4,0.03704,0,IN CS. HASSANUDIN,0,0,0,0
DT3208,6/6/2025 21:46:29,2,0,2,D98,117.45743,0.59457,90.5,0.11668,0,IN CS. HASSANUDIN,0,0,0,0
DT3208,6/6/2025 21:46:32,2,0,2,D98,117.45743,0.59458,90.4,0.04815,0,IN CS. HASSANUDIN,0,0,0,0
DT3208,6/6/2025 21:46:35,2,0,2,D98,117.45743,0.59458,90.4,0.04074,0,IN CS. HASSANUDIN,0,0,0,0
DT3208,6/6/2025 21:46:38,2,0,2,D98,117.45743,0.59458,90.2,0.05926,0,IN CS. HASSANUDIN,0,0,0,0
DT3208,6/6/2025 21:46:41,2,0,2,D98,117.45744,0.59458,90.1,0.05926,0,IN CS. HASSANUDIN,0,0,0,0
DT3208,6/6/2025 21:46:44,2,0,2,D98,117.45743,0.59458,90.2,0.07964,0,IN CS. HASSANUDIN,0,0,0,0
DT3208,6/6/2025 21:46:47,2,0,2,D98,117.45743,0.59459,90.4,0.03148,0,IN CS. HASSANUDIN,0,0,0,0
DT3208,6/6/2025 21:46:50,2,0,2,D98,117.45743,0.59459,90.5,0.07223,0,IN CS. HASSANUDIN,0,0,0,0
DT3208,6/6/2025 21:46:53,2,0,2,D98,117.45743,0.59459,90.5,0.04445,0,IN CS. HASSANUDIN,0,0,0,0
DT3208,6/6/2025 21:46:56,2,0,2,D98,117.45743,0.59459,90.4,0.16112,0,IN CS. HASSANUDIN,0,0,0,0
DT3208,6/6/2025 21:46:59,2,0,2,D98,117.45743,0.59459,90.2,0.07038,0,IN CS. HASSANUDIN,0,0,0,0
DT3208,6/6/2025 21:47:02,2,0,2,D98,117.45743,0.59459,90,0.07223,0,IN CS. HASSANUDIN,0,0,0,0
DT3208,6/6/2025 21:47:05,2,0,2,D98,117.45743,0.59459,90,0.05186,0,IN CS. HASSANUDIN,0,0,0,0
DT3208,6/6/2025 21:47:08,2,0,2,D98,117.45743,0.59459,89.9,0.07778,0,IN CS. HASSANUDIN,0,0,0,0
DT3208,6/6/2025 21:47:11,2,0,2,D98,117.45743,0.59459,89.8,0.06112,0,IN CS. HASSANUDIN,0,0,0,0
DT3208,6/6/2025 21:47:14,2,0,2,D98,117.45743,0.59459,89.5,0.05926,0,IN CS. HASSANUDIN,0,0,0,0
DT3208,6/6/2025 21:47:17,2,0,2,D98,117.45743,0.5946,89.2,0.01852,0,IN CS. HASSANUDIN,0,0,0,0
DT3208,6/6/2025 21:47:20,2,0,2,D98,117.45743,0.5946,88.7,0.16112,0,IN CS. HASSANUDIN,0,0,0,0
DT3208,6/6/2025 21:47:23,2,0,2,D98,117.45743,0.5946,88.3,0.04815,0,IN CS. HASSANUDIN,0,0,0,0
DT3208,6/6/2025 21:47:26,2,0,2,D98,117.45743,0.5946,88.3,0.0463,0,IN CS. HASSANUDIN,0,0,0,0
DT3208,6/6/2025 21:47:29,2,0,2,D98,117.45743,0.5946,88.6,0.01482,0,IN CS. HASSANUDIN,0,0,0,0
DT3208,6/6/2025 21:47:32,2,0,2,D98,117.45743,0.5946,89,0.07408,0,IN CS. HASSANUDIN,0,0,0,0
DT3208,6/6/2025 21:47:35,2,0,2,D98,117.45743,0.5946,89.5,0.04815,0,IN CS. HASSANUDIN,0,0,0,0
DT3208,6/6/2025 21:47:38,2,0,2,D98,117.45743,0.5946,89.8,0.07038,0,IN CS. HASSANUDIN,0,0,0,0
DT3208,6/6/2025 21:47:41,2,0,2,D98,117.45743,0.5946,90.2,0.02778,0,IN CS. HASSANUDIN,0,0,0,0
DT3208,6/6/2025 21:47:44,2,0,2,D98,117.45743,0.59459,90.5,0.04074,0,IN CS. HASSANUDIN,0,0,0,0
DT3208,6/6/2025 21:47:47,2,0,2,D98,117.45743,0.59459,90.5,0.06852,0,IN CS. HASSANUDIN,0,0,0,0
DT3208,6/6/2025 21:47:50,2,0,2,D98,117.45743,0.59459,90.2,0.0463,0,IN CS. HASSANUDIN,0,0,0,0
DT3208,6/6/2025 21:47:53,2,0,2,D98,117.45744,0.59459,89.7,0.02222,0,IN CS. HASSANUDIN,0,0,0,0
DT3208,6/6/2025 21:47:56,2,0,2,D98,117.45744,0.59459,89.3,0.00741,0,IN CS. HASSANUDIN,0,0,0,0
DT3208,6/6/2025 21:47:59,2,0,2,D98,117.45744,0.59459,88.9,0.03148,0,IN CS. HASSANUDIN,0,0,0,0
DT3208,6/6/2025 21:48:02,2,0,2,D98,117.45744,0.5946,88.5,0.02037,0,IN CS. HASSANUDIN,0,0,0,0
DT3208,6/6/2025 21:48:05,2,0,2,D98,117.45744,0.5946,88.1,0.01296,0,IN CS. HASSANUDIN,0,0,0,0
DT3208,6/6/2025 21:48:08,2,0,2,D98,117.45744,0.5946,87.7,0.03519,0,IN CS. HASSANUDIN,0,0,0,0
DT3208,6/6/2025 21:48:11,2,0,2,D98,117.45744,0.5946,87.4,0.05556,0,IN CS. HASSANUDIN,0,0,0,0
DT3208,6/6/2025 21:48:14,2,0,2,D98,117.45744,0.5946,87.1,0.04815,0,IN CS. HASSANUDIN,0,0,0,0
DT3208,6/6/2025 21:48:17,2,0,2,D98,117.45744,0.5946,86.7,0.03148,0,IN CS. HASSANUDIN,0,0,0,0
DT3208,6/6/2025 21:48:20,2,0,2,D98,117.45745,0.5946,86.2,0.04815,0,IN CS. HASSANUDIN,0,0,0,0
DT3208,6/6/2025 21:48:23,2,0,2,D98,117.45745,0.5946,85.7,0.05186,0,IN CS. HASSANUDIN,0,0,0,0
DT3208,6/6/2025 21:48:26,2,0,2,D98,117.45744,0.5946,85.6,0.05,0,IN CS. HASSANUDIN,0,0,0,0
DT3208,6/6/2025 21:48:29,2,0,2,D98,117.45744,0.5946,85.3,0.04815,0,IN CS. HASSANUDIN,0,0,0,0
DT3208,6/6/2025 21:48:32,2,0,2,D98,117.45744,0.59461,85.3,0.01111,0,IN CS. HASSANUDIN,0,0,0,0
DT3208,6/6/2025 21:48:35,2,0,2,D98,117.45744,0.59461,85.4,0.10001,0,IN CS. HASSANUDIN,0,0,0,0
DT3208,6/6/2025 21:48:38,2,0,2,D98,117.45744,0.59461,85.6,0.0426,0,IN CS. HASSANUDIN,0,0,0,0
DT3208,6/6/2025 21:48:41,2,0,2,D98,117.45744,0.59461,86,0.04074,0,IN CS. HASSANUDIN,0,0,0,0
DT3208,6/6/2025 21:48:44,2,0,2,D98,117.45744,0.59461,86.7,0.05186,0,IN CS. HASSANUDIN,0,0,0,0
DT3208,6/6/2025 21:48:47,2,0,2,D98,117.45744,0.59461,87.4,0.03704,0,IN CS. HASSANUDIN,0,0,0,0
DT3208,6/6/2025 21:48:50,2,0,2,D98,117.45744,0.59461,87.8,0.05741,0,IN CS. HASSANUDIN,0,0,0,0
DT3208,6/6/2025 21:48:53,2,0,2,D98,117.45744,0.59461,88.3,0.05,0,IN CS. HASSANUDIN,0,0,0,0
DT3208,6/6/2025 21:48:56,2,0,2,D98,117.45744,0.59461,88.7,0.01482,0,IN CS. HASSANUDIN,0,0,0,0
DT3208,6/6/2025 21:48:59,2,0,2,D98,117.45744,0.59461,89.2,0.0426,0,IN CS. HASSANUDIN,0,0,0,0
DT3208,6/6/2025 21:49:02,2,0,2,D98,117.45744,0.59461,89.4,0.02408,0,IN CS. HASSANUDIN,0,0,0,0
DT3208,6/6/2025 21:49:05,2,0,2,D98,117.45744,0.59461,89.7,0.0426,0,IN CS. HASSANUDIN,0,0,0,0
DT3208,6/6/2025 21:49:08,2,0,2,D98,117.45744,0.59461,90,0.02593,0,IN CS. HASSANUDIN,0,0,0,0
DT3208,6/6/2025 21:49:11,2,0,2,D98,117.45744,0.59461,90.1,0.05,0,IN CS. HASSANUDIN,0,0,0,0
DT3208,6/6/2025 21:49:14,2,0,2,D98,117.45744,0.59461,90.1,0.04445,0,IN CS. HASSANUDIN,0,0,0,0
DT3208,6/6/2025 21:49:17,2,0,2,D98,117.45744,0.59461,90.2,0.03704,0,IN CS. HASSANUDIN,0,0,0,0
DT3208,6/6/2025 21:49:20,2,0,2,D98,117.45744,0.59461,90.4,0.0037,0,IN CS. HASSANUDIN,0,0,0,0
DT3208,6/6/2025 21:49:23,2,0,2,D98,117.45744,0.59461,90.4,0.00741,0,IN CS. HASSANUDIN,0,0,0,0
DT3208,6/6/2025 21:49:26,2,0,2,D98,117.45744,0.59461,90.2,0.03148,0,IN CS. HASSANUDIN,0,0,0,0
DT3208,6/6/2025 21:49:29,2,0,2,D98,117.45744,0.59461,90.1,0.05,0,IN CS. HASSANUDIN,0,0,0,0
DT3208,6/6/2025 21:49:32,2,0,2,D98,117.45744,0.59461,90,0.05186,0,IN CS. HASSANUDIN,0,0,0,0
DT3208,6/6/2025 21:49:35,2,0,2,D98,117.45744,0.59461,90.1,0.04815,0,IN CS. HASSANUDIN,0,0,0,0
DT3208,6/6/2025 21:49:38,2,0,2,D98,117.45744,0.59461,90,0.08149,0,IN CS. HASSANUDIN,0,0,0,0
DT3208,6/6/2025 21:49:41,2,0,2,D98,117.45744,0.59461,90.1,0.07964,0,IN CS. HASSANUDIN,0,0,0,0
DT3208,6/6/2025 21:49:44,2,0,2,D98,117.45744,0.59461,90.3,0.02037,0,IN CS. HASSANUDIN,0,0,0,0
DT3208,6/6/2025 21:49:47,2,0,2,D98,117.45744,0.5946,90.6,0.01482,0,IN CS. HASSANUDIN,0,0,0,0
DT3208,6/6/2025 21:49:50,2,0,2,D98,117.45744,0.5946,90.9,0.02222,0,IN CS. HASSANUDIN,0,0,0,0
DT3208,6/6/2025 21:49:53,2,0,2,D98,117.45744,0.5946,91.3,0.05186,0,IN CS. HASSANUDIN,0,0,0,0
DT3208,6/6/2025 21:49:56,2,0,2,D98,117.45744,0.5946,91.8,0.02778,0,IN CS. HASSANUDIN,0,0,0,0
DT3208,6/6/2025 21:49:59,2,0,2,D98,117.45744,0.5946,92.4,0.05556,0,IN CS. HASSANUDIN,0,0,0,0
DT3208,6/6/2025 21:50:02,2,0,2,D98,117.45744,0.5946,92.7,0.0037,0,IN CS. HASSANUDIN,0,0,0,0
DT3208,6/6/2025 21:50:05,2,0,2,D98,117.45744,0.5946,93.1,0.05,0,IN CS. HASSANUDIN,0,0,0,0
DT3208,6/6/2025 21:50:08,2,0,2,D98,117.45744,0.5946,93.4,0.02778,0,IN CS. HASSANUDIN,0,0,0,0
DT3208,6/6/2025 21:50:11,2,0,2,D98,117.45744,0.5946,93.5,0.05741,0,IN CS. HASSANUDIN,0,0,0,0
DT3208,6/6/2025 21:50:14,2,0,2,D98,117.45744,0.59459,93.6,0.02593,0,IN CS. HASSANUDIN,0,0,0,0
DT3208,6/6/2025 21:50:17,2,0,2,D98,117.45744,0.59459,93.6,0.02778,0,IN CS. HASSANUDIN,0,0,0,0
DT3208,6/6/2025 21:50:20,2,0,2,D98,117.45744,0.59459,93.5,0.00926,0,IN CS. HASSANUDIN,0,0,0,0
DT3208,6/6/2025 21:50:23,2,0,2,D98,117.45744,0.59459,93.5,0.01852,0,IN CS. HASSANUDIN,0,0,0,0
DT3208,6/6/2025 21:50:26,2,0,2,D98,117.45745,0.59459,93.1,0.01482,0,IN CS. HASSANUDIN,0,0,0,0
DT3208,6/6/2025 21:50:29,2,0,2,D98,117.45745,0.59459,92.7,0.01667,0,IN CS. HASSANUDIN,0,0,0,0
DT3208,6/6/2025 21:50:32,2,0,2,D98,117.45745,0.59459,92.4,0.05556,0,IN CS. HASSANUDIN,0,0,0,0
DT3208,6/6/2025 21:50:35,2,0,2,D98,117.45745,0.59458,92.1,0.00926,0,IN CS. HASSANUDIN,0,0,0,0
DT3208,6/6/2025 21:50:38,2,0,2,D98,117.45745,0.59458,91.8,0.05556,0,IN CS. HASSANUDIN,0,0,0,0
DT3208,6/6/2025 21:50:41,2,0,2,D98,117.45745,0.59458,91.4,0.02778,0,IN CS. HASSANUDIN,0,0,0,0
DT3208,6/6/2025 21:50:44,2,0,2,D98,117.45745,0.59458,91.2,0.04445,0,IN CS. HASSANUDIN,0,0,0,0
DT3208,6/6/2025 21:50:47,2,0,2,D98,117.45745,0.59458,90.8,0.03519,0,IN CS. HASSANUDIN,0,0,0,0
DT3208,6/6/2025 21:50:50,2,0,2,D98,117.45746,0.59458,90.4,0.02593,0,IN CS. HASSANUDIN,0,0,0,0
DT3208,6/6/2025 21:50:53,2,0,2,D98,117.45746,0.59458,90,0.01852,0,IN CS. HASSANUDIN,0,0,0,0
DT3208,6/6/2025 21:50:56,2,0,2,D98,117.45746,0.59458,89.7,0.0926,0,IN CS. HASSANUDIN,0,0,0,0
DT3208,6/6/2025 21:50:59,2,0,2,D98,117.45746,0.59458,89.4,0.02037,0,IN CS. HASSANUDIN,0,0,0,0
DT3208,6/6/2025 21:51:02,2,0,2,D98,117.45746,0.59458,89.1,0.05186,0,IN CS. HASSANUDIN,0,0,0,0
DT3208,6/6/2025 21:51:05,2,0,2,D98,117.45746,0.59458,88.9,0.03519,0,IN CS. HASSANUDIN,0,0,0,0
DT3208,6/6/2025 21:51:08,2,0,2,D98,117.45746,0.59458,88.7,0.03889,0,IN CS. HASSANUDIN,0,0,0,0
DT3208,6/6/2025 21:51:11,2,0,2,D98,117.45746,0.59458,88.5,0.07964,0,IN CS. HASSANUDIN,0,0,0,0
DT3208,6/6/2025 21:51:14,2,0,2,D98,117.45746,0.59457,88.4,0.04445,0,IN CS. HASSANUDIN,0,0,0,0
DT3208,6/6/2025 21:51:17,2,0,2,D98,117.45746,0.59457,88.3,0.02408,0,IN CS. HASSANUDIN,0,0,0,0
DT3208,6/6/2025 21:51:20,2,0,2,D98,117.45746,0.59457,88.4,0.0463,0,IN CS. HASSANUDIN,0,0,0,0
DT3208,6/6/2025 21:51:23,2,0,2,D98,117.45746,0.59457,88.3,0.04815,0,IN CS. HASSANUDIN,0,0,0,0
DT3208,6/6/2025 21:51:26,2,0,2,D98,117.45746,0.59457,88.2,0.01852,0,IN CS. HASSANUDIN,0,0,0,0
DT3208,6/6/2025 21:51:29,2,0,2,D98,117.45746,0.59457,88.1,0.02778,0,IN CS. HASSANUDIN,0,0,0,0
DT3208,6/6/2025 21:51:32,2,0,2,D98,117.45746,0.59457,88,0.06112,0,IN CS. HASSANUDIN,0,0,0,0
DT3208,6/6/2025 21:51:35,2,0,2,D98,117.45746,0.59457,87.8,0.00741,0,IN CS. HASSANUDIN,0,0,0,0
DT3208,6/6/2025 21:51:38,2,0,2,D98,117.45746,0.59457,87.6,0.02222,0,IN CS. HASSANUDIN,0,0,0,0
DT3208,6/6/2025 21:51:41,2,0,2,D98,117.45746,0.59457,87.3,0.05,0,IN CS. HASSANUDIN,0,0,0,0
DT3208,6/6/2025 21:51:44,2,0,2,D98,117.45746,0.59457,87.2,0.08334,0,IN CS. HASSANUDIN,0,0,0,0
DT3208,6/6/2025 21:51:47,2,0,2,D98,117.45746,0.59457,87.3,0.05,0,IN CS. HASSANUDIN,0,0,0,0
DT3208,6/6/2025 21:51:50,2,0,2,D98,117.45746,0.59457,87.3,0.05186,0,IN CS. HASSANUDIN,0,0,0,0
DT3208,6/6/2025 21:51:53,2,0,2,D98,117.45746,0.59457,87.4,0.08149,0,IN CS. HASSANUDIN,0,0,0,0
DT3208,6/6/2025 21:51:56,2,0,2,D98,117.45745,0.59457,87.4,0.01296,0,IN CS. HASSANUDIN,0,0,0,0
DT3208,6/6/2025 21:51:59,2,0,2,D98,117.45745,0.59457,87.4,0.09445,0,IN CS. HASSANUDIN,0,0,0,0
DT3208,6/6/2025 21:52:02,2,0,2,D98,117.45745,0.59457,87.6,0.03334,0,IN CS. HASSANUDIN,0,0,0,0
DT3208,6/6/2025 21:52:05,2,0,2,D98,117.45744,0.59457,87.8,0.06667,0,IN CS. HASSANUDIN,0,0,0,0
DT3208,6/6/2025 21:52:08,2,0,2,D98,117.45744,0.59457,87.8,0.0463,0,IN CS. HASSANUDIN,0,0,0,0
DT3208,6/6/2025 21:52:11,2,0,2,D98,117.45744,0.59457,87.8,0.02408,0,IN CS. HASSANUDIN,0,0,0,0
DT3208,6/6/2025 21:52:14,2,0,2,D98,117.45744,0.59457,87.7,0.04074,0,IN CS. HASSANUDIN,0,0,0,0
DT3208,6/6/2025 21:52:17,2,0,2,D98,117.45743,0.59457,87.6,0.03148,0,IN CS. HASSANUDIN,0,0,0,0
DT3208,6/6/2025 21:52:20,2,0,2,D98,117.45743,0.59457,87.6,0.01482,0,IN CS. HASSANUDIN,0,0,0,0
DT3208,6/6/2025 21:52:23,2,0,2,D98,117.45743,0.59457,87.6,0.01296,0,IN CS. HASSANUDIN,0,0,0,0
DT3208,6/6/2025 21:52:26,2,0,2,D98,117.45743,0.59457,87.6,0.00556,0,IN CS. HASSANUDIN,0,0,0,0
DT3208,6/6/2025 21:52:29,2,0,2,D98,117.45743,0.59456,87.5,0.10186,0,IN CS. HASSANUDIN,0,0,0,0
DT3208,6/6/2025 21:52:32,2,0,2,D98,117.45743,0.59456,87.4,0.02037,0,IN CS. HASSANUDIN,0,0,0,0
DT3208,6/6/2025 21:52:35,2,0,2,D98,117.45743,0.59457,87.4,0.05741,0,IN CS. HASSANUDIN,0,0,0,0
DT3208,6/6/2025 21:52:38,2,0,2,D98,117.45743,0.59457,87.4,0.05,0,IN CS. HASSANUDIN,0,0,0,0
DT3208,6/6/2025 21:52:41,2,0,2,D98,117.45743,0.59457,87.1,0.06112,0,IN CS. HASSANUDIN,0,0,0,0
DT3208,6/6/2025 21:52:44,2,0,2,D98,117.45744,0.59457,86.9,0.0463,0,IN CS. HASSANUDIN,0,0,0,0
DT3208,6/6/2025 21:52:47,2,0,2,D98,117.45744,0.59457,86.7,0.02408,0,IN CS. HASSANUDIN,0,0,0,0
DT3208,6/6/2025 21:52:50,2,0,2,D98,117.45744,0.59457,86.8,0.15372,0,IN CS. HASSANUDIN,0,0,0,0
DT3208,6/6/2025 21:52:53,2,0,2,D98,117.45744,0.59457,86.9,0.00556,0,IN CS. HASSANUDIN,0,0,0,0
DT3208,6/6/2025 21:52:56,2,0,2,D98,117.45744,0.59458,87,0.10186,0,IN CS. HASSANUDIN,0,0,0,0
DT3208,6/6/2025 21:52:59,2,0,2,D98,117.45744,0.59458,87,0.04074,0,IN CS. HASSANUDIN,0,0,0,0
DT3208,6/6/2025 21:53:02,2,0,2,D98,117.45744,0.59458,87.2,0.00556,0,IN CS. HASSANUDIN,0,0,0,0
DT3208,6/6/2025 21:53:05,2,0,2,D98,117.45744,0.59458,87.5,0.03148,0,IN CS. HASSANUDIN,0,0,0,0
DT3208,6/6/2025 21:53:08,2,0,2,D98,117.45744,0.59458,87.8,0.01667,0,IN CS. HASSANUDIN,0,0,0,0
DT3208,6/6/2025 21:53:11,2,0,2,D98,117.45744,0.59458,88,0.07038,0,IN CS. HASSANUDIN,0,0,0,0
DT3208,6/6/2025 21:53:14,2,0,2,D98,117.45745,0.59458,88.3,0.02593,0,IN CS. HASSANUDIN,0,0,0,0
DT3208,6/6/2025 21:53:17,2,0,2,D98,117.45745,0.59458,88.6,0.01852,0,IN CS. HASSANUDIN,0,0,0,0
DT3208,6/6/2025 21:53:20,2,0,2,D98,117.45745,0.59458,89,0.04074,0,IN CS. HASSANUDIN,0,0,0,0
DT3208,6/6/2025 21:53:23,2,0,2,D98,117.45745,0.59458,89.4,0.01852,0,IN CS. HASSANUDIN,0,0,0,0
DT3208,6/6/2025 21:53:26,2,0,2,D98,117.45745,0.59458,89.8,0.01482,0,IN CS. HASSANUDIN,0,0,0,0
DT3208,6/6/2025 21:53:29,2,0,2,D98,117.45745,0.59458,90.3,0.00926,0,IN CS. HASSANUDIN,0,0,0,0
DT3208,6/6/2025 21:53:32,2,0,2,D98,117.45746,0.59458,90.6,0.04445,0,IN CS. HASSANUDIN,0,0,0,0
DT3208,6/6/2025 21:53:35,2,0,2,D98,117.45746,0.59458,90.9,0.06112,0,IN CS. HASSANUDIN,0,0,0,0
DT3208,6/6/2025 21:53:38,2,0,2,D98,117.45746,0.59458,91.3,0.04074,0,IN CS. HASSANUDIN,0,0,0,0
DT3208,6/6/2025 21:53:41,2,0,2,D98,117.45746,0.59458,91.5,0.01296,0,IN CS. HASSANUDIN,0,0,0,0
DT3208,6/6/2025 21:53:44,2,0,2,D98,117.45746,0.59458,91.7,0.04815,0,IN CS. HASSANUDIN,0,0,0,0
DT3208,6/6/2025 21:53:47,2,0,2,D98,117.45746,0.59458,92.1,0.03148,0,IN CS. HASSANUDIN,0,0,0,0
DT3208,6/6/2025 21:53:50,2,0,2,D98,117.45746,0.59458,92.4,0.01852,0,IN CS. HASSANUDIN,0,0,0,0
DT3208,6/6/2025 21:53:53,2,0,2,D98,117.45746,0.59458,92.6,0.05186,0,IN CS. HASSANUDIN,0,0,0,0
DT3208,6/6/2025 21:53:56,2,0,2,D98,117.45746,0.59458,92.8,0.02037,0,IN CS. HASSANUDIN,0,0,0,0
DT3208,6/6/2025 21:53:59,2,0,2,D98,117.45746,0.59458,93,0.00741,0,IN CS. HASSANUDIN,0,0,0,0
DT3208,6/6/2025 21:54:02,2,0,2,D98,117.45747,0.59458,93.2,0.07223,0,IN CS. HASSANUDIN,0,0,0,0
DT3208,6/6/2025 21:54:05,2,0,2,D98,117.45747,0.59458,93.4,0.04445,0,IN CS. HASSANUDIN,0,0,0,0
DT3208,6/6/2025 21:54:08,2,0,2,D98,117.45747,0.59458,93.6,0.06667,0,IN CS. HASSANUDIN,0,0,0,0
DT3208,6/6/2025 21:54:11,2,0,2,D98,117.45748,0.59458,93.7,0.02037,0,IN CS. HASSANUDIN,0,0,0,0
DT3208,6/6/2025 21:54:14,2,0,2,D98,117.45748,0.59458,94,0.06482,0,IN CS. HASSANUDIN,0,0,0,0
DT3208,6/6/2025 21:54:17,2,0,2,D98,117.45749,0.59458,94.1,0.02037,0,IN CS. HASSANUDIN,0,0,0,0
DT3208,6/6/2025 21:54:20,2,0,2,D98,117.45749,0.59457,94.2,0.01482,0,IN CS. HASSANUDIN,0,0,0,0
DT3208,6/6/2025 21:54:23,2,0,2,D98,117.45749,0.59457,94.4,0.07223,0,IN CS. HASSANUDIN,0,0,0,0
DT3208,6/6/2025 21:54:26,2,0,2,D98,117.45749,0.59457,94.7,0.02963,0,IN CS. HASSANUDIN,0,0,0,0
DT3208,6/6/2025 21:54:29,2,0,2,D98,117.45749,0.59457,94.9,0.06297,0,IN CS. HASSANUDIN,0,0,0,0
DT3208,6/6/2025 21:54:32,2,0,2,D98,117.4575,0.59457,95,0.02963,0,IN CS. HASSANUDIN,0,0,0,0
DT3208,6/6/2025 21:54:35,2,0,2,D98,117.4575,0.59457,95.1,0.00556,0,IN CS. HASSANUDIN,0,0,0,0
DT3208,6/6/2025 21:54:38,2,0,2,D98,117.4575,0.59457,95.4,0.05,0,IN CS. HASSANUDIN,0,0,0,0
DT3208,6/6/2025 21:54:41,2,0,2,D98,117.4575,0.59457,95.7,0.03519,0,IN CS. HASSANUDIN,0,0,0,0
DT3208,6/6/2025 21:54:44,2,0,2,D98,117.4575,0.59457,95.9,0.01482,0,IN CS. HASSANUDIN,0,0,0,0
DT3208,6/6/2025 21:54:47,2,0,2,D98,117.4575,0.59457,96,0.02408,0,IN CS. HASSANUDIN,0,0,0,0
DT3208,6/6/2025 21:54:50,2,0,2,D98,117.4575,0.59457,96.1,0.0426,0,IN CS. HASSANUDIN,0,0,0,0
DT3208,6/6/2025 21:54:53,2,0,2,D98,117.4575,0.59457,96,0.02963,0,IN CS. HASSANUDIN,0,0,0,0
DT3208,6/6/2025 21:54:56,2,0,2,D98,117.4575,0.59457,95.8,0.01852,0,IN CS. HASSANUDIN,0,0,0,0
DT3208,6/6/2025 21:54:59,2,0,2,D98,117.45749,0.59457,95.7,0.03704,0,IN CS. HASSANUDIN,0,0,0,0
DT3208,6/6/2025 21:55:02,2,0,2,D98,117.45749,0.59457,95.7,0.05,0,IN CS. HASSANUDIN,0,0,0,0
DT3208,6/6/2025 21:55:05,2,0,2,D98,117.45749,0.59457,95.6,0.04445,0,IN CS. HASSANUDIN,0,0,0,0
DT3208,6/6/2025 21:55:08,2,0,2,D98,117.45749,0.59457,95.4,0.02593,0,IN CS. HASSANUDIN,0,0,0,0
DT3208,6/6/2025 21:55:11,2,0,2,D98,117.45749,0.59457,95.3,0.02963,0,IN CS. HASSANUDIN,0,0,0,0
DT3208,6/6/2025 21:55:14,2,0,2,D98,117.45749,0.59457,95.5,0.03334,0,IN CS. HASSANUDIN,0,0,0,0
DT3208,6/6/2025 21:55:17,2,0,2,D98,117.45749,0.59456,95.6,0.01111,0,IN CS. HASSANUDIN,0,0,0,0
DT3208,6/6/2025 21:55:20,2,0,2,D98,117.45749,0.59456,95.4,0.03889,0,IN CS. HASSANUDIN,0,0,0,0
DT3208,6/6/2025 21:55:23,2,0,2,D98,117.45749,0.59456,95.1,0.04074,0,IN CS. HASSANUDIN,0,0,0,0
DT3208,6/6/2025 21:55:26,2,0,2,D98,117.45749,0.59456,94.6,0.01482,0,IN CS. HASSANUDIN,0,0,0,0
DT3208,6/6/2025 21:55:29,2,0,2,D98,117.45749,0.59456,94.1,0.05926,0,IN CS. HASSANUDIN,0,0,0,0
DT3208,6/6/2025 21:55:32,2,0,2,D98,117.45748,0.59456,93.6,0.03519,0,IN CS. HASSANUDIN,0,0,0,0
DT3208,6/6/2025 21:55:35,2,0,2,D98,117.45748,0.59456,93.2,0.00741,0,IN CS. HASSANUDIN,0,0,0,0
DT3208,6/6/2025 21:55:38,2,0,2,D98,117.45748,0.59456,92.9,0.02593,0,IN CS. HASSANUDIN,0,0,0,0
DT3208,6/6/2025 21:55:41,2,0,2,D98,117.45748,0.59456,92.6,0.05926,0,IN CS. HASSANUDIN,0,0,0,0
DT3208,6/6/2025 21:55:44,2,0,2,D98,117.45748,0.59456,92.3,0.05556,0,IN CS. HASSANUDIN,0,0,0,0
DT3208,6/6/2025 21:55:47,2,0,2,D98,117.45747,0.59456,92.1,0.07593,0,IN CS. HASSANUDIN,0,0,0,0
DT3208,6/6/2025 21:55:50,2,0,2,D98,117.45747,0.59456,92,0.04445,0,IN CS. HASSANUDIN,0,0,0,0
DT3208,6/6/2025 21:55:53,2,0,2,D98,117.45747,0.59456,91.7,0.07223,0,IN CS. HASSANUDIN,0,0,0,0
DT3208,6/6/2025 21:55:56,2,0,2,D98,117.45747,0.59456,91.3,0.02778,0,IN CS. HASSANUDIN,0,0,0,0
DT3208,6/6/2025 21:55:59,2,0,2,D98,117.45747,0.59456,90.9,0.05371,0,IN CS. HASSANUDIN,0,0,0,0
DT3208,6/6/2025 21:56:02,2,0,2,D98,117.45746,0.59456,90.6,0.03889,0,IN CS. HASSANUDIN,0,0,0,0
DT3208,6/6/2025 21:56:05,2,0,2,D98,117.45746,0.59456,90.4,0.01852,0,IN CS. HASSANUDIN,0,0,0,0
DT3208,6/6/2025 21:56:08,2,0,2,D98,117.45746,0.59456,90.3,0.05,0,IN CS. HASSANUDIN,0,0,0,0
DT3208,6/6/2025 21:56:11,2,0,2,D98,117.45746,0.59456,90.2,0.03148,0,IN CS. HASSANUDIN,0,0,0,0
DT3208,6/6/2025 21:56:14,2,0,2,D98,117.45746,0.59456,90,0.03334,0,IN CS. HASSANUDIN,0,0,0,0
DT3208,6/6/2025 21:56:17,2,0,2,D98,117.45746,0.59456,89.9,0.05556,0,IN CS. HASSANUDIN,0,0,0,0
DT3208,6/6/2025 21:56:20,2,0,2,D98,117.45746,0.59457,89.6,0.01667,0,IN CS. HASSANUDIN,0,0,0,0
DT3208,6/6/2025 21:56:23,2,0,2,D98,117.45746,0.59457,89.4,0.03148,0,IN CS. HASSANUDIN,0,0,0,0
DT3208,6/6/2025 21:56:26,2,0,2,D98,117.45746,0.59457,89.2,0.06112,0,IN CS. HASSANUDIN,0,0,0,0
DT3208,6/6/2025 21:56:29,2,0,2,D98,117.45746,0.59456,89,0.03889,0,IN CS. HASSANUDIN,0,0,0,0
DT3208,6/6/2025 21:56:32,2,0,2,D98,117.45746,0.59456,88.6,0.01296,0,IN CS. HASSANUDIN,0,0,0,0
DT3208,6/6/2025 21:56:35,2,0,2,D98,117.45746,0.59456,88.1,0.05,0,IN CS. HASSANUDIN,0,0,0,0
DT3208,6/6/2025 21:56:38,2,0,2,D98,117.45747,0.59456,87.9,0.01667,0,IN CS. HASSANUDIN,0,0,0,0
DT3208,6/6/2025 21:56:41,2,0,2,D98,117.45747,0.59456,87.7,0.01667,0,IN CS. HASSANUDIN,0,0,0,0
DT3208,6/6/2025 21:56:44,2,0,2,D98,117.45747,0.59457,87.5,0.02408,0,IN CS. HASSANUDIN,0,0,0,0
DT3208,6/6/2025 21:56:47,2,0,2,D98,117.45747,0.59457,87.4,0.02222,0,IN CS. HASSANUDIN,0,0,0,0
DT3208,6/6/2025 21:56:50,2,0,2,D98,117.45747,0.59457,87.4,0.03704,0,IN CS. HASSANUDIN,0,0,0,0
DT3208,6/6/2025 21:56:53,2,0,2,D98,117.45747,0.59457,87.5,0.01111,0,IN CS. HASSANUDIN,0,0,0,0
DT3208,6/6/2025 21:56:56,2,0,2,D98,117.45747,0.59457,87.6,0.00741,0,IN CS. HASSANUDIN,0,0,0,0
DT3208,6/6/2025 21:56:59,2,0,2,D98,117.45747,0.59457,87.7,0.02963,0,IN CS. HASSANUDIN,0,0,0,0
DT3208,6/6/2025 21:57:02,2,0,2,D98,117.45747,0.59457,87.7,0.04074,0,IN CS. HASSANUDIN,0,0,0,0
DT3208,6/6/2025 21:57:05,2,0,2,D98,117.45747,0.59457,87.5,0.10927,0,IN CS. HASSANUDIN,0,0,0,0
DT3208,6/6/2025 21:57:08,2,0,2,D98,117.45747,0.59457,87.3,0.02408,0,IN CS. HASSANUDIN,0,0,0,0
DT3208,6/6/2025 21:57:11,2,0,2,D98,117.45747,0.59457,87.1,0.0426,0,IN CS. HASSANUDIN,0,0,0,0
DT3208,6/6/2025 21:57:14,2,0,2,D98,117.45747,0.59457,87.1,0.04445,0,IN CS. HASSANUDIN,0,0,0,0
DT3208,6/6/2025 21:57:17,2,0,2,D98,117.45747,0.59457,87,0.05556,0,IN CS. HASSANUDIN,0,0,0,0
DT3208,6/6/2025 21:57:20,2,0,2,D98,117.45747,0.59457,87,0.04074,0,IN CS. HASSANUDIN,0,0,0,0
DT3208,6/6/2025 21:57:23,2,0,2,D98,117.45747,0.59457,87,0.05186,0,IN CS. HASSANUDIN,0,0,0,0
DT3208,6/6/2025 21:57:26,2,0,2,D98,117.45747,0.59457,87.2,0.00926,0,IN CS. HASSANUDIN,0,0,0,0
DT3208,6/6/2025 21:57:29,2,0,2,D98,117.45747,0.59457,87.4,0.02778,0,IN CS. HASSANUDIN,0,0,0,0
DT3208,6/6/2025 21:57:32,2,0,2,D98,117.45747,0.59457,87.5,0.07408,0,IN CS. HASSANUDIN,0,0,0,0
DT3208,6/6/2025 21:57:35,2,0,2,D98,117.45747,0.59457,87.6,0.02963,0,IN CS. HASSANUDIN,0,0,0,0
DT3208,6/6/2025 21:57:38,2,0,2,D98,117.45747,0.59457,87.6,0.04445,0,IN CS. HASSANUDIN,0,0,0,0
DT3208,6/6/2025 21:57:41,2,0,2,D98,117.45747,0.59457,87.5,0.05926,0,IN CS. HASSANUDIN,0,0,0,0
DT3208,6/6/2025 21:57:44,2,0,2,D98,117.45747,0.59457,87.5,0.07038,0,IN CS. HASSANUDIN,0,0,0,0
DT3208,6/6/2025 21:57:47,2,0,2,D98,117.45747,0.59457,87.7,0.03889,0,IN CS. HASSANUDIN,0,0,0,0
DT3208,6/6/2025 21:57:50,2,0,2,D98,117.45747,0.59457,88,0.02778,0,IN CS. HASSANUDIN,0,0,0,0
DT3208,6/6/2025 21:57:53,2,0,2,D98,117.45747,0.59457,88.2,0.04815,0,IN CS. HASSANUDIN,0,0,0,0
DT3208,6/6/2025 21:57:56,2,0,2,D98,117.45747,0.59457,88.2,0.03519,0,IN CS. HASSANUDIN,0,0,0,0
DT3208,6/6/2025 21:57:59,2,0,2,D98,117.45747,0.59457,88.2,0.02222,0,IN CS. HASSANUDIN,0,0,0,0
DT3208,6/6/2025 21:58:02,2,0,2,D98,117.45747,0.59457,88.3,0.02778,0,IN CS. HASSANUDIN,0,0,0,0
DT3208,6/6/2025 21:58:05,2,0,2,D98,117.45747,0.59457,88.5,0.0463,0,IN CS. HASSANUDIN,0,0,0,0
DT3208,6/6/2025 21:58:08,2,0,2,D98,117.45748,0.59457,88.6,0.05186,0,IN CS. HASSANUDIN,0,0,0,0
DT3208,6/6/2025 21:58:11,2,0,2,D98,117.45748,0.59457,88.6,0.03704,0,IN CS. HASSANUDIN,0,0,0,0
DT3208,6/6/2025 21:58:14,2,0,2,D98,117.45748,0.59457,88.9,0.06852,0,IN CS. HASSANUDIN,0,0,0,0
DT3208,6/6/2025 21:58:17,2,0,2,D98,117.45748,0.59457,89.2,0.04445,0,IN CS. HASSANUDIN,0,0,0,0
DT3208,6/6/2025 21:58:20,2,0,2,D98,117.45748,0.59457,89.2,0.02963,0,IN CS. HASSANUDIN,0,0,0,0
DT3208,6/6/2025 21:58:23,2,0,2,D98,117.45748,0.59457,89.3,0.03148,0,IN CS. HASSANUDIN,0,0,0,0
DT3208,6/6/2025 21:58:26,2,0,2,D98,117.45749,0.59457,89.5,0.06482,0,IN CS. HASSANUDIN,0,0,0,0
DT3208,6/6/2025 21:58:29,2,0,2,D98,117.45749,0.59457,89.6,0.02222,0,IN CS. HASSANUDIN,0,0,0,0
DT3208,6/6/2025 21:58:32,2,0,2,D98,117.45749,0.59457,89.7,0.03334,0,IN CS. HASSANUDIN,0,0,0,0
DT3208,6/6/2025 21:58:35,2,0,2,D98,117.45749,0.59457,89.8,0.05926,0,IN CS. HASSANUDIN,0,0,0,0
DT3208,6/6/2025 21:58:38,2,0,2,D98,117.45749,0.59457,90,0.02408,0,IN CS. HASSANUDIN,0,0,0,0
DT3208,6/6/2025 21:58:41,2,0,2,D98,117.45749,0.59457,90.2,0.01852,0,IN CS. HASSANUDIN,0,0,0,0
DT3208,6/6/2025 21:58:44,2,0,2,D98,117.45749,0.59457,90.3,0.06112,0,IN CS. HASSANUDIN,0,0,0,0
DT3208,6/6/2025 21:58:47,2,0,2,D98,117.45749,0.59457,90.5,0.01482,0,IN CS. HASSANUDIN,0,0,0,0
DT3208,6/6/2025 21:58:50,2,0,2,D98,117.45749,0.59457,90.4,0.03519,0,IN CS. HASSANUDIN,0,0,0,0
DT3208,6/6/2025 21:58:53,2,0,2,D98,117.45749,0.59457,90.4,0.02963,0,IN CS. HASSANUDIN,0,0,0,0
DT3208,6/6/2025 21:58:56,2,0,2,D98,117.45749,0.59457,90.3,0.02037,0,IN CS. HASSANUDIN,0,0,0,0
DT3208,6/6/2025 21:58:59,2,0,2,D98,117.45749,0.59457,90.3,0.05926,0,IN CS. HASSANUDIN,0,0,0,0
DT3208,6/6/2025 21:59:02,2,0,2,D98,117.45749,0.59457,90.2,0.07038,0,IN CS. HASSANUDIN,0,0,0,0
DT3208,6/6/2025 21:59:05,2,0,2,D98,117.45749,0.59457,90,0.07223,0,IN CS. HASSANUDIN,0,0,0,0
DT3208,6/6/2025 21:59:08,2,0,2,D98,117.45749,0.59457,89.8,0.04445,0,IN CS. HASSANUDIN,0,0,0,0
DT3208,6/6/2025 21:59:11,2,0,2,D98,117.45749,0.59457,89.8,0.05186,0,IN CS. HASSANUDIN,0,0,0,0
DT3208,6/6/2025 21:59:14,2,0,2,D98,117.45749,0.59457,89.8,0.02037,0,IN CS. HASSANUDIN,0,0,0,0
DT3208,6/6/2025 21:59:17,2,0,2,D98,117.45749,0.59457,89.8,0.05556,0,IN CS. HASSANUDIN,0,0,0,0
DT3208,6/6/2025 21:59:20,2,0,2,D98,117.45749,0.59458,89.6,0.0426,0,IN CS. HASSANUDIN,0,0,0,0
DT3208,6/6/2025 21:59:23,2,0,2,D98,117.45749,0.59458,89.6,0,0,IN CS. HASSANUDIN,0,0,0,0
DT3208,6/6/2025 21:59:26,2,0,2,D98,117.45749,0.59458,89.7,0.05741,0,IN CS. HASSANUDIN,0,0,0,0
DT3208,6/6/2025 21:59:29,2,0,2,D98,117.45749,0.59458,89.9,0.0463,0,IN CS. HASSANUDIN,0,0,0,0
DT3208,6/6/2025 21:59:32,2,0,2,D98,117.45749,0.59457,89.9,0.01852,0,IN CS. HASSANUDIN,0,0,0,0
DT3208,6/6/2025 21:59:35,2,0,2,D98,117.4575,0.59457,90,0.01667,0,IN CS. HASSANUDIN,0,0,0,0
DT3208,6/6/2025 21:59:38,2,0,2,D98,117.4575,0.59457,90,0.0426,0,IN CS. HASSANUDIN,0,0,0,0
DT3208,6/6/2025 21:59:41,2,0,2,D98,117.4575,0.59457,90,0.0426,0,IN CS. HASSANUDIN,0,0,0,0
DT3208,6/6/2025 21:59:44,2,0,2,D98,117.4575,0.59457,89.8,0.06482,0,IN CS. HASSANUDIN,0,0,0,0
DT3208,6/6/2025 21:59:47,2,0,2,D98,117.4575,0.59457,89.7,0.04815,0,IN CS. HASSANUDIN,0,0,0,0
DT3208,6/6/2025 21:59:50,2,0,2,D98,117.4575,0.59457,89.9,0.0463,0,IN CS. HASSANUDIN,0,0,0,0
DT3208,6/6/2025 21:59:53,2,0,2,D98,117.4575,0.59457,90,0.04815,0,IN CS. HASSANUDIN,0,0,0,0
DT3208,6/6/2025 21:59:56,2,0,2,D98,117.4575,0.59457,90,0.00741,0,IN CS. HASSANUDIN,0,0,0,0
DT3208,6/6/2025 21:59:59,2,0,2,D98,117.4575,0.59457,90.2,0.07038,0,IN CS. HASSANUDIN,0,0,0,0
DT3238,6/6/2025 21:00:01,2,1,1,PRD,117.47034,0.63285,144.4,32.9619,359.51,JL RO SAKURA 9800,0,33,2.53,2
DT3238,6/6/2025 21:00:04,2,1,1,PRD,117.47034,0.6331,144.2,33.36378,0.87,JL RO SAKURA 9800,0,33,2.59,2
DT3238,6/6/2025 21:00:07,2,1,1,PRD,117.47034,0.63336,144.1,33.46379,359.95,JL RO SAKURA 9800,0,33,2.59,2
DT3238,6/6/2025 21:00:10,2,1,1,PRD,117.47034,0.63361,143.6,34.31386,358.81,JL RO SAKURA 10000,0,34,2.81,2
DT3238,6/6/2025 21:00:13,2,1,1,PRD,117.47033,0.63388,144,35.62692,357.52,JL RO SAKURA 10000,0,35,3.3,2
DT3238,6/6/2025 21:00:16,2,1,1,PRD,117.47032,0.63414,144.6,34.81945,356.75,JL RO SAKURA 10000,0,36,2.8,2
DT3238,6/6/2025 21:00:19,2,1,1,PRD,117.4703,0.6344,144.5,35.16578,356.46,JL RO SAKURA 10000,0,35,2.36,2
DT3238,6/6/2025 21:00:22,2,1,1,PRD,117.47028,0.63467,144.7,36.52885,356.6,JL RO SAKURA 10000,0,35,3.09,2
DT3238,6/6/2025 21:00:25,2,1,1,PRD,117.47027,0.63494,145.3,35.18059,356.48,JL RO SAKURA 10000,0,37,2.95,2
DT3238,6/6/2025 21:00:28,2,1,1,PRD,117.47024,0.63521,144.9,36.51033,354.37,JL RO SAKURA 10000,0,36,2.16,2
DT3238,6/6/2025 21:00:31,2,1,1,PRD,117.47021,0.63548,144.7,37.01963,352.45,JL. RO SAKURA 10200,0,37,3.21,2
DT3238,6/6/2025 21:00:34,2,1,1,PRD,117.47018,0.63576,145,37.2715,353.61,JL. RO SAKURA 10200,0,37,2.56,2
DT3238,6/6/2025 21:00:37,2,1,1,PRD,117.47014,0.63604,144.6,36.93444,349.63,JL. RO SAKURA 10200,0,38,2.55,2
DT3238,6/6/2025 21:00:40,2,1,1,PRD,117.4701,0.63631,144.2,36.98074,352.14,JL. RO SAKURA 10200,0,38,2.84,2
DT3238,6/6/2025 21:00:43,2,1,1,PRD,117.47005,0.63658,143.9,35.85657,350.2,JL. RO SAKURA 10200,0,38,2.36,2
DT3238,6/6/2025 21:00:46,2,1,1,PRD,117.47001,0.63684,145.1,34.42683,350.01,JL. RO SAKURA 10200,0,36,2.76,2
DT3238,6/6/2025 21:00:49,2,1,1,PRD,117.46996,0.63709,145.4,34.05828,345.57,JL. RO SAKURA 10400,0,35,2.35,2
DT3238,6/6/2025 21:00:52,2,1,1,PRD,117.4699,0.63734,145.6,33.92494,346.27,JL. RO SAKURA 10400,0,34,3.22,2
DT3238,6/6/2025 21:00:55,2,1,1,PRD,117.46983,0.63759,145.3,34.37312,343.98,JL. RO SAKURA 10400,0,34,3.32,2
DT3238,6/6/2025 21:00:58,2,1,1,PRD,117.46976,0.63784,144.8,34.66018,343.94,JL. RO SAKURA 10400,0,34,3.11,2
DT3238,6/6/2025 21:01:01,2,1,1,PRD,117.46968,0.63809,143.8,35.09355,343.7,JL. RO SAKURA 10400,0,35,2.81,2
DT3238,6/6/2025 21:01:04,2,1,1,PRD,117.46961,0.63834,142.9,34.78056,341.28,JL. RO SAKURA 10400,0,35,2.81,2
DT3238,6/6/2025 21:01:07,2,1,1,PRD,117.46951,0.63858,142.2,32.5489,332.36,JL. RO SAKURA 10400,0,35,2.33,2
DT3238,6/6/2025 21:01:10,2,1,1,PRD,117.46938,0.63877,142.1,29.80424,321.86,JL. RO SAKURA 10500,0,35,2.33,2
DT3238,6/6/2025 21:01:13,2,1,1,PRD,117.46922,0.63893,142.1,30.90062,313.09,JL. RO SAKURA 10500,0,30,1.46,2
DT3238,6/6/2025 21:01:16,2,1,1,PRD,117.46904,0.63907,141.5,31.25435,303.92,JL. RO TULIP 10700,0,30,1.46,2
DT3238,6/6/2025 21:01:19,2,1,1,PRD,117.46885,0.6392,141.5,30.41725,302.56,JL. RO TULIP 10700,0,31,2.41,2
DT3238,6/6/2025 21:01:22,2,1,1,PRD,117.46866,0.63932,140.9,29.39309,304.32,JL. RO TULIP 10700,0,31,2.41,2
DT3238,6/6/2025 21:01:25,2,1,1,PRD,117.46848,0.63945,140.1,28.66155,305.48,JL. RO TULIP 10700,0,30,1.6,2
DT3238,6/6/2025 21:01:28,2,1,1,PRD,117.46831,0.63957,139.4,28.05965,307.36,JL. RO TULIP 10700,0,30,1.6,2
DT3238,6/6/2025 21:01:31,2,1,1,PRD,117.46815,0.63968,140.1,27.01698,304.26,JL. RO TULIP 10700,0,28,0.67,2
DT3238,6/6/2025 21:01:34,2,1,1,PRD,117.46798,0.6398,140.1,26.391,303.79,JL. RO TULIP 10700,0,28,0.67,2
DT3238,6/6/2025 21:01:37,2,1,1,PRD,117.46781,0.63991,140.7,25.32795,304.14,JL. RO TULIP 10700,0,26,0.35,2
DT3238,6/6/2025 21:01:40,2,1,1,PRD,117.46766,0.64001,139.5,24.69642,305.21,JL. RO TULIP 10700,0,25,0.18,2
DT3238,6/6/2025 21:01:43,2,1,1,PRD,117.46751,0.64013,138.7,26.21136,307.9,JL. RO TULIP 10700,0,25,0.29,2
DT3238,6/6/2025 21:01:46,2,1,1,PRD,117.46736,0.64025,138.1,26.06134,309.62,JL. RO TULIP 10700,0,26,0.73,2
DT3238,6/6/2025 21:01:49,2,1,1,PRD,117.4672,0.64037,138.4,25.89281,306.55,JL. RO TULIP  10900,0,26,-0.62,2
DT3238,6/6/2025 21:01:52,2,1,1,PRD,117.46704,0.64048,137.9,24.97237,306.62,JL. RO TULIP  10900,0,26,0.52,2
DT3238,6/6/2025 21:01:55,2,1,1,PRD,117.46688,0.6406,135.9,26.67806,305.74,JL. RO TULIP  10900,0,25,-0.3,2
DT3238,6/6/2025 21:01:58,2,1,1,PRD,117.46672,0.64072,135.6,27.6911,309.02,JL. RO TULIP  10900,0,27,-0.51,2
DT3238,6/6/2025 21:02:01,2,1,1,PRD,117.46656,0.64086,135.1,28.45783,314.23,JL. RO TULIP  10900,0,27,-0.56,2
DT3238,6/6/2025 21:02:04,2,1,1,PRD,117.46641,0.64101,133.4,27.77259,313.9,JL. RO TULIP  10900,0,28,-2.27,2
DT3238,6/6/2025 21:02:07,2,1,1,PRD,117.46626,0.64116,132,28.39672,314.64,JL. RO TULIP  10900,0,27,-0.25,2
DT3238,6/6/2025 21:02:10,2,1,1,PRD,117.4661,0.64131,132,29.11714,315.33,JL. RO TULIP  10900,0,28,-0.91,2
DT3238,6/6/2025 21:02:13,2,1,1,PRD,117.46594,0.64147,131.6,28.64303,314.85,JL. RO TULIP  10900,0,29,-0.83,2
DT3238,6/6/2025 21:02:16,2,1,1,PRD,117.46578,0.64163,130.1,30.28761,316.23,JL. RO TULIP  10900,0,29,-0.96,2
DT3238,6/6/2025 21:02:19,2,1,1,PRD,117.46563,0.6418,128.3,31.2562,319.31,JL. RO TULIP  10900,0,30,-0.93,2
DT3238,6/6/2025 21:02:22,2,1,1,PRD,117.46546,0.64198,126.1,32.90448,314.9,JL. RO TULIP  10900,0,31,-1.73,2
DT3238,6/6/2025 21:02:25,2,1,1,PRD,117.46528,0.64216,124.4,33.51935,311.9,JL. RO TULIP 11100,0,33,-1.48,2
DT3238,6/6/2025 21:02:28,2,1,1,PRD,117.46508,0.64231,121.9,34.00272,306.07,JL. RO TULIP 11100,0,34,-1.37,2
DT3238,6/6/2025 21:02:31,2,1,1,PRD,117.46488,0.64245,120.2,31.83958,302.4,JL. RO TULIP 11100,0,34,-1.1,2
DT3238,6/6/2025 21:02:34,2,1,1,PRD,117.46474,0.64253,118.6,28.92824,308.96,JL. RO TULIP 11100,0,34,-1.1,2
DT3238,6/6/2025 21:02:37,2,1,1,PRD,117.46454,0.64272,117,26.97438,319.91,JL. RO TULIP 11100,0,28,-3.26,2
DT3238,6/6/2025 21:02:40,2,1,1,PRD,117.46444,0.6429,117.3,24.589,340.17,JL. RO TULIP 11300,0,26,-3.04,2
DT3238,6/6/2025 21:02:43,2,1,1,PRD,117.46441,0.64307,115.1,22.09806,357.21,JL. RO TULIP 11300,0,24,-1.53,2
DT3238,6/6/2025 21:02:46,2,1,1,PRD,117.4644,0.64324,112.9,21.27022,359.88,JL. RO TULIP 11300,0,22,-2.31,2
DT3238,6/6/2025 21:02:49,2,1,1,PRD,117.4644,0.6434,113.3,21.5795,2.48,JL. RO TULIP 11300,0,21,-0.36,2
DT3238,6/6/2025 21:02:52,2,1,1,PRD,117.4644,0.64357,112.8,23.50373,0.75,JL. RO TULIP 11300,0,21,-0.18,2
DT3238,6/6/2025 21:02:55,2,1,1,PRD,117.4644,0.64376,112,24.32046,359.57,JL. RO TULIP 11500,0,23,0.46,2
DT3238,6/6/2025 21:02:58,2,1,1,PRD,117.4644,0.64395,110.9,26.14839,359.88,JL. RO TULIP 11500,0,24,-0.01,2
DT3238,6/6/2025 21:03:01,2,1,1,PRD,117.4644,0.64416,110.1,27.68555,359.06,JL. RO TULIP 11500,0,26,0.92,2
DT3238,6/6/2025 21:03:04,2,1,1,PRD,117.4644,0.64438,110.7,30.83395,359.02,JL. RO TULIP 11500,0,28,1.72,2
DT3238,6/6/2025 21:03:07,2,1,1,PRD,117.46439,0.64463,109.6,33.02301,357.79,JL. RO TULIP 11500,0,31,2.61,2
DT3238,6/6/2025 21:03:10,2,1,1,PRD,117.46437,0.64488,107.8,34.08236,356.88,JL. RO TULIP 11500,0,33,2.31,2
DT3238,6/6/2025 21:03:13,2,1,1,PRD,117.46436,0.64514,106.2,34.42683,357.58,JL. RO TULIP 11500,0,33,2.31,2
DT3238,6/6/2025 21:03:16,2,1,1,PRD,117.46434,0.64541,103.7,35.34912,354.85,JL. RO TULIP 11500,0,34,-2.08,2
DT3238,6/6/2025 21:03:19,2,1,1,PRD,117.46431,0.64568,101.4,36.27883,355.34,JL. RO TULIP 11500,0,35,-1.61,2
DT3238,6/6/2025 21:03:22,2,1,1,PRD,117.46428,0.64596,97.6,37.68264,356.75,JL. RO TULIP 11500,0,36,-1.42,2
DT3238,6/6/2025 21:03:25,2,1,1,PRD,117.46427,0.64625,95.2,37.70116,355.93,JL. RO TULIP 11500,0,37,-1.6,2
DT3238,6/6/2025 21:03:28,2,1,1,PRD,117.46424,0.64653,92.9,37.68635,353.64,JL. RO TULIP 11700,0,38,-1.67,2
DT3238,6/6/2025 21:03:31,2,1,1,PRD,117.46421,0.64682,91.3,38.16416,354.57,JL. RO TULIP 11700,0,38,-1.67,2
DT3238,6/6/2025 21:03:34,2,1,1,PRD,117.46417,0.6471,89.9,36.60293,353.47,JL. RO TULIP 11700,0,38,-1.5,2
DT3238,6/6/2025 21:03:37,2,1,1,PRD,117.46413,0.64737,88.3,34.91761,350.19,JL. RO TULIP 11700,0,38,-1.5,2
DT3238,6/6/2025 21:03:40,2,1,1,PRD,117.46409,0.64763,86.9,34.96576,350.22,JL. RO TULIP 11700,0,35,0.22,2
DT3238,6/6/2025 21:03:43,2,1,1,PRD,117.46404,0.64789,85.7,35.01576,346.73,JL. RO TULIP 11700,0,35,2.27,2
DT3238,6/6/2025 21:03:46,2,1,1,PRD,117.46397,0.64814,84.9,36.03251,344.41,JL. RO TULIP 11700,0,35,2.61,2
DT3238,6/6/2025 21:03:49,2,1,1,PRD,117.46391,0.64841,84.6,36.84924,348.26,JL. RO TULIP 11700,0,36,3.69,2
DT3238,6/6/2025 21:03:52,2,1,1,PRD,117.46386,0.64868,84.7,35.67322,350.57,JL. RO TULIP 11900,0,37,3.04,2
DT3238,6/6/2025 21:03:55,2,1,1,PRD,117.46383,0.64894,85.4,35.49358,353.76,JL. RO TULIP 11900,0,36,3.1,2
DT3238,6/6/2025 21:03:58,2,1,1,PRD,117.46381,0.64921,85.1,35.66582,357.56,JL. RO TULIP 11900,0,35,3.74,2
DT3238,6/6/2025 21:04:01,2,1,1,PRD,117.46381,0.64947,84.8,33.28414,0.43,JL. RO TULIP 11900,0,35,3.34,2
DT3238,6/6/2025 21:04:04,2,1,1,PRD,117.46382,0.64971,84.4,32.0896,2.64,JL. RO TULIP 11900,0,32,1.69,2
DT3238,6/6/2025 21:04:07,2,1,1,PRD,117.46384,0.64996,83.7,33.54528,5.51,JL. RO TULIP 11900,0,32,1.96,2
DT3238,6/6/2025 21:04:10,2,1,1,PRD,117.46387,0.65022,82.9,34.33238,9.41,JL. RO TULIP 12100,0,33,3.48,2
DT3238,6/6/2025 21:04:13,2,1,1,PRD,117.46392,0.65048,82.2,34.71204,12.26,JL. RO TULIP 12100,0,34,0.99,2
DT3238,6/6/2025 21:04:16,2,1,1,PRD,117.46398,0.65074,82,35.99732,14.02,JL. RO TULIP 12100,0,35,0.71,2
DT3238,6/6/2025 21:04:19,2,1,1,PRD,117.46405,0.651,81.9,35.33986,15.87,JL. RO TULIP 12100,0,36,0.38,2
DT3238,6/6/2025 21:04:22,2,1,1,PRD,117.46412,0.65126,82,36.65293,17.04,JL. RO TULIP 12100,0,36,0.38,2
DT3238,6/6/2025 21:04:25,2,1,1,PRD,117.4642,0.65152,81.6,34.73982,18.07,JL. RO TULIP 12100,0,36,0.38,2
DT3238,6/6/2025 21:04:28,2,1,1,PRD,117.46428,0.65177,82,33.94531,16.68,JL. RO TULIP 12100,0,36,0.38,2
DT3238,6/6/2025 21:04:31,2,1,1,PRD,117.46437,0.652,82.5,33.46934,28.07,JL. RO JUANDA 12300,0,34,2.87,2
DT3238,6/6/2025 21:04:34,2,1,1,PRD,117.46453,0.6522,82.5,33.44897,40.94,JL. RO JUANDA 12300,0,34,3.76,2
DT3238,6/6/2025 21:04:37,2,1,1,PRD,117.46471,0.65238,84.9,34.05458,49.92,JL. RO JUANDA 12300,0,34,3.27,2
DT3238,6/6/2025 21:04:40,2,1,1,PRD,117.46492,0.65253,86.5,34.97872,52.91,JL. RO JUANDA 12300,0,34,4.47,2
DT3238,6/6/2025 21:04:43,2,1,1,PRD,117.46513,0.65268,87.6,34.80093,56.96,JL. RO JUANDA 12300,0,35,4.58,2
DT3238,6/6/2025 21:04:46,2,1,1,PRD,117.46536,0.65282,88.5,35.61766,58.88,JL. RO JUANDA 12300,0,35,4.51,2
DT3238,6/6/2025 21:04:49,2,1,1,PRD,117.46559,0.65296,88.6,35.72693,59.17,JL. RO JUANDA 12300,0,36,4.23,2
DT3238,6/6/2025 21:04:52,2,1,1,PRD,117.46581,0.65309,89.6,33.98976,59.08,JL. RO JUANDA 12300,0,36,4.41,2
DT3238,6/6/2025 21:04:55,2,1,1,PRD,117.46603,0.65322,91.1,33.69529,63.68,JL. RO JUANDA 12500,0,36,4.41,2
DT3238,6/6/2025 21:04:58,2,1,1,PRD,117.46626,0.65333,91.6,33.83604,67.02,JL. RO JUANDA 12500,0,34,4.27,2
DT3238,6/6/2025 21:05:01,2,1,1,PRD,117.4665,0.65341,92.2,33.65084,73.88,JL. RO JUANDA 12500,0,34,4.27,2
DT3238,6/6/2025 21:05:04,2,1,1,PRD,117.46675,0.65348,92.6,33.97309,74.5,JL. RO JUANDA 12500,0,35,4.93,2
DT3238,6/6/2025 21:05:07,2,1,1,PRD,117.467,0.65355,92.6,33.79344,74.99,JL. RO JUANDA 12500,0,35,4.93,2
DT3238,6/6/2025 21:05:10,2,1,1,PRD,117.46725,0.65362,93.7,33.35452,74.53,JL. RO JUANDA 12500,0,35,5.72,2
DT3238,6/6/2025 21:05:13,2,1,1,PRD,117.46748,0.65369,95,31.75069,71.24,JL. RO JUANDA 12500,0,34,6.09,2
DT3238,6/6/2025 21:05:16,2,1,1,PRD,117.46769,0.65377,96.6,29.94869,66.44,JL. RO JUANDA 12700,0,34,6.06,2
DT3238,6/6/2025 21:05:19,2,1,1,PRD,117.46786,0.65389,99.3,25.95948,45.77,JL. RO JUANDA 12700,0,31,6.53,2
DT3238,6/6/2025 21:05:22,2,1,1,PRD,117.46798,0.65403,100.1,24.59271,35.87,JL. RO JUANDA 12700,0,30,5.49,2
DT3238,6/6/2025 21:05:25,2,1,1,PRD,117.46808,0.6542,102.8,25.02978,28.18,JL. RO JUANDA 12700,0,26,6.96,2
DT3238,6/6/2025 21:05:28,2,1,1,PRD,117.46817,0.65437,105.6,26.55953,25.96,JL. RO JUANDA 12700,0,27,7.15,2
DT3238,6/6/2025 21:05:31,2,1,1,PRD,117.46825,0.65456,106.8,26.29655,22.16,JL. RO JUANDA 12700,0,27,7.52,2
DT3238,6/6/2025 21:05:34,2,1,1,PRD,117.46831,0.65475,107.8,26.18172,16.6,JL. RO JUANDA 12700,0,29,6.1,2
DT3238,6/6/2025 21:05:37,2,1,1,PRD,117.46837,0.65494,109.8,25.58723,17.9,JL. RO JUANDA 12700,0,27,5.1,2
DT3238,6/6/2025 21:05:40,2,1,1,PRD,117.46843,0.65512,111.5,24.57789,17.21,JL. RO JUANDA 12900,0,28,6.34,2
DT3238,6/6/2025 21:05:43,2,1,1,PRD,117.46849,0.65529,113.3,23.79264,18.11,JL. RO JUANDA 12900,0,26,5.98,2
DT3238,6/6/2025 21:05:46,2,1,1,PRD,117.46854,0.65547,114.8,23.1,17.9,JL. RO JUANDA 12900,0,25,6.11,2
DT3238,6/6/2025 21:05:49,2,1,1,PRD,117.46859,0.65563,115,23.13889,18.72,JL. RO JUANDA 12900,0,23,6.38,2
DT3238,6/6/2025 21:05:52,2,1,1,PRD,117.46865,0.65579,115.8,22.56847,19.55,JL. RO JUANDA 12900,0,24,6.2,2
DT3238,6/6/2025 21:05:55,2,1,1,PRD,117.4687,0.65595,115.7,23.5167,19.5,JL. RO JUANDA 12900,0,25,5.99,2
DT3238,6/6/2025 21:05:58,2,1,1,PRD,117.46876,0.65613,116.1,25.79651,18.04,JL. RO JUANDA 12900,0,24,6.13,2
DT3238,6/6/2025 21:06:01,2,1,1,PRD,117.46882,0.65632,116.1,26.14283,15.84,JL. RO JUANDA 12900,0,26,5.25,2
DT3238,6/6/2025 21:06:04,2,1,1,PRD,117.46887,0.65652,116.6,26.73362,16.44,JL. RO JUANDA 12900,0,26,3.62,2
DT3238,6/6/2025 21:06:07,2,1,1,PRD,117.46893,0.6567,116.9,25.73539,18.08,JL. RO JUANDA 13100,0,27,3.3,2
DT3238,6/6/2025 21:06:10,2,1,1,PRD,117.46898,0.65688,117.8,24.09267,18.51,JL. RO JUANDA 13100,0,27,3.3,2
DT3238,6/6/2025 21:06:13,2,1,1,PRD,117.46904,0.65705,118.2,23.1926,18.2,JL. RO JUANDA 13100,0,24,2.58,2
DT3238,6/6/2025 21:06:16,2,1,1,PRD,117.4691,0.65722,118.1,24.3575,20.2,JL. RO JUANDA 13100,0,24,2.58,2
DT3238,6/6/2025 21:06:19,2,1,1,PRD,117.46917,0.65739,117.7,24.52233,21.04,JL. RO JUANDA 13100,0,25,2.85,2
DT3238,6/6/2025 21:06:22,2,1,1,PRD,117.46924,0.65757,118,25.07423,23.05,JL. RO JUANDA 13100,0,25,2.85,2
DT3238,6/6/2025 21:06:25,2,1,1,PRD,117.46932,0.65774,117.8,24.75198,25.74,JL. RO JUANDA 13100,0,25,3.64,2
DT3238,6/6/2025 21:06:28,2,1,1,PRD,117.46941,0.6579,118.6,23.77042,27.64,JL. RO JUANDA 13100,0,25,3.64,2
DT3238,6/6/2025 21:06:31,2,1,1,PRD,117.4695,0.65805,118.6,23.18519,30.88,JL. RO JUANDA 13100,0,24,3.3,2
DT3238,6/6/2025 21:06:34,2,1,1,PRD,117.46959,0.65821,118.5,25.16498,30.79,JL. RO JUANDA 13100,0,23,3.73,2
DT3238,6/6/2025 21:06:37,2,1,1,PRD,117.46969,0.65838,118.7,25.70576,31.49,JL. RO JUANDA 13100,0,26,4.33,2
DT3238,6/6/2025 21:06:40,2,1,1,PRD,117.4698,0.65855,119.1,27.51702,32.63,JL. RO JUANDA 13300,0,26,3.79,2
DT3238,6/6/2025 21:06:43,2,1,1,PRD,117.46992,0.65873,118.6,27.99483,30.94,JL. RO JUANDA 13300,0,28,3.31,2
DT3238,6/6/2025 21:06:46,2,1,1,PRD,117.47004,0.65893,118.6,30.25798,30.92,JL. RO JUANDA 13300,0,29,3.39,2
DT3238,6/6/2025 21:06:49,2,1,1,PRD,117.47017,0.65914,118.4,30.53578,31.44,JL. RO JUANDA 13300,0,31,3.61,2
DT3238,6/6/2025 21:06:52,2,1,1,PRD,117.47028,0.65933,118.2,30.05796,32.29,JL. RO JUANDA 13300,0,31,1.2,2
DT3238,6/6/2025 21:06:55,2,1,1,PRD,117.47041,0.65953,118.6,30.59134,31.41,JL. RO JUANDA 13300,0,30,1.83,2
DT3238,6/6/2025 21:06:58,2,1,1,PRD,117.47053,0.65974,117.3,32.62483,33.45,JL. RO JUANDA 13300,0,31,1.97,2
DT3238,6/6/2025 21:07:01,2,1,1,PRD,117.47068,0.65994,117.1,34.61944,38.09,JL. RO JUANDA 13300,0,33,3.03,2
DT3238,6/6/2025 21:07:04,2,1,1,PRD,117.47084,0.66014,116.7,33.28414,37.07,JL. RO JUANDA 13500,0,35,2.82,2
DT3238,6/6/2025 21:07:07,2,1,1,PRD,117.47099,0.66033,116.3,31.55252,38.67,JL. RO JUANDA 13500,0,33,0.46,2
DT3238,6/6/2025 21:07:10,2,1,1,PRD,117.47113,0.66051,115.8,31.46733,37.24,JL. RO JUANDA 13500,0,33,0.46,2
DT3238,6/6/2025 21:07:13,2,1,1,PRD,117.47127,0.6607,114.8,31.65068,35.16,JL. RO JUANDA 13500,0,32,0.34,2
DT3238,6/6/2025 21:07:16,2,1,1,PRD,117.4714,0.6609,114.5,31.68031,31.03,JL. RO JUANDA 13500,0,31,0.42,2
DT3238,6/6/2025 21:07:19,2,1,1,PRD,117.47152,0.66111,113.8,31.02285,28.13,JL. RO JUANDA 13500,0.5,33,2.01,2
DT3238,6/6/2025 21:07:22,2,1,1,PRD,117.47162,0.66131,113.9,28.56525,27.5,JL. RO JUANDA 13500,0,31,0.86,2
DT3238,6/6/2025 21:07:25,2,1,1,PRD,117.47172,0.6615,113.9,27.18921,30.25,JL. RO JUANDA 13500,0,29,0.87,2
DT3238,6/6/2025 21:07:28,2,1,1,PRD,117.47183,0.66167,114.2,28.16336,36.76,JL. RO BIDADARI 13600,0,27,1.09,2
DT3238,6/6/2025 21:07:31,2,1,1,PRD,117.47197,0.66183,114.4,26.20765,44.34,JL. RO BIDADARI 13600,0,28,2.91,2
DT3238,6/6/2025 21:07:34,2,1,1,PRD,117.47213,0.66194,114.5,25.12608,64.99,JL. RO BIDADARI 13600,0,26,2.24,2
DT3238,6/6/2025 21:07:37,2,1,1,PRD,117.47232,0.66198,114.8,27.74852,86.01,JL. RO BIDADARI 13600,0,25,2.84,2
DT3238,6/6/2025 21:07:40,2,1,1,PRD,117.47254,0.66196,114.6,29.91536,100.63,JL. RO BIDADARI 13600,0,27,4.9,2
DT3238,6/6/2025 21:07:43,2,1,1,PRD,117.47276,0.66189,114.5,32.15442,113.19,JL. RO BIDADARI 13700,0,30,4.5,2
DT3238,6/6/2025 21:07:46,2,1,1,PRD,117.47297,0.66175,114.2,33.7527,125.36,JL. RO BIDADARI 13700,0,32,4.68,2
DT3238,6/6/2025 21:07:49,2,1,1,PRD,117.47317,0.66158,115.4,34.35275,131.07,JL. RO BIDADARI 13700,0,32,4.68,2
DT3238,6/6/2025 21:07:52,2,1,1,PRD,117.47336,0.6614,115.9,33.71381,133.22,JL. RO BIDADARI 13700,0,35,5.77,2
DT3238,6/6/2025 21:07:55,2,1,1,PRD,117.47356,0.66124,116,32.0433,128.54,JL. RO BIDADARI 13900,0,35,5.77,2
DT3238,6/6/2025 21:07:58,2,1,1,PRD,117.47374,0.66111,118.4,27.62628,123.93,JL. RO BIDADARI 13900,0,33,5.09,2
DT3238,6/6/2025 21:08:01,2,1,1,PRD,117.47391,0.66101,118.9,25.48722,116.26,JL. RO BIDADARI 13900,0,27,4.26,2
DT3238,6/6/2025 21:08:04,2,1,1,PRD,117.47409,0.66094,120,27.08735,103.37,JL. RO BIDADARI 13900,0,27,4,2
DT3238,6/6/2025 21:08:07,2,1,1,PRD,117.47431,0.66092,119.2,30.59689,92.44,JL. RO BIDADARI 13900,0,28,5.81,2
DT3238,6/6/2025 21:08:10,2,1,1,PRD,117.47456,0.66092,119.6,34.48054,90.7,JL. RO BIDADARI 13900,0,32,4.81,2
DT3238,6/6/2025 21:08:13,2,1,1,PRD,117.47481,0.66092,119.4,33.6601,91.62,JL. RO BIDADARI 13900,0,35,4,2
DT3238,6/6/2025 21:08:16,2,1,1,PRD,117.47507,0.66091,118.6,33.65825,92.39,JL. RO BIDADARI 14100,0,34,1.15,2
DT3238,6/6/2025 21:08:19,2,1,1,PRD,117.47532,0.6609,116.8,33.58972,94.13,JL. RO BIDADARI 14100,0,34,0.32,2
DT3238,6/6/2025 21:08:22,2,1,1,PRD,117.47557,0.66087,115.4,33.79715,99.52,JL. RO BIDADARI 14100,0,33,0.54,2
DT3238,6/6/2025 21:08:25,2,1,1,PRD,117.47582,0.66082,112.6,32.73595,101.93,JL. RO BIDADARI 14100,0,34,0.05,2
DT3238,6/6/2025 21:08:28,2,1,1,PRD,117.47606,0.66077,109.7,34.25089,103.48,JL. RO BIDADARI 14100,0,33,-2.3,2
DT3238,6/6/2025 21:08:31,2,1,1,PRD,117.47631,0.66071,105.9,33.68603,102.75,JL. RO BIDADARI 14100,0,34,-1.62,2
DT3238,6/6/2025 21:08:34,2,1,1,PRD,117.47656,0.66065,103.6,33.68232,100.93,JL. RO BIDADARI 14100,0,34,-1.96,2
DT3238,6/6/2025 21:08:37,2,1,1,PRD,117.47681,0.66062,102.1,32.29703,95.03,JL. RO BIDADARI 14100,0,34,-1.94,2
DT3238,6/6/2025 21:08:40,2,1,1,PRD,117.47705,0.66062,100.3,31.93218,86.05,JL. RO BIDADARI 14150,0.2,32,-1.75,2
DT3238,6/6/2025 21:08:43,2,1,1,PRD,117.47728,0.66066,99.5,30.89136,77.42,JL. RO BIDADARI 14150,0,32,-0.78,2
DT3238,6/6/2025 21:08:46,2,1,1,PRD,117.47749,0.66075,98.3,30.39132,59,JL RO TAMRIN 14200,0,32,-0.78,2
DT3238,6/6/2025 21:08:49,2,1,1,PRD,117.47764,0.66092,98.2,28.80786,27.9,JL RO TAMRIN 14200,0,30,-2.16,2
DT3238,6/6/2025 21:08:52,2,1,1,PRD,117.47769,0.66113,97.7,30.80246,8.79,JL RO TAMRIN 14400,0,30,-1.73,2
DT3238,6/6/2025 21:08:55,2,1,1,PRD,117.47768,0.66137,97.2,34.0768,350.16,JL RO TAMRIN 14400,0,30,-1.73,2
DT3238,6/6/2025 21:08:58,2,1,1,PRD,117.47765,0.66163,95.5,34.39905,352.52,JL RO TAMRIN 14400,0,34,2.63,2
DT3238,6/6/2025 21:09:01,2,1,1,PRD,117.47762,0.66189,95.4,33.22488,354.13,JL RO TAMRIN 14400,0,34,0.77,2
DT3238,6/6/2025 21:09:04,2,1,1,PRD,117.47759,0.66214,95.3,32.82114,352.29,JL RO TAMRIN 14400,0,33,0.21,2
DT3238,6/6/2025 21:09:07,2,1,1,PRD,117.47756,0.66238,94.6,31.08767,355.28,JL RO TAMRIN 14400,0,33,0.33,2
DT3238,6/6/2025 21:09:10,2,1,1,PRD,117.47754,0.66262,93.2,30.0524,357.56,JL RO TAMRIN 14400,0,31,0.71,2
DT3238,6/6/2025 21:09:13,2,1,1,PRD,117.47753,0.66284,92.8,30.21723,358.42,JL RO TAMRIN 14600,0,30,0.85,2
DT3238,6/6/2025 21:09:16,2,1,1,PRD,117.47754,0.66308,92.5,31.80254,3.76,JL RO TAMRIN 14600,0,30,0.85,2
DT3238,6/6/2025 21:09:19,2,1,1,PRD,117.47757,0.66332,92.1,32.16924,11.04,JL RO TAMRIN 14600,0,31,2.05,2
DT3238,6/6/2025 21:09:22,2,1,1,PRD,117.47763,0.66356,91.3,33.68232,17.47,JL RO TAMRIN 14600,0,31,2.05,2
DT3238,6/6/2025 21:09:25,2,1,1,PRD,117.47772,0.66381,90.6,35.17874,20.14,JL RO TAMRIN 14600,0,34,1.66,2
DT3238,6/6/2025 21:09:28,2,1,1,PRD,117.47781,0.66405,89.1,35.0954,19.28,JL RO TAMRIN 14600,0,35,1.13,2
DT3238,6/6/2025 21:09:31,2,1,1,PRD,117.47786,0.66422,87.9,35.42876,14.98,JL RO TAMRIN 14600,0,35,0.03,2
DT3238,6/6/2025 21:09:34,2,1,1,PRD,117.47793,0.66457,86.5,34.76204,5.97,JL RO TAMRIN 14800,0,35,0.05,2
DT3238,6/6/2025 21:09:37,2,1,1,PRD,117.47793,0.66483,85.6,34.41201,353.84,JL RO TAMRIN 14800,0,35,-0.13,2
DT3238,6/6/2025 21:09:40,2,1,1,PRD,117.47787,0.66508,84.7,33.86012,345.3,JL RO TAMRIN 14800,0,35,0.61,2
DT3238,6/6/2025 21:09:43,2,1,1,PRD,117.47779,0.66532,84.3,34.25274,338.63,JL RO TAMRIN 14800,0,34,1.74,2
DT3238,6/6/2025 21:09:46,2,1,1,PRD,117.47769,0.66555,84,34.5824,331.88,JL RO TAMRIN 14800,0,34,2.21,2
DT3238,6/6/2025 21:09:49,2,1,1,PRD,117.47755,0.66578,83.3,35.43432,327.27,JL RO TAMRIN 14800,0,35,2.48,2
DT3238,6/6/2025 21:09:52,2,1,1,PRD,117.47739,0.666,82.9,36.70479,322.59,JL RO TAMRIN 14800,0,36,2.52,2
DT3238,6/6/2025 21:09:55,2,1,1,PRD,117.47722,0.66621,83.1,36.68071,318.87,JL RO TAMRIN 14800,0,36,2.7,2
DT3238,6/6/2025 21:09:58,2,1,1,PRD,117.47704,0.66641,82.6,36.93814,318.55,JL RO TAMRIN 15000,0,37,2.12,2
DT3238,6/6/2025 21:10:01,2,1,1,PRD,117.47686,0.66662,82.3,35.94917,319.1,JL RO TAMRIN 15000,0,37,2.39,2
DT3238,6/6/2025 21:10:04,2,1,1,PRD,117.47669,0.66681,82.4,33.82493,317.37,JL RO TAMRIN 15000,0,35,0.97,2
DT3238,6/6/2025 21:10:07,2,1,1,PRD,117.47652,0.66698,83,33.02116,313.35,JL RO TAMRIN 15000,0,34,1.69,2
DT3238,6/6/2025 21:10:10,2,1,1,PRD,117.47634,0.66713,83.9,30.0061,304.98,JL RO TAMRIN 15000,0,33,2.24,2
DT3238,6/6/2025 21:10:13,2,1,1,PRD,117.47614,0.66725,84,29.51903,298.97,JL RO TAMRIN 15000,0,31,0.24,2
DT3238,6/6/2025 21:10:16,2,1,1,PRD,117.47595,0.66735,83.3,28.73008,297.59,JL RO TAMRIN 15000,0,30,2.33,2
DT3238,6/6/2025 21:10:19,2,1,1,PRD,117.47577,0.66744,84.3,24.71309,301.26,JL RO TAMRIN 15000,0,29,1.99,2
DT3238,6/6/2025 21:10:22,2,1,1,PRD,117.47561,0.66755,87.2,27.58739,304.81,JL RO TAMRIN 15000,0,29,1.99,2
DT3238,6/6/2025 21:10:25,2,1,1,PRD,117.47544,0.66768,88.2,29.44865,309.6,JL. RO TAMRIN 15100,0.1,28,4.89,2
DT3238,6/6/2025 21:10:28,2,1,1,PRD,117.47527,0.66782,91.5,29.0338,311.66,JL. RO TAMRIN 15100,0.1,28,4.89,2
DT3238,6/6/2025 21:10:31,2,1,1,PRD,117.47512,0.66798,92,29.1653,318.33,JL. RO TAMRIN 15100,0,29,3.55,2
DT3238,6/6/2025 21:10:34,2,1,1,PRD,117.47501,0.66817,92.2,29.28382,333.87,JL. RO TAMRIN 15100,0,29,3.55,2
DT3238,6/6/2025 21:10:37,2,1,1,PRD,117.47495,0.66839,92,29.36716,357.31,JL. RO TAMRIN 15100,0,29,3.35,2
DT3238,6/6/2025 21:10:40,2,1,1,PRD,117.47499,0.6686,92.8,27.23366,21.16,JL RO TAMRIN 15300,0,29,3.35,2
DT3238,6/6/2025 21:10:43,2,1,1,PRD,117.4751,0.66878,94.1,27.52628,37.56,JL RO TAMRIN 15300,0,28,3.36,2
DT3238,6/6/2025 21:10:46,2,1,1,PRD,117.47522,0.66894,93.8,27.23736,38.71,JL RO TAMRIN 15300,0,27,5.63,2
DT3238,6/6/2025 21:10:49,2,1,1,PRD,117.47536,0.66911,94.1,29.11159,38.41,JL RO TAMRIN 15300,0,28,5.77,2
DT3238,6/6/2025 21:10:52,2,1,1,PRD,117.4755,0.66929,94.9,30.21723,40.49,JL RO TAMRIN 15300,0,30,5.48,2
DT3238,6/6/2025 21:10:55,2,1,1,PRD,117.47563,0.66946,95.2,29.73016,36.52,JL RO TAMRIN 15300,0,30,5.41,2
DT3238,6/6/2025 21:10:58,2,1,1,PRD,117.47576,0.66965,94.8,28.9875,31.38,JL RO TAMRIN 15300,0,30,3.09,2
DT3238,6/6/2025 21:11:01,2,1,1,PRD,117.47586,0.66984,94.8,28.09114,27.93,JL RO TAMRIN 15300,0,30,2.83,2
DT3238,6/6/2025 21:11:04,2,1,1,PRD,117.47595,0.67003,95.4,25.35573,18.92,JL RO TAMRIN 15300,0,29,2.54,2
DT3238,6/6/2025 21:11:07,2,1,1,PRD,117.47599,0.67021,96.1,22.5518,10.03,JL RO TAMRIN 15300,0,26,0.26,2
DT3238,6/6/2025 21:11:10,2,1,1,PRD,117.47603,0.67037,95.8,20.39237,15.52,JL RO TAMRIN 15500,0,26,0.26,2
DT3238,6/6/2025 21:11:13,2,1,1,PRD,117.47607,0.67053,95.7,23.90562,9.96,JL RO TAMRIN 15500,0,21,0.46,2
DT3238,6/6/2025 21:11:16,2,1,1,PRD,117.47609,0.67071,94.3,22.87776,2.76,JL RO TAMRIN 15500,0,24,3.37,2
DT3238,6/6/2025 21:11:19,2,1,1,PRD,117.47608,0.67089,92.6,24.00562,354.74,JL RO TAMRIN 15500,0,23,0.51,2
DT3238,6/6/2025 21:11:22,2,1,1,PRD,117.47605,0.67108,90.4,25.27424,346.84,JL RO TAMRIN 15500,0,23,-0.54,2
DT3238,6/6/2025 21:11:25,2,1,1,PRD,117.476,0.67125,88.6,24.99089,342.44,JL RO TAMRIN 15500,0,25,-0.53,2
DT3238,6/6/2025 21:11:28,2,1,1,PRD,117.47594,0.67144,87.7,25.7465,340.01,JL RO TAMRIN 15500,0,25,-2.18,2
DT3238,6/6/2025 21:11:31,2,1,1,PRD,117.47586,0.67164,85.7,30.90432,339.03,JL RO TAMRIN 15500,0,26,-1.98,2
DT3238,6/6/2025 21:11:34,2,1,1,PRD,117.47578,0.67186,84.3,30.9784,338.95,JL RO TAMRIN 15500,0,31,0.74,2
DT3238,6/6/2025 21:11:37,2,1,1,PRD,117.4757,0.67209,82.3,32.35444,343.6,JL RO TAMRIN 15700,0,30,-0.45,2
DT3238,6/6/2025 21:11:40,2,1,1,PRD,117.47564,0.67233,78.3,33.19154,347.97,JL RO TAMRIN 15700,0,32,-2.28,2
DT3238,6/6/2025 21:11:43,2,1,1,PRD,117.47559,0.67259,73.2,35.15281,352.35,JL RO TAMRIN 15700,0,32,-2.28,2
DT3238,6/6/2025 21:11:46,2,1,1,PRD,117.47558,0.67286,71.4,35.64544,0.31,JL RO TAMRIN 15700,0,34,-1.72,2
DT3238,6/6/2025 21:11:49,2,1,1,PRD,117.4756,0.67313,70.5,35.47876,6.84,JL RO TAMRIN 15700,0,34,-1.72,2
DT3238,6/6/2025 21:11:52,2,1,1,PRD,117.47563,0.67339,70.1,33.14895,9.65,JL RO TAMRIN 15700,0,35,-2.28,2
DT3238,6/6/2025 21:11:55,2,1,1,PRD,117.47567,0.67363,71.1,29.94128,8.69,JL RO TAMRIN 15900,0,35,-2.28,2
DT3238,6/6/2025 21:11:58,2,1,1,PRD,117.4757,0.67384,72.4,25.20942,9.64,JL RO TAMRIN 15900,0,30,-0.06,2
DT3238,6/6/2025 21:12:01,2,1,1,PRD,117.47573,0.674,74,19.68861,12.47,JL RO TAMRIN 15900,0,30,-0.06,2
DT3238,6/6/2025 21:12:04,2,1,1,PRD,117.47576,0.67413,75,18.0996,17.41,JL RO TAMRIN 15900,0,19,1.26,2
DT3238,6/6/2025 21:12:07,2,1,1,PRD,117.47582,0.67427,75.7,20.92204,23.34,JL RO TAMRIN 15900,0,19,1.26,2
DT3238,6/6/2025 21:12:10,2,1,1,PRD,117.47588,0.67442,76,23.22038,23.71,JL RO TAMRIN 15900,0,21,6.1,2
DT3238,6/6/2025 21:12:13,2,1,1,PRD,117.47596,0.67457,76,22.687,26.87,JL RO TAMRIN 15900,0,24,5.31,2
DT3238,6/6/2025 21:12:16,2,1,1,PRD,117.47604,0.67472,76.4,23.82783,26.19,JL RO TAMRIN 15900,0,23,2.73,2
DT3238,6/6/2025 21:12:19,2,1,1,PRD,117.47611,0.67489,75.5,24.81495,20.32,JL RO TAMRIN 15900,0,24,3.29,2
DT3238,6/6/2025 21:12:22,2,1,1,PRD,117.47617,0.67507,74.1,25.90948,18.34,JL RO TAMRIN 15900,0,24,0.85,2
DT3238,6/6/2025 21:12:25,2,1,1,PRD,117.47625,0.67526,72.6,27.47627,25.18,JL RO TAMRIN 16100,0,26,-0.44,2
DT3238,6/6/2025 21:12:28,2,1,1,PRD,117.47635,0.67544,71.1,27.317,27.22,JL RO TAMRIN 16100,0,27,1.23,2
DT3238,6/6/2025 21:12:31,2,1,1,PRD,117.47643,0.67563,69.9,26.7614,22.57,JL RO TAMRIN 16100,0,27,0.33,2
DT3238,6/6/2025 21:12:34,2,1,1,PRD,117.4765,0.67581,69.3,25.89281,18.92,JL RO TAMRIN 16100,0,27,-0.39,2
DT3238,6/6/2025 21:12:37,2,1,1,PRD,117.47656,0.676,67.5,26.1132,17.75,JL RO TAMRIN 16100,0,27,-0.56,2
DT3238,6/6/2025 21:12:40,2,1,1,PRD,117.47662,0.67618,65.1,27.12254,18.51,JL RO TAMRIN 16100,0,26,-0.48,2
DT3238,6/6/2025 21:12:43,2,1,1,PRD,117.47669,0.67638,63.6,28.4782,19.94,JL RO TAMRIN 16100,0,27,-0.7,2
DT3238,6/6/2025 21:12:46,2,1,1,PRD,117.47676,0.67659,61.9,29.71904,16.13,JL RO TAMRIN 16100,0,28,-0.86,2
DT3238,6/6/2025 21:12:49,2,1,1,PRD,117.4768,0.67682,60.5,30.13019,9.55,JL RO TAMRIN 16100,0,30,-1.3,2
DT3238,6/6/2025 21:12:52,2,1,1,PRD,117.47682,0.67705,57.7,31.81366,359.65,JL RO TAMRIN 16100,0,30,-0.81,2
DT3238,6/6/2025 21:12:55,2,1,1,PRD,117.4768,0.67731,55.5,34.62499,356.17,JL RO TAMRIN 16100,0,32,-2.23,2
DT3238,6/6/2025 21:12:58,2,1,1,PRD,117.47676,0.67758,52.6,36.79924,347.49,JL RO TAMRIN 16100,0,34,-1.45,2
DT3238,6/6/2025 21:13:01,2,1,1,PRD,117.4767,0.67784,50.1,33.7564,345.48,JL RO TAMRIN 16100,0,37,-2.33,2
DT3238,6/6/2025 21:13:04,2,1,1,PRD,117.47662,0.67808,49.1,32.80077,341.75,JL RO TAMRIN 16100,0,33,-4.39,2
DT3238,6/6/2025 21:13:07,2,1,1,PRD,117.47655,0.67832,48.7,33.05079,342.84,JL RO TAMRIN 16100,0,33,-1.51,2
DT3238,6/6/2025 21:13:10,2,1,1,PRD,117.47648,0.67856,47.5,31.1136,343.61,JL RO TAMRIN 16200,0,33,-1.51,2
DT3238,6/6/2025 21:13:13,2,1,1,PRD,117.47642,0.67877,46.4,29.16344,344.45,JL. RO RAJAWALI 16300,0,31,-0.47,2
DT3238,6/6/2025 21:13:16,2,1,1,PRD,117.47637,0.67898,45.1,27.65592,346.27,JL. RO RAJAWALI 16500,0,31,-0.47,2
DT3238,6/6/2025 21:13:19,2,1,1,PRD,117.47632,0.67918,43.5,28.41894,344.11,JL. RO RAJAWALI 16500,0,28,-0.03,2
DT3238,6/6/2025 21:13:22,2,1,1,PRD,117.47625,0.67939,42.9,29.16344,342.73,JL. RO RAJAWALI 16500,0,28,-0.03,2
DT3238,6/6/2025 21:13:25,2,1,1,PRD,117.47619,0.6796,40.5,25.82614,344.05,JL. RO RAJAWALI 16500,0,29,1.19,2
DT3238,6/6/2025 21:13:28,2,1,1,PRD,117.47613,0.67979,39.4,25.44648,343.55,JL. RO RAJAWALI 16500,0,29,1.19,2
DT3238,6/6/2025 21:13:31,2,1,1,PRD,117.47608,0.67998,39.2,26.37804,347.15,JL. RO RAJAWALI 16500,0,29,1.19,2
DT3238,6/6/2025 21:13:34,2,1,1,PRD,117.47603,0.68018,38.6,27.39849,350.01,JL. RO RAJAWALI 16500,0,26,1.57,2
DT3238,6/6/2025 21:13:37,2,1,1,PRD,117.47599,0.68039,37.7,29.0338,349.22,JL. RO RAJAWALI 16700,0,27,2.18,2
DT3238,6/6/2025 21:13:40,2,1,1,PRD,117.47594,0.68062,37.4,33.21562,350.23,JL. RO RAJAWALI 16700,0,29,3.09,2
DT3238,6/6/2025 21:13:43,2,1,1,PRD,117.47591,0.68089,36.9,35.6936,355.49,JL. RO RAJAWALI 16700,0,33,2.85,2
DT3238,6/6/2025 21:13:46,2,1,1,PRD,117.4759,0.68117,37,37.08815,359.91,JL. RO RAJAWALI 16700,0,36,3.07,2
DT3238,6/6/2025 21:13:49,2,1,1,PRD,117.47591,0.68144,36.7,34.89353,2.72,JL. RO RAJAWALI 16700,0,37,2.33,2
DT3238,6/6/2025 21:13:52,2,1,1,PRD,117.47592,0.68169,37.1,32.82855,0.04,JL. RO RAJAWALI 16700,0,35,0.59,2
DT3238,6/6/2025 21:13:55,2,1,1,PRD,117.47592,0.68193,38.3,31.43029,0.34,JL. RO RAJAWALI 16700,0,34,1.26,2
DT3238,6/6/2025 21:13:58,2,1,1,PRD,117.47592,0.68216,39.2,28.99862,359.77,JL. RO RAJAWALI 16900,0,31,0.58,2
DT3238,6/6/2025 21:14:01,2,1,1,PRD,117.47591,0.68236,39.8,24.98718,358.08,JL. RO RAJAWALI 16900,0,29,1.17,2
DT3238,6/6/2025 21:14:04,2,1,1,PRD,117.4759,0.68254,40,22.93702,356.79,JL. RO RAJAWALI 16900,0,25,0.64,2
DT3238,6/6/2025 21:14:07,2,1,1,PRD,117.4759,0.68271,40.4,22.44439,358.5,JL. RO RAJAWALI 16900,0,23,1.12,2
DT3238,6/6/2025 21:14:10,2,1,1,PRD,117.47589,0.68287,40.8,20.65165,359.26,JL. RO RAJAWALI 16900,0,22,2.41,2
DT3238,6/6/2025 21:14:13,2,1,1,PRD,117.47589,0.68301,41.2,16.69578,357.84,JL. RO RAJAWALI 16900,0,21,1.12,2
DT3238,6/6/2025 21:14:16,2,1,1,PRD,117.47588,0.68312,41.4,11.63612,353.49,JL. RO RAJAWALI 16900,0,17,0.21,2
DT3238,6/6/2025 21:14:19,2,1,1,PRD,117.47588,0.6832,42.3,9.70633,359.28,JL. RO RAJAWALI 16900,0,12,0.21,2
DT3238,6/6/2025 21:14:22,2,1,1,PRD,117.47588,0.68326,42.5,6.70054,3.31,JL. RO RAJAWALI 16900,0,10,2.15,2
DT3238,6/6/2025 21:14:25,2,1,1,PRD,117.47588,0.68328,43.2,2.9169,359.57,JL. RO RAJAWALI 16900,0,10,2.15,2
DT3238,6/6/2025 21:14:28,2,1,1,PRD,117.47589,0.6833,43.9,0.08704,0,JL. RO RAJAWALI 16900,0,2,1.24,2
DT3238,6/6/2025 21:14:31,2,1,1,PRD,117.47589,0.6833,44.3,0.02778,0,JL. RO RAJAWALI 16900,0,1,1.72,2
DT3238,6/6/2025 21:14:34,2,1,1,PRD,117.47589,0.6833,44.3,0.01482,0,JL. RO RAJAWALI 16900,0,0,3.09,1
DT3238,6/6/2025 21:14:37,2,1,1,PRD,117.47589,0.6833,44.3,0.04815,0,JL. RO RAJAWALI 16900,0,0,3.01,1
DT3238,6/6/2025 21:14:40,2,1,1,PRD,117.47588,0.6833,44.7,0.07038,0,JL. RO RAJAWALI 16900,0,0,3.03,1
DT3238,6/6/2025 21:14:43,2,1,1,PRD,117.47588,0.6833,45.2,0.05556,0,JL. RO RAJAWALI 16900,0,0,3.03,1
DT3238,6/6/2025 21:14:46,2,1,1,PRD,117.47588,0.6833,45.6,0.08149,0,JL. RO RAJAWALI 16900,0,0,3.03,1
DT3238,6/6/2025 21:14:49,2,1,1,PRD,117.47588,0.6833,46,0.03148,0,JL. RO RAJAWALI 16900,0,0,3.03,1
DT3238,6/6/2025 21:14:52,2,1,1,PRD,117.47588,0.6833,46.4,0.00556,0,JL. RO RAJAWALI 16900,0,0,3.03,1
DT3238,6/6/2025 21:14:55,2,1,1,PRD,117.47587,0.6833,46.8,0.00741,0,JL. RO RAJAWALI 16900,0,0,3.03,1
DT3238,6/6/2025 21:14:58,2,1,1,PRD,117.47587,0.6833,47.3,0.13149,0,JL. RO RAJAWALI 16900,0,0,3.03,1
DT3238,6/6/2025 21:15:01,2,1,1,PRD,117.47587,0.6833,48.1,0.06667,0,JL. RO RAJAWALI 16900,0,0,3.03,1
DT3238,6/6/2025 21:15:04,2,1,1,PRD,117.47587,0.6833,49.4,0.05926,0,JL. RO RAJAWALI 16900,0,0,3.03,1
DT3238,6/6/2025 21:15:07,2,1,1,PRD,117.47587,0.68331,50.5,0.04074,0,JL. RO RAJAWALI 16900,0,0,3.03,1
DT3238,6/6/2025 21:15:10,2,1,1,PRD,117.47587,0.68331,51.3,0.00556,0,JL. RO RAJAWALI 16900,0,0,3.03,1
DT3238,6/6/2025 21:15:13,2,1,1,PRD,117.47587,0.68331,51.8,0.06297,0,JL. RO RAJAWALI 16900,0,0,3.03,1
DT3238,6/6/2025 21:15:16,2,1,1,PRD,117.47587,0.68331,52.1,0.02778,0,JL. RO RAJAWALI 16900,0,0,3.03,1
DT3238,6/6/2025 21:15:19,2,1,1,PRD,117.47587,0.68331,52,0.02037,0,JL. RO RAJAWALI 16900,0,0,3.03,1
DT3238,6/6/2025 21:15:22,2,1,1,PRD,117.47587,0.68331,51.8,0.01852,0,JL. RO RAJAWALI 16900,0,0,3.03,1
DT3238,6/6/2025 21:15:25,2,1,1,PRD,117.47587,0.68331,51.5,0.02778,0,JL. RO RAJAWALI 16900,0,0,3.03,1
DT3238,6/6/2025 21:15:28,2,1,1,PRD,117.47587,0.68331,51.2,0.06667,0,JL. RO RAJAWALI 16900,0,0,3.03,1
DT3238,6/6/2025 21:15:31,2,1,1,PRD,117.47587,0.68331,50.9,0.01482,0,JL. RO RAJAWALI 16900,0,0,3.03,1
DT3238,6/6/2025 21:15:34,2,1,1,PRD,117.47587,0.68331,50.7,0.01482,0,JL. RO RAJAWALI 16900,0,0,3.03,1
DT3238,6/6/2025 21:15:37,2,1,1,PRD,117.47587,0.68331,50.2,0.02408,0,JL. RO RAJAWALI 16900,0,0,3.03,1
DT3238,6/6/2025 21:15:40,2,1,1,PRD,117.47588,0.68331,49.7,0.04815,0,JL. RO RAJAWALI 16900,0,0,3.03,1
DT3238,6/6/2025 21:15:43,2,1,1,PRD,117.47588,0.6833,49.3,0.03704,0,JL. RO RAJAWALI 16900,0,0,3.03,1
DT3238,6/6/2025 21:15:46,2,1,1,PRD,117.47588,0.6833,48.9,0.05186,0,JL. RO RAJAWALI 16900,0,0,3.03,1
DT3238,6/6/2025 21:15:49,2,1,1,PRD,117.47589,0.6833,48.5,0.03889,0,JL. RO RAJAWALI 16900,0,0,3.03,1
DT3238,6/6/2025 21:15:52,2,1,1,PRD,117.47589,0.6833,48.3,0.02037,0,JL. RO RAJAWALI 16900,0,0,3.04,1
DT3238,6/6/2025 21:15:55,2,1,1,PRD,117.47589,0.6833,48.1,0.00926,0,JL. RO RAJAWALI 16900,0,0,3.04,1
DT3238,6/6/2025 21:15:58,2,1,1,PRD,117.4759,0.6833,48,0.00926,0,JL. RO RAJAWALI 16900,0,0,3.04,1
DT3238,6/6/2025 21:16:01,2,1,1,PRD,117.4759,0.6833,48.2,0.00741,0,JL. RO RAJAWALI 16900,0,0,3.03,1
DT3238,6/6/2025 21:16:04,2,1,1,PRD,117.4759,0.6833,48.4,0.05926,0,JL. RO RAJAWALI 16900,0,0,3.03,1
DT3238,6/6/2025 21:16:07,2,1,1,PRD,117.4759,0.6833,48.5,0.05,0,JL. RO RAJAWALI 16900,0,0,3.04,1
DT3238,6/6/2025 21:16:10,2,1,1,PRD,117.4759,0.6833,48.5,0.00556,0,JL. RO RAJAWALI 16900,0,0,3.04,1
DT3238,6/6/2025 21:16:13,2,1,1,PRD,117.4759,0.6833,48.6,0.04074,0,JL. RO RAJAWALI 16900,0,0,3.04,1
DT3238,6/6/2025 21:16:16,2,1,1,PRD,117.4759,0.6833,48.8,0.05741,0,JL. RO RAJAWALI 16900,0,0,3.04,1
DT3238,6/6/2025 21:16:19,2,1,1,PRD,117.4759,0.6833,49,0.02593,0,JL. RO RAJAWALI 16900,0,0,3.04,1
DT3238,6/6/2025 21:16:22,2,1,1,PRD,117.4759,0.6833,49,0.0463,0,JL. RO RAJAWALI 16900,0,0,3.04,1
DT3238,6/6/2025 21:16:25,2,1,1,PRD,117.47589,0.68331,49,0.01482,0,JL. RO RAJAWALI 16900,0,0,3.04,1
DT3238,6/6/2025 21:16:28,2,1,1,PRD,117.47589,0.68331,48.9,0.66857,0,JL. RO RAJAWALI 16900,0,0,3.03,1
DT3238,6/6/2025 21:16:31,2,1,1,PRD,117.4759,0.68334,49,6.73758,12.31,JL. RO RAJAWALI 16900,0,0,3.34,1
DT3238,6/6/2025 21:16:34,2,1,1,PRD,117.47592,0.68342,48.5,14.5808,12.17,JL. RO RAJAWALI 16900,0,6,7.11,2
DT3238,6/6/2025 21:16:37,2,1,1,PRD,117.47594,0.68356,47.5,21.64803,8.91,JL. RO RAJAWALI 16900,0,6,7.11,2
DT3238,6/6/2025 21:16:40,2,1,1,PRD,117.47596,0.68374,46.8,23.78894,9.43,JL. RO RAJAWALI 16900,0,22,5.77,2
DT3238,6/6/2025 21:16:43,2,1,1,PRD,117.47598,0.68391,46.2,21.33689,3.35,JL. RO RAJAWALI 16900,0,22,5.77,2
DT3238,6/6/2025 21:16:46,2,1,1,PRD,117.47599,0.68408,46,23.12037,5.04,JL. RO RAJAWALI 17100,0,25,1.79,2
DT3238,6/6/2025 21:16:49,2,1,1,PRD,117.47601,0.68427,47.3,25.76502,5.33,JL. RO RAJAWALI 17100,0,24,3.51,2
DT3238,6/6/2025 21:16:52,2,1,1,PRD,117.47602,0.68448,47.3,28.32449,4.9,JL. RO RAJAWALI 17100,0,26,4.55,2
DT3238,6/6/2025 21:16:55,2,1,1,PRD,117.47604,0.6847,48.5,31.40066,2.23,JL. RO RAJAWALI 17100,0,28,4.47,2
DT3238,6/6/2025 21:16:58,2,1,1,PRD,117.47604,0.68495,47.9,33.01746,1.69,JL. RO RAJAWALI 17100,0,32,4.75,2
DT3238,6/6/2025 21:17:01,2,1,1,PRD,117.47605,0.6852,48.5,32.18035,2.9,JL. RO RAJAWALI 17100,0,33,3.49,2
DT3238,6/6/2025 21:17:04,2,1,1,PRD,117.47606,0.68545,47.8,33.40638,3.42,JL. RO RAJAWALI 17100,0,32,2.03,2
DT3238,6/6/2025 21:17:07,2,1,1,PRD,117.47608,0.68571,47.3,33.85456,2.41,JL. RO RAJAWALI 17100,0,33,2.63,2
DT3238,6/6/2025 21:17:10,2,1,1,PRD,117.47609,0.68597,46.3,34.725,1.92,JL. RO RAJAWALI 17300,0,34,1.9,2
DT3238,6/6/2025 21:17:13,2,1,1,PRD,117.4761,0.68624,45.7,36.63441,2.06,JL. RO RAJAWALI 17300,0,34,0.83,2
DT3238,6/6/2025 21:17:16,2,1,1,PRD,117.47611,0.68652,44.3,36.89184,1.7,JL. RO RAJAWALI 17300,0,37,2.57,2
DT3238,6/6/2025 21:17:19,2,1,1,PRD,117.47612,0.6868,43.3,36.10289,0.01,JL. RO RAJAWALI 17300,0,37,1.74,2
DT3238,6/6/2025 21:17:22,2,1,1,PRD,117.47612,0.68707,42.7,37.503,1.7,JL. RO RAJAWALI 17300,0,37,1.94,2
DT3238,6/6/2025 21:17:25,2,1,1,PRD,117.47613,0.68736,43,37.10112,1.84,JL. RO RAJAWALI 17300,0,38,3.13,2
DT3238,6/6/2025 21:17:28,2,1,1,PRD,117.47614,0.68765,42.7,37.33632,0.48,JL. RO RAJAWALI 17300,0,37,1.77,2
DT3238,6/6/2025 21:17:31,2,1,1,PRD,117.47613,0.68792,42.6,35.85472,359.24,JL. RO RAJAWALI 17400,0,37,2.51,2
DT3238,6/6/2025 21:17:34,2,1,1,PRD,117.47612,0.68819,42.6,34.41572,359.17,JL. RO RAJAWALI 17400,0,37,2.51,2
DT3238,6/6/2025 21:17:37,2,1,1,PRD,117.47612,0.68844,42.3,31.18953,356.79,JL. RO RAJAWALI 17400,0,35,3.2,2
DT3238,6/6/2025 21:17:40,2,1,1,PRD,117.47609,0.68866,42.4,29.23197,353.49,JL. RO RAJAWALI 17400,0,35,3.2,2
DT3238,6/6/2025 21:17:43,2,1,1,PRD,117.47606,0.68889,42.6,30.53392,353.43,JL. RO GARUDA 08,0,30,2.81,2
DT3238,6/6/2025 21:17:46,2,1,1,PRD,117.47605,0.68912,44,29.20419,359.72,JL. RO GARUDA 08,0,31,4.73,2
DT3238,6/6/2025 21:17:49,2,1,1,PRD,117.47605,0.68934,43.7,29.91165,1.82,JL. RO GARUDA 08,0,29,4.45,2
DT3238,6/6/2025 21:17:52,2,1,1,PRD,117.47606,0.68957,44.5,30.53022,0.05,JL. RO GARUDA 07,0,29,4.45,2
DT3238,6/6/2025 21:17:55,2,1,1,PRD,117.47605,0.6898,44.1,30.65801,354.01,JL. RO GARUDA 07,0,31,2.76,2
DT3238,6/6/2025 21:17:58,2,1,1,PRD,117.47602,0.69002,44.1,28.20781,351.73,JL. RO GARUDA 07,0,31,2.76,2
DT3238,6/6/2025 21:18:01,2,1,1,PRD,117.47599,0.69022,44.1,26.15024,350.82,JL. RO GARUDA 07,0,28,1.46,2
DT3238,6/6/2025 21:18:04,2,1,1,PRD,117.47595,0.69042,43.9,26.46878,349.14,JL. RO GARUDA 07,0,28,1.46,2
DT3238,6/6/2025 21:18:07,2,1,1,PRD,117.4759,0.69062,43.8,27.32441,342.95,JL. RO GARUDA 07,0,28,2.7,2
DT3238,6/6/2025 21:18:10,2,1,1,PRD,117.47584,0.69081,43.2,27.51146,340.67,JL. RO GARUDA 06,0,28,1.96,2
DT3238,6/6/2025 21:18:13,2,1,1,PRD,117.47576,0.691,42.7,26.64843,332.38,JL. RO GARUDA 06,0,28,1.66,2
DT3238,6/6/2025 21:18:16,2,1,1,PRD,117.47566,0.69117,42.8,27.11513,326.39,JL. RO GARUDA 06,0,27,0.45,2
DT3238,6/6/2025 21:18:19,2,1,1,PRD,117.47554,0.69134,41.1,27.79667,326.06,JL. RO GARUDA 06,0.1,27,0.96,2
DT3238,6/6/2025 21:18:22,2,1,1,PRD,117.47543,0.69152,40.4,28.11521,327.64,JL. RO GARUDA 05C,0,28,1.16,2
DT3238,6/6/2025 21:18:25,2,1,1,PRD,117.47533,0.69171,40.6,28.81342,334.38,JL. RO GARUDA 05C,0,28,0.96,2
DT3238,6/6/2025 21:18:28,2,1,1,PRD,117.47525,0.69193,39.2,32.07479,347.38,JL. RO GARUDA 05C,0,29,1.61,2
DT3238,6/6/2025 21:18:31,2,1,1,PRD,117.47524,0.69217,38.5,33.1008,5.1,JL. RO GARUDA 04,0,31,3.05,2
DT3238,6/6/2025 21:18:34,2,1,1,PRD,117.47529,0.69242,38.7,33.11376,18.42,JL. RO GARUDA 04,0,33,2.02,2
DT3238,6/6/2025 21:18:37,2,1,1,PRD,117.4754,0.69264,38.8,32.55631,33.87,JL. RO GARUDA 04,0,33,2.45,2
DT3238,6/6/2025 21:18:40,2,1,1,PRD,117.47555,0.69283,38.9,31.82477,37.65,JL. RO GARUDA 04,0,33,2.76,2
DT3238,6/6/2025 21:18:43,2,1,1,PRD,117.47569,0.69302,39.3,31.46548,36.04,JL. RO GARUDA 03,0,32,3.81,2
DT3238,6/6/2025 21:18:46,2,1,1,PRD,117.47583,0.69322,38.9,32.16368,35.14,JL. RO GARUDA 03,0,32,4.17,2
DT3238,6/6/2025 21:18:49,2,1,1,PRD,117.47597,0.69342,38.2,32.25258,35.52,JL. RO GARUDA 03,0,32,3.07,2
DT3238,6/6/2025 21:18:52,2,1,1,PRD,117.47611,0.69362,37.7,32.16739,34.9,JL. RO GARUDA 03,0,32,1.89,2
DT3238,6/6/2025 21:18:55,2,1,1,PRD,117.47625,0.69382,37.1,32.86004,34.44,JL. RO GARUDA 03,0,33,2.32,2
DT3238,6/6/2025 21:18:58,2,1,1,PRD,117.47639,0.69403,35.8,32.86374,34.36,JL. RO GARUDA 03,0,33,2.45,2
DT3238,6/6/2025 21:19:01,2,1,1,PRD,117.47652,0.69423,34.3,32.57483,32.12,JL. RO GARUDA 02,0,33,2.45,2
DT3238,6/6/2025 21:19:04,2,1,1,PRD,117.47664,0.69443,34.3,30.94877,30.15,JL. RO GARUDA 02,0,32,2.15,2
DT3238,6/6/2025 21:19:07,2,1,1,PRD,117.47675,0.69464,34,31.65253,26.18,JL. RO GARUDA 02,0,32,2.15,2
DT3238,6/6/2025 21:19:10,2,1,1,PRD,117.47685,0.69486,34.3,32.52853,24.9,JL. RO GARUDA 02,0,32,3.45,2
DT3238,6/6/2025 21:19:13,2,1,1,PRD,117.47695,0.69509,34.2,32.08775,24.05,JL. RO GARUDA 02,0,32,3.45,2
DT3238,6/6/2025 21:19:16,2,1,1,PRD,117.47704,0.6953,34.9,31.2488,22.89,JL. RO GARUDA 02,0,33,2.6,2
DT3238,6/6/2025 21:19:19,2,1,1,PRD,117.47713,0.69552,34.6,32.04145,21.33,JL. RO GARUDA 02,0,33,2.6,2
DT3238,6/6/2025 21:19:22,2,1,1,PRD,117.47722,0.69575,34.5,31.61364,20.82,JL. RO GARUDA 02,0,33,3.73,2
DT3238,6/6/2025 21:19:25,2,1,1,PRD,117.4773,0.69596,33.9,29.69867,20.29,JL. RO GARUDA 02,0,33,3.73,2
DT3238,6/6/2025 21:19:28,2,1,1,PRD,117.47738,0.69618,34.3,30.35984,19.81,JL. RO GARUDA 02,0,31,1.83,2
DT3238,6/6/2025 21:19:31,2,1,1,PRD,117.47745,0.6964,35.5,31.14138,16.67,JL. RO GARUDA 02,0,31,1.83,2
DT3238,6/6/2025 21:19:34,2,1,1,PRD,117.47752,0.69663,36.1,30.51726,16.96,JL. RO GARUDA 02,0,31,4.28,2
DT3238,6/6/2025 21:19:37,2,1,1,PRD,117.47759,0.69685,36.2,29.64682,18.2,JL. RO GARUDA 01,0,31,3.15,2
DT3238,6/6/2025 21:19:40,2,1,1,PRD,117.47763,0.69698,36.4,25.2298,14.62,JL. RO GARUDA 01,0,30,1.92,2
DT3238,6/6/2025 21:19:43,2,1,1,PRD,117.47769,0.69722,37.3,22.47217,10.9,JL. RO GARUDA 01,0,26,0.24,2
DT3238,6/6/2025 21:19:46,2,1,1,PRD,117.47769,0.69736,38,16.62355,358.08,JL. RO GARUDA 01,0,26,0.24,2
DT3238,6/6/2025 21:19:49,2,1,1,PRD,117.47768,0.69747,39,9.25259,353.3,JL. RO GARUDA 01,0.3,18,-0.08,2
DT3238,6/6/2025 21:19:52,2,1,1,PRD,117.47767,0.69749,39.1,0.55004,0,JL. RO GARUDA 01,0,10,-1.3,2
DT3238,6/6/2025 21:19:55,2,1,1,PRD,117.47766,0.69752,39.5,6.07271,341.52,JL. RO MERPATI 03,0,0,-0.46,1
DT3238,6/6/2025 21:19:58,2,1,1,PRD,117.47763,0.69759,39.5,12.21579,328.58,JL. RO MERPATI 03,0,7,7.48,2
DT3238,6/6/2025 21:20:01,2,1,1,PRD,117.47756,0.69766,39.8,15.88275,305.39,JL. RO MERPATI 03,0,15,7.98,2
DT3238,6/6/2025 21:20:04,2,1,1,PRD,117.47743,0.6977,40.1,20.27755,286.22,JL. RO MERPATI 03,0,17,5.93,2
DT3238,6/6/2025 21:20:07,2,1,1,PRD,117.47726,0.69774,39.9,26.3021,281.68,JL. RO MERPATI 02,0,17,5.93,2
DT3238,6/6/2025 21:20:10,2,1,1,PRD,117.47705,0.69777,40.3,27.92075,276.71,JL. RO MERPATI 02,0,27,5.86,2
DT3238,6/6/2025 21:20:13,2,1,1,PRD,117.47686,0.69778,40.1,25.35018,271.55,JL. RO MERPATI 02,0,28,4.02,2
DT3238,6/6/2025 21:20:16,2,1,1,PRD,117.47668,0.69777,41.3,23.80376,269.66,JL. RO MERPATI 02,0,26,2.34,2
DT3238,6/6/2025 21:20:19,2,1,1,PRD,117.4765,0.69776,40.8,25.47426,270.27,JL. RO MERPATI 02,0,25,2.18,2
DT3238,6/6/2025 21:20:22,2,1,1,PRD,117.4763,0.69776,38.9,26.14468,272.44,JL. RO MERPATI 02,0,26,4.66,2
DT3238,6/6/2025 21:20:25,2,1,1,PRD,117.4761,0.69778,39.5,27.50035,276.53,JL. RO MERPATI 02,0,26,4.24,2
DT3238,6/6/2025 21:20:28,2,1,1,PRD,117.47589,0.69782,41.2,28.38931,285.37,JL. RO MERPATI 001,0,28,4.37,2
DT3238,6/6/2025 21:20:31,2,1,1,PRD,117.47569,0.6979,42.7,28.5634,301.79,JL. RO BANGAU 001,0,28,5.7,2
DT3238,6/6/2025 21:20:34,2,1,1,PRD,117.47554,0.69804,44.3,25.38351,320.62,JL. RO BANGAU 001,0,28,5.15,2
DT3238,6/6/2025 21:20:37,2,1,1,PRD,117.47546,0.69822,45.2,27.62258,348.26,JL. RO BANGAU 001,0,28,5.15,2
DT3238,6/6/2025 21:20:40,2,1,1,PRD,117.47547,0.69845,44.9,31.22102,7.27,JL. RO BANGAU 02,0,26,2.87,2
DT3238,6/6/2025 21:20:43,2,1,1,PRD,117.47551,0.69869,44.9,32.05997,16.53,JL. RO BANGAU 02,0,30,2.93,2
DT3238,6/6/2025 21:20:46,2,1,1,PRD,117.47559,0.69893,44.5,36.00288,21.92,JL. RO BANGAU 02,0,32,1.8,2
DT3238,6/6/2025 21:20:49,2,1,1,PRD,117.4757,0.69918,45,34.06384,24.19,JL. RO BANGAU 02,0,36,4.68,2
DT3238,6/6/2025 21:20:52,2,1,1,PRD,117.4758,0.69942,44.7,35.6047,21.41,JL. RO BANGAU 02,0,36,4.68,2
DT3238,6/6/2025 21:20:55,2,1,1,PRD,117.47589,0.69968,44.5,36.46588,19.45,JL. RO BANGAU 02,0,36,4.68,2
DT3238,6/6/2025 21:20:58,2,1,1,PRD,117.47598,0.69994,43.6,36.63256,19.93,JL. RO BANGAU 02,0,37,3.28,2
DT3238,6/6/2025 21:21:01,2,1,1,PRD,117.47607,0.7002,43.9,35.59729,18.96,JL. RO BANGAU 02,0,37,3.28,2
DT3238,6/6/2025 21:21:04,2,1,1,PRD,117.47615,0.70046,45.1,35.29356,18.58,JL. RO BANGAU 02,0,37,2.71,2
DT3238,6/6/2025 21:21:07,2,1,1,PRD,117.47624,0.70072,45.8,36.55663,17.73,JL. RO BANGAU 02,0,36,3.46,2
DT3238,6/6/2025 21:21:10,2,1,1,PRD,117.47632,0.70099,45.3,38.1549,18.4,JL. RO BANGAU 02,0,37,3.13,2
DT3238,6/6/2025 21:21:13,2,1,1,PRD,117.47641,0.70127,45.9,38.91793,17.18,JL. RO BANGAU 02,0,39,2.88,2
DT3238,6/6/2025 21:21:16,2,1,1,PRD,117.47649,0.70156,47,38.80496,15.31,JL. RO BANGAU 02,0,39,3.64,2
DT3238,6/6/2025 21:21:19,2,1,1,PRD,117.47656,0.70184,48.3,38.41974,15.03,JL. RO BANGAU 02,0,39,3.8,2
DT3238,6/6/2025 21:21:22,2,1,1,PRD,117.47663,0.70212,49,37.64375,15.57,JL. RO BANGAU 02,0,39,3.78,2
DT3238,6/6/2025 21:21:25,2,1,1,PRD,117.4767,0.7024,49.7,38.14009,13.93,JL. RO BANGAU 02,0,39,3.47,2
DT3238,6/6/2025 21:21:28,2,1,1,PRD,117.47678,0.70268,50.6,38.26788,15.5,JL. RO BANGAU 02,0,39,3.18,2
DT3238,6/6/2025 21:21:31,2,1,1,PRD,117.47685,0.70296,50.5,37.90674,13.27,JL. RO BANGAU 02,0,38,3.61,2
DT3238,6/6/2025 21:21:34,2,1,1,PRD,117.47691,0.70325,51.2,38.50864,11.83,JL. RO BANGAU 03,0,39,2.63,2
DT3238,6/6/2025 21:21:37,2,1,1,PRD,117.47696,0.70354,51.8,39.22351,9.28,JL. RO BANGAU 03,0,39,3.52,2
DT3238,6/6/2025 21:21:40,2,1,1,PRD,117.47701,0.70383,52.7,39.61243,7.3,JL. RO BANGAU 03,0,39,3.52,2
DT3238,6/6/2025 21:21:43,2,1,1,PRD,117.47704,0.70413,52.8,39.96246,6.96,JL. RO BANGAU 03,0,40,3.66,2
DT3238,6/6/2025 21:21:46,2,1,1,PRD,117.47708,0.70443,53,38.65865,9.08,JL. RO BANGAU 03,0,40,3.32,2
DT3238,6/6/2025 21:21:49,2,1,1,PRD,117.47713,0.70471,53.7,38.66606,8.4,JL. RO BANGAU 03,0,40,2.91,2
DT3238,6/6/2025 21:21:52,2,1,1,PRD,117.47717,0.705,54.4,39.48094,10.09,JL. RO BANGAU 03,0,40,2.91,2
DT3238,6/6/2025 21:21:55,2,1,1,PRD,117.47723,0.7053,55.1,40.88475,12.29,JL. RO BANGAU 04,0,40,4.28,2
DT3238,6/6/2025 21:21:58,2,1,1,PRD,117.47729,0.7056,55.4,40.70881,11.46,JL. RO BANGAU 04,0,41,3.14,2
DT3238,6/6/2025 21:22:01,2,1,1,PRD,117.47735,0.7059,55.4,38.87163,10.5,JL. RO BANGAU 04,0,41,3.63,2
DT3238,6/6/2025 21:22:04,2,1,1,PRD,117.4774,0.70618,56,38.18268,8.88,JL. RO BANGAU 05,0,39,1.2,2
DT3238,6/6/2025 21:22:07,2,1,1,PRD,117.47744,0.70647,56.5,39.05312,7.84,JL. RO BANGAU 05,0,38,3.1,2
DT3238,6/6/2025 21:22:10,2,1,1,PRD,117.47747,0.70675,56,35.41209,5.41,JL. RO BANGAU 05,0,39,3.7,2
DT3238,6/6/2025 21:22:13,2,1,1,PRD,117.47749,0.707,56.3,32.36185,2.39,JL. RO BANGAU 05,0,36,1.22,2
DT3238,6/6/2025 21:22:16,2,1,1,PRD,117.4775,0.70723,56.8,28.03743,2.93,JL. RO BANGAU 05,0,32,0.48,2
DT3238,6/6/2025 21:22:19,2,1,1,PRD,117.4775,0.70743,57.6,25.05941,2.75,JL. RO BANGAU 06,0,28,1.98,2
DT3238,6/6/2025 21:22:22,2,1,1,PRD,117.4775,0.7076,57.8,20.47201,0.79,JL. RO BANGAU 06,0,25,2.08,2
DT3238,6/6/2025 21:22:25,2,1,1,PRD,117.47751,0.70773,59,15.01972,1.99,JL. RO BANGAU 06,0,20,0.91,2
DT3238,6/6/2025 21:22:28,2,1,1,PRD,117.47751,0.70783,59.8,12.75658,4.08,JL. RO BANGAU 06,0,15,0.84,2
DT3238,6/6/2025 21:22:31,2,1,1,PRD,117.47752,0.70794,59.6,14.91786,7.29,JL. RO BANGAU 06,0,12,3.65,2
DT3238,6/6/2025 21:22:34,2,1,1,PRD,117.47753,0.70804,60.4,10.9694,8.6,JL. RO BANGAU 06,0,15,6.12,2
DT3238,6/6/2025 21:22:37,2,1,1,PRD,117.47754,0.70809,59.9,5.59489,10.21,JL. RO BANGAU 06,0,11,2.27,2
DT3238,6/6/2025 21:22:40,2,1,1,PRD,117.47754,0.70813,58.3,2.85578,7.26,JL. RO BANGAU 06,0,6,2.2,2
DT3238,6/6/2025 21:22:43,2,1,1,PRD,117.47754,0.70815,57.4,2.66318,9.11,JL. RO BANGAU 06,0,6,2.2,2
DT3238,6/6/2025 21:22:46,2,1,1,PRD,117.47753,0.70817,57.3,2.48538,7.89,JL. RO BANGAU 06,0,2,3.38,2
DT3238,6/6/2025 21:22:49,2,1,1,PRD,117.47754,0.70821,57.3,9.20259,11.25,JL. RO BANGAU 06,0,2,3.38,2
DT3238,6/6/2025 21:22:52,2,1,1,PRD,117.47756,0.70831,57.6,15.26974,10.22,JL. RO BANGAU 06,0,8,8.02,2
DT3238,6/6/2025 21:22:55,2,1,1,PRD,117.47758,0.70844,58.3,19.28488,3.8,JL. RO BANGAU 07,0,8,8.02,2
DT3238,6/6/2025 21:22:58,2,1,1,PRD,117.47758,0.7086,58.6,20.30533,356.81,JL. RO BANGAU 07,0,22,7.45,2
DT3238,6/6/2025 21:23:01,2,1,1,PRD,117.47756,0.70876,58.6,22.72589,354.72,JL. RO BANGAU 07,0,22,7.45,2
DT3238,6/6/2025 21:23:04,2,1,1,PRD,117.47752,0.70894,58.7,24.75383,343.96,JL. RO BANGAU 07,0,23,5.86,2
DT3238,6/6/2025 21:23:07,2,1,1,PRD,117.47744,0.70912,58.4,27.3633,330.67,JL. RO BANGAU 07,0,23,5.86,2
DT3238,6/6/2025 21:23:10,2,1,1,PRD,117.47734,0.70928,58.9,23.88895,325.71,JL. RO BANGAU 07,0,29,4.87,2
DT3238,6/6/2025 21:23:13,2,1,1,PRD,117.47727,0.70939,59.9,10.62863,328.35,JL. RO KOLIBRI 06,0,24,1.92,2
DT3238,6/6/2025 21:23:16,2,1,1,PRD,117.47725,0.70942,61.4,4.39294,325.2,JL. RO KOLIBRI 06,0,10,-3.43,2
DT3238,6/6/2025 21:23:19,2,1,1,PRD,117.47721,0.70946,61.6,9.29889,309.72,JL. RO KOLIBRI 06,0,10,-3.43,2
DT3238,6/6/2025 21:23:22,2,1,1,PRD,117.47714,0.70949,61.8,13.19365,283.8,JL. RO KOLIBRI 06,0,11,7.96,2
DT3238,6/6/2025 21:23:25,2,1,1,PRD,117.47704,0.70947,60.5,16.37353,255.89,JL. RO KOLIBRI 06,0,15,7.95,2
DT3238,6/6/2025 21:23:28,2,1,1,PRD,117.47691,0.70941,61.5,19.1219,245.85,JL. RO KOLIBRI 06,0,19,8.23,2
DT3238,6/6/2025 21:23:31,2,1,1,PRD,117.47677,0.70935,62.1,22.13696,245.13,JL. RO KOLIBRI 06,0,21,8.83,2
DT3238,6/6/2025 21:23:34,2,1,1,PRD,117.47661,0.70927,62.5,24.58715,243.91,JL. RO KOLIBRI 06,0,23,7.8,2
DT3238,6/6/2025 21:23:37,2,1,1,PRD,117.47644,0.70918,63.5,26.31322,246.97,JL. RO KOLIBRI 06,0,25,7.06,2
DT3238,6/6/2025 21:23:40,2,1,1,PRD,117.47626,0.7091,64.8,27.02068,243.44,JL. RO KOLIBRI 06,0,27,7.08,2
DT3238,6/6/2025 21:23:43,2,1,1,PRD,117.47607,0.709,66,26.27988,241.83,JL. RO KOLIBRI 06,0,27,5.51,2
DT3238,6/6/2025 21:23:46,2,1,1,PRD,117.47591,0.70891,68,25.94096,239.1,JL. RO KOLIBRI 06,0,26,4.93,2
DT3238,6/6/2025 21:23:49,2,1,1,PRD,117.47574,0.70881,69.9,27.01512,242.38,JL. RO KOLIBRI 06,0,26,5.04,2
DT3238,6/6/2025 21:23:52,2,1,1,PRD,117.47555,0.70871,70.9,28.96343,244.76,JL. RO KOLIBRI 06,0,27,5.04,2
DT3238,6/6/2025 21:23:55,2,1,1,PRD,117.47534,0.70863,70.8,27.99854,249.61,JL. RO KOLIBRI 07,0,29,4.54,2
DT3238,6/6/2025 21:23:58,2,1,1,PRD,117.47517,0.70856,70,23.12222,251.84,JL. RO KOLIBRI 08,0,28,2.26,2
DT3238,6/6/2025 21:24:01,2,1,1,PRD,117.475,0.70851,70,24.2575,255.96,JL. RO KOLIBRI 08,0,24,0.09,2
DT3238,6/6/2025 21:24:04,2,1,1,PRD,117.4748,0.70846,69.1,26.20024,260.12,JL. RO KOLIBRI 08,0,31,4.54,2
DT3238,6/6/2025 21:24:07,2,1,1,PRD,117.47461,0.70844,69.1,25.42611,265.22,JL. RO KOLIBRI 08,0,35,4.56,2
DT3238,6/6/2025 21:24:10,2,1,1,PRD,117.47442,0.70842,68.8,24.11489,264.81,JL. RO KOLIBRI 08,0,35,4.56,2
DT3238,6/6/2025 21:24:13,2,1,1,PRD,117.47424,0.7084,68.7,24.31306,262.28,JL. RO KOLIBRI 08,0,25,2.6,2
DT3238,6/6/2025 21:24:16,2,1,1,PRD,117.47406,0.70837,68.2,23.30557,263.09,JL. RO KOLIBRI 08,0,27,3.73,2
DT3238,6/6/2025 21:24:19,2,1,1,PRD,117.47389,0.70835,67.8,22.79442,262.42,JL. RO KOLIBRI 08,0,23,2.85,2
DT3238,6/6/2025 21:24:22,2,1,1,PRD,117.47371,0.70833,67.7,23.48151,264,JL. RO  KOLIBRI 09,0,23,2.85,2
DT3238,6/6/2025 21:24:25,2,1,1,PRD,117.47353,0.70832,68,23.2889,267.48,JL. RO  KOLIBRI 09,0,23,0.26,2
DT3238,6/6/2025 21:24:28,2,1,1,PRD,117.47336,0.70832,67.7,23.90562,277.95,JL. RO  KOLIBRI 09,0,23,0.26,2
DT3238,6/6/2025 21:24:31,2,1,1,PRD,117.47317,0.70836,65.8,24.93162,291.46,JL. RO KOLIBRI 10,0,24,0.98,2
DT3238,6/6/2025 21:24:34,2,1,1,PRD,117.47302,0.70848,64.9,26.23914,315.42,JL. RO KOLIBRI 10,0,24,0.56,2
DT3238,6/6/2025 21:24:37,2,1,1,PRD,117.47291,0.70864,64.6,25.48537,333.21,JL. RO KOLIBRI 10,0,25,0.36,2
DT3238,6/6/2025 21:24:40,2,1,1,PRD,117.47286,0.70883,64.9,26.50768,348.47,JL. RO KOLIBRI 10,0,25,0.42,2
DT3238,6/6/2025 21:24:43,2,1,1,PRD,117.47284,0.70903,63.9,27.25218,2.28,JL. RO KOLIBRI 10,0,26,0.3,2
DT3238,6/6/2025 21:24:46,2,1,1,PRD,117.47286,0.70924,62.9,27.21884,7.16,JL. RO KOLIBRI 10,0,27,-0.24,2
DT3238,6/6/2025 21:24:49,2,1,1,PRD,117.47288,0.70945,61.9,27.46886,4.02,JL. RO KOLIBRI 10,0,26,-0.66,2
DT3238,6/6/2025 21:24:52,2,1,1,PRD,117.4729,0.70966,61.1,27.90038,11.61,JL. RO KOLIBRI 11,0,26,-0.81,2
DT3238,6/6/2025 21:24:55,2,1,1,PRD,117.47295,0.70987,59.4,28.34116,11.98,JL. RO KOLIBRI 11,0,26,0.13,2
DT3238,6/6/2025 21:24:58,2,1,1,PRD,117.47299,0.71008,57.1,28.8875,14,JL. RO KOLIBRI 11,0,27,-1.31,2
DT3238,6/6/2025 21:25:01,2,1,1,PRD,117.47305,0.7103,55.2,30.19316,18.58,JL. RO KOLIBRI 11,0,29,-2.31,2
DT3238,6/6/2025 21:25:04,2,1,1,PRD,117.47312,0.71052,53.7,29.71164,24.24,JL. RO KOLIBRI 11,0,30,-2.37,2
DT3238,6/6/2025 21:25:07,2,1,1,PRD,117.47323,0.71072,51.5,30.92655,31.35,JL. RO KOLIBRI 11,0,28,-0.41,2
DT3238,6/6/2025 21:25:10,2,1,1,PRD,117.47336,0.71091,50.4,30.17278,34.35,JL. RO KOLIBRI 11,0,30,-1.54,2
DT3238,6/6/2025 21:25:13,2,1,1,PRD,117.47347,0.71109,48.2,26.45397,34.02,JL. RO KOLIBRI 11,0,30,-1.73,2
DT3238,6/6/2025 21:25:16,2,1,1,PRD,117.47358,0.71124,45.8,22.86664,33.34,JL. RO KOLIBRI 11,0,26,-3.14,2
DT3238,6/6/2025 21:25:19,2,1,1,PRD,117.47365,0.71136,43.8,14.57709,30.85,JL. RO BEO 4,0,22,-4.2,2
DT3238,6/6/2025 21:25:22,2,1,1,PRD,117.47367,0.71141,42.2,1.44271,28.67,JL. RO BEO 4,0,15,-6.84,2
DT3238,6/6/2025 21:25:25,2,1,1,PRD,117.47368,0.71143,41.8,6.53386,5.21,JL. RO BEO 4,0,2,-8.49,2
DT3238,6/6/2025 21:25:28,2,1,1,PRD,117.47366,0.71149,41.1,10.36009,328.64,JL. RO BEO 4,0,5,0.97,2
DT3238,6/6/2025 21:25:31,2,1,1,PRD,117.47361,0.71153,41,8.56365,287.62,JL. RO BEO 4,0,5,0.97,2
DT3238,6/6/2025 21:25:34,2,1,1,PRD,117.47353,0.71151,40,13.04549,250.82,JL. RO BEO 4,0,10,-7.96,2
DT3238,6/6/2025 21:25:37,2,1,1,PRD,117.47342,0.71143,39.2,20.7424,229.44,JL. RO BEO 4,0,10,-7.96,2
DT3238,6/6/2025 21:25:40,2,1,1,PRD,117.4733,0.71133,39.3,19.75343,231.53,JL. RO BEO 4,0,22,3.34,2
DT3238,6/6/2025 21:25:43,2,1,1,PRD,117.47318,0.71125,39.4,20.57016,238.18,JL. RO BEO 4,0,22,3.34,2
DT3238,6/6/2025 21:25:46,2,1,1,PRD,117.47304,0.71117,38.5,21.92212,242.09,JL. RO BEO 4,0,20,0.66,2
DT3238,6/6/2025 21:25:49,2,1,1,PRD,117.47289,0.71106,37.7,26.73732,229.62,JL. RO BEO 4,0,20,0.66,2
DT3238,6/6/2025 21:25:52,2,1,1,PRD,117.47272,0.7109,37.9,30.73394,227.63,JL. RO BEO 4,0,28,1.75,2
DT3238,6/6/2025 21:25:55,2,1,1,PRD,117.47256,0.71073,36.7,29.69126,222.27,JL. RO BEO 4,0,28,1.75,2
DT3238,6/6/2025 21:25:58,2,1,1,PRD,117.47243,0.71055,34.9,28.30597,214.59,JL. RO BEO 4,0,30,-0.08,2
DT3238,6/6/2025 21:26:01,2,1,1,PRD,117.47231,0.71036,34,30.35798,208.08,JL. RO BEO 4,0,29,0.04,2
DT3238,6/6/2025 21:26:04,2,1,1,PRD,117.4722,0.71014,32.8,31.96367,206.7,JL. RO BEO 4,0,30,1.82,2
DT3238,6/6/2025 21:26:07,2,1,1,PRD,117.4721,0.70992,31.1,29.32457,207.15,JL. RO BEO O3,0,32,-0.44,2
DT3238,6/6/2025 21:26:10,2,1,1,PRD,117.47201,0.70974,30.3,25.43166,207.19,JL. RO BEO O3,0,29,-4.21,2
DT3238,6/6/2025 21:26:13,2,1,1,PRD,117.47193,0.70958,27.8,21.57395,204.65,JL. RO BEO O3,0,26,-4.41,2
DT3238,6/6/2025 21:26:16,2,1,1,PRD,117.47188,0.70946,27.4,11.11015,206.3,JL. RO BEO O3,0,21,-3.87,2
DT3238,6/6/2025 21:26:19,2,1,1,PRD,117.47186,0.70943,27.4,2.2724,208.3,JL. RO BEO O3,0,12,-8.11,2
DT3238,6/6/2025 21:26:22,2,1,1,PRD,117.47186,0.70942,26.8,0.06852,0,JL. RO BEO O3,0,2,-7.55,2
DT3238,6/6/2025 21:26:25,2,1,1,PRD,117.47186,0.70942,26.3,0.04445,0,JL. RO BEO O3,0,0,-3.14,1
DT3238,6/6/2025 21:26:28,2,1,1,PRD,117.47186,0.70942,25.6,0.01296,0,JL. RO BEO O3,0,0,-2.25,1
DT3238,6/6/2025 21:26:31,2,1,1,PRD,117.47185,0.70941,25,4.11329,211.98,JL. RO BEO O3,0,0,-2.26,1
DT3238,6/6/2025 21:26:34,2,1,1,PRD,117.47181,0.70936,24.2,11.56389,216.7,JL. RO BEO O3,0,5,0.87,2
DT3238,6/6/2025 21:26:37,2,1,1,PRD,117.47176,0.70927,22.7,13.74554,214.09,JL. RO BEO O3,0,12,2.95,2
DT3238,6/6/2025 21:26:40,2,1,1,PRD,117.4717,0.70918,21.7,13.01771,217.02,JL. RO BEO O3,0,14,0.34,2
DT3238,6/6/2025 21:26:43,2,1,1,PRD,117.47164,0.7091,20,14.11039,216.98,JL. RO BEO O3,0,13,-1.82,2
DT3238,6/6/2025 21:26:46,2,1,1,PRD,117.47157,0.70898,20,22.24622,208.99,JL. RO BEO O3,0,14,0.13,2
DT3238,6/6/2025 21:26:49,2,1,1,PRD,117.4715,0.70881,19.9,24.24638,203.05,JL. RO BEO 02,0,24,3.53,2
DT3238,6/6/2025 21:26:52,2,1,1,PRD,117.47142,0.70863,18.8,25.82244,204.2,JL. RO BEO 02,0,25,-0.72,2
DT3238,6/6/2025 21:26:55,2,1,1,PRD,117.47133,0.70843,17.4,30.22649,207.79,JL. RO BEO 02,0,26,-2.23,2
DT3238,6/6/2025 21:26:58,2,1,1,PRD,117.47121,0.70822,13.8,32.76558,208.07,JL. RO BEO 02,0,26,-2.23,2
DT3238,6/6/2025 21:27:01,2,1,1,PRD,117.47111,0.70799,11.8,32.39148,204.22,JL. RO BEO 02,0,33,-1.1,2
DT3238,6/6/2025 21:27:04,2,1,1,PRD,117.471,0.70777,9.6,33.78418,205.95,JL. RO BEO 02,0,32,-2.01,2
DT3238,6/6/2025 21:27:07,2,1,1,PRD,117.4709,0.70753,7.4,33.63047,201.93,JL. RO BEO 02,0,34,-1.78,2
DT3238,6/6/2025 21:27:10,2,1,1,PRD,117.47082,0.70729,5.1,33.97864,201.86,JL. RO BEO 02,0,34,-1.78,2
DT3238,6/6/2025 21:27:13,2,1,1,PRD,117.47072,0.70707,4,31.3877,206.39,JL. RO  BANGAU NEW 01,0,34,-2.28,2
DT3238,6/6/2025 21:27:16,2,1,1,PRD,117.47064,0.70684,2.3,31.46733,191.26,JL. RO  BANGAU NEW 01,0,34,-2.28,2
DT3238,6/6/2025 21:27:19,2,1,1,PRD,117.47061,0.70662,0.9,23.11111,183.04,JL. RO  BANGAU NEW 01,0,32,-2.82,2
DT3238,6/6/2025 21:27:22,2,1,1,PRD,117.4706,0.70649,0.5,16.89209,185.59,JL. RO  BANGAU NEW 01,0,32,-2.82,2
DT3238,6/6/2025 21:27:25,2,1,1,PRD,117.47058,0.70634,0.1,19.43118,186.9,JL. RO  BANGAU NEW 01,0,17,-4.78,2
DT3238,6/6/2025 21:27:28,2,1,1,PRD,117.47056,0.7062,0,18.42925,193.83,JL. RO  BANGAU NEW 01,0,20,0.75,2
DT3238,6/6/2025 21:27:31,2,1,1,PRD,117.4705,0.70607,-0.4,19.033,208.26,JL. RO  BANGAU NEW 01,0,18,-0.79,2
DT3238,6/6/2025 21:27:34,2,1,1,PRD,117.47041,0.70597,0,16.02906,234.04,JL. RO BANGAU NEW 02,0,20,0.2,2
DT3238,6/6/2025 21:27:37,2,1,1,PRD,117.47029,0.70595,-0.8,14.87897,277.74,JL. RO BANGAU NEW 02,0,20,0.2,2
DT3238,6/6/2025 21:27:40,2,1,1,PRD,117.47017,0.70599,-1.2,20.58498,303.73,JL. RO BANGAU NEW 02,0,14,-2.27,2
DT3238,6/6/2025 21:27:43,2,1,1,PRD,117.47007,0.70611,-1.1,20.80537,330.81,JL. RO BANGAU NEW 02,0,18,3.56,2
DT3238,6/6/2025 21:27:46,2,1,1,PRD,117.47,0.70627,-2.8,26.01504,338.75,JL. RO BANGAU NEW 02,0,20,-1.99,2
DT3238,6/6/2025 21:27:49,2,1,1,PRD,117.46992,0.70645,-4.8,27.09661,343.07,JL. RO BANGAU NEW 02,0,25,1.08,2
DT3238,6/6/2025 21:27:52,2,1,1,PRD,117.46987,0.70665,-5.3,25.85207,346.2,JL. RO BANGAU NEW 02,0,27,-2.37,2
DT3238,6/6/2025 21:27:55,2,1,1,PRD,117.46983,0.70682,-5.7,20.01642,344.56,JL. RO BANGAU NEW 02,0,24,-2.35,2
DT3238,6/6/2025 21:27:58,2,1,1,PRD,117.46979,0.70697,-5.3,19.40155,348.29,JL. RANGKONG 01,0,21,-3.45,2
DT3238,6/6/2025 21:28:01,2,1,1,PRD,117.46976,0.70709,-4.3,11.74724,346.67,JL. RANGKONG 01,0,19,-0.14,2
DT3238,6/6/2025 21:28:04,2,1,1,PRD,117.46974,0.70718,-3,12.26209,352.26,JL. RANGKONG 01,0,19,-0.14,2
DT3238,6/6/2025 21:28:07,2,1,1,PRD,117.46972,0.7073,-3.3,15.21418,351.94,JL. RANGKONG 01,0,19,-0.14,2
DT3238,6/6/2025 21:28:10,2,1,1,PRD,117.46971,0.70743,-3.8,16.25315,2.37,JL. RANGKONG 01,0,19,-0.14,2
DT3238,6/6/2025 21:28:13,2,1,1,PRD,117.46972,0.70754,-5,11.2009,9.35,JL. RANGKONG 01,0,19,-0.14,2
DT3238,6/6/2025 21:28:16,2,1,1,PRD,117.46971,0.70765,-6.2,10.4138,2.92,JL. RANGKONG 01,0,14,0.09,2
DT3238,6/6/2025 21:28:19,2,1,1,PRD,117.46971,0.70772,-6.6,6.2968,5.91,JL. RANGKONG 06,0,14,0.09,2
DT3238,6/6/2025 21:28:22,2,1,1,PRD,117.4697,0.70775,-6.6,0.55745,0,JL. RANGKONG 06,0,6,1.81,2
DT3238,6/6/2025 21:28:25,2,1,1,PRD,117.4697,0.7078,-4.9,8.85256,6.93,JL. RANGKONG 06,0,0,0.38,1
DT3238,6/6/2025 21:28:28,2,1,1,PRD,117.46971,0.70788,-4.8,8.90071,10.33,JL. RANGKONG 06,0,8,8.22,2
DT3238,6/6/2025 21:28:31,2,1,1,PRD,117.46972,0.70794,-4.1,7.22465,7.58,JL. RANGKONG 06,0,8,8.22,2
DT3238,6/6/2025 21:28:34,2,1,1,PRD,117.46974,0.70802,-4.2,14.403,17.29,JL. RANGKONG 06,0,7,0.61,2
DT3238,6/6/2025 21:28:37,2,1,1,PRD,117.46978,0.70813,-6.2,14.46597,29.68,JL. RANGKONG 07,0,7,0.61,2
DT3238,6/6/2025 21:28:40,2,1,1,PRD,117.46983,0.70823,-8.7,13.46219,23.75,JL. RANGKONG 07,0,14,-0.58,2
DT3238,6/6/2025 21:28:43,2,1,1,PRD,117.46988,0.70834,-10.1,17.87921,21.68,JL. RANGKONG 07,0,14,-0.58,2
DT3238,6/6/2025 21:28:46,2,1,1,PRD,117.46991,0.70845,-11.9,13.20846,11.1,JL. RANGKONG 07,0,18,1.15,2
DT3238,6/6/2025 21:28:49,2,1,1,PRD,117.46992,0.70855,-11.8,12.4121,5.77,JL. RANGKONG 07,0,13,-4.08,2
DT3238,6/6/2025 21:28:52,2,1,1,PRD,117.46992,0.70865,-13.1,13.57331,0.67,JL. RANGKONG 07,0,12,-0.95,2
DT3238,6/6/2025 21:28:55,2,1,1,PRD,117.46992,0.70877,-15.7,15.36604,357.13,JL. RANGKONG 07,0,14,0.65,2
DT3238,6/6/2025 21:28:58,2,1,1,PRD,117.46992,0.70889,-17.7,16.09758,0.05,JL. RANGKONG 07,0,15,-1.7,2
DT3238,6/6/2025 21:29:01,2,1,1,PRD,117.46991,0.709,-20.2,11.10644,355.43,JL. RANGKONG 07,0,15,-1.7,2
DT3238,6/6/2025 21:29:04,2,1,1,PRD,117.46991,0.70907,-22.6,9.89709,0.48,JL. RANGKONG 07,0,12,-7.73,2
DT3238,6/6/2025 21:29:07,2,1,1,PRD,117.46991,0.70916,-23.9,13.58812,2.43,JL. RANGKONG 07,0,10,-2.99,2
DT3238,6/6/2025 21:29:10,2,1,1,PRD,117.46991,0.70928,-24,15.76978,4.21,JL. RANGKONG 07,0,13,-1.32,2
DT3238,6/6/2025 21:29:13,2,1,1,PRD,117.46992,0.70941,-24.7,16.7143,2.26,JL. RANGKONG 07,0,13,-1.32,2
DT3238,6/6/2025 21:29:16,2,1,1,PRD,117.46993,0.70954,-24.7,15.8809,2.93,JL. RANGKONG 07,0,17,-0.07,2
DT3238,6/6/2025 21:29:19,2,1,1,PRD,117.46993,0.70965,-25.7,10.41565,354.33,JL. RANGKONG 07,0,17,-0.07,2
DT3238,6/6/2025 21:29:22,2,1,1,PRD,117.46992,0.70975,-26.7,15.10306,357.03,JL. RANGKONG 07,0,11,-4.33,2
DT3238,6/6/2025 21:29:25,2,1,1,PRD,117.46992,0.70986,-28.1,14.29374,0.25,JL. RANGKONG 07,0,14,2.92,2
DT3238,6/6/2025 21:29:28,2,1,1,PRD,117.46991,0.70998,-29.2,15.1364,0.47,JL. RANGKONG 07,0,15,-2.53,2
DT3238,6/6/2025 21:29:31,2,1,1,PRD,117.46992,0.7101,-29.4,15.06787,3.93,JL. RANGKONG 07,0,15,-2.08,2
DT3238,6/6/2025 21:29:34,2,1,1,PRD,117.46992,0.71021,-28.6,14.5808,4.23,JL. RANGKONG 07,0,15,0.61,2
DT3238,6/6/2025 21:29:37,2,1,1,PRD,117.46992,0.71032,-28.7,13.98075,3.09,JL. RANGKONG 07,0,15,0.82,2
DT3238,6/6/2025 21:29:40,2,1,1,PRD,117.46992,0.71043,-30.2,13.9363,356.74,JL. RANGKONG 07,0,14,-1.71,2
DT3238,6/6/2025 21:29:43,2,1,1,PRD,117.46992,0.71053,-31.6,13.9326,358.46,JL. RANGKONG 07,0,14,-1.6,2
DT3238,6/6/2025 21:29:46,2,1,1,PRD,117.46991,0.71063,-31.8,12.57138,355.51,JL. RANGKONG 07,0,14,-1.6,2
DT3238,6/6/2025 21:29:49,2,1,1,PRD,117.4699,0.71074,-31.6,13.97334,354.42,JL. RANGKONG 04,0,13,-0.96,2
DT3238,6/6/2025 21:29:52,2,1,1,PRD,117.46988,0.71085,-30.9,17.73475,351.29,JL. RANGKONG 04,0,14,1.08,2
DT3238,6/6/2025 21:29:55,2,1,1,PRD,117.46986,0.71098,-29.6,17.28472,351.46,JL. RANGKONG 04,0,17,2.99,2
DT3238,6/6/2025 21:29:58,2,1,1,PRD,117.46983,0.71113,-28.7,19.11449,349.22,JL. RANGKONG 04,0,18,2,2
DT3238,6/6/2025 21:30:01,2,1,1,PRD,117.46979,0.71126,-28.3,16.93098,339.33,JL. RANGKONG 04,0,19,2.3,2
DT3238,6/6/2025 21:30:04,2,1,1,PRD,117.46973,0.71138,-29.2,18.16071,339.07,JL. RANGKONG 08,0,19,2.3,2
DT3238,6/6/2025 21:30:07,2,1,1,PRD,117.46968,0.71151,-30,16.35686,342.53,JL. RANGKONG 08,0,18,2.02,2
DT3238,6/6/2025 21:30:10,2,1,1,PRD,117.46965,0.71162,-29.6,13.71221,348.26,JL. RANGKONG 08,0,18,2.02,2
DT3238,6/6/2025 21:30:13,2,1,1,PRD,117.46963,0.71172,-28.8,16.62911,348.6,JL. RANGKONG 08,0,14,-0.24,2
DT3238,6/6/2025 21:30:16,2,1,1,PRD,117.46961,0.71186,-29.3,17.12915,351.82,JL. RANGKONG 08,0,17,2.94,2
DT3238,6/6/2025 21:30:19,2,1,1,PRD,117.4696,0.71199,-30.4,16.10129,358.06,JL. RANGKONG 09,0,17,0.38,2
DT3238,6/6/2025 21:30:22,2,1,1,PRD,117.46958,0.71209,-32.1,11.78057,344.4,JL. RANGKONG 09,0,17,0.38,2
DT3238,6/6/2025 21:30:25,2,1,1,PRD,117.46952,0.71216,-34.5,13.97149,311.05,JL. RANGKONG 09,0,12,-2.6,2
DT3238,6/6/2025 21:30:28,2,1,1,PRD,117.46943,0.7122,-36.6,13.92519,292.49,JL. RANGKONG 09,0,12,-2.6,2
DT3238,6/6/2025 21:30:31,2,1,1,PRD,117.46934,0.71224,-38.3,14.88823,292.99,JL. RANGKONG 09,0,14,-5.79,2
DT3238,6/6/2025 21:30:34,2,1,1,PRD,117.46924,0.7123,-37.7,14.26966,300.92,JL. RANGKONG 09,0,14,-5.79,2
DT3238,6/6/2025 21:30:37,2,1,1,PRD,117.4692,0.71234,-36.7,6.9913,0,JL. RANGKONG 09,0,14,-3.95,2
DT3238,6/6/2025 21:30:40,2,1,1,PRD,117.46909,0.71241,-36.9,20.55905,309.17,JL. RANGKONG 09,0,14,-3.95,2
DT3238,6/6/2025 21:30:43,2,1,1,PRD,117.46891,0.71253,-42.2,20.1831,304.05,IN FRONT EX1777,0,20,-1.91,2
DT3238,6/6/2025 21:30:46,2,1,1,PRD,117.46879,0.71261,-44.8,17.60326,297.07,IN FRONT EX1777,0,20,-0.88,2
DT3238,6/6/2025 21:30:49,2,1,1,PRD,117.4687,0.71265,-45.2,14.62895,290.22,IN FRONT EX1777,0,17,-1.65,2
DT3238,6/6/2025 21:30:52,2,1,1,PRD,117.46859,0.71268,-44.4,11.78613,275.48,IN FRONT EX1777,0,14,0.24,2
DT3238,6/6/2025 21:30:55,2,1,1,PRD,117.46851,0.71268,-43.8,10.46195,269.41,IN FRONT EX1777,0,14,1.72,2
DT3238,6/6/2025 21:30:58,2,1,1,PRD,117.46845,0.71268,-43.1,9.17296,276.83,IN FRONT EX1777,2.2,13,4.69,2
DT3238,6/6/2025 21:31:01,2,1,1,PRD,117.46836,0.7127,-43.6,14.03075,291.3,IN FRONT EX1777,0,9,9.73,2
DT3238,6/6/2025 21:31:04,2,1,1,PRD,117.46827,0.71276,-44.7,14.74748,312.32,IN FRONT EX1777,0,13,6,2
DT3238,6/6/2025 21:31:07,2,1,1,PRD,117.4682,0.71284,-44.4,14.74562,327.29,IN FRONT EX1777,0.1,12,0.99,2
DT3238,6/6/2025 21:31:10,2,1,1,PRD,117.46815,0.71295,-45.8,14.92527,337.05,IN FRONT EX1777,0.1,12,0.99,2
DT3238,6/6/2025 21:31:13,2,1,1,PRD,117.46811,0.71304,-43.8,13.38996,333.6,IN FRONT EX1777,0,15,0.43,2
DT3238,6/6/2025 21:31:16,2,1,1,PRD,117.46806,0.71313,-42.2,15.09565,318.78,IN FRONT EX1777,0,19,2.05,2
DT3238,6/6/2025 21:31:19,2,1,1,PRD,117.46798,0.71324,-43.7,15.07898,325.75,IN FRONT EX1777,0,19,4.98,2
DT3238,6/6/2025 21:31:22,2,1,1,PRD,117.46792,0.71332,-42.9,13.64924,324.39,IN FRONT EX1777,0.7,14,4.24,2
DT3238,6/6/2025 21:31:25,2,1,1,PRD,117.46787,0.71341,-42.1,13.61035,328.05,IN FRONT EX1777,0,14,2.84,2
DT3238,6/6/2025 21:31:28,2,1,1,PRD,117.46783,0.71349,-41.4,13.37514,339.03,IN FRONT EX1777,0,14,3.47,2
DT3238,6/6/2025 21:31:31,2,1,1,PRD,117.46778,0.71358,-40.2,13.08068,334.38,IN FRONT EX1777,0,14,3.47,2
DT3238,6/6/2025 21:31:34,2,1,1,PRD,117.46774,0.71367,-38.7,12.53989,328.24,IN FRONT EX1777,0,13,3.52,2
DT3238,6/6/2025 21:31:37,2,1,1,PRD,117.4677,0.71376,-37.4,12.41025,338.26,IN FRONT EX1777,0,13,3.52,2
DT3238,6/6/2025 21:31:40,2,1,1,PRD,117.46766,0.71385,-37,12.58434,336.32,IN FRONT EX1777,1.2,13,3.35,2
DT3238,6/6/2025 21:31:43,2,1,1,PRD,117.46762,0.71395,-36.1,14.4919,340.78,IN FRONT EX1777,1.2,13,3.35,2
DT3238,6/6/2025 21:31:46,2,1,1,PRD,117.46759,0.71406,-36.5,14.0326,338.34,IN FRONT EX1777,0,14,5.95,2
DT3238,6/6/2025 21:31:49,2,1,1,PRD,117.46755,0.71415,-36,13.31958,339.28,IN FRONT EX1777,0,14,5.95,2
DT3238,6/6/2025 21:31:52,2,1,1,PRD,117.46751,0.71425,-36.3,14.71044,336.44,IN FRONT EX1777,0,14,0.87,2
DT3238,6/6/2025 21:31:55,2,1,1,PRD,117.46747,0.71437,-36.2,16.83468,341.81,IN FRONT EX1777,0,14,0.87,2
DT3238,6/6/2025 21:31:58,2,1,1,PRD,117.46743,0.71448,-36,10.44528,344.58,IN FRONT EX1777,0.8,17,7.04,2
DT3238,6/6/2025 21:32:01,2,1,1,PRD,117.46742,0.71456,-36.8,11.36202,354.4,IN FRONT EX1777,0,12,5.06,2
DT3238,6/6/2025 21:32:04,2,1,1,PRD,117.4674,0.71467,-37.2,13.25291,351.95,IN FRONT EX1777,4.4,12,1.61,2
DT3238,6/6/2025 21:32:07,2,1,1,PRD,117.46739,0.71476,-38,12.40655,351.07,IN FRONT EX1777,1.9,13,2.3,2
DT3238,6/6/2025 21:32:10,2,1,1,PRD,117.46739,0.71486,-37.9,10.73975,359.56,IN FRONT EX1777,0,12,3.23,2
DT3238,6/6/2025 21:32:13,2,1,1,PRD,117.46738,0.71494,-38.7,11.74909,2.02,IN FRONT EX1777,0,11,2.04,2
DT3238,6/6/2025 21:32:16,2,1,1,PRD,117.46737,0.71503,-38.5,12.39358,350.56,IN FRONT EX1777,0,11,0.38,2
DT3238,6/6/2025 21:32:19,2,1,1,PRD,117.46734,0.71513,-37.5,13.67517,344.9,IN FRONT EX1777,2.2,13,2.22,2
DT3238,6/6/2025 21:32:22,2,1,1,PRD,117.46731,0.71523,-37,15.03083,350.74,IN FRONT EX1777,0.1,14,5.45,2
DT3238,6/6/2025 21:32:25,2,1,1,PRD,117.46728,0.71533,-35.3,11.77131,343.17,IN FRONT EX1777,0,14,5,2
DT3238,6/6/2025 21:32:28,2,1,1,PRD,117.46725,0.71544,-33.9,16.14203,344.19,IN FRONT EX1777,0,14,5,2
DT3238,6/6/2025 21:32:31,2,1,1,PRD,117.46721,0.71556,-32.5,15.45309,345.18,IN FRONT EX1777,0,17,5.9,2
DT3238,6/6/2025 21:32:34,2,1,1,PRD,117.46718,0.71568,-31.6,15.86979,347.32,IN FRONT EX1777,0,17,5.9,2
DT3238,6/6/2025 21:32:37,2,1,1,PRD,117.46716,0.71579,-30.3,15.80867,347.48,IN FRONT EX1777,0,17,5.9,2
DT3238,6/6/2025 21:32:40,2,1,1,PRD,117.46713,0.71592,-30.6,16.75319,353.51,FRONT EX1777,0,17,5.9,2
DT3238,6/6/2025 21:32:43,2,1,1,PRD,117.46711,0.71604,-30.4,14.69747,348.88,FRONT EX1777,0,17,5.9,2
DT3238,6/6/2025 21:32:46,2,1,1,PRD,117.46709,0.71612,-30.1,10.90458,348.72,FRONT EX1777,0,13,4.82,2
DT3238,6/6/2025 21:32:49,2,1,1,PRD,117.46707,0.71619,-29.5,9.03406,339.98,FRONT EX1777,0,12,4.97,2
DT3238,6/6/2025 21:32:52,2,1,1,PRD,117.46704,0.71627,-29.7,10.22674,337.18,FRONT EX1777,0,9,4.26,2
DT3238,6/6/2025 21:32:55,2,1,1,PRD,117.46701,0.71636,-29.9,9.88598,350.82,FRONT EX1777,0,11,8.25,2
DT3238,6/6/2025 21:32:58,2,1,1,PRD,117.467,0.71643,-29.8,9.41927,359.84,FRONT EX1777,0,11,8.25,2
DT3238,6/6/2025 21:33:01,2,1,1,PRD,117.46703,0.71651,-30.3,10.88606,36,FRONT EX1777,3.3,9,4.53,2
DT3238,6/6/2025 21:33:04,2,1,1,PRD,117.4671,0.71654,-30.3,9.61373,89.19,FRONT EX1777,3.3,9,4.53,2
DT3238,6/6/2025 21:33:07,2,1,1,PRD,117.46716,0.7165,-31.4,8.08398,140.16,FRONT EX1777,0,7,-0.44,2
DT3238,6/6/2025 21:33:10,2,1,1,PRD,117.46718,0.71645,-32.4,4.89669,155.59,FRONT EX1777,0,7,-0.44,2
DT3238,6/6/2025 21:33:13,2,1,1,PRD,117.46718,0.71644,-33.8,0.90748,160.6,FRONT EX1777,0,4,-1.62,2
DT3238,6/6/2025 21:33:16,2,1,1,PRD,117.46717,0.71646,-34.3,6.38199,317.77,FRONT EX1777,0,4,-1.62,2
DT3238,6/6/2025 21:33:19,2,1,1,PRD,117.46713,0.7165,-34.8,6.2042,311.65,FRONT EX1777,0,5,-1.86,2
DT3238,6/6/2025 21:33:22,2,1,1,PRD,117.46712,0.71654,-35,6.36532,335.03,FRONT EX1777,0,7,1.23,2
DT3238,6/6/2025 21:33:25,2,1,1,PRD,117.4671,0.71657,-36.6,4.49851,328.78,FRONT EX1777,0,7,1.64,2
DT3238,6/6/2025 21:33:28,2,1,1,PRD,117.4671,0.71659,-36.2,2.07424,347.99,FRONT EX1777,0,5,1.76,2
DT3238,6/6/2025 21:33:31,2,1,1,PRD,117.4671,0.71661,-36.3,2.30759,356.39,FRONT EX1777,0,2,3.26,2
DT3238,6/6/2025 21:33:34,2,1,1,PRD,117.4671,0.7166,-36.1,0.10927,0,FRONT EX1777,0,2,1.68,2
DT3238,6/6/2025 21:33:37,2,2,1,PRD,117.4671,0.7166,-35,0.17594,0,FRONT EX1777,9.9,0,1.2,1
DT3238,6/6/2025 21:33:40,2,2,1,PRD,117.4671,0.7166,-33.5,0.18335,0,FRONT EX1777,11.3,0,0.03,1
DT3238,6/6/2025 21:33:43,2,2,1,PRD,117.4671,0.71659,-32,0.12223,0,FRONT EX1777,11,0,-0.02,1
DT3238,6/6/2025 21:33:46,2,2,1,PRD,117.4671,0.71659,-31.1,0.06482,0,FRONT EX1777,10.8,0,-0.02,1
DT3238,6/6/2025 21:33:49,2,2,1,PRD,117.4671,0.71659,-30.1,0.02037,0,FRONT EX1777,10.8,0,-0.02,1
DT3238,6/6/2025 21:33:52,2,2,1,PRD,117.4671,0.71658,-28.6,0.03519,0,FRONT EX1777,10.8,0,-0.02,1
DT3238,6/6/2025 21:33:55,2,2,1,PRD,117.46711,0.71658,-27.3,0.06852,0,FRONT EX1777,10.8,0,-0.02,1
DT3238,6/6/2025 21:33:58,2,2,1,PRD,117.46711,0.71658,-26.9,0.07038,0,FRONT EX1777,10.8,0,-0.03,1
DT3238,6/6/2025 21:34:01,2,2,1,PRD,117.46711,0.71658,-26.2,0.02963,0,FRONT EX1777,10.7,0,-0.03,1
DT3238,6/6/2025 21:34:04,2,2,1,PRD,117.46711,0.71658,-25.6,0.06112,0,FRONT EX1777,10.8,0,-0.03,1
DT3238,6/6/2025 21:34:07,2,2,1,PRD,117.46711,0.71658,-25,0.02408,0,FRONT EX1777,10.9,0,-0.03,1
DT3238,6/6/2025 21:34:10,2,2,1,PRD,117.46711,0.71657,-24.3,0.0889,0,FRONT EX1777,11.6,0,-0.05,1
DT3238,6/6/2025 21:34:13,2,2,1,PRD,117.46712,0.71657,-23,0.06482,0,FRONT EX1777,11.6,0,-0.05,1
DT3238,6/6/2025 21:34:16,2,2,1,PRD,117.46712,0.71657,-23.1,0.01852,0,FRONT EX1777,25.2,0,-0.12,3
DT3238,6/6/2025 21:34:19,2,2,1,PRD,117.46712,0.71657,-23.5,0.17038,0,FRONT EX1777,25.2,0,-0.12,3
DT3238,6/6/2025 21:34:22,2,2,1,PRD,117.46712,0.71657,-24.3,0.21668,0,FRONT EX1777,24.3,0,-0.11,3
DT3238,6/6/2025 21:34:25,2,2,1,PRD,117.46712,0.71657,-25,0.02963,0,FRONT EX1777,24.3,0,-0.11,3
DT3238,6/6/2025 21:34:29,2,4,1,PRD,117.46712,0.71657,-26.1,0.03148,0,FRONT EX1777,23.9,0,-0.11,3
DT3238,6/6/2025 21:34:31,2,4,1,PRD,117.46712,0.71657,-27.3,0.05926,0,FRONT EX1777,23.9,0,-0.11,3
DT3238,6/6/2025 21:34:34,2,4,1,PRD,117.46712,0.71657,-27.5,0.05186,0,FRONT EX1777,23.7,0,-0.1,3
DT3238,6/6/2025 21:34:37,2,4,1,PRD,117.46712,0.71657,-27.4,0.08334,0,FRONT EX1777,23.7,0,-0.1,3
DT3238,6/6/2025 21:34:40,2,4,1,PRD,117.46712,0.71657,-27.5,0.13334,0,FRONT EX1777,23.6,0,-0.11,3
DT3238,6/6/2025 21:34:43,2,4,1,PRD,117.46712,0.71657,-27.5,0.1389,0,FRONT EX1777,23.6,0,-0.11,3
DT3238,6/6/2025 21:34:46,2,4,1,PRD,117.46712,0.71657,-28.2,0.03519,0,FRONT EX1777,26.1,0,-0.07,3
DT3238,6/6/2025 21:34:49,2,4,1,PRD,117.46711,0.71657,-29,0.11482,0,FRONT EX1777,34.5,0,-0.11,3
DT3238,6/6/2025 21:34:52,2,4,1,PRD,117.46711,0.71658,-29.3,0.03889,0,FRONT EX1777,34.5,0,-0.11,3
DT3238,6/6/2025 21:34:55,2,4,1,PRD,117.46711,0.71658,-29.6,0.09075,0,FRONT EX1777,35.7,0,-0.18,3
DT3238,6/6/2025 21:34:58,2,4,1,PRD,117.46711,0.71658,-30.1,0.01111,0,FRONT EX1777,35.4,0,-0.18,3
DT3238,6/6/2025 21:35:01,2,4,1,PRD,117.46711,0.71658,-30,0.02593,0,FRONT EX1777,35.2,0,-0.18,3
DT3238,6/6/2025 21:35:04,2,4,1,PRD,117.46711,0.71658,-30.3,0.08334,0,FRONT EX1777,35.1,0,-0.18,3
DT3238,6/6/2025 21:35:07,2,4,1,PRD,117.46711,0.71658,-30.5,0.0426,0,FRONT EX1777,35,0,-0.18,3
DT3238,6/6/2025 21:35:10,2,4,1,PRD,117.46711,0.71658,-30.6,0.06482,0,FRONT EX1777,34.9,0,-0.18,3
DT3238,6/6/2025 21:35:13,2,4,1,PRD,117.46712,0.71657,-29.8,0.02963,0,FRONT EX1777,34.8,0,-0.19,3
DT3238,6/6/2025 21:35:16,2,4,1,PRD,117.46712,0.71656,-29.1,0.0037,0,FRONT EX1777,34.9,0,-0.19,3
DT3238,6/6/2025 21:35:19,2,4,1,PRD,117.46712,0.71656,-29.2,0.1815,0,FRONT EX1777,35.4,0,-0.16,3
DT3238,6/6/2025 21:35:22,2,4,1,PRD,117.46713,0.71656,-29.3,0.02222,0,FRONT EX1777,44.5,0,-0.28,3
DT3238,6/6/2025 21:35:25,2,4,1,PRD,117.46713,0.71656,-29.1,0.01296,0,FRONT EX1777,45.5,0,-0.24,3
DT3238,6/6/2025 21:35:28,2,4,1,PRD,117.46713,0.71656,-28.9,0.16853,0,FRONT EX1777,45.5,0,-0.24,3
DT3238,6/6/2025 21:35:31,2,4,1,PRD,117.46714,0.71656,-28.7,0.03704,0,FRONT EX1777,44.9,0,-0.27,3
DT3238,6/6/2025 21:35:34,2,4,1,PRD,117.46714,0.71656,-28.6,0.15927,0,FRONT EX1777,44.9,0,-0.27,3
DT3238,6/6/2025 21:35:37,2,4,1,PRD,117.46714,0.71656,-28.4,0.0426,0,FRONT EX1777,44.7,0,-0.26,3
DT3238,6/6/2025 21:35:40,2,4,1,PRD,117.46714,0.71655,-28.2,0.12964,0,FRONT EX1777,44.7,0,-0.26,3
DT3238,6/6/2025 21:35:43,2,4,1,PRD,117.46714,0.71655,-27.9,0.05926,0,FRONT EX1777,44.3,0,-0.25,3
DT3238,6/6/2025 21:35:46,2,4,1,PRD,117.46714,0.71655,-27.4,0.01296,0,FRONT EX1777,44.3,0,-0.25,3
DT3238,6/6/2025 21:35:49,2,4,1,PRD,117.46713,0.71655,-26.9,0.03148,0,FRONT EX1777,44.5,0,-0.23,3
DT3238,6/6/2025 21:35:52,2,4,1,PRD,117.46713,0.71655,-26.9,0.05741,0,FRONT EX1777,44.5,0,-0.23,3
DT3238,6/6/2025 21:35:55,2,4,1,PRD,117.46713,0.71656,-27,0.05926,0,FRONT EX1777,44.5,0,-0.23,3
DT3238,6/6/2025 21:35:58,2,4,1,PRD,117.46713,0.71656,-27.1,0.03519,0,FRONT EX1777,44.5,0,-0.23,3
DT3238,6/6/2025 21:36:01,2,4,1,PRD,117.46713,0.71657,-28,0.08519,0,FRONT EX1777,56.1,0,-0.39,3
DT3238,6/6/2025 21:36:04,2,4,1,PRD,117.46713,0.71657,-28.8,0.06667,0,FRONT EX1777,56.1,0,-0.39,3
DT3238,6/6/2025 21:36:07,2,4,1,PRD,117.46712,0.71657,-29.3,0.12779,0,FRONT EX1777,55.7,0,-0.38,3
DT3238,6/6/2025 21:36:10,2,4,1,PRD,117.46712,0.71658,-29.7,0.15001,0,FRONT EX1777,55.7,0,-0.39,3
DT3238,6/6/2025 21:36:13,2,4,1,PRD,117.46712,0.71658,-30.1,0.02408,0,FRONT EX1777,55.6,0,-0.39,3
DT3238,6/6/2025 21:36:16,2,4,1,PRD,117.46712,0.71658,-30.4,0.10001,0,FRONT EX1777,55.6,0,-0.39,3
DT3238,6/6/2025 21:36:19,2,4,1,PRD,117.46712,0.71658,-30.6,0.07038,0,FRONT EX1777,55.6,0,-0.39,3
DT3238,6/6/2025 21:36:22,2,4,1,PRD,117.46712,0.71658,-30.9,0.17038,0,FRONT EX1777,58.2,0,-0.38,3
DT3238,6/6/2025 21:36:25,2,4,1,PRD,117.46713,0.71658,-31.2,0.20742,0,FRONT EX1777,58.2,0,-0.38,3
DT3238,6/6/2025 21:36:28,2,4,1,PRD,117.46713,0.71659,-31,0.03334,0,FRONT EX1777,53.1,0,-0.52,3
DT3238,6/6/2025 21:36:31,2,4,1,PRD,117.46713,0.71659,-30.7,0.19076,0,FRONT EX1777,53.1,0,-0.52,3
DT3238,6/6/2025 21:36:34,2,4,1,PRD,117.46713,0.71659,-30.5,0.05,0,FRONT EX1777,65.5,0,-0.52,3
DT3238,6/6/2025 21:36:37,2,4,1,PRD,117.46713,0.71659,-30.5,0.02778,0,FRONT EX1777,65.5,0,-0.52,3
DT3238,6/6/2025 21:36:40,2,4,1,PRD,117.46713,0.71659,-30.4,0.08519,0,FRONT EX1777,60.8,0,-0.52,3
DT3238,6/6/2025 21:36:43,2,4,1,PRD,117.46713,0.71659,-30.1,0.19261,0,FRONT EX1777,60.8,0,-0.52,3
DT3238,6/6/2025 21:36:46,2,4,1,PRD,117.46712,0.71659,-28,0.0463,0,FRONT EX1777,71,0,-0.53,3
DT3238,6/6/2025 21:36:49,2,4,1,PRD,117.46712,0.71659,-27.4,0.02222,0,FRONT EX1777,71,0,-0.53,3
DT3238,6/6/2025 21:36:52,2,4,1,PRD,117.46711,0.71659,-27.3,0.03519,0,FRONT EX1777,55,0,-0.52,3
DT3238,6/6/2025 21:36:55,2,4,1,PRD,117.46711,0.71659,-27.1,0.01852,0,FRONT EX1777,55,0,-0.52,3
DT3238,6/6/2025 21:36:58,2,4,1,PRD,117.46711,0.71659,-26.4,0.08519,0,FRONT EX1777,55,0,-0.52,3
DT3238,6/6/2025 21:37:01,2,4,1,PRD,117.46711,0.71659,-26.3,0.18335,0,FRONT EX1777,55,0,-0.52,3
DT3238,6/6/2025 21:37:04,2,4,1,PRD,117.46711,0.71659,-26.3,0.05186,0,FRONT EX1777,63.8,0,-0.5,3
DT3238,6/6/2025 21:37:07,2,4,1,PRD,117.46711,0.71659,-26.5,0.06112,0,FRONT EX1777,63.8,0,-0.5,3
DT3238,6/6/2025 21:37:10,2,4,1,PRD,117.46711,0.71659,-27.2,0.03889,0,FRONT EX1777,63.8,0,-0.5,3
DT3238,6/6/2025 21:37:13,2,4,1,PRD,117.4671,0.71659,-27.8,0.0889,0,FRONT EX1777,63.8,0,-0.5,3
DT3238,6/6/2025 21:37:16,2,4,1,PRD,117.4671,0.71659,-28.9,0.06667,0,FRONT EX1777,77.3,0,-0.61,3
DT3238,6/6/2025 21:37:19,2,4,1,PRD,117.46711,0.71659,-29.8,0.02963,0,FRONT EX1777,77.3,0,-0.61,3
DT3238,6/6/2025 21:37:22,2,4,1,PRD,117.46711,0.71658,-30.2,0.07408,0,FRONT EX1777,76.7,0,-0.6,3
DT3238,6/6/2025 21:37:25,2,4,1,PRD,117.46711,0.71658,-30.5,0.05371,0,FRONT EX1777,76.7,0,-0.6,3
DT3238,6/6/2025 21:37:28,2,4,1,PRD,117.46711,0.71658,-30.8,0.04445,0,FRONT EX1777,76.3,0,-0.6,3
DT3238,6/6/2025 21:37:31,2,4,1,PRD,117.46711,0.71658,-31.1,0.05926,0,FRONT EX1777,76.2,0,-0.6,3
DT3238,6/6/2025 21:37:34,2,4,1,PRD,117.46711,0.71658,-31.6,0.03148,0,FRONT EX1777,76.1,0,-0.6,3
DT3238,6/6/2025 21:37:37,2,4,1,PRD,117.46711,0.71658,-31.9,0.01852,0,FRONT EX1777,76,0,-0.6,3
DT3238,6/6/2025 21:37:40,2,4,1,PRD,117.46711,0.71657,-31.9,0.10556,0,FRONT EX1777,76.4,0,-0.58,3
DT3238,6/6/2025 21:37:43,2,4,1,PRD,117.46711,0.71657,-32.7,0.03519,0,FRONT EX1777,82.8,0,-0.74,3
DT3238,6/6/2025 21:37:46,2,4,1,PRD,117.46711,0.71657,-33.3,0.00556,0,FRONT EX1777,79.3,0,-0.78,3
DT3238,6/6/2025 21:37:49,2,4,1,PRD,117.46711,0.71657,-33.6,0.06852,0,FRONT EX1777,80.2,0,-0.77,3
DT3238,6/6/2025 21:37:52,2,4,1,PRD,117.46711,0.71657,-33.2,0.02963,0,FRONT EX1777,91.2,0,-0.77,3
DT3238,6/6/2025 21:37:55,2,4,1,PRD,117.46712,0.71657,-32.9,0.01667,0,FRONT EX1777,82.5,0,-0.76,3
DT3238,6/6/2025 21:37:58,2,4,1,PRD,117.46712,0.71657,-32.4,0.07223,0,FRONT EX1777,82.5,0,-0.76,3
DT3238,6/6/2025 21:38:01,2,4,1,PRD,117.46712,0.71657,-31.5,0.09075,0,FRONT EX1777,80,0,-0.76,3
DT3238,6/6/2025 21:38:04,2,4,1,PRD,117.46712,0.71657,-30.7,0.03704,0,FRONT EX1777,80,0,-0.76,3
DT3238,6/6/2025 21:38:07,2,4,1,PRD,117.46712,0.71658,-30.2,0.01667,0,FRONT EX1777,91.4,0,-0.76,3
DT3238,6/6/2025 21:38:10,2,4,1,PRD,117.46712,0.71658,-30.2,0.02593,0,FRONT EX1777,91.4,0,-0.76,3
DT3238,6/6/2025 21:38:13,2,4,1,PRD,117.46712,0.71658,-30.1,0.02778,0,FRONT EX1777,89.5,0,-0.75,3
DT3238,6/6/2025 21:38:16,2,4,1,PRD,117.46712,0.71658,-30.6,0.05926,0,FRONT EX1777,89.5,0,-0.75,3
DT3238,6/6/2025 21:38:19,2,4,1,PRD,117.46712,0.71659,-30.8,0.05,0,FRONT EX1777,80.1,0,-0.74,3
DT3238,6/6/2025 21:38:22,2,4,1,PRD,117.46712,0.71659,-30.9,0.06297,0,FRONT EX1777,80.1,0,-0.74,3
DT3238,6/6/2025 21:38:25,2,4,1,PRD,117.46712,0.71659,-30.8,0.03889,0,FRONT EX1777,102.8,0,-0.71,3
DT3238,6/6/2025 21:38:28,2,4,1,PRD,117.46711,0.71659,-31,0.0463,0,FRONT EX1777,102.8,0,-0.71,3
DT3238,6/6/2025 21:38:31,2,4,1,PRD,117.46711,0.71659,-31.2,0.01667,0,FRONT EX1777,102,0,-0.69,3
DT3238,6/6/2025 21:38:34,2,4,1,PRD,117.46711,0.71659,-31.7,0.10186,0,FRONT EX1777,102,0,-0.69,3
DT3238,6/6/2025 21:38:37,2,4,1,PRD,117.46711,0.71659,-32,0.02037,0,FRONT EX1777,101.5,0,-0.69,3
DT3238,6/6/2025 21:38:40,2,4,1,PRD,117.46712,0.71659,-31.9,0.02778,0,FRONT EX1777,101.5,0,-0.69,3
DT3238,6/6/2025 21:38:43,2,4,1,PRD,117.46712,0.71659,-31.7,0.02963,0,FRONT EX1777,101.3,0,-0.69,3
DT3238,6/6/2025 21:38:46,2,4,1,PRD,117.46712,0.71659,-31.7,0.1352,0,FRONT EX1777,101.2,0,-0.69,3
DT3238,6/6/2025 21:38:49,2,4,1,PRD,117.46713,0.71658,-31.9,0.05556,0,FRONT EX1777,101.2,0,-0.69,3
DT3238,6/6/2025 21:38:52,2,4,1,PRD,117.46714,0.71658,-31.6,0.02037,0,FRONT EX1777,104.3,0,-0.67,3
DT3238,6/6/2025 21:38:55,2,4,1,PRD,117.46714,0.71658,-31.2,1.23343,214.53,FRONT EX1777,113,0,-0.5,3
DT3238,6/6/2025 21:38:58,2,4,1,PRD,117.46714,0.71655,-30.6,6.47089,181.84,FRONT EX1777,113,0,-0.5,3
DT3238,6/6/2025 21:39:01,2,4,1,PRD,117.46713,0.7165,-30.9,7.18946,174.5,FRONT EX1777,113,0,-0.5,3
DT3238,6/6/2025 21:39:04,2,4,1,PRD,117.46714,0.71645,-31.6,6.51904,177.37,FRONT EX1777,105.9,7,2.41,3
DT3238,6/6/2025 21:39:07,2,4,1,PRD,117.46714,0.7164,-32,7.51171,178.08,FRONT EX1777,105.6,6,1.9,3
DT3238,6/6/2025 21:39:10,2,4,1,PRD,117.46714,0.71634,-32.7,7.12279,179.81,FRONT EX1777,102.9,8,1.09,3
DT3238,6/6/2025 21:39:13,2,4,1,PRD,117.46714,0.71629,-33.6,7.90989,177.97,FRONT EX1777,107.7,7,1.46,3
DT3238,6/6/2025 21:39:16,2,4,1,PRD,117.46714,0.71623,-34.4,8.13954,169.93,FRONT EX1777,106.5,8,3.08,3
DT3238,6/6/2025 21:39:19,2,4,1,PRD,117.46715,0.71616,-34.7,9.5841,173.47,FRONT EX1777,105,9,0.38,3
DT3238,6/6/2025 21:39:22,2,4,1,PRD,117.46716,0.71609,-36.2,7.40985,159.49,FRONT EX1777,102.6,9,-2.3,3
DT3238,6/6/2025 21:39:25,2,4,1,PRD,117.46718,0.71603,-37.4,7.94693,165.83,FRONT EX1777,103.1,8,-2.31,3
DT3238,6/6/2025 21:39:28,2,4,1,PRD,117.46722,0.71597,-38,9.95635,146.35,FRONT EX1777,104.5,8,-0.65,3
DT3238,6/6/2025 21:39:31,2,4,1,PRD,117.46726,0.7159,-39.7,9.90635,155.26,IN FRONT EX1777,104.5,8,-0.65,3
DT3238,6/6/2025 21:39:35,2,5,1,PRD,117.46728,0.71583,-41.3,8.84145,164.6,IN FRONT EX1777,103.7,11,0.67,3
DT3238,6/6/2025 21:39:37,2,5,1,PRD,117.4673,0.71575,-40.8,11.84169,173.54,IN FRONT EX1777,103.7,11,0.67,3
DT3238,6/6/2025 21:39:40,2,5,1,PRD,117.46732,0.71564,-41.7,14.30855,170.51,IN FRONT EX1777,107,13,2.43,3
DT3238,6/6/2025 21:39:43,2,5,1,PRD,117.46733,0.71554,-42.8,14.16595,170.88,IN FRONT EX1777,107,13,2.43,3
DT3238,6/6/2025 21:39:46,2,5,1,PRD,117.46735,0.71544,-43.3,12.49544,168.71,IN FRONT EX1777,107.5,14,1.72,3
DT3238,6/6/2025 21:39:49,2,5,1,PRD,117.46738,0.71533,-43.9,13.51404,168.52,IN FRONT EX1777,107.5,14,1.72,3
DT3238,6/6/2025 21:39:52,2,5,1,PRD,117.4674,0.71524,-44.8,12.53989,162.54,IN FRONT EX1777,107.1,14,0.27,3
DT3238,6/6/2025 21:39:55,2,5,1,PRD,117.46744,0.71515,-46.2,10.93421,150.35,IN FRONT EX1777,107.2,13,0.6,3
DT3238,6/6/2025 21:39:58,2,5,1,PRD,117.46749,0.71508,-46.4,11.36758,151.77,IN FRONT EX1777,105.6,11,2.48,4
DT3238,6/6/2025 21:40:01,2,5,1,PRD,117.46753,0.71499,-47.2,13.014,153.19,IN FRONT EX1777,105.6,11,2.48,4
DT3238,6/6/2025 21:40:04,2,5,1,PRD,117.46757,0.71489,-46.4,13.76221,163,IN FRONT EX1777,105.1,13,2.18,4
DT3238,6/6/2025 21:40:07,2,5,1,PRD,117.4676,0.71478,-46.9,14.57709,172.49,IN FRONT EX1777,105.1,13,2.18,4
DT3238,6/6/2025 21:40:10,2,5,1,PRD,117.46761,0.71468,-46.6,13.32329,179.23,IN FRONT EX1777,105.1,13,2.61,4
DT3238,6/6/2025 21:40:13,2,5,1,PRD,117.46761,0.71458,-46.5,10.96199,179.48,IN FRONT EX1777,105.1,13,2.61,4
DT3238,6/6/2025 21:40:16,2,5,1,PRD,117.4676,0.7145,-46.1,9.48224,182.09,IN FRONT EX1777,99.3,13,3,4
DT3238,6/6/2025 21:40:19,2,5,1,PRD,117.46761,0.71443,-47.1,10.25452,177.75,IN FRONT EX1777,99.3,13,3,4
DT3238,6/6/2025 21:40:22,2,5,1,PRD,117.46763,0.71435,-47,12.02318,168.88,IN FRONT EX1777,95,9,-0.15,4
DT3238,6/6/2025 21:40:25,2,5,1,PRD,117.46765,0.71425,-47.1,13.82148,163.86,IN FRONT EX1777,105,11,-1.59,4
DT3238,6/6/2025 21:40:28,2,5,1,PRD,117.46769,0.71416,-49.1,12.89548,159.77,IN FRONT EX1777,107.1,14,0.74,4
DT3238,6/6/2025 21:40:31,2,5,1,PRD,117.46773,0.71407,-49.1,12.21024,155.41,IN FRONT EX1777,102.7,14,0.37,4
DT3238,6/6/2025 21:40:34,2,5,1,PRD,117.46776,0.71401,-48.8,7.16354,154.54,IN FRONT EX1777,102.7,14,0.37,4
DT3238,6/6/2025 21:40:37,2,5,1,PRD,117.46779,0.71396,-49.2,8.0562,153.53,IN FRONT EX1777,106,7,1.25,4
DT3238,6/6/2025 21:40:40,2,5,1,PRD,117.46781,0.71391,-48.8,5.59674,159.72,IN FRONT EX1777,106.4,8,3.74,4
DT3238,6/6/2025 21:40:43,2,5,1,PRD,117.46783,0.71387,-48.2,4.66148,158.42,IN FRONT EX1777,103,6,0.74,4
DT3238,6/6/2025 21:40:46,2,5,1,PRD,117.46784,0.71384,-49,4.15589,160.93,IN FRONT EX1777,106,4,0.33,4
DT3238,6/6/2025 21:40:49,2,5,1,PRD,117.46786,0.71381,-49.2,2.37612,158.07,IN FRONT EX1777,107.3,4,1.11,4
DT3238,6/6/2025 21:40:52,2,5,1,PRD,117.46786,0.7138,-48.7,0.67042,152.83,IN FRONT EX1777,106.2,2,-0.41,4
DT3238,6/6/2025 21:40:55,2,5,1,PRD,117.46787,0.71379,-48.9,2.56502,159.45,IN FRONT EX1777,104.5,0,0.81,5
DT3238,6/6/2025 21:40:58,2,5,1,PRD,117.46789,0.71376,-49.1,6.08567,159.49,IN FRONT EX1777,104.5,0,0.81,5
DT3238,6/6/2025 21:41:01,2,5,1,PRD,117.46791,0.71372,-49.4,6.32273,156.06,IN FRONT EX1777,107.9,5,4.59,4
DT3238,6/6/2025 21:41:04,2,5,1,PRD,117.46793,0.71367,-49,7.72654,155.31,IN FRONT EX1777,107.9,5,4.59,4
DT3238,6/6/2025 21:41:07,2,5,1,PRD,117.46796,0.71361,-49.9,9.00442,159.3,IN FRONT EX1777,106.8,8,3.61,4
DT3238,6/6/2025 21:41:10,2,5,1,PRD,117.46798,0.71354,-50.6,10.32305,161.35,IN FRONT EX1777,106.7,10,2.53,4
DT3238,6/6/2025 21:41:13,2,5,1,PRD,117.46801,0.71345,-49.8,11.73798,164.3,IN FRONT EX1777,104.3,11,0.19,4
DT3238,6/6/2025 21:41:16,2,5,1,PRD,117.46804,0.71337,-49.9,13.0603,159.97,IN FRONT EX1777,104.3,11,0.19,4
DT3238,6/6/2025 21:41:19,2,5,1,PRD,117.46807,0.71327,-50.1,13.78999,164.23,IN FRONT EX1777,105.6,13,-0.68,4
DT3238,6/6/2025 21:41:22,2,5,1,PRD,117.4681,0.71318,-50.3,12.95844,164.61,IN FRONT EX1777,105.6,13,-0.68,4
DT3238,6/6/2025 21:41:25,2,5,1,PRD,117.46813,0.71309,-50,9.93228,153.97,IN FRONT EX1777,102.3,13,0.64,4
DT3238,6/6/2025 21:41:28,2,5,1,PRD,117.46817,0.71301,-49.8,10.91384,160.31,IN FRONT EX1777,102.3,13,0.64,4
DT3238,6/6/2025 21:41:31,2,5,1,PRD,117.4682,0.71293,-50.4,12.39358,157.71,IN FRONT EX1777,105.7,12,2.4,4
DT3238,6/6/2025 21:41:34,2,5,1,PRD,117.46824,0.71285,-49.9,10.22489,153.93,IN FRONT EX1777,105.7,12,2.4,4
DT3238,6/6/2025 21:41:37,2,5,1,PRD,117.46828,0.71279,-49.5,7.89508,135.61,IN FRONT EX1777,104.3,13,2.15,4
DT3238,6/6/2025 21:41:40,2,5,1,PRD,117.46832,0.71275,-48.4,6.60608,130.21,IN FRONT EX1777,104.4,10,4.77,4
DT3238,6/6/2025 21:41:43,2,5,1,PRD,117.46835,0.71273,-46.7,5.96344,124.35,IN FRONT EX1777,104.6,8,6.83,4
DT3238,6/6/2025 21:41:46,2,5,1,PRD,117.46839,0.71271,-45.8,5.76342,110.47,IN FRONT EX1777,104.6,8,8.48,4
DT3238,6/6/2025 21:41:49,2,5,1,PRD,117.46844,0.71271,-45.9,5.64675,100.63,IN FRONT EX1777,99.8,6,3.73,4
DT3238,6/6/2025 21:41:52,2,5,1,PRD,117.46848,0.71271,-45.5,6.37088,88.17,IN FRONT EX1777,106.6,6,3.16,4
DT3238,6/6/2025 21:41:55,2,5,1,PRD,117.46854,0.71272,-46.7,8.4229,88.24,IN FRONT EX1777,103.4,7,3.09,4
DT3238,6/6/2025 21:41:58,2,5,1,PRD,117.46862,0.71272,-46.8,11.3435,92.08,IN FRONT EX1777,99.4,8,-1.62,4
DT3238,6/6/2025 21:42:01,2,5,1,PRD,117.4687,0.71271,-47.1,10.05451,101.54,IN FRONT EX1777,105.7,12,-2.2,4
DT3238,6/6/2025 21:42:04,2,5,1,PRD,117.46877,0.71269,-45.9,10.33046,107.6,IN FRONT EX1777,104.9,11,0.21,4
DT3238,6/6/2025 21:42:07,2,5,1,PRD,117.46885,0.71266,-46.8,10.53973,115.23,IN FRONT EX1777,106.4,10,4.44,4
DT3238,6/6/2025 21:42:10,2,5,1,PRD,117.46892,0.71262,-46,10.61566,115.5,IN FRONT EX1777,104.1,11,3.24,4
DT3238,6/6/2025 21:42:13,2,5,1,PRD,117.469,0.71259,-45.2,10.40083,119.21,IN FRONT EX1777,100,11,4.6,4
DT3238,6/6/2025 21:42:16,2,5,1,PRD,117.46907,0.71255,-45,10.28971,124.5,JL. RANGKONG 09,107.4,10,5.85,4
DT3238,6/6/2025 21:42:19,2,5,1,PRD,117.46913,0.7125,-44.7,11.21016,132.14,JL. RANGKONG 09,107.1,10,5.78,4
DT3238,6/6/2025 21:42:22,2,5,1,PRD,117.46919,0.71245,-44,7.78951,129.88,JL. RANGKONG 09,105,11,6.16,4
DT3238,6/6/2025 21:42:25,2,5,1,PRD,117.46921,0.71244,-42.6,3.77438,125.86,JL. RANGKONG 09,105,11,6.16,4
DT3238,6/6/2025 21:42:28,2,5,1,PRD,117.46925,0.71241,-40.7,6.20235,124.76,JL. RANGKONG 09,106.3,4,5.63,4
DT3238,6/6/2025 21:42:31,2,5,1,PRD,117.46928,0.71239,-38.8,4.45036,120.62,JL. RANGKONG 09,103.7,6,11.24,4
DT3238,6/6/2025 21:42:34,2,5,1,PRD,117.46932,0.71237,-36.2,5.91158,120.59,JL. RANGKONG 09,106.2,5,9.37,4
DT3238,6/6/2025 21:42:37,2,5,1,PRD,117.46936,0.71234,-35.1,6.64683,124.85,JL. RANGKONG 09,106.2,5,9.37,4
DT3238,6/6/2025 21:42:40,2,5,1,PRD,117.4694,0.71231,-33.8,7.04686,125.35,JL. RANGKONG 09,101.4,6,10.5,4
DT3238,6/6/2025 21:42:43,2,5,1,PRD,117.46945,0.71229,-32.9,6.79869,108.9,JL. RANGKONG 09,101.4,6,10.5,4
DT3238,6/6/2025 21:42:46,2,5,1,PRD,117.46951,0.71228,-32.1,7.45245,99.52,JL. RANGKONG 09,94.1,8,10.99,4
DT3238,6/6/2025 21:42:49,2,5,1,PRD,117.46957,0.71227,-32,8.31918,102.25,JL. RANGKONG 09,102.8,8,11.14,4
DT3238,6/6/2025 21:42:52,2,5,1,PRD,117.46962,0.71225,-31.8,7.76914,119.85,JL. RANGKONG 09,96.7,8,12.27,4
DT3238,6/6/2025 21:42:55,2,5,1,PRD,117.46967,0.71221,-30.6,7.70062,128.51,JL. RANGKONG 09,96.7,8,12.27,4
DT3238,6/6/2025 21:42:58,2,5,1,PRD,117.46971,0.71216,-29.7,9.13592,145.23,JL. RANGKONG 09,92.5,8,11.12,4
DT3238,6/6/2025 21:43:01,2,5,1,PRD,117.46973,0.71209,-30.1,11.16941,165.93,JL. RANGKONG 09,92.5,8,11.12,4
DT3238,6/6/2025 21:43:04,2,5,1,PRD,117.46974,0.71199,-31.1,13.32144,176.3,JL. RANGKONG 09,103.5,10,8.68,4
DT3238,6/6/2025 21:43:07,2,5,1,PRD,117.46974,0.7119,-31.7,11.73983,177.32,JL. RANGKONG 08,103.5,10,8.68,4
DT3238,6/6/2025 21:43:10,2,5,1,PRD,117.46976,0.71179,-33,13.96778,173.76,JL. RANGKONG 08,105,13,2.4,4
DT3238,6/6/2025 21:43:13,2,5,1,PRD,117.46978,0.71169,-35.6,13.30477,171.88,JL. RANGKONG 08,107.8,14,3.42,4
DT3238,6/6/2025 21:43:16,2,5,1,PRD,117.4698,0.71159,-36.6,13.91408,170.01,JL. RANGKONG 08,108.1,14,5.5,4
DT3238,6/6/2025 21:43:19,2,5,1,PRD,117.46983,0.7115,-36.4,12.04356,160.87,JL. RANGKONG 08,103.6,14,6.09,4
DT3238,6/6/2025 21:43:22,2,5,1,PRD,117.46986,0.71142,-37.3,11.73427,156.13,JL. RANGKONG 08,104.9,12,3.31,4
DT3238,6/6/2025 21:43:25,2,5,1,PRD,117.4699,0.71133,-36.7,11.0657,160.76,JL. RANGKONG 04,108,12,4.74,4
DT3238,6/6/2025 21:43:28,2,5,1,PRD,117.46993,0.71124,-36.6,12.71768,160.39,JL. RANGKONG 04,104.8,12,5.68,4
DT3238,6/6/2025 21:43:31,2,5,1,PRD,117.46996,0.71113,-36.5,14.17521,168.24,JL. RANGKONG 04,101.5,15,4.61,4
DT3238,6/6/2025 21:43:34,2,5,1,PRD,117.46998,0.71102,-37.5,14.03075,174.74,JL. RANGKONG 04,101.5,15,4.61,4
DT3238,6/6/2025 21:43:37,2,5,1,PRD,117.47,0.71091,-38,14.47153,170.26,JL. RANGKONG 04,101.5,15,4.61,4
DT3238,6/6/2025 21:43:40,2,5,1,PRD,117.47002,0.71079,-38.1,16.2939,171.71,JL. RANGKONG 04,101.5,15,4.61,4
DT3238,6/6/2025 21:43:43,2,5,1,PRD,117.47003,0.71066,-38.2,16.86061,172.11,JL. RANGKONG 07,105.6,18,4.97,4
DT3238,6/6/2025 21:43:46,2,5,1,PRD,117.47004,0.71053,-36.4,16.95321,177.37,JL. RANGKONG 07,106.2,18,5.16,4
DT3238,6/6/2025 21:43:49,2,5,1,PRD,117.47005,0.71041,-36,15.08639,177.32,JL. RANGKONG 07,106.5,18,5.36,4
DT3238,6/6/2025 21:43:52,2,5,1,PRD,117.47006,0.71028,-34.3,15.43086,180.9,JL. RANGKONG 07,107.7,17,5.72,4
DT3238,6/6/2025 21:43:55,2,5,1,PRD,117.47005,0.71016,-34.1,16.62911,182.09,JL. RANGKONG 07,106.4,17,6.86,4
DT3238,6/6/2025 21:43:58,2,5,1,PRD,117.47005,0.71001,-33.7,18.47555,184.64,JL. RANGKONG 07,106.4,17,6.86,4
DT3238,6/6/2025 21:44:01,2,5,1,PRD,117.47004,0.70987,-33.5,18.62556,183.98,JL. RANGKONG 07,107.8,19,5.41,4
DT3238,6/6/2025 21:44:04,2,5,1,PRD,117.47003,0.70973,-32.5,16.18278,183.22,JL. RANGKONG 07,107.8,19,5.41,4
DT3238,6/6/2025 21:44:07,2,5,1,PRD,117.47003,0.70962,-31.3,12.29913,180.56,JL. RANGKONG 07,107.8,19,5.41,4
DT3238,6/6/2025 21:44:10,2,5,1,PRD,117.47003,0.70952,-30.6,11.73983,175.21,JL. RANGKONG 07,107.8,19,5.41,4
DT3238,6/6/2025 21:44:13,2,5,1,PRD,117.47005,0.70942,-30.4,14.19002,170.71,JL. RANGKONG 07,98.1,11,7.39,4
DT3238,6/6/2025 21:44:16,2,5,1,PRD,117.47005,0.70931,-29.6,14.49746,181.67,JL. RANGKONG 07,98.1,11,7.39,4
DT3238,6/6/2025 21:44:19,2,5,1,PRD,117.47005,0.70919,-29.2,14.99194,181.63,JL. RANGKONG 07,106.8,15,6.27,4
DT3238,6/6/2025 21:44:22,2,5,1,PRD,117.47005,0.70908,-27,12.95474,183.91,JL. RANGKONG 07,106.8,15,6.27,4
DT3238,6/6/2025 21:44:25,2,5,1,PRD,117.47005,0.70899,-25.2,9.13221,181.02,JL. RANGKONG 07,106.6,14,7.53,4
DT3238,6/6/2025 21:44:28,2,5,1,PRD,117.47005,0.70892,-24.5,9.02665,181.79,JL. RANGKONG 07,106.6,14,7.53,4
DT3238,6/6/2025 21:44:31,2,5,1,PRD,117.47006,0.70885,-22.2,8.49698,180.27,JL. RANGKONG 07,101.7,9,8.45,4
DT3238,6/6/2025 21:44:34,2,5,1,PRD,117.47006,0.70878,-20.7,8.50253,179.01,JL. RANGKONG 07,103,9,9.91,4
DT3238,6/6/2025 21:44:37,2,5,1,PRD,117.47006,0.70871,-19.7,8.98961,177.59,JL. RANGKONG 07,103,9,9.91,4
DT3238,6/6/2025 21:44:40,2,5,1,PRD,117.47007,0.70864,-18.6,8.85256,176.03,JL. RANGKONG 07,104.8,9,9.91,4
DT3238,6/6/2025 21:44:43,2,5,1,PRD,117.47008,0.70857,-16.6,8.74144,175.97,JL. RANGKONG 07,103.1,9,10.58,4
DT3238,6/6/2025 21:44:46,2,5,1,PRD,117.47008,0.7085,-15.5,8.99516,177.92,JL. RANGKONG 07,104.3,9,10.28,4
DT3238,6/6/2025 21:44:49,2,5,1,PRD,117.47008,0.70843,-15.8,11.03607,184.85,JL. RANGKONG 07,100.6,9,9.51,4
DT3238,6/6/2025 21:44:52,2,5,1,PRD,117.47007,0.70833,-16.4,13.09179,189.97,JL. RANGKONG 07,101.1,12,7.66,4
DT3238,6/6/2025 21:44:55,2,5,1,PRD,117.47005,0.70822,-16.7,14.403,195.09,JL. RANGKONG 07,102.7,13,7.56,4
DT3238,6/6/2025 21:44:58,2,5,1,PRD,117.47001,0.70812,-16.4,14.7697,198.91,JL. RANGKONG 07,106.3,15,6.96,4
DT3238,6/6/2025 21:45:01,2,5,1,PRD,117.46998,0.70801,-14.3,14.85304,203.8,JL. RANGKONG 06,106.2,15,7.4,4
DT3238,6/6/2025 21:45:04,2,5,1,PRD,117.46993,0.70791,-13.6,13.97334,206.01,JL. RANGKONG 06,106.2,15,7.4,4
DT3238,6/6/2025 21:45:07,2,5,1,PRD,117.46989,0.70781,-15.2,12.94178,204.03,JL. RANGKONG 06,106.6,13,5.33,4
DT3238,6/6/2025 21:45:10,2,5,1,PRD,117.46985,0.70773,-15.4,12.43803,203.42,JL. RANGKONG 01,106.6,13,5.33,4
DT3238,6/6/2025 21:45:13,2,5,1,PRD,117.46981,0.70762,-15.6,13.62331,200.6,JL. RANGKONG 01,101,13,3.31,4
DT3238,6/6/2025 21:45:16,2,5,1,PRD,117.46978,0.70752,-17.2,13.99556,196.92,JL. RANGKONG 01,101,13,3.31,4
DT3238,6/6/2025 21:45:19,2,5,1,PRD,117.46976,0.70741,-17.3,13.3844,184.21,JL. RANGKONG 01,102.8,15,0.96,4
DT3238,6/6/2025 21:45:22,2,5,1,PRD,117.46977,0.70731,-17.3,12.4084,175.16,JL. RANGKONG 01,102.8,15,0.96,4
DT3238,6/6/2025 21:45:25,2,5,1,PRD,117.46979,0.7072,-16.1,14.5419,163.18,JL. RANGKONG 01,102.9,15,4.49,4
DT3238,6/6/2025 21:45:28,2,5,1,PRD,117.46983,0.7071,-14.1,14.1678,158.39,JL. RANGKONG 01,102.9,15,4.49,4
DT3238,6/6/2025 21:45:31,2,5,1,PRD,117.46987,0.70699,-12.8,14.83452,160.87,JL. RANGKONG 01,102.3,15,6.91,4
DT3238,6/6/2025 21:45:34,2,5,1,PRD,117.46991,0.70689,-12.2,12.9677,162.5,JL. RANGKONG 01,102.3,15,6.91,4
DT3238,6/6/2025 21:45:37,2,5,1,PRD,117.46993,0.7068,-12.2,10.23415,161.92,JL. RO BANGAU NEW 02,105.3,12,2.32,4
DT3238,6/6/2025 21:45:40,2,5,1,PRD,117.46995,0.70673,-12.1,10.75086,168.78,JL. RO BANGAU NEW 02,103.4,11,4.28,4
DT3238,6/6/2025 21:45:43,2,5,1,PRD,117.46997,0.70664,-12.4,11.988,169.57,JL. RO BANGAU NEW 02,101.9,11,7.83,4
DT3238,6/6/2025 21:45:46,2,5,1,PRD,117.47,0.70656,-11.3,11.31572,161.32,JL. RO BANGAU NEW 02,105.8,12,5.56,4
DT3238,6/6/2025 21:45:49,2,5,1,PRD,117.47004,0.70647,-10.5,10.44343,151.92,JL. RO BANGAU NEW 02,105.7,11,6.56,4
DT3238,6/6/2025 21:45:52,2,5,1,PRD,117.47008,0.70639,-10,12.60656,151.17,JL. RO BANGAU NEW 02,106.3,12,7.52,4
DT3238,6/6/2025 21:45:55,2,5,1,PRD,117.47013,0.7063,-9.2,13.48441,150.97,JL. RO BANGAU NEW 02,106.1,13,7.85,4
DT3238,6/6/2025 21:45:58,2,5,1,PRD,117.47018,0.70621,-7.7,13.07142,147.65,JL. RO BANGAU NEW 02,106.5,13,7.73,4
DT3238,6/6/2025 21:46:01,2,5,1,PRD,117.47025,0.70614,-6.4,11.68427,122,JL. RO BANGAU NEW 02,106.5,14,5.38,4
DT3238,6/6/2025 21:46:04,2,5,1,PRD,117.47033,0.70612,-4.7,9.71004,96.52,JL. RO BANGAU NEW 02,104.2,13,7.1,4
DT3238,6/6/2025 21:46:07,2,5,1,PRD,117.4704,0.70614,-3.8,10.08044,63.59,JL. RO BANGAU NEW 02,105.8,10,7.1,4
DT3238,6/6/2025 21:46:10,2,5,1,PRD,117.47045,0.70618,-2.6,9.38038,42.16,JL. RO BANGAU NEW 02,100.2,10,8.6,4
DT3238,6/6/2025 21:46:13,2,5,1,PRD,117.47048,0.70625,-2.5,12.16949,13.32,JL. RO  BANGAU NEW 01,103.2,11,8.07,4
DT3238,6/6/2025 21:46:16,2,5,1,PRD,117.47049,0.70635,-2,12.78621,0.66,JL. RO  BANGAU NEW 01,100.4,13,5.31,4
DT3238,6/6/2025 21:46:19,2,5,1,PRD,117.47049,0.70646,-3.5,14.99935,4.34,JL. RO  BANGAU NEW 01,105.8,14,7.03,4
DT3238,6/6/2025 21:46:22,2,5,1,PRD,117.47051,0.70657,-3.8,13.66035,5.47,JL. RO  BANGAU NEW 01,105.8,14,7.03,4
DT3238,6/6/2025 21:46:25,2,5,1,PRD,117.47052,0.70667,-2.9,12.83436,8.04,JL. RO  BANGAU NEW 01,105.8,14,7.03,4
DT3238,6/6/2025 21:46:28,2,5,1,PRD,117.47053,0.70676,-3.2,12.53248,5.23,JL. RO  BANGAU NEW 01,105.8,12,7.05,4
DT3238,6/6/2025 21:46:31,2,5,1,PRD,117.47055,0.70686,-2.7,13.68072,10.08,JL. RO  BANGAU NEW 01,105.8,12,7.05,4
DT3238,6/6/2025 21:46:34,2,5,1,PRD,117.47057,0.70697,-2.5,13.87148,11.78,JL. RO  BANGAU NEW 01,105.7,14,6.72,4
DT3238,6/6/2025 21:46:37,2,5,1,PRD,117.4706,0.70707,-2.3,13.2455,20.12,JL. RO  BANGAU NEW 01,105.7,14,6.72,4
DT3238,6/6/2025 21:46:40,2,5,1,PRD,117.47064,0.70715,-1.6,10.66567,25.57,JL. RO  BANGAU NEW 01,104.9,15,5.38,4
DT3238,6/6/2025 21:46:43,2,5,1,PRD,117.47067,0.70723,-0.5,10.90458,20.02,JL. RO  BANGAU NEW 01,104.9,15,5.38,4
DT3238,6/6/2025 21:46:46,2,5,1,PRD,117.47069,0.70731,1.1,10.91013,20.22,JL. RO BEO 02,101.1,11,8.63,4
DT3238,6/6/2025 21:46:49,2,5,1,PRD,117.47072,0.7074,1.6,11.21386,19.22,JL. RO BEO 02,101.1,11,8.63,4
DT3238,6/6/2025 21:46:52,2,5,1,PRD,117.47074,0.70748,2.6,11.58426,21.25,JL. RO BEO 02,101.6,11,8.54,4
DT3238,6/6/2025 21:46:55,2,5,1,PRD,117.47077,0.70757,3.1,12.41766,20.83,JL. RO BEO 02,104.7,12,8.21,4
DT3238,6/6/2025 21:46:58,2,5,1,PRD,117.47081,0.70766,4.3,13.03623,21.65,JL. RO BEO 02,105.2,12,8.36,4
DT3238,6/6/2025 21:47:01,2,5,1,PRD,117.47084,0.70776,5.6,13.25476,22.85,JL. RO BEO 02,105.8,13,7.57,4
DT3238,6/6/2025 21:47:04,2,5,1,PRD,117.47087,0.70786,6.9,13.13253,22.49,JL. RO BEO 02,106.6,13,7.51,4
DT3238,6/6/2025 21:47:07,2,5,1,PRD,117.47091,0.70795,7.9,13.12512,20.16,JL. RO BEO 02,106,13,7.69,4
DT3238,6/6/2025 21:47:10,2,5,1,PRD,117.47094,0.70805,9.2,13.16957,19.21,JL. RO BEO 02,104.8,13,7.78,4
DT3238,6/6/2025 21:47:13,2,5,1,PRD,117.47097,0.70815,10.2,13.06586,20.99,JL. RO BEO 02,106.6,13,7.64,4
DT3238,6/6/2025 21:47:16,2,5,1,PRD,117.47101,0.70823,10.7,12.61582,22.66,JL. RO BEO 02,107.7,13,7.98,4
DT3238,6/6/2025 21:47:19,2,5,1,PRD,117.47105,0.70832,10.7,11.91392,25.29,JL. RO BEO 02,106.1,13,8.47,4
DT3238,6/6/2025 21:47:22,2,5,1,PRD,117.47109,0.70839,11.4,12.1806,30.48,JL. RO BEO 02,106.5,12,8.61,4
DT3238,6/6/2025 21:47:25,2,5,1,PRD,117.47114,0.70847,12.9,12.70287,33.33,JL. RO BEO 02,105.7,12,8.72,4
DT3238,6/6/2025 21:47:28,2,5,1,PRD,117.4712,0.70855,13.7,12.90474,30.83,JL. RO BEO 02,105.7,12,8.72,4
DT3238,6/6/2025 21:47:31,2,5,1,PRD,117.47125,0.70864,14.5,12.9677,30.15,JL. RO BEO 02,107,13,7.37,4
DT3238,6/6/2025 21:47:34,2,5,1,PRD,117.4713,0.70872,15.4,11.21201,25.94,JL. RO BEO 02,105,13,6.99,4
DT3238,6/6/2025 21:47:37,2,5,1,PRD,117.47133,0.70879,17.2,8.66551,28,JL. RO BEO 02,100.7,10,6.96,4
DT3238,6/6/2025 21:47:40,2,5,1,PRD,117.47135,0.70884,17.7,8.80811,23.5,JL. RO BEO 02,107.9,8,7.46,4
DT3238,6/6/2025 21:47:43,2,5,1,PRD,117.47138,0.70891,18.6,9.94894,25.01,JL. RO BEO 02,98,9,8.63,4
DT3238,6/6/2025 21:47:46,2,5,1,PRD,117.47142,0.70899,19.1,12.29358,29.92,JL. RO BEO O3,98,9,8.63,4
DT3238,6/6/2025 21:47:49,2,5,1,PRD,117.47148,0.70907,20.8,13.84,33.71,JL. RO BEO O3,106.4,12,8.19,4
DT3238,6/6/2025 21:47:52,2,5,1,PRD,117.47153,0.70916,22.1,13.20846,33.47,JL. RO BEO O3,106.4,12,8.19,4
DT3238,6/6/2025 21:47:55,2,5,1,PRD,117.47158,0.70924,22.9,11.42314,28.83,JL. RO BEO O3,103.4,14,6.24,4
DT3238,6/6/2025 21:47:58,2,5,1,PRD,117.47162,0.70931,22.9,10.05636,27.96,JL. RO BEO O3,103.4,14,6.24,4
DT3238,6/6/2025 21:48:01,2,5,1,PRD,117.47166,0.70939,23.6,11.27127,20.31,JL. RO BEO O3,101.3,12,7.26,4
DT3238,6/6/2025 21:48:04,2,5,1,PRD,117.47169,0.70947,24,11.8991,27.57,JL. RO BEO O3,101.3,12,7.26,4
DT3238,6/6/2025 21:48:07,2,5,1,PRD,117.47174,0.70956,24.3,12.68435,26.28,JL. RO BEO O3,104.8,12,7.99,4
DT3238,6/6/2025 21:48:10,2,5,1,PRD,117.47178,0.70965,24.4,12.46952,26.62,JL. RO BEO O3,104.8,12,7.99,4
DT3238,6/6/2025 21:48:13,2,5,1,PRD,117.47182,0.70973,24.4,11.76761,27.99,JL. RO BEO O3,106.9,14,7.04,4
DT3238,6/6/2025 21:48:16,2,5,1,PRD,117.47186,0.70982,24,12.64546,26.07,JL. RO BEO O3,105.1,12,8.18,4
DT3238,6/6/2025 21:48:19,2,5,1,PRD,117.47191,0.7099,25.7,12.32691,28.65,JL. RO BEO O3,105.7,13,7.48,4
DT3238,6/6/2025 21:48:22,2,5,1,PRD,117.47195,0.70998,26.5,11.42499,28.85,JL. RO BEO O3,106.3,12,5.41,4
DT3238,6/6/2025 21:48:25,2,5,1,PRD,117.47199,0.71006,26.8,11.76946,29.33,JL. RO BEO O3,99,11,8.72,4
DT3238,6/6/2025 21:48:28,2,5,1,PRD,117.47203,0.71014,28,12.29172,26.03,JL. RO BEO 4,105.7,12,7.86,4
DT3238,6/6/2025 21:48:31,2,5,1,PRD,117.47207,0.71022,28.8,12.14356,30.3,JL. RO BEO 4,104.2,13,7.53,4
DT3238,6/6/2025 21:48:34,2,5,1,PRD,117.47211,0.71031,29,12.51396,27.28,JL. RO BEO 4,104.8,12,7.97,4
DT3238,6/6/2025 21:48:37,2,5,1,PRD,117.47216,0.7104,28.8,13.45848,28.14,JL. RO BEO 4,105.4,13,7.89,4
DT3238,6/6/2025 21:48:40,2,5,1,PRD,117.47221,0.71049,29.2,13.12512,31.52,JL. RO BEO 4,106.5,14,7.37,4
DT3238,6/6/2025 21:48:43,2,5,1,PRD,117.47227,0.71057,30.2,14.44004,36.88,JL. RO BEO 4,106.2,14,5.46,4
DT3238,6/6/2025 21:48:46,2,5,1,PRD,117.47235,0.71066,30.4,16.44576,43.07,JL. RO BEO 4,105.8,15,6.94,4
DT3238,6/6/2025 21:48:49,2,5,1,PRD,117.47243,0.71076,31.2,17.24953,40.89,JL. RO BEO 4,105.5,17,6.18,4
DT3238,6/6/2025 21:48:52,2,5,1,PRD,117.47252,0.71087,32.2,19.33488,41.34,JL. RO BEO 4,106.5,18,4.98,4
DT3238,6/6/2025 21:48:55,2,5,1,PRD,117.47262,0.71098,32.5,20.0053,43.39,JL. RO BEO 4,107.4,19,6.04,4
DT3238,6/6/2025 21:48:58,2,5,1,PRD,117.47273,0.7111,33.3,21.00538,43.09,JL. RO BEO 4,106.6,22,5.26,4
DT3238,6/6/2025 21:49:01,2,5,1,PRD,117.47283,0.71121,34.4,20.54424,43.46,JL. RO BEO 4,106.6,22,5.26,4
DT3238,6/6/2025 21:49:04,2,5,1,PRD,117.47294,0.71132,35.2,19.84233,45.07,JL. RO BEO 4,105.5,21,5.87,4
DT3238,6/6/2025 21:49:07,2,5,1,PRD,117.47304,0.71142,35.8,18.28109,49.5,JL. RO BEO 4,105.5,21,5.87,4
DT3238,6/6/2025 21:49:10,2,5,1,PRD,117.47315,0.71151,36.3,19.446,53.35,JL. RO BEO 4,106.6,21,6.28,4
DT3238,6/6/2025 21:49:13,2,5,1,PRD,117.47328,0.71158,36.4,20.50164,61.34,JL. RO BEO 4,106.6,21,6.28,4
DT3238,6/6/2025 21:49:16,2,5,1,PRD,117.47342,0.71165,36.3,19.37748,66.27,JL. RO BEO 4,105.1,20,5.55,4
DT3238,6/6/2025 21:49:19,2,5,1,PRD,117.47357,0.71169,37.1,18.40518,82.02,JL. RO BEO 4,105.1,20,5.55,4
DT3238,6/6/2025 21:49:22,2,5,1,PRD,117.47369,0.71167,37.9,15.04194,112.97,JL. RO BEO 4,96.7,20,3.72,4
DT3238,6/6/2025 21:49:25,2,5,1,PRD,117.47377,0.7116,39.1,13.52886,140.22,JL. RO BEO 4,96.7,20,3.72,4
DT3238,6/6/2025 21:49:28,2,5,1,PRD,117.47381,0.71151,40.5,13.99556,173.77,JL. RO BEO 4,80.2,13,2.52,4
DT3238,6/6/2025 21:49:31,2,5,1,PRD,117.47381,0.71141,41.1,13.32514,192.36,JL. RO KOLIBRI 11,80.2,13,2.52,4
DT3238,6/6/2025 21:49:34,2,5,1,PRD,117.47377,0.71132,40.6,11.76205,206.69,JL. RO KOLIBRI 11,93.4,13,7.33,4
DT3238,6/6/2025 21:49:37,2,5,1,PRD,117.47373,0.71124,40.8,12.37506,212.78,JL. RO KOLIBRI 11,93.4,13,7.33,4
DT3238,6/6/2025 21:49:40,2,5,1,PRD,117.47368,0.71116,42.1,11.73612,216.89,JL. RO KOLIBRI 11,106.1,13,7.94,4
DT3238,6/6/2025 21:49:43,2,5,1,PRD,117.47363,0.71108,43.7,11.49907,217.33,JL. RO KOLIBRI 11,106.5,12,7.98,4
DT3238,6/6/2025 21:49:46,2,5,1,PRD,117.47357,0.71101,44.8,12.3158,223.31,JL. RO KOLIBRI 11,106,12,7.78,4
DT3238,6/6/2025 21:49:49,2,5,1,PRD,117.4735,0.71094,45.7,13.32514,224.51,JL. RO KOLIBRI 11,106.1,13,7.9,4
DT3238,6/6/2025 21:49:52,2,5,1,PRD,117.47344,0.71085,46.4,13.45293,214.74,JL. RO KOLIBRI 11,106.7,14,7.39,4
DT3238,6/6/2025 21:49:55,2,5,1,PRD,117.47338,0.71076,47.9,14.29929,212.31,JL. RO KOLIBRI 11,106.4,14,6.83,4
DT3238,6/6/2025 21:49:58,2,5,1,PRD,117.47333,0.71065,49.8,14.71599,208.69,JL. RO KOLIBRI 11,106.4,14,6.83,4
DT3238,6/6/2025 21:50:01,2,5,1,PRD,117.47328,0.71055,50.8,14.8623,206.6,JL. RO KOLIBRI 11,106.4,14,6.83,4
DT3238,6/6/2025 21:50:04,2,5,1,PRD,117.47323,0.71044,52.4,14.48079,205.52,JL. RO KOLIBRI 11,107.2,15,7.46,4
DT3238,6/6/2025 21:50:07,2,5,1,PRD,117.47319,0.71034,52.2,14.22892,202.85,JL. RO KOLIBRI 11,107.2,15,7.46,4
DT3238,6/6/2025 21:50:10,2,5,1,PRD,117.47316,0.71023,52.6,14.38634,201.75,JL. RO KOLIBRI 11,106.6,14,7.45,4
DT3238,6/6/2025 21:50:13,2,5,1,PRD,117.47312,0.71013,53,15.02898,199.78,JL. RO KOLIBRI 11,106.5,15,7.23,4
DT3238,6/6/2025 21:50:16,2,5,1,PRD,117.47309,0.71002,54,14.65673,196.61,JL. RO KOLIBRI 11,106.5,15,7.23,4
DT3238,6/6/2025 21:50:19,2,5,1,PRD,117.47306,0.70991,55.1,13.32884,195.28,JL. RO KOLIBRI 11,106.5,15,7.23,4
DT3238,6/6/2025 21:50:22,2,5,1,PRD,117.47303,0.70981,55.7,12.83621,190.8,JL. RO KOLIBRI 11,106.4,14,8.21,4
DT3238,6/6/2025 21:50:25,2,5,1,PRD,117.47303,0.7097,56.2,14.33263,184.24,JL. RO KOLIBRI 11,105.1,14,7.43,4
DT3238,6/6/2025 21:50:28,2,5,1,PRD,117.47302,0.70959,57,15.53643,185.19,JL. RO KOLIBRI 11,107.7,15,7.24,4
DT3238,6/6/2025 21:50:31,2,5,1,PRD,117.47301,0.70947,57.3,15.792,184.57,JL. RO KOLIBRI 10,107.7,15,7.24,4
DT3238,6/6/2025 21:50:34,2,5,1,PRD,117.473,0.70935,57.8,15.67718,185.81,JL. RO KOLIBRI 10,107.7,15,7.24,4
DT3238,6/6/2025 21:50:37,2,5,1,PRD,117.47299,0.70923,58.3,15.70496,186.15,JL. RO KOLIBRI 10,107.7,15,7.24,4
DT3238,6/6/2025 21:50:40,2,5,1,PRD,117.47298,0.70911,58.9,15.9272,180.11,JL. RO KOLIBRI 10,107.7,15,7.24,4
DT3238,6/6/2025 21:50:43,2,5,1,PRD,117.473,0.70899,60.3,15.37716,169.11,JL. RO KOLIBRI 10,107.7,15,7.24,4
DT3238,6/6/2025 21:50:46,2,5,1,PRD,117.47304,0.70888,61.5,15.71607,156.65,JL. RO KOLIBRI 10,107.7,15,7.24,4
DT3238,6/6/2025 21:50:49,2,5,1,PRD,117.47309,0.70878,62.5,15.5142,143.83,JL. RO KOLIBRI 10,107.7,15,7.24,4
DT3238,6/6/2025 21:50:52,2,5,1,PRD,117.47317,0.70869,62.9,16.41057,137.84,JL. RO KOLIBRI 10,102.9,17,6.34,4
DT3238,6/6/2025 21:50:55,2,5,1,PRD,117.47326,0.70861,63.1,16.66059,127.96,JL. RO KOLIBRI 10,106.8,17,7.04,4
DT3238,6/6/2025 21:50:58,2,5,1,PRD,117.47337,0.70854,63.3,17.44769,117.99,JL. RO KOLIBRI 10,106.8,17,7.04,4
DT3238,6/6/2025 21:51:01,2,5,1,PRD,117.4735,0.70849,63.1,18.63853,104.8,JL. RO  KOLIBRI 09,106.4,18,6.14,4
DT3238,6/6/2025 21:51:04,2,5,1,PRD,117.47365,0.70847,63.4,20.52201,96.63,JL. RO  KOLIBRI 09,106.4,18,6.14,4
DT3238,6/6/2025 21:51:07,2,5,1,PRD,117.47381,0.70846,64.2,20.78314,88.65,JL. RO KOLIBRI 08,108,21,6.04,4
DT3238,6/6/2025 21:51:10,2,5,1,PRD,117.47397,0.70848,64.3,22.11103,78.88,JL. RO KOLIBRI 08,108,21,6.04,4
DT3238,6/6/2025 21:51:13,2,5,1,PRD,117.47415,0.70851,64,24.34084,81.89,JL. RO KOLIBRI 08,108,23,5.67,4
DT3238,6/6/2025 21:51:16,2,5,1,PRD,117.47434,0.70854,63.6,24.88347,81.32,JL. RO KOLIBRI 08,108,23,5.67,4
DT3238,6/6/2025 21:51:19,2,5,1,PRD,117.47453,0.70857,63.8,26.52064,82.07,JL. RO KOLIBRI 08,106.7,26,2.49,4
DT3238,6/6/2025 21:51:22,2,5,1,PRD,117.47474,0.7086,63.9,27.86149,83.21,JL. RO KOLIBRI 08,106.7,26,2.49,4
DT3238,6/6/2025 21:51:25,2,5,1,PRD,117.47494,0.70864,63.8,27.68555,78.11,JL. RO KOLIBRI 08,107.3,29,1.8,4
DT3238,6/6/2025 21:51:28,2,5,1,PRD,117.47515,0.70869,63.2,28.49858,76.05,JL. RO KOLIBRI 08,107.3,29,1.8,4
DT3238,6/6/2025 21:51:31,2,5,1,PRD,117.47536,0.70875,62.3,30.85617,70.2,JL. RO KOLIBRI 07,106.6,30,3.67,4
DT3238,6/6/2025 21:51:34,2,5,1,PRD,117.47558,0.70886,61.9,32.00812,62.02,JL. RO KOLIBRI 06,106.6,30,3.67,4
DT3238,6/6/2025 21:51:37,2,5,1,PRD,117.47578,0.70898,61.2,29.46347,59.08,JL. RO KOLIBRI 06,107.4,31,2.92,4
DT3238,6/6/2025 21:51:40,2,5,1,PRD,117.47596,0.70909,61,27.33737,59.63,JL. RO KOLIBRI 06,104.9,31,-0.04,4
DT3238,6/6/2025 21:51:43,2,5,1,PRD,117.47614,0.70919,60.5,27.46886,62.78,JL. RO KOLIBRI 06,104.9,31,-0.04,4
DT3238,6/6/2025 21:51:46,2,5,1,PRD,117.47633,0.70929,59.7,27.47442,61.18,JL. RO KOLIBRI 06,107,28,-0.62,4
DT3238,6/6/2025 21:51:49,2,5,1,PRD,117.4765,0.70938,58.3,25.16498,61,JL. RO KOLIBRI 06,104.9,28,-0.23,4
DT3238,6/6/2025 21:51:52,2,5,1,PRD,117.47666,0.70947,57,22.55736,61.72,JL. RO KOLIBRI 06,104.7,25,-1.74,4
DT3238,6/6/2025 21:51:55,2,5,1,PRD,117.47681,0.70955,56.3,20.71092,62.03,JL. RO KOLIBRI 06,105.3,23,-2.1,4
DT3238,6/6/2025 21:51:58,2,5,1,PRD,117.47693,0.70962,55.4,15.46976,64.41,JL. RO KOLIBRI 06,103.7,21,-2.37,4
DT3238,6/6/2025 21:52:01,2,5,1,PRD,117.477,0.70965,55.2,6.60238,67.06,JL. RO KOLIBRI 06,104.6,15,-4.36,4
DT3238,6/6/2025 21:52:04,2,5,1,PRD,117.47702,0.70966,55.1,0.0889,0,JL. RO KOLIBRI 06,103.1,6,-5.67,4
DT3238,6/6/2025 21:52:07,2,5,1,PRD,117.47703,0.70967,55,4.50592,69.6,JL. RO KOLIBRI 06,104.6,0,-3.31,5
DT3238,6/6/2025 21:52:10,2,5,1,PRD,117.47709,0.70968,53.6,10.79901,78.2,JL. RO KOLIBRI 06,106.5,4,3.31,4
DT3238,6/6/2025 21:52:13,2,5,1,PRD,117.47721,0.70969,53.8,16.29019,94.1,JL. RO KOLIBRI 06,106.4,12,4.61,4
DT3238,6/6/2025 21:52:16,2,5,1,PRD,117.47734,0.70965,54.5,18.17738,110.81,JL. RO KOLIBRI 06,106.4,18,3.36,4
DT3238,6/6/2025 21:52:19,2,5,1,PRD,117.47747,0.70957,54.5,21.85175,129.64,JL. RO KOLIBRI 06,106.4,18,3.36,4
DT3238,6/6/2025 21:52:22,2,5,1,PRD,117.47757,0.70943,54.1,20.81648,149.9,JL. RO KOLIBRI 06,106.3,22,3.32,4
DT3238,6/6/2025 21:52:25,2,5,1,PRD,117.47763,0.70929,51.9,20.33866,155.52,JL. RO BANGAU 07,106.3,22,3.32,4
DT3238,6/6/2025 21:52:28,2,5,1,PRD,117.47767,0.70914,51.5,20.06272,171.17,JL. RO BANGAU 07,100.9,20,0.27,4
DT3238,6/6/2025 21:52:31,2,5,1,PRD,117.47766,0.70898,51.6,20.27755,188.71,JL. RO BANGAU 07,100.9,20,0.27,4
DT3238,6/6/2025 21:52:34,2,5,1,PRD,117.47766,0.70883,51.6,20.26644,177.95,JL. RO BANGAU 07,96.9,21,0.89,4
DT3238,6/6/2025 21:52:37,2,5,1,PRD,117.47767,0.70867,51.6,21.6684,177.36,JL. RO BANGAU 07,104.8,23,3.1,4
DT3238,6/6/2025 21:52:40,2,5,1,PRD,117.47767,0.70851,51.4,21.47579,175.28,JL. RO BANGAU 07,106.5,22,2.9,4
DT3238,6/6/2025 21:52:43,2,5,1,PRD,117.47768,0.70835,51.1,20.9776,179.32,JL. RO BANGAU 07,106.5,22,2.9,4
DT3238,6/6/2025 21:52:46,2,5,1,PRD,117.47768,0.70818,50.6,21.31837,179.88,JL. RO BANGAU 06,105.4,22,1.7,4
DT3238,6/6/2025 21:52:49,2,5,1,PRD,117.47768,0.70801,51.2,23.22964,180.86,JL. RO BANGAU 06,105.4,22,1.7,4
DT3238,6/6/2025 21:52:52,2,5,1,PRD,117.47768,0.70782,50.7,26.17617,183.28,JL. RO BANGAU 06,105.8,23,1.82,4
DT3238,6/6/2025 21:52:55,2,5,1,PRD,117.47766,0.7076,50.4,29.81164,185.64,JL. RO BANGAU 06,105.8,23,1.82,4
DT3238,6/6/2025 21:52:58,2,5,1,PRD,117.47763,0.70737,49.2,30.16538,184.97,JL. RO BANGAU 06,107.9,31,3.02,4
DT3238,6/6/2025 21:53:01,2,5,1,PRD,117.47761,0.70715,48.7,29.60422,186.02,JL. RO BANGAU 05,106.7,32,1.26,4
DT3238,6/6/2025 21:53:04,2,5,1,PRD,117.47759,0.70692,48.3,29.63015,185.75,JL. RO BANGAU 05,107.5,31,1.91,4
DT3238,6/6/2025 21:53:07,2,5,1,PRD,117.47757,0.7067,49.3,27.8763,186.97,JL. RO BANGAU 05,106.7,30,0.57,4
DT3238,6/6/2025 21:53:10,2,5,1,PRD,117.47755,0.70649,49.4,26.38174,187.99,JL. RO BANGAU 05,108.1,29,0.91,4
DT3238,6/6/2025 21:53:13,2,5,1,PRD,117.47751,0.7063,49,26.16506,193.23,JL. RO BANGAU 05,108.3,26,0.26,4
DT3238,6/6/2025 21:53:16,2,5,1,PRD,117.47747,0.7061,48.5,25.78354,190.83,JL. RO BANGAU 05,106.2,27,0.25,4
DT3238,6/6/2025 21:53:19,2,5,1,PRD,117.47743,0.7059,48.1,28.06706,191.92,JL. RO BANGAU 04,106.2,27,0.25,4
DT3238,6/6/2025 21:53:22,2,5,1,PRD,117.4774,0.7057,47.9,26.03356,189.63,JL. RO BANGAU 04,107.5,28,3.38,4
DT3238,6/6/2025 21:53:25,2,5,1,PRD,117.47737,0.70551,47.6,25.30017,190.11,JL. RO BANGAU 04,108.1,27,1.69,4
DT3238,6/6/2025 21:53:28,2,5,1,PRD,117.47734,0.70532,47.8,24.74457,190.28,JL. RO BANGAU 04,105.2,26,1.73,4
DT3238,6/6/2025 21:53:31,2,5,1,PRD,117.47731,0.70513,47.7,25.47796,191.73,JL. RO BANGAU 04,107.5,25,1.73,4
DT3238,6/6/2025 21:53:34,2,5,1,PRD,117.47727,0.70494,48,26.4336,191.56,JL. RO BANGAU 03,106.6,25,2.37,4
DT3238,6/6/2025 21:53:37,2,5,1,PRD,117.47724,0.70474,48,25.23165,190.06,JL. RO BANGAU 03,107,26,2.44,4
DT3238,6/6/2025 21:53:40,2,5,1,PRD,117.47721,0.70456,48.3,24.84273,190.85,JL. RO BANGAU 03,106.3,26,1.14,4
DT3238,6/6/2025 21:53:43,2,5,1,PRD,117.47719,0.70437,48.3,24.50752,189.28,JL. RO BANGAU 03,106.5,25,1.19,4
DT3238,6/6/2025 21:53:46,2,5,1,PRD,117.47716,0.70419,47.6,24.00377,188.32,JL. RO BANGAU 03,106.5,25,1.19,4
DT3238,6/6/2025 21:53:49,2,5,1,PRD,117.47714,0.70401,47.2,23.1037,188.14,JL. RO BANGAU 03,107.2,25,1.78,4
DT3238,6/6/2025 21:53:52,2,5,1,PRD,117.47711,0.70384,46.5,21.77952,186.96,JL. RO BANGAU 03,107.2,25,1.78,4
DT3238,6/6/2025 21:53:55,2,5,1,PRD,117.4771,0.70368,46.4,20.87945,186.27,JL. RO BANGAU 03,106.2,22,0.38,4
DT3238,6/6/2025 21:53:58,2,5,1,PRD,117.47708,0.70352,45.5,20.20902,189.55,JL. RO BANGAU 03,106.2,22,0.38,4
DT3238,6/6/2025 21:54:01,2,5,1,PRD,117.47705,0.70338,45.8,17.95144,191.51,JL. RO BANGAU 03,106.2,22,0.38,4
DT3238,6/6/2025 21:54:04,2,5,1,PRD,117.47702,0.70326,45.1,16.63466,194.03,JL. RO BANGAU 03,106.2,22,0.38,4
DT3238,6/6/2025 21:54:07,2,5,1,PRD,117.47699,0.70313,44.6,17.55881,194.04,JL. RO BANGAU 03,106.2,22,0.38,4
DT3238,6/6/2025 21:54:10,2,5,1,PRD,117.47696,0.70299,44.1,21.12576,190.02,JL. RO BANGAU 02,107,18,2.57,4
DT3238,6/6/2025 21:54:13,2,5,1,PRD,117.47695,0.70284,44.4,19.78121,188.01,JL. RO BANGAU 02,107.2,21,3.42,4
DT3238,6/6/2025 21:54:16,2,5,1,PRD,117.47693,0.7027,45,17.67364,189.18,JL. RO BANGAU 02,108.2,19,2.68,4
DT3238,6/6/2025 21:54:19,2,5,1,PRD,117.4769,0.70257,45.5,17.594,190.45,JL. RO BANGAU 02,106.6,18,1.88,4
DT3238,6/6/2025 21:54:22,2,5,1,PRD,117.47688,0.70244,45.3,18.02366,190.76,JL. RO BANGAU 02,107.2,18,2.66,4
DT3238,6/6/2025 21:54:25,2,5,1,PRD,117.47686,0.70229,45.3,19.60527,191.81,JL. RO BANGAU 02,107.2,18,2.66,4
DT3238,6/6/2025 21:54:28,2,5,1,PRD,117.47683,0.70216,45.1,17.84402,193.47,JL. RO BANGAU 02,106.5,19,2.92,4
DT3238,6/6/2025 21:54:31,2,5,1,PRD,117.47679,0.70203,44.7,16.84024,194.91,JL. RO BANGAU 02,106.8,18,1.17,4
DT3238,6/6/2025 21:54:34,2,5,1,PRD,117.47676,0.70191,44,15.81608,195.82,JL. RO BANGAU 02,106.8,18,1.17,4
DT3238,6/6/2025 21:54:37,2,5,1,PRD,117.47673,0.7018,43.5,16.82727,197.15,JL. RO BANGAU 02,106.8,18,1.17,4
DT3238,6/6/2025 21:54:40,2,5,1,PRD,117.47669,0.70166,42.6,18.97559,198.17,JL. RO BANGAU 02,106.8,18,1.17,4
DT3238,6/6/2025 21:54:43,2,5,1,PRD,117.47664,0.70151,42.1,19.84048,197.56,JL. RO BANGAU 02,106.8,19,2.86,4
DT3238,6/6/2025 21:54:46,2,5,1,PRD,117.4766,0.70136,42.2,19.18487,198,JL. RO BANGAU 02,106.9,20,0.48,4
DT3238,6/6/2025 21:54:49,2,5,1,PRD,117.47656,0.70123,42.3,18.1533,201.36,JL. RO BANGAU 02,107.9,19,0.9,4
DT3238,6/6/2025 21:54:52,2,5,1,PRD,117.47651,0.7011,42.1,17.42732,203.54,JL. RO BANGAU 02,107.5,18,0.97,4
DT3238,6/6/2025 21:54:55,2,5,1,PRD,117.47646,0.70098,41.7,16.28834,199.63,JL. RO BANGAU 02,106.5,18,1.18,4
DT3238,6/6/2025 21:54:58,2,5,1,PRD,117.47642,0.70086,41,15.15492,199.46,JL. RO BANGAU 02,106.5,18,1.18,4
DT3238,6/6/2025 21:55:01,2,5,1,PRD,117.4764,0.70077,39.5,12.35099,196.09,JL. RO BANGAU 02,106.5,18,1.18,4
DT3238,6/6/2025 21:55:04,2,5,1,PRD,117.47638,0.70067,39.2,12.83806,195.57,JL. RO BANGAU 02,106.5,18,1.18,4
DT3238,6/6/2025 21:55:07,2,5,1,PRD,117.47635,0.70057,38.9,12.52137,196.2,JL. RO BANGAU 02,106.5,18,1.18,4
DT3238,6/6/2025 21:55:10,2,5,1,PRD,117.47633,0.70049,38.4,10.80086,198.95,JL. RO BANGAU 02,107.4,13,2.46,4
DT3238,6/6/2025 21:55:13,2,5,1,PRD,117.4763,0.70041,37.9,11.3935,199.04,JL. RO BANGAU 02,106.4,9,0.33,4
DT3238,6/6/2025 21:55:16,2,5,1,PRD,117.47628,0.70032,37.7,11.77502,192.49,JL. RO BANGAU 02,106.3,11,2.66,4
DT3238,6/6/2025 21:55:19,2,5,1,PRD,117.47625,0.70023,37.2,12.89177,197.56,JL. RO BANGAU 02,107.7,12,2.46,4
DT3238,6/6/2025 21:55:22,2,5,1,PRD,117.47622,0.70014,37.8,13.76777,200.24,JL. RO BANGAU 02,107.1,13,2.52,4
DT3238,6/6/2025 21:55:25,2,5,1,PRD,117.47619,0.70004,37.9,12.52508,201.2,JL. RO BANGAU 02,106.9,14,2.31,4
DT3238,6/6/2025 21:55:28,2,5,1,PRD,117.47615,0.69995,38.4,13.26032,201.05,JL. RO BANGAU 02,107,12,0.75,4
DT3238,6/6/2025 21:55:31,2,5,1,PRD,117.47612,0.69984,38.7,14.42523,197.68,JL. RO BANGAU 02,106.1,13,1.08,4
DT3238,6/6/2025 21:55:34,2,5,1,PRD,117.47608,0.69974,39.2,13.21032,199.06,JL. RO BANGAU 02,106.1,13,1.08,4
DT3238,6/6/2025 21:55:37,2,5,1,PRD,117.47607,0.69966,40.3,8.27474,195.02,JL. RO BANGAU 02,107.7,14,2.92,4
DT3238,6/6/2025 21:55:40,2,5,1,PRD,117.47605,0.69961,41.3,4.94484,196.77,JL. RO BANGAU 02,105.8,7,-0.67,4
DT3238,6/6/2025 21:55:43,2,5,1,PRD,117.47605,0.69959,40.1,1.51494,193.76,JL. RO BANGAU 02,107.2,4,1.09,4
DT3238,6/6/2025 21:55:46,2,5,1,PRD,117.47605,0.69958,38.8,1.46864,194.94,JL. RO BANGAU 02,107.2,4,1.09,4
DT3238,6/6/2025 21:55:49,2,5,1,PRD,117.47604,0.69955,37.7,5.84862,198.72,JL. RO BANGAU 02,107.1,1,3.19,4
DT3238,6/6/2025 21:55:52,2,5,1,PRD,117.47602,0.69949,36.9,6.63757,200.89,JL. RO BANGAU 02,107.1,1,3.19,4
DT3238,6/6/2025 21:55:55,2,5,1,PRD,117.47601,0.69944,35.8,6.42274,200.36,JL. RO BANGAU 02,106.6,7,2.68,4
DT3238,6/6/2025 21:55:58,2,5,1,PRD,117.47599,0.69939,35.3,8.65254,200.95,JL. RO BANGAU 02,106.6,7,2.68,4
DT3238,6/6/2025 21:56:01,2,5,1,PRD,117.47597,0.69934,34.7,6.80425,199.9,JL. RO BANGAU 02,106.7,9,3.55,4
DT3238,6/6/2025 21:56:04,2,5,1,PRD,117.47595,0.69928,34.3,10.37305,199.95,JL. RO BANGAU 02,106.9,7,0.99,4
DT3238,6/6/2025 21:56:07,2,5,1,PRD,117.47592,0.6992,34.8,10.26934,198.39,JL. RO BANGAU 02,106.9,11,5.54,4
DT3238,6/6/2025 21:56:10,2,5,1,PRD,117.47589,0.69913,34.9,9.55447,199.64,JL. RO BANGAU 02,106.9,11,5.54,4
DT3238,6/6/2025 21:56:13,2,5,1,PRD,117.47587,0.69906,34.4,8.69699,201.6,JL. RO BANGAU 02,107,10,3.04,4
DT3238,6/6/2025 21:56:16,2,5,1,PRD,117.47585,0.69899,34.2,9.13777,201.72,JL. RO BANGAU 02,107,10,3.04,4
DT3238,6/6/2025 21:56:19,2,5,1,PRD,117.47582,0.69893,34.4,7.03204,202.82,JL. RO BANGAU 02,107.5,9,3.35,4
DT3238,6/6/2025 21:56:22,2,5,1,PRD,117.4758,0.69889,35.1,5.65601,204.59,JL. RO BANGAU 02,107.5,9,3.35,4
DT3238,6/6/2025 21:56:25,2,5,1,PRD,117.47578,0.69883,35.6,9.28408,203.68,JL. RO BANGAU 02,107.5,9,3.35,4
DT3238,6/6/2025 21:56:28,2,5,1,PRD,117.47575,0.69876,36.6,9.21555,200.34,JL. RO BANGAU 02,107.5,9,3.35,4
DT3238,6/6/2025 21:56:31,2,5,1,PRD,117.47573,0.6987,38.1,4.81335,197.2,JL. RO BANGAU 02,106.2,10,3.45,4
DT3238,6/6/2025 21:56:34,2,5,1,PRD,117.47572,0.69865,39.1,5.14856,200.12,JL. RO BANGAU 02,106.2,10,3.45,4
DT3238,6/6/2025 21:56:37,2,5,1,PRD,117.47571,0.69861,39.8,5.67453,199.08,JL. RO BANGAU 02,106.2,10,3.45,4
DT3238,6/6/2025 21:56:40,2,5,1,PRD,117.47569,0.69856,39.4,8.45068,200.99,JL. RO BANGAU 02,106.2,10,3.45,4
DT3238,6/6/2025 21:56:43,2,5,1,PRD,117.47567,0.69849,39.7,9.72115,202.73,JL. RO BANGAU 02,106.2,9,3.55,4
DT3238,6/6/2025 21:56:46,2,5,1,PRD,117.47565,0.69841,39.4,9.78041,195.13,JL. RO BANGAU 02,106.2,9,3.55,4
DT3238,6/6/2025 21:56:49,2,5,1,PRD,117.47563,0.69834,40.7,11.69723,190.37,JL. RO BANGAU 02,106.2,9,3.55,4
DT3238,6/6/2025 21:56:52,2,5,1,PRD,117.47562,0.69826,41,10.28045,181.05,JL. RO BANGAU 001,106.2,13,5.42,4
DT3238,6/6/2025 21:56:55,2,5,1,PRD,117.47565,0.69818,41.6,11.68242,144.44,JL. RO BANGAU 001,106.2,13,5.42,4
DT3238,6/6/2025 21:56:58,2,5,1,PRD,117.47572,0.69811,41.7,14.29559,126.75,JL. RO BANGAU 001,105.7,14,2.38,4
DT3238,6/6/2025 21:57:01,2,5,1,PRD,117.47582,0.69807,40.8,14.96416,113.96,JL. RO BANGAU 001,105.7,14,2.38,4
DT3238,6/6/2025 21:57:04,2,5,1,PRD,117.47591,0.69803,40.3,14.12706,111.32,JL. RO MERPATI 001,105.7,14,2.38,4
DT3238,6/6/2025 21:57:07,2,5,1,PRD,117.47601,0.69801,40.2,13.29921,106.23,JL. RO MERPATI 001,106.2,14,0.61,4
DT3238,6/6/2025 21:57:10,2,5,1,PRD,117.47611,0.69798,41.1,11.55648,103.78,JL. RO MERPATI 001,106.4,13,-1.36,4
DT3238,6/6/2025 21:57:13,2,5,1,PRD,117.47619,0.69797,41.2,10.69345,98.57,JL. RO MERPATI 02,106.4,13,-1.36,4
DT3238,6/6/2025 21:57:16,2,5,1,PRD,117.47627,0.69796,40.5,10.87309,97.78,JL. RO MERPATI 02,106.7,11,0.72,4
DT3238,6/6/2025 21:57:19,2,5,1,PRD,117.47635,0.69796,40.7,10.65456,94.33,JL. RO MERPATI 02,106.9,11,0.55,4
DT3238,6/6/2025 21:57:22,2,5,1,PRD,117.47643,0.69795,41.9,11.80835,94.62,JL. RO MERPATI 02,107.4,11,0.58,4
DT3238,6/6/2025 21:57:25,2,5,1,PRD,117.47652,0.69795,42.3,12.5936,93.3,JL. RO MERPATI 02,106.2,12,1.2,4
DT3238,6/6/2025 21:57:28,2,5,1,PRD,117.47662,0.69794,41.1,14.22892,91.64,JL. RO MERPATI 02,107.7,13,1.57,4
DT3238,6/6/2025 21:57:31,2,5,1,PRD,117.47672,0.69794,40.4,12.57138,92.63,JL. RO MERPATI 02,106.5,14,3.81,4
DT3238,6/6/2025 21:57:34,2,5,1,PRD,117.47682,0.69794,39.7,12.71398,94.17,JL. RO MERPATI 02,108.4,13,2.23,4
DT3238,6/6/2025 21:57:37,2,5,1,PRD,117.47692,0.69793,39.6,13.53256,96.02,JL. RO MERPATI 02,108.4,13,2.23,4
DT3238,6/6/2025 21:57:40,2,5,1,PRD,117.47703,0.69793,39.7,15.49754,96.09,JL. RO MERPATI 02,106.1,14,2.17,4
DT3238,6/6/2025 21:57:43,2,5,1,PRD,117.47715,0.69792,39.7,18.21072,95.04,JL. RO MERPATI 02,105.4,15,2.25,4
DT3238,6/6/2025 21:57:46,2,5,1,PRD,117.47728,0.6979,40.2,17.25138,95,JL. RO MERPATI 02,108.3,19,3.51,4
DT3238,6/6/2025 21:57:49,2,5,1,PRD,117.47742,0.69788,39.5,19.04782,101.96,JL. RO MERPATI 02,105.4,19,1.72,4
DT3238,6/6/2025 21:57:52,2,5,1,PRD,117.47756,0.69785,38.5,18.58112,104.47,JL. RO MERPATI 03,107.3,19,2.46,4
DT3238,6/6/2025 21:57:55,2,5,1,PRD,117.47768,0.69781,38.6,17.26434,117.64,JL. RO MERPATI 03,106.9,18,1.96,4
DT3238,6/6/2025 21:57:58,2,5,1,PRD,117.47779,0.69773,38.7,17.0421,133.2,JL. RO MERPATI 03,106.4,17,1.79,4
DT3238,6/6/2025 21:58:01,2,5,1,PRD,117.47786,0.69762,37.8,16.45317,151.57,JL. RO MERPATI 03,105.6,17,0.95,4
DT3238,6/6/2025 21:58:04,2,5,1,PRD,117.47789,0.69751,37.6,14.3493,173.34,JL. RO GARUDA 01,107.1,15,0.66,4
DT3238,6/6/2025 21:58:07,2,5,1,PRD,117.47789,0.69742,37,10.07303,190.64,JL. RO GARUDA 01,107.1,15,0.66,4
DT3238,6/6/2025 21:58:10,2,5,1,PRD,117.47787,0.69736,36.1,5.24486,197.83,JL. RO GARUDA 01,107.1,10,-2.27,5
DT3238,6/6/2025 21:58:13,2,5,1,PRD,117.47786,0.69732,35.2,4.18552,204.72,JL. RO GARUDA 01,106.1,6,-0.09,4
DT3238,6/6/2025 21:58:16,2,5,1,PRD,117.47786,0.69728,32.6,8.01546,204.11,JL. RO GARUDA 01,106.1,6,-0.09,4
DT3238,6/6/2025 21:58:19,2,5,1,PRD,117.47783,0.69721,31.7,9.82856,207.98,JL. RO GARUDA 01,106,8,4.72,4
DT3238,6/6/2025 21:58:22,2,5,1,PRD,117.4778,0.69713,32.9,8.91923,204.7,JL. RO GARUDA 01,106.7,11,2.71,4
DT3238,6/6/2025 21:58:25,2,5,1,PRD,117.47778,0.69706,31.8,9.55817,201.88,JL. RO GARUDA 01,105.7,9,2.31,4
DT3238,6/6/2025 21:58:28,2,5,1,PRD,117.47775,0.69698,33.3,11.37128,202.58,JL. RO GARUDA 01,105.7,9,2.31,4
DT3238,6/6/2025 21:58:31,2,5,1,PRD,117.47773,0.69689,34.1,11.61204,202.24,JL. RO GARUDA 01,106.9,12,3.14,4
DT3238,6/6/2025 21:58:34,2,5,1,PRD,117.4777,0.69679,33.2,14.40671,199.34,JL. RO GARUDA 01,106.9,12,3.14,4
DT3238,6/6/2025 21:58:37,2,5,1,PRD,117.47766,0.69669,33.5,13.66776,202.71,JL. RO GARUDA 01,106.8,15,4.41,4
DT3238,6/6/2025 21:58:40,2,5,1,PRD,117.47764,0.69659,33.7,12.71028,196.87,JL. RO GARUDA 02,106.8,15,4.41,4
DT3238,6/6/2025 21:58:43,2,5,1,PRD,117.47761,0.69649,33.7,12.00837,196.73,JL. RO GARUDA 02,106.7,13,2.57,4
DT3238,6/6/2025 21:58:46,2,5,1,PRD,117.47759,0.69641,33.3,9.9971,196.28,JL. RO GARUDA 02,106.7,13,2.57,4
DT3238,6/6/2025 21:58:49,2,5,1,PRD,117.47757,0.69633,33.6,11.18423,197.65,JL. RO GARUDA 02,106.9,10,1.57,4
DT3238,6/6/2025 21:58:52,2,5,1,PRD,117.47755,0.69624,31.7,11.33054,197.38,JL. RO GARUDA 02,106.9,10,1.57,4
DT3238,6/6/2025 21:58:55,2,5,1,PRD,117.47752,0.69615,31.4,12.92326,198.3,JL. RO GARUDA 02,106.9,12,2.66,4
DT3238,6/6/2025 21:58:58,2,5,1,PRD,117.4775,0.69606,30.7,12.39358,196.04,JL. RO GARUDA 02,106.9,12,2.66,4
DT3238,6/6/2025 21:59:01,2,5,1,PRD,117.47746,0.69596,30.2,13.96223,199.4,JL. RO GARUDA 02,106.5,13,2.27,4
DT3238,6/6/2025 21:59:04,2,5,1,PRD,117.47743,0.69585,31.2,14.27336,198.56,JL. RO GARUDA 02,106.1,15,2.04,4
DT3238,6/6/2025 21:59:07,2,5,1,PRD,117.4774,0.69575,31.4,14.04742,198.22,JL. RO GARUDA 02,107.6,14,1.8,4
DT3238,6/6/2025 21:59:10,2,5,1,PRD,117.47736,0.69566,31.8,13.67146,204.61,JL. RO GARUDA 02,107.4,14,2.6,4
DT3238,6/6/2025 21:59:13,2,5,1,PRD,117.47732,0.69556,31.4,13.85852,206.53,JL. RO GARUDA 02,107.6,14,3.04,4
DT3238,6/6/2025 21:59:16,2,5,1,PRD,117.47723,0.69548,31.4,16.78653,225.16,JL. RO GARUDA 02,107,15,2.44,4
DT3238,6/6/2025 21:59:19,2,5,1,PRD,117.47714,0.6954,31.7,16.52725,230.02,JL. RO GARUDA 02,107.8,18,3.82,4
DT3238,6/6/2025 21:59:22,2,5,1,PRD,117.47706,0.69515,32.3,24.80013,212.8,JL. RO GARUDA 02,105,21,5.4,4
DT3238,6/6/2025 21:59:25,2,5,1,PRD,117.47699,0.69498,31.6,26.854,207.01,JL. RO GARUDA 02,108.1,26,3.64,4
DT3238,6/6/2025 21:59:28,2,5,1,PRD,117.47693,0.69477,31.4,31.35806,194.2,JL. RO GARUDA 02,106.1,28,3.43,4
DT3238,6/6/2025 21:59:31,2,5,1,PRD,0,0,0,0,0,GPS OFF,107.8,29,3.57,4
DT3238,6/6/2025 21:59:34,2,5,1,PRD,117.47669,0.69437,34.2,34.70463,206.9,JL. RO GARUDA 02,108.6,32,3.73,4
DT3238,6/6/2025 21:59:37,2,5,1,PRD,117.47654,0.69413,35.5,34.68981,207.9,JL. RO GARUDA 03,104.8,34,3.42,4
DT3238,6/6/2025 21:59:40,2,5,1,PRD,117.47642,0.69388,35.5,35.38987,207.61,JL. RO GARUDA 03,109.1,36,3.02,4
DT3238,6/6/2025 21:59:43,2,5,1,PRD,117.4763,0.69363,33.7,35.61396,210,JL. RO GARUDA 03,104.2,36,3.17,4
DT3238,6/6/2025 21:59:46,2,5,1,PRD,117.47616,0.6934,33.8,34.99539,213.21,JL. RO GARUDA 03,103.9,37,3.38,4
DT3238,6/6/2025 21:59:49,2,5,1,PRD,117.47602,0.69319,32.7,32.31184,213.33,JL. RO GARUDA 03,103.9,37,3.38,4
DT3238,6/6/2025 21:59:52,2,5,1,PRD,117.47589,0.693,32.1,29.50606,214.56,JL. RO GARUDA 03,108.1,33,0.34,4
DT3238,6/6/2025 21:59:55,2,5,1,PRD,117.47576,0.69283,31.1,28.68748,218.16,JL. RO GARUDA 04,108.1,33,0.34,4
DT3238,6/6/2025 21:59:58,2,5,1,PRD,117.47565,0.69264,30.4,29.04862,209.56,JL. RO GARUDA 04,105.6,29,2.93,4
DT3240,6/6/2025 21:37:50,2,0,2,D12,0,0,0,0,0,GPS OFF,0,0,0,0
